Exported at 18/03/2026 10:40:06, , , , , , , , , , , , , , , , , , , , , , , , , , , , , , , , , , , , , , , , , , , , , , , , , , , , , , , , , , , , , , , , , , , , , , , , , , , , , , , , , , , , , , , , , , , , , , , , , , , , , , , , , , , , , , , , , , , , , , , , , , , , , , , , , , , , , , , , , , , , , , , , , , , , , , , , , , , , , , , , , , , , , , , , , , , , , , , , , , , , , , , , , , , , , , , , , , , , , , , , , , , , , , , , , , , , , , , , , , , , , , , , , , , , , , , , , , , , , , , , , , , , , , , , , , , , , , , , , , , , , , , , , , , , , , , , , , , , , , , , , , , , , , , , , , , , , , , , , , , , , , , , , , , , , , , , , , , , , , , , , , , , , , , , , , , , , , , , , , , , , , , , , , , , , , , , , , , , , , , , , , , , , , , , , 
Core ID:,WAN1m15Mar26, , , , , , , , , , , , , , , , , , , , , , , , , , , , , , , , , , , , , , , , , , , , , , , , , , , , , , , , , , , , , , , , , , , , , , , , , , , , , , , , , , , , , , , , , , , , , , , , , , , , , , , , , , , , , , , , , , , , , , , , , , , , , , , , , , , , , , , , , , , , , , , , , , , , , , , , , , , , , , , , , , , , , , , , , , , , , , , , , , , , , , , , , , , , , , , , , , , , , , , , , , , , , , , , , , , , , , , , , , , , , , , , , , , , , , , , , , , , , , , , , , , , , , , , , , , , , , , , , , , , , , , , , , , , , , , , , , , , , , , , , , , , , , , , , , , , , , , , , , , , , , , , , , , , , , , , , , , , , , , , , , , , , , , , , , , , , , , , , , , , , , , , , , , , , , , , , , , , , , , , , , , , , , , , 
Comments:,, , , , , , , , , , , , , , , , , , , , , , , , , , , , , , , , , , , , , , , , , , , , , , , , , , , , , , , , , , , , , , , , , , , , , , , , , , , , , , , , , , , , , , , , , , , , , , , , , , , , , , , , , , , , , , , , , , , , , , , , , , , , , , , , , , , , , , , , , , , , , , , , , , , , , , , , , , , , , , , , , , , , , , , , , , , , , , , , , , , , , , , , , , , , , , , , , , , , , , , , , , , , , , , , , , , , , , , , , , , , , , , , , , , , , , , , , , , , , , , , , , , , , , , , , , , , , , , , , , , , , , , , , , , , , , , , , , , , , , , , , , , , , , , , , , , , , , , , , , , , , , , , , , , , , , , , , , , , , , , , , , , , , , , , , , , , , , , , , , , , , , , , , , , , , , , , , , , , , , , , , , , , , , , , 
XRF Measurement Mode:,Geochem(2), , , , , , , , , , , , , , , , , , , , , , , , , , , , , , , , , , , , , , , , , , , , , , , , , , , , , , , , , , , , , , , , , , , , , , , , , , , , , , , , , , , , , , , , , , , , , , , , , , , , , , , , , , , , , , , , , , , , , , , , , , , , , , , , , , , , , , , , , , , , , , , , , , , , , , , , , , , , , , , , , , , , , , , , , , , , , , , , , , , , , , , , , , , , , , , , , , , , , , , , , , , , , , , , , , , , , , , , , , , , , , , , , , , , , , , , , , , , , , , , , , , , , , , , , , , , , , , , , , , , , , , , , , , , , , , , , , , , , , , , , , , , , , , , , , , , , , , , , , , , , , , , , , , , , , , , , , , , , , , , , , , , , , , , , , , , , , , , , , , , , , , , , , , , , , , , , , , , , , , , , , , , , , , , 
Depth,Depth In Core,Section,Section Depth,Time Stamp,Magnetic Susceptibility,Mag Sus in Air,CIE XYZ Colour Space, , ,CIE L*a*b* Colour Space, , ,Reflectance (nm), , , , , , , , , , , , , , , , , , , , , , , , , , , , , , , , , , , , , , , , , , , , , , , , , , , , , , , , , , , , , , , , , , , , , , , , , , , , , , , , , , , , , , , , , , , , , , , , , , , , , , , , , , , , , , , , , , , , , , , , , , , , , , , , , , , , , , , , , , , , , , , , , , , , , , , , , , , , , , , , , , , , , , , , , , , , , , , , , , , , , , , , , , , , , , , , , , , , , , , , , , , , , , , , , , , , , , , ,XRF Total Live Time,XRF Total Counts,,XRF Elements(ppm), , , , , , , , , , , , , , , , , , , , , , , , , , , , , , , , , , , , , , , , , , , , , , , , , , , , , , , , , , , , , , , , , , , , ,XRF Oxides(ppm), , , , , , , , , , , , , , , , , , , , , , , , , , , , , , , , , , , , , , , , , , , , , , , , , , , , , , , , , , , , , , , , , , , , 
cm,cm,,cm,,x10^-5 SI,x10^-5 SI,X, Y, Z,L*, a*, b*,350,360,370,380,390,400,410,420,430,440,450,460,470,480,490,500,510,520,530,540,550,560,570,580,590,600,610,620,630,640,650,660,670,680,690,700,710,720,730,740,750,760,770,780,790,800,810,820,830,840,850,860,870,880,890,900,910,920,930,940,950,960,970,980,990,1000,1010,1020,1030,1040,1050,1060,1070,1080,1090,1100,1110,1120,1130,1140,1150,1160,1170,1180,1190,1200,1210,1220,1230,1240,1250,1260,1270,1280,1290,1300,1310,1320,1330,1340,1350,1360,1370,1380,1390,1400,1410,1420,1430,1440,1450,1460,1470,1480,1490,1500,1510,1520,1530,1540,1550,1560,1570,1580,1590,1600,1610,1620,1630,1640,1650,1660,1670,1680,1690,1700,1710,1720,1730,1740,1750,1760,1770,1780,1790,1800,1810,1820,1830,1840,1850,1860,1870,1880,1890,1900,1910,1920,1930,1940,1950,1960,1970,1980,1990,2000,2010,2020,2030,2040,2050,2060,2070,2080,2090,2100,2110,2120,2130,2140,2150,2160,2170,2180,2190,2200,2210,2220,2230,2240,2250,2260,2270,2280,2290,2300,2310,2320,2330,2340,2350,2360,2370,2380,2390,2400,2410,2420,2430,2440,2450,2460,2470,2480,2490,2500,Seconds,Beam 1,Beam 2,LE (Value),Mg (Value),Mg (Error),Al (Value),Al (Error),Si (Value),Si (Error),P (Value),P (Error),S (Value),S (Error),K (Value),K (Error),Ca (Value),Ca (Error),Ti (Value),Ti (Error),V (Value),V (Error),Cr (Value),Cr (Error),Mn (Value),Mn (Error),Fe (Value),Fe (Error),Co (Value),Co (Error),Ni (Value),Ni (Error),Cu (Value),Cu (Error),Zn (Value),Zn (Error),As (Value),As (Error),Se (Value),Se (Error),Rb (Value),Rb (Error),Sr (Value),Sr (Error),Y (Value),Y (Error),Zr (Value),Zr (Error),Nb (Value),Nb (Error),Mo (Value),Mo (Error),Ag (Value),Ag (Error),Cd (Value),Cd (Error),Sn (Value),Sn (Error),Sb (Value),Sb (Error),W (Value),W (Error),Hg (Value),Hg (Error),Pb (Value),Pb (Error),Bi (Value),Bi (Error),Th (Value),Th (Error),U (Value),U (Error),LE (Value),MgO (Value),MgO (Error),Al2O3 (Value),Al2O3 (Error),SiO2 (Value),SiO2 (Error),P2O5 (Value),P2O5 (Error),SO3 (Value),SO3 (Error),K2O (Value),K2O (Error),CaO (Value),CaO (Error),TiO2 (Value),TiO2 (Error),V2O5 (Value),V2O5 (Error),Cr2O3 (Value),Cr2O3 (Error),Mn2O3 (Value),Mn2O3 (Error),Fe2O3 (Value),Fe2O3 (Error),CoO (Value),CoO (Error),NiO (Value),NiO (Error),CuO (Value),CuO (Error),ZnO (Value),ZnO (Error),As2O3 (Value),As2O3 (Error),SeO2 (Value),SeO2 (Error),Rb2O (Value),Rb2O (Error),SrO (Value),SrO (Error),Y2O3 (Value),Y2O3 (Error),ZrO2 (Value),ZrO2 (Error),NbO (Value),NbO (Error),MoO2 (Value),MoO2 (Error),Ag2O (Value),Ag2O (Error),CdO (Value),CdO (Error),SnO2 (Value),SnO2 (Error),Sb2O3 (Value),Sb2O3 (Error),WO2 (Value),WO2 (Error),HgO (Value),HgO (Error),PbO (Value),PbO (Error),Bi2O3 (Value),Bi2O3 (Error),ThO2 (Value),ThO2 (Error),UO2 (Value),UO2 (Error)
5.5,5.5,1,5.500,17/03/2026 16:14:18,12.760,1157878.904, , , , , , , , , , , , , , , , , , , , , , , , , , , , , , , , , , , , , , , , , , , , , , , , , , , , , , , , , , , , , , , , , , , , , , , , , , , , , , , , , , , , , , , , , , , , , , , , , , , , , , , , , , , , , , , , , , , , , , , , , , , , , , , , , , , , , , , , , , , , , , , , , , , , , , , , , , , , , , , , , , , , , , , , , , , , , , , , , , , , , , , , , , , , , , , , , , , , , , , , , , , , , , , , , , , , , , , , , , , , , , , , , , , , , , , , , , , , , , , , , , , , , , , , , , , , , , , , , , , , , , , , , , , , , , , , , , , , , , , , , , , , , , , , , , , , , , , , , , , , , , , , , , , , , , , , , , , , , , , , , , , , , , , , , , , , , , , , , , , , , , , , , , , , , , , , , , , , , , , , , , , 
6.0,6.0,1,6.000,17/03/2026 16:14:18,12.102,,9.61, 9.82, 6.84,37.52, 2.27, 12.78,8.731, 7.204, 6.777, 5.894, 5.756, 5.583, 5.445, 5.444, 5.585, 5.851, 6.127, 6.372, 6.591, 6.811, 7.141, 7.498, 7.923, 8.400, 8.876, 9.337, 9.786, 10.197, 10.545, 10.847, 11.113, 11.329, 11.546, 11.723, 11.905, 12.063, 12.217, 12.330, 12.421, 12.502, 12.574, 12.625, 12.696, 12.764, 12.831, 12.946, 13.034, 13.158, 13.256, 13.348, 13.444, 13.510, 13.545, 13.586, 13.601, 13.582, 13.580, 13.575, 13.554, 13.528, 13.519, 13.520, 13.527, 13.506, 13.512, 13.525, 13.540, 13.500, 13.501, 13.552, 13.540, 13.511, 13.526, 13.515, 13.536, 13.523, 13.510, 13.503, 13.451, 13.409, 13.388, 13.413, 13.427, 13.365, 13.264, 13.193, 13.168, 13.168, 13.183, 13.140, 13.096, 13.055, 13.066, 13.095, 13.145, 13.156, 13.124, 13.079, 13.033, 12.997, 12.996, 13.026, 13.005, 12.936, 12.804, 12.643, 12.506, 12.399, 12.301, 12.078, 11.511, 10.630, 9.863, 9.409, 9.175, 9.046, 9.031, 9.103, 9.320, 9.640, 9.966, 10.257, 10.467, 10.627, 10.753, 10.871, 10.983, 11.127, 11.265, 11.400, 11.529, 11.620, 11.680, 11.704, 11.701, 11.677, 11.640, 11.613, 11.584, 11.598, 11.617, 11.636, 11.643, 11.628, 11.566, 11.499, 11.406, 11.276, 11.155, 11.060, 10.991, 10.955, 10.926, 10.916, 10.882, 10.815, 10.662, 10.312, 9.600, 8.292, 6.617, 5.382, 4.823, 4.620, 4.590, 4.668, 4.846, 5.081, 5.343, 5.631, 5.931, 6.248, 6.549, 6.837, 7.109, 7.379, 7.633, 7.866, 8.092, 8.309, 8.515, 8.696, 8.861, 9.009, 9.147, 9.281, 9.357, 9.445, 9.510, 9.589, 9.643, 9.684, 9.668, 9.613, 9.634, 9.616, 9.558, 9.509, 9.439, 9.359, 9.252, 9.156, 9.024, 8.837, 8.686, 8.505, 8.375, 8.264, 8.191, 8.036, 7.907, 7.784, 7.692, 7.441, 7.326, 7.174, 7.050, 6.757, 6.665, 6.548, 6.498, 6.412, 16.3,1143062.0,1268332.0,872145.23,47496.98,3025.09,20822.28,520.93,28676.99,271.30,432.14,30.64,281.67,19.04,1618.86,25.12,1398.65,19.14,1072.87,51.96,0.00,18.91,68.90,14.58,1459.04,22.76,24062.40,132.90,0.00,109.36,0.00,14.96,32.33,2.45,63.63,2.29,34.07,1.35,1.34,0.42,57.64,0.96,79.85,1.09,13.47,0.79,73.50,1.21,8.65,0.99,0.00,49.28,36.47,8.59,45.79,5.80,0.00,464.64,0.00,493.30,0.00,51.55,0.00,23.23,17.27,1.28,0.00,118.61,0.00,134.27,0.00,57.98,224007.14,78763.09,5016.43,39342.92,984.28,61349.68,580.40,990.19,70.21,703.30,47.54,1950.09,30.26,1957.00,26.78,1790.08,86.69,0.00,33.76,100.70,21.31,2096.41,32.70,34403.07,190.01,0.00,139.05,0.00,19.04,40.47,3.07,79.20,2.85,44.98,1.78,1.88,0.59,63.04,1.05,94.43,1.29,17.11,1.00,99.28,1.63,10.14,1.16,0.00,65.71,39.17,9.23,52.31,6.63,0.00,589.87,0.00,590.53,0.00,60.52,0.00,25.08,18.60,1.38,0.00,132.23,0.00,152.79,0.00,65.77
6.5,6.5,1,6.500,17/03/2026 16:14:18,12.232, , , , , , , , , , , , , , , , , , , , , , , , , , , , , , , , , , , , , , , , , , , , , , , , , , , , , , , , , , , , , , , , , , , , , , , , , , , , , , , , , , , , , , , , , , , , , , , , , , , , , , , , , , , , , , , , , , , , , , , , , , , , , , , , , , , , , , , , , , , , , , , , , , , , , , , , , , , , , , , , , , , , , , , , , , , , , , , , , , , , , , , , , , , , , , , , , , , , , , , , , , , , , , , , , , , , , , , , , , , , , , , , , , , , , , , , , , , , , , , , , , , , , , , , , , , , , , , , , , , , , , , , , , , , , , , , , , , , , , , , , , , , , , , , , , , , , , , , , , , , , , , , , , , , , , , , , , , , , , , , , , , , , , , , , , , , , , , , , , , , , , , , , , , , , , , , , , , , , , , , , , , , 
7.0,7.0,1,7.000,17/03/2026 16:14:18,12.894,,5.85, 5.92, 4.48,29.22, 2.50, 8.92,5.964, 5.505, 4.625, 4.190, 3.921, 3.872, 3.775, 3.813, 3.810, 3.919, 4.003, 4.166, 4.219, 4.358, 4.517, 4.697, 4.886, 5.112, 5.356, 5.589, 5.831, 6.069, 6.287, 6.469, 6.642, 6.803, 6.956, 7.088, 7.232, 7.378, 7.509, 7.635, 7.744, 7.849, 7.958, 8.027, 8.109, 8.177, 8.255, 8.371, 8.487, 8.637, 8.766, 8.917, 9.070, 9.215, 9.339, 9.481, 9.596, 9.693, 9.790, 9.880, 9.964, 10.035, 10.105, 10.202, 10.279, 10.359, 10.444, 10.531, 10.593, 10.651, 10.733, 10.827, 10.925, 10.986, 11.072, 11.155, 11.228, 11.309, 11.375, 11.426, 11.428, 11.467, 11.526, 11.596, 11.660, 11.665, 11.643, 11.607, 11.596, 11.655, 11.698, 11.717, 11.703, 11.705, 11.741, 11.821, 11.880, 11.921, 11.922, 11.895, 11.881, 11.887, 11.920, 11.938, 11.937, 11.881, 11.787, 11.653, 11.531, 11.441, 11.336, 11.102, 10.512, 9.615, 8.852, 8.417, 8.190, 8.083, 8.072, 8.149, 8.374, 8.696, 9.037, 9.342, 9.574, 9.762, 9.920, 10.055, 10.211, 10.350, 10.510, 10.659, 10.797, 10.893, 10.965, 11.015, 11.020, 11.015, 10.997, 10.980, 10.967, 10.964, 10.975, 10.999, 11.017, 10.998, 10.968, 10.896, 10.789, 10.656, 10.529, 10.409, 10.333, 10.287, 10.253, 10.246, 10.203, 10.152, 9.984, 9.602, 8.818, 7.435, 5.760, 4.573, 4.059, 3.868, 3.837, 3.916, 4.074, 4.282, 4.532, 4.816, 5.119, 5.420, 5.718, 6.014, 6.292, 6.553, 6.813, 7.048, 7.288, 7.506, 7.719, 7.895, 8.083, 8.247, 8.378, 8.516, 8.621, 8.715, 8.799, 8.892, 8.941, 8.976, 8.968, 8.935, 8.922, 8.916, 8.835, 8.771, 8.701, 8.608, 8.525, 8.412, 8.222, 8.068, 7.900, 7.744, 7.586, 7.490, 7.350, 7.198, 7.047, 6.899, 6.752, 6.570, 6.420, 6.194, 6.177, 5.915, 5.827, 5.627, 5.622, 5.593, 16.3,1221380.0,1369456.0,874081.04,54746.12,2919.28,19268.68,475.23,20772.32,215.04,525.34,28.80,348.14,17.67,718.95,19.20,689.23,14.07,969.81,46.40,29.09,5.53,175.50,15.41,7812.39,57.44,19471.05,105.83,0.00,89.99,0.00,12.89,14.52,1.98,54.11,1.97,48.27,1.35,0.00,3.92,49.33,0.84,71.42,0.98,3.78,0.66,58.33,1.07,0.00,25.83,0.00,45.73,37.40,8.02,0.00,256.94,30.28,7.88,0.00,443.86,0.00,37.12,0.00,20.74,11.64,1.11,13.25,3.27,0.00,125.59,0.00,52.78,217001.51,90784.17,4840.97,36407.45,897.93,44438.95,460.04,1203.75,65.99,869.27,44.12,866.05,23.13,964.37,19.69,1618.12,77.42,51.93,9.87,256.50,22.52,11225.15,82.53,27838.61,151.31,0.00,114.42,0.00,16.40,18.18,2.48,67.35,2.45,63.73,1.78,0.00,5.51,53.95,0.92,84.46,1.16,4.80,0.84,78.79,1.45,0.00,30.28,0.00,60.98,40.17,8.61,0.00,293.51,38.44,10.00,0.00,531.35,0.00,43.58,0.00,22.39,12.54,1.20,14.77,3.65,0.00,142.91,0.00,59.88
7.5,7.5,1,7.500,17/03/2026 16:14:18,14.808, , , , , , , , , , , , , , , , , , , , , , , , , , , , , , , , , , , , , , , , , , , , , , , , , , , , , , , , , , , , , , , , , , , , , , , , , , , , , , , , , , , , , , , , , , , , , , , , , , , , , , , , , , , , , , , , , , , , , , , , , , , , , , , , , , , , , , , , , , , , , , , , , , , , , , , , , , , , , , , , , , , , , , , , , , , , , , , , , , , , , , , , , , , , , , , , , , , , , , , , , , , , , , , , , , , , , , , , , , , , , , , , , , , , , , , , , , , , , , , , , , , , , , , , , , , , , , , , , , , , , , , , , , , , , , , , , , , , , , , , , , , , , , , , , , , , , , , , , , , , , , , , , , , , , , , , , , , , , , , , , , , , , , , , , , , , , , , , , , , , , , , , , , , , , , , , , , , , , , , , , , , , 
8.0,8.0,1,8.000,17/03/2026 16:14:18,17.255,,10.50, 10.96, 8.14,39.51, 0.68, 11.45,8.331, 6.926, 7.711, 6.229, 6.062, 6.163, 6.076, 6.262, 6.570, 7.046, 7.399, 7.658, 7.866, 8.069, 8.393, 8.805, 9.264, 9.754, 10.250, 10.688, 11.070, 11.434, 11.716, 11.910, 12.072, 12.211, 12.276, 12.346, 12.407, 12.427, 12.481, 12.447, 12.498, 12.451, 12.531, 12.483, 12.564, 12.561, 12.605, 12.710, 12.714, 12.868, 12.891, 12.965, 13.098, 13.083, 13.146, 13.218, 13.139, 13.168, 13.190, 13.099, 13.099, 13.133, 13.048, 13.011, 13.097, 13.095, 13.028, 13.060, 13.148, 13.140, 13.079, 13.124, 13.220, 13.222, 13.159, 13.131, 13.208, 13.286, 13.267, 13.144, 13.070, 13.140, 13.192, 13.200, 13.142, 13.070, 13.045, 13.049, 13.066, 13.067, 13.039, 13.014, 13.013, 13.064, 13.132, 13.188, 13.207, 13.190, 13.171, 13.180, 13.222, 13.273, 13.289, 13.276, 13.219, 13.151, 13.070, 13.000, 12.950, 12.907, 12.818, 12.565, 11.971, 11.094, 10.351, 9.991, 9.872, 9.808, 9.808, 9.858, 10.035, 10.293, 10.594, 10.906, 11.168, 11.401, 11.604, 11.752, 11.877, 11.983, 12.080, 12.169, 12.261, 12.359, 12.454, 12.547, 12.609, 12.660, 12.668, 12.659, 12.632, 12.589, 12.573, 12.552, 12.559, 12.537, 12.518, 12.494, 12.464, 12.388, 12.324, 12.251, 12.209, 12.159, 12.095, 12.046, 11.983, 11.883, 11.701, 11.341, 10.612, 9.270, 7.518, 6.203, 5.611, 5.417, 5.419, 5.534, 5.740, 6.002, 6.276, 6.576, 6.892, 7.195, 7.504, 7.814, 8.102, 8.401, 8.706, 9.000, 9.283, 9.548, 9.805, 10.028, 10.238, 10.413, 10.573, 10.700, 10.795, 10.883, 10.953, 11.023, 11.063, 11.029, 10.956, 10.880, 10.919, 10.939, 10.875, 10.863, 10.859, 10.819, 10.763, 10.670, 10.569, 10.427, 10.248, 10.132, 9.963, 9.871, 9.796, 9.685, 9.530, 9.428, 9.237, 9.004, 8.815, 8.654, 8.407, 8.306, 8.148, 7.846, 7.866, 7.728, 16.3,1165517.0,1308047.0,861803.36,49967.96,3094.70,22872.52,552.78,29768.21,281.33,581.98,32.98,304.62,19.52,2760.06,30.83,1387.73,19.89,1675.63,59.07,27.73,6.22,199.34,17.44,844.16,17.90,27069.19,150.38,0.00,118.31,0.00,14.93,40.45,2.65,79.87,2.52,243.77,2.96,0.00,4.20,77.39,1.14,129.73,1.44,9.71,0.81,117.82,1.49,0.00,28.82,0.00,51.01,0.00,420.00,0.00,293.75,0.00,483.31,0.00,513.94,0.00,39.59,0.00,24.43,9.93,1.23,28.80,3.61,0.00,135.46,0.00,62.75,241098.03,82860.66,5131.87,43216.77,1044.46,63684.17,601.86,1333.53,75.57,760.61,48.74,3324.78,37.14,1941.72,27.83,2795.78,98.56,49.50,11.10,291.35,25.49,1212.92,25.72,38702.01,215.00,0.00,150.43,0.00,19.00,50.63,3.32,99.42,3.14,321.85,3.91,0.00,5.90,84.63,1.25,153.42,1.70,12.33,1.03,159.15,2.01,0.00,33.78,0.00,68.02,0.00,451.13,0.00,335.56,0.00,613.57,0.00,615.24,0.00,46.48,0.00,26.38,10.70,1.32,32.11,4.02,0.00,154.14,0.00,71.19
8.5,8.5,1,8.500,17/03/2026 16:14:18,21.027, , , , , , , , , , , , , , , , , , , , , , , , , , , , , , , , , , , , , , , , , , , , , , , , , , , , , , , , , , , , , , , , , , , , , , , , , , , , , , , , , , , , , , , , , , , , , , , , , , , , , , , , , , , , , , , , , , , , , , , , , , , , , , , , , , , , , , , , , , , , , , , , , , , , , , , , , , , , , , , , , , , , , , , , , , , , , , , , , , , , , , , , , , , , , , , , , , , , , , , , , , , , , , , , , , , , , , , , , , , , , , , , , , , , , , , , , , , , , , , , , , , , , , , , , , , , , , , , , , , , , , , , , , , , , , , , , , , , , , , , , , , , , , , , , , , , , , , , , , , , , , , , , , , , , , , , , , , , , , , , , , , , , , , , , , , , , , , , , , , , , , , , , , , , , , , , , , , , , , , , , , , , 
9.0,9.0,1,9.000,17/03/2026 16:14:18,20.828,,11.22, 11.97, 11.00,41.17, -1.18, 5.43,13.726, 10.069, 9.919, 9.063, 9.106, 8.949, 8.966, 9.162, 9.420, 9.807, 10.069, 10.260, 10.374, 10.535, 10.810, 11.090, 11.346, 11.642, 11.849, 12.053, 12.197, 12.291, 12.341, 12.345, 12.322, 12.288, 12.257, 12.198, 12.178, 12.132, 12.104, 12.074, 12.043, 12.024, 12.038, 12.018, 12.045, 12.072, 12.108, 12.190, 12.237, 12.355, 12.415, 12.521, 12.620, 12.680, 12.749, 12.788, 12.813, 12.823, 12.812, 12.823, 12.810, 12.809, 12.813, 12.822, 12.850, 12.882, 12.888, 12.948, 13.009, 13.032, 13.036, 13.106, 13.156, 13.178, 13.180, 13.177, 13.235, 13.262, 13.273, 13.233, 13.235, 13.248, 13.248, 13.274, 13.293, 13.296, 13.274, 13.250, 13.222, 13.274, 13.355, 13.379, 13.369, 13.361, 13.407, 13.507, 13.614, 13.682, 13.682, 13.656, 13.651, 13.705, 13.767, 13.851, 13.877, 13.834, 13.737, 13.646, 13.586, 13.565, 13.546, 13.392, 12.912, 12.123, 11.376, 11.010, 10.888, 10.829, 10.827, 10.907, 11.122, 11.442, 11.776, 12.103, 12.352, 12.535, 12.694, 12.809, 12.921, 13.046, 13.180, 13.341, 13.493, 13.631, 13.744, 13.824, 13.856, 13.852, 13.821, 13.796, 13.791, 13.789, 13.816, 13.882, 13.937, 13.981, 13.973, 13.940, 13.861, 13.764, 13.654, 13.563, 13.494, 13.471, 13.397, 13.428, 13.424, 13.396, 13.273, 12.948, 12.238, 10.862, 8.968, 7.472, 6.766, 6.501, 6.445, 6.560, 6.798, 7.111, 7.453, 7.841, 8.225, 8.626, 8.998, 9.356, 9.708, 10.027, 10.322, 10.604, 10.856, 11.120, 11.363, 11.579, 11.777, 11.958, 12.126, 12.285, 12.430, 12.549, 12.651, 12.746, 12.817, 12.808, 12.701, 12.608, 12.685, 12.764, 12.712, 12.702, 12.665, 12.599, 12.552, 12.436, 12.280, 12.040, 11.870, 11.684, 11.533, 11.454, 11.466, 11.369, 11.237, 11.059, 10.908, 10.785, 10.598, 10.449, 10.122, 9.949, 9.754, 9.575, 9.533, 9.359, 16.3,1081384.0,1306006.0,859512.63,42588.67,3098.70,26362.65,601.18,33589.68,308.07,521.30,33.62,335.42,20.60,4184.90,38.67,1474.36,21.42,2244.76,66.67,65.37,7.16,69.52,16.51,887.45,18.85,27480.43,155.31,0.00,123.17,0.00,15.19,16.50,2.31,99.31,2.86,48.67,1.42,0.00,4.89,124.36,1.50,160.12,1.67,11.66,0.91,112.44,1.52,10.86,1.06,0.00,50.08,0.00,422.36,0.00,293.77,72.38,9.13,0.00,519.39,0.00,45.79,0.00,22.21,0.00,34.12,26.57,3.74,0.00,139.84,0.00,66.81,246794.24,70623.76,5138.50,49811.24,1135.91,71859.57,659.06,1194.49,77.04,837.51,51.44,5041.15,46.58,2062.93,29.97,3745.37,111.24,116.70,12.78,101.61,24.13,1275.12,27.08,39289.97,222.05,0.00,156.61,0.00,19.33,20.65,2.89,123.61,3.56,64.26,1.87,0.00,6.87,136.00,1.64,189.36,1.97,14.81,1.16,151.88,2.05,12.73,1.24,0.00,66.78,0.00,453.66,0.00,335.58,91.89,11.59,0.00,621.76,0.00,53.76,0.00,23.98,0.00,36.75,29.62,4.17,0.00,159.12,0.00,75.79
9.5,9.5,1,9.500,17/03/2026 16:14:18,21.356, , , , , , , , , , , , , , , , , , , , , , , , , , , , , , , , , , , , , , , , , , , , , , , , , , , , , , , , , , , , , , , , , , , , , , , , , , , , , , , , , , , , , , , , , , , , , , , , , , , , , , , , , , , , , , , , , , , , , , , , , , , , , , , , , , , , , , , , , , , , , , , , , , , , , , , , , , , , , , , , , , , , , , , , , , , , , , , , , , , , , , , , , , , , , , , , , , , , , , , , , , , , , , , , , , , , , , , , , , , , , , , , , , , , , , , , , , , , , , , , , , , , , , , , , , , , , , , , , , , , , , , , , , , , , , , , , , , , , , , , , , , , , , , , , , , , , , , , , , , , , , , , , , , , , , , , , , , , , , , , , , , , , , , , , , , , , , , , , , , , , , , , , , , , , , , , , , , , , , , , , , , , 
10.0,10.0,1,10.000,17/03/2026 16:14:18,20.035,,12.73, 13.67, 13.13,43.75, -1.73, 4.20,13.138, 12.952, 12.302, 11.646, 10.963, 10.933, 10.715, 10.980, 11.341, 11.847, 12.050, 12.265, 12.335, 12.498, 12.733, 12.972, 13.256, 13.522, 13.726, 13.874, 13.966, 14.008, 13.986, 13.928, 13.855, 13.745, 13.654, 13.541, 13.469, 13.401, 13.302, 13.253, 13.151, 13.104, 13.073, 13.040, 13.036, 13.047, 13.043, 13.112, 13.121, 13.223, 13.241, 13.348, 13.386, 13.440, 13.491, 13.471, 13.502, 13.489, 13.430, 13.439, 13.422, 13.379, 13.346, 13.364, 13.380, 13.354, 13.344, 13.387, 13.437, 13.389, 13.367, 13.453, 13.500, 13.440, 13.437, 13.435, 13.477, 13.509, 13.425, 13.362, 13.386, 13.398, 13.359, 13.311, 13.307, 13.307, 13.290, 13.222, 13.166, 13.182, 13.229, 13.269, 13.259, 13.205, 13.188, 13.254, 13.345, 13.419, 13.423, 13.374, 13.306, 13.296, 13.328, 13.425, 13.469, 13.448, 13.334, 13.188, 13.082, 13.048, 13.031, 12.961, 12.622, 12.005, 11.377, 11.003, 10.809, 10.692, 10.684, 10.790, 11.024, 11.336, 11.633, 11.864, 11.992, 12.059, 12.108, 12.161, 12.259, 12.405, 12.580, 12.753, 12.900, 13.005, 13.042, 13.020, 12.953, 12.890, 12.856, 12.835, 12.868, 12.932, 13.036, 13.122, 13.188, 13.199, 13.141, 13.041, 12.919, 12.766, 12.635, 12.553, 12.507, 12.539, 12.506, 12.574, 12.620, 12.625, 12.538, 12.256, 11.665, 10.501, 8.907, 7.600, 6.941, 6.675, 6.628, 6.748, 6.992, 7.306, 7.652, 8.008, 8.366, 8.695, 9.007, 9.281, 9.518, 9.743, 9.924, 10.112, 10.291, 10.455, 10.633, 10.792, 10.964, 11.126, 11.289, 11.448, 11.597, 11.731, 11.845, 11.938, 12.021, 12.022, 11.975, 11.894, 11.919, 11.922, 11.836, 11.779, 11.750, 11.686, 11.608, 11.530, 11.399, 11.255, 11.108, 11.010, 10.927, 10.947, 10.947, 10.873, 10.792, 10.728, 10.655, 10.567, 10.458, 10.224, 10.102, 9.881, 9.717, 9.654, 9.535, 9.311, 16.2,1076047.0,1337876.0,831654.89,62790.78,3292.87,25771.31,598.93,39798.43,345.71,582.12,34.98,535.48,22.21,4026.11,38.66,1811.93,23.35,2043.10,66.30,23.50,6.82,345.00,21.85,857.86,19.22,29102.55,167.64,0.00,128.17,0.00,14.41,39.40,2.78,74.16,2.65,47.66,1.64,0.00,4.62,103.67,1.38,169.40,1.76,13.63,0.92,102.30,1.51,0.00,29.65,0.00,52.53,0.00,432.90,0.00,297.87,72.04,9.24,0.00,535.91,14.02,3.12,0.00,24.29,20.70,1.49,0.00,133.44,0.00,148.07,0.00,64.71,295617.41,104124.43,5460.49,48693.93,1131.66,85142.17,739.59,1333.85,80.15,1337.04,55.46,4849.87,46.57,2535.26,32.67,3408.90,110.62,41.95,12.17,504.24,31.94,1232.61,27.62,41609.19,239.68,0.00,162.97,0.00,18.34,49.32,3.48,92.31,3.30,62.93,2.17,0.00,6.49,113.37,1.51,200.33,2.08,17.31,1.17,138.18,2.04,0.00,34.76,0.00,70.05,0.00,464.98,0.00,340.27,91.46,11.73,0.00,641.54,16.46,3.66,0.00,26.23,22.30,1.61,0.00,148.76,0.00,168.49,0.00,73.41
10.5,10.5,1,10.500,17/03/2026 16:14:18,19.837,1157879.365, , , , , , , , , , , , , , , , , , , , , , , , , , , , , , , , , , , , , , , , , , , , , , , , , , , , , , , , , , , , , , , , , , , , , , , , , , , , , , , , , , , , , , , , , , , , , , , , , , , , , , , , , , , , , , , , , , , , , , , , , , , , , , , , , , , , , , , , , , , , , , , , , , , , , , , , , , , , , , , , , , , , , , , , , , , , , , , , , , , , , , , , , , , , , , , , , , , , , , , , , , , , , , , , , , , , , , , , , , , , , , , , , , , , , , , , , , , , , , , , , , , , , , , , , , , , , , , , , , , , , , , , , , , , , , , , , , , , , , , , , , , , , , , , , , , , , , , , , , , , , , , , , , , , , , , , , , , , , , , , , , , , , , , , , , , , , , , , , , , , , , , , , , , , , , , , , , , , , , , , , , , 
11.0,11.0,1,11.000,17/03/2026 16:14:18,20.699,,12.39, 13.33, 12.58,43.25, -1.85, 4.75,11.671, 11.441, 10.774, 10.593, 10.294, 10.039, 10.215, 10.342, 10.710, 11.312, 11.566, 11.743, 11.864, 12.048, 12.324, 12.597, 12.872, 13.162, 13.378, 13.531, 13.633, 13.673, 13.639, 13.622, 13.557, 13.423, 13.336, 13.272, 13.150, 13.105, 13.015, 12.922, 12.879, 12.771, 12.798, 12.704, 12.763, 12.717, 12.772, 12.802, 12.850, 12.950, 12.971, 13.110, 13.138, 13.214, 13.279, 13.240, 13.308, 13.292, 13.197, 13.263, 13.243, 13.133, 13.175, 13.222, 13.148, 13.136, 13.233, 13.235, 13.170, 13.210, 13.290, 13.305, 13.255, 13.274, 13.330, 13.336, 13.299, 13.263, 13.329, 13.333, 13.244, 13.170, 13.193, 13.258, 13.285, 13.169, 13.065, 13.023, 13.067, 13.121, 13.122, 13.069, 13.024, 13.060, 13.141, 13.217, 13.250, 13.235, 13.201, 13.205, 13.250, 13.295, 13.316, 13.312, 13.272, 13.220, 13.151, 13.089, 13.027, 12.965, 12.869, 12.643, 12.112, 11.321, 10.634, 10.276, 10.137, 10.030, 9.992, 10.030, 10.208, 10.504, 10.839, 11.187, 11.461, 11.674, 11.830, 11.918, 11.980, 12.052, 12.152, 12.274, 12.435, 12.588, 12.741, 12.843, 12.891, 12.888, 12.823, 12.741, 12.685, 12.636, 12.644, 12.677, 12.760, 12.826, 12.860, 12.863, 12.808, 12.696, 12.560, 12.443, 12.329, 12.236, 12.112, 12.088, 12.078, 12.060, 11.963, 11.682, 11.019, 9.719, 7.926, 6.529, 5.856, 5.585, 5.521, 5.609, 5.793, 6.048, 6.341, 6.679, 7.055, 7.416, 7.799, 8.161, 8.503, 8.838, 9.152, 9.418, 9.662, 9.904, 10.103, 10.250, 10.390, 10.525, 10.632, 10.741, 10.843, 10.934, 11.039, 11.156, 11.255, 11.319, 11.310, 11.311, 11.394, 11.415, 11.387, 11.374, 11.332, 11.247, 11.142, 11.035, 10.842, 10.622, 10.400, 10.198, 10.024, 9.920, 9.831, 9.748, 9.694, 9.515, 9.386, 9.235, 9.019, 8.905, 8.789, 8.681, 8.461, 8.395, 8.190, 8.121, 16.3,1125271.0,1217400.0,876512.07,52941.87,3189.11,19768.53,518.27,22206.21,239.15,469.61,31.21,625.01,21.48,901.39,21.92,781.85,15.59,1294.49,54.36,26.28,5.93,137.27,15.43,659.54,15.72,23130.74,130.97,0.00,108.25,0.00,14.99,33.34,2.45,68.97,2.33,42.97,1.34,2.41,0.44,75.73,1.08,136.80,1.45,10.15,0.78,84.40,1.28,0.00,27.94,0.00,47.72,0.00,402.20,0.00,280.03,0.00,461.93,38.16,9.15,0.00,48.44,0.00,24.54,7.14,1.12,45.08,3.39,0.00,129.87,0.00,53.09,214555.97,87792.22,5288.42,37351.90,979.25,47506.52,511.62,1076.05,71.51,1560.59,53.63,1085.82,26.40,1093.97,21.81,2159.85,90.70,46.91,10.59,200.63,22.55,947.65,22.59,33071.03,187.25,0.00,137.64,0.00,19.08,41.73,3.07,85.85,2.90,56.73,1.77,3.39,0.62,82.82,1.18,161.78,1.71,12.89,0.99,114.01,1.73,0.00,32.75,0.00,63.63,0.00,432.01,0.00,319.89,0.00,586.43,45.68,10.95,0.00,56.87,0.00,26.50,7.69,1.21,50.26,3.78,0.00,147.78,0.00,60.23
11.5,11.5,1,11.500,17/03/2026 16:14:18,20.897, , , , , , , , , , , , , , , , , , , , , , , , , , , , , , , , , , , , , , , , , , , , , , , , , , , , , , , , , , , , , , , , , , , , , , , , , , , , , , , , , , , , , , , , , , , , , , , , , , , , , , , , , , , , , , , , , , , , , , , , , , , , , , , , , , , , , , , , , , , , , , , , , , , , , , , , , , , , , , , , , , , , , , , , , , , , , , , , , , , , , , , , , , , , , , , , , , , , , , , , , , , , , , , , , , , , , , , , , , , , , , , , , , , , , , , , , , , , , , , , , , , , , , , , , , , , , , , , , , , , , , , , , , , , , , , , , , , , , , , , , , , , , , , , , , , , , , , , , , , , , , , , , , , , , , , , , , , , , , , , , , , , , , , , , , , , , , , , , , , , , , , , , , , , , , , , , , , , , , , , , , , , 
12.0,12.0,1,12.000,17/03/2026 16:14:18,21.294,,11.97, 12.84, 11.95,42.53, -1.67, 5.16,11.251, 9.747, 10.070, 9.293, 9.299, 9.521, 9.408, 9.830, 10.135, 10.652, 11.007, 11.179, 11.312, 11.473, 11.771, 12.035, 12.327, 12.634, 12.833, 12.974, 13.107, 13.206, 13.205, 13.147, 13.129, 13.052, 12.927, 12.921, 12.813, 12.766, 12.721, 12.615, 12.599, 12.511, 12.535, 12.469, 12.492, 12.487, 12.506, 12.590, 12.618, 12.713, 12.791, 12.869, 12.963, 13.042, 13.076, 13.104, 13.140, 13.119, 13.073, 13.116, 13.101, 13.029, 13.039, 13.086, 13.049, 13.008, 13.084, 13.142, 13.089, 13.075, 13.158, 13.257, 13.193, 13.145, 13.246, 13.306, 13.275, 13.205, 13.193, 13.233, 13.256, 13.193, 13.110, 13.107, 13.180, 13.220, 13.135, 12.997, 12.929, 12.970, 13.108, 13.179, 13.142, 13.047, 12.994, 13.072, 13.217, 13.339, 13.360, 13.289, 13.172, 13.113, 13.169, 13.293, 13.392, 13.378, 13.242, 13.068, 12.907, 12.837, 12.803, 12.725, 12.337, 11.625, 10.930, 10.514, 10.293, 10.155, 10.129, 10.226, 10.467, 10.814, 11.156, 11.444, 11.640, 11.759, 11.843, 11.914, 12.005, 12.134, 12.288, 12.458, 12.617, 12.743, 12.830, 12.853, 12.844, 12.806, 12.757, 12.715, 12.703, 12.705, 12.744, 12.803, 12.871, 12.893, 12.887, 12.849, 12.781, 12.658, 12.518, 12.431, 12.353, 12.307, 12.231, 12.233, 12.224, 12.193, 12.078, 11.767, 11.142, 9.889, 8.153, 6.769, 6.113, 5.863, 5.818, 5.915, 6.129, 6.395, 6.704, 7.035, 7.380, 7.729, 8.071, 8.409, 8.712, 9.014, 9.286, 9.554, 9.798, 10.037, 10.246, 10.427, 10.607, 10.752, 10.865, 10.979, 11.088, 11.175, 11.248, 11.298, 11.378, 11.403, 11.369, 11.311, 11.359, 11.395, 11.362, 11.335, 11.330, 11.275, 11.213, 11.135, 11.011, 10.850, 10.675, 10.506, 10.377, 10.280, 10.190, 10.096, 9.961, 9.796, 9.723, 9.498, 9.308, 9.268, 9.013, 8.819, 8.745, 8.499, 8.375, 8.453, 16.3,1131524.0,1333213.0,846337.43,58413.49,3173.72,24415.12,568.01,32231.35,295.47,482.84,32.02,570.57,21.25,3075.67,32.47,1777.70,21.76,1907.52,61.66,55.40,6.73,202.73,18.11,1912.73,26.82,28008.49,156.60,0.00,121.45,0.00,15.03,28.67,2.48,90.36,2.70,31.98,1.42,0.00,4.89,80.01,1.18,136.89,1.50,14.92,0.86,118.39,1.51,0.00,28.82,0.00,50.21,0.00,413.82,25.90,5.98,31.57,8.80,0.00,505.09,0.00,47.14,0.00,24.98,19.00,1.41,31.25,3.67,0.00,135.51,0.00,65.53,267789.08,96865.68,5262.90,46131.46,1073.23,68953.65,632.11,1106.36,73.37,1424.66,53.06,3704.97,39.11,2487.37,30.45,3182.69,102.88,98.90,12.01,296.30,26.47,2748.29,38.54,40044.97,223.90,0.00,154.42,0.00,19.13,35.89,3.10,112.47,3.36,42.22,1.87,0.00,6.87,87.50,1.29,161.89,1.77,18.95,1.09,159.92,2.04,0.00,33.78,0.00,66.95,0.00,444.49,29.59,6.83,40.08,11.17,0.00,604.64,0.00,55.35,0.00,26.97,20.47,1.52,34.84,4.09,0.00,154.20,0.00,74.34
12.5,12.5,1,12.500,17/03/2026 16:14:18,19.512, , , , , , , , , , , , , , , , , , , , , , , , , , , , , , , , , , , , , , , , , , , , , , , , , , , , , , , , , , , , , , , , , , , , , , , , , , , , , , , , , , , , , , , , , , , , , , , , , , , , , , , , , , , , , , , , , , , , , , , , , , , , , , , , , , , , , , , , , , , , , , , , , , , , , , , , , , , , , , , , , , , , , , , , , , , , , , , , , , , , , , , , , , , , , , , , , , , , , , , , , , , , , , , , , , , , , , , , , , , , , , , , , , , , , , , , , , , , , , , , , , , , , , , , , , , , , , , , , , , , , , , , , , , , , , , , , , , , , , , , , , , , , , , , , , , , , , , , , , , , , , , , , , , , , , , , , , , , , , , , , , , , , , , , , , , , , , , , , , , , , , , , , , , , , , , , , , , , , , , , , , , , 
13.0,13.0,1,13.000,17/03/2026 16:14:18,20.632,,11.86, 12.77, 12.42,42.42, -1.92, 3.71,11.644, 11.134, 10.755, 10.363, 10.299, 10.081, 10.201, 10.411, 10.688, 11.218, 11.418, 11.579, 11.667, 11.842, 12.062, 12.294, 12.532, 12.763, 12.877, 12.967, 13.059, 13.081, 13.000, 12.922, 12.885, 12.730, 12.642, 12.582, 12.437, 12.433, 12.288, 12.262, 12.149, 12.138, 12.061, 12.078, 12.020, 12.098, 12.052, 12.158, 12.198, 12.258, 12.376, 12.421, 12.529, 12.615, 12.625, 12.676, 12.713, 12.685, 12.662, 12.685, 12.675, 12.621, 12.615, 12.659, 12.640, 12.609, 12.666, 12.738, 12.730, 12.704, 12.750, 12.866, 12.852, 12.794, 12.800, 12.859, 12.940, 12.869, 12.835, 12.844, 12.870, 12.852, 12.822, 12.796, 12.824, 12.846, 12.829, 12.764, 12.714, 12.725, 12.807, 12.880, 12.883, 12.856, 12.843, 12.881, 12.976, 13.085, 13.132, 13.118, 13.075, 13.047, 13.061, 13.136, 13.212, 13.236, 13.172, 13.051, 12.922, 12.858, 12.818, 12.698, 12.336, 11.708, 11.088, 10.733, 10.569, 10.445, 10.411, 10.482, 10.707, 11.015, 11.348, 11.638, 11.840, 11.973, 12.069, 12.137, 12.211, 12.317, 12.454, 12.611, 12.762, 12.904, 13.007, 13.066, 13.078, 13.056, 13.023, 12.984, 12.959, 12.968, 12.997, 13.054, 13.130, 13.160, 13.144, 13.140, 13.090, 12.987, 12.890, 12.796, 12.742, 12.692, 12.617, 12.601, 12.586, 12.554, 12.445, 12.172, 11.584, 10.425, 8.850, 7.599, 7.003, 6.770, 6.725, 6.811, 6.990, 7.234, 7.516, 7.811, 8.143, 8.450, 8.770, 9.069, 9.368, 9.658, 9.934, 10.191, 10.435, 10.684, 10.885, 11.090, 11.266, 11.414, 11.551, 11.661, 11.776, 11.852, 11.920, 12.005, 12.041, 12.032, 11.951, 11.883, 11.942, 12.016, 11.978, 12.002, 11.998, 11.999, 11.984, 11.937, 11.825, 11.637, 11.487, 11.367, 11.226, 11.174, 11.138, 11.070, 10.964, 10.795, 10.644, 10.531, 10.348, 10.219, 10.066, 9.905, 9.711, 9.665, 9.441, 9.372, 16.2,1057005.0,1277230.0,836104.66,61269.12,3427.25,27540.22,637.71,38361.78,347.87,440.06,34.79,367.43,22.15,4683.03,43.21,1813.92,24.32,2159.80,69.38,55.30,7.57,0.00,67.45,608.44,16.80,25960.86,155.44,0.00,121.52,0.00,16.84,20.42,2.48,71.56,2.62,35.24,1.38,0.00,5.86,114.48,1.46,208.21,2.01,10.60,0.92,134.21,1.71,10.45,1.08,0.00,54.52,0.00,454.38,0.00,310.10,0.00,524.56,0.00,548.56,10.12,3.07,0.00,27.62,9.01,1.26,0.00,140.30,11.07,3.25,0.00,58.65,288278.74,101601.10,5683.33,52036.22,1204.93,82068.69,744.21,1008.34,79.72,917.44,55.31,5641.20,52.05,2538.05,34.03,3603.61,115.76,98.72,13.51,0.00,98.58,874.23,24.14,37117.38,222.24,0.00,154.51,0.00,21.43,25.56,3.10,89.07,3.26,46.53,1.82,0.00,8.23,125.20,1.60,246.23,2.38,13.46,1.17,181.29,2.31,12.25,1.27,0.00,72.70,0.00,488.06,0.00,354.24,0.00,665.94,0.00,656.68,11.88,3.60,0.00,29.82,9.71,1.36,0.00,156.41,12.60,3.70,0.00,66.53
13.5,13.5,1,13.500,17/03/2026 16:14:18,22.486, , , , , , , , , , , , , , , , , , , , , , , , , , , , , , , , , , , , , , , , , , , , , , , , , , , , , , , , , , , , , , , , , , , , , , , , , , , , , , , , , , , , , , , , , , , , , , , , , , , , , , , , , , , , , , , , , , , , , , , , , , , , , , , , , , , , , , , , , , , , , , , , , , , , , , , , , , , , , , , , , , , , , , , , , , , , , , , , , , , , , , , , , , , , , , , , , , , , , , , , , , , , , , , , , , , , , , , , , , , , , , , , , , , , , , , , , , , , , , , , , , , , , , , , , , , , , , , , , , , , , , , , , , , , , , , , , , , , , , , , , , , , , , , , , , , , , , , , , , , , , , , , , , , , , , , , , , , , , , , , , , , , , , , , , , , , , , , , , , , , , , , , , , , , , , , , , , , , , , , , , , , , 
14.0,14.0,1,14.000,17/03/2026 16:14:18,21.694,,13.52, 14.52, 14.36,44.96, -1.79, 3.31,14.105, 14.067, 13.060, 12.349, 12.378, 12.015, 11.871, 12.064, 12.472, 13.001, 13.205, 13.382, 13.469, 13.617, 13.841, 14.059, 14.281, 14.466, 14.618, 14.733, 14.820, 14.843, 14.766, 14.641, 14.617, 14.530, 14.287, 14.314, 14.214, 14.001, 14.144, 13.775, 14.000, 13.623, 13.916, 13.538, 13.884, 13.554, 13.873, 13.705, 13.878, 13.980, 13.924, 14.222, 14.120, 14.312, 14.356, 14.293, 14.461, 14.342, 14.318, 14.460, 14.272, 14.261, 14.445, 14.291, 14.192, 14.468, 14.477, 14.215, 14.354, 14.659, 14.561, 14.290, 14.473, 14.807, 14.722, 14.323, 14.263, 14.656, 14.925, 14.637, 14.227, 14.274, 14.693, 14.924, 14.683, 14.261, 14.177, 14.454, 14.753, 14.766, 14.494, 14.238, 14.321, 14.623, 14.913, 14.944, 14.764, 14.557, 14.557, 14.760, 15.007, 15.136, 15.064, 14.876, 14.728, 14.700, 14.792, 14.903, 14.939, 14.859, 14.659, 14.336, 13.837, 13.224, 12.773, 12.634, 12.602, 12.465, 12.286, 12.169, 12.215, 12.486, 12.916, 13.398, 13.793, 14.038, 14.138, 14.099, 14.018, 13.956, 13.991, 14.148, 14.399, 14.708, 14.973, 15.179, 15.224, 15.163, 14.994, 14.796, 14.605, 14.519, 14.540, 14.672, 14.887, 15.093, 15.243, 15.343, 15.334, 15.203, 14.976, 14.729, 14.505, 14.283, 14.092, 14.075, 14.144, 14.236, 14.290, 14.158, 13.682, 12.582, 10.976, 9.614, 8.890, 8.490, 8.279, 8.214, 8.290, 8.484, 8.739, 9.100, 9.538, 9.999, 10.483, 10.949, 11.397, 11.792, 12.139, 12.414, 12.609, 12.767, 12.863, 12.910, 12.940, 12.949, 12.983, 13.030, 13.105, 13.224, 13.389, 13.579, 13.777, 13.913, 14.004, 14.080, 14.260, 14.391, 14.421, 14.405, 14.375, 14.292, 14.182, 13.992, 13.754, 13.405, 13.072, 12.817, 12.609, 12.545, 12.518, 12.481, 12.431, 12.336, 12.348, 12.377, 12.351, 12.328, 12.292, 12.241, 12.145, 12.086, 12.063, 11.940, 16.3,1069972.0,1259543.0,845200.88,52218.98,3194.89,26428.42,604.48,38294.58,335.29,289.96,31.21,321.33,20.68,4269.87,39.41,1681.99,22.68,2160.14,66.54,69.88,7.32,111.05,17.84,797.70,18.18,27642.78,157.45,0.00,123.38,0.00,13.75,20.93,2.39,63.68,2.40,34.72,1.39,0.00,4.60,92.29,1.29,158.73,1.66,9.07,0.85,99.13,1.46,0.00,29.33,0.00,50.57,0.00,429.42,0.00,298.96,0.00,495.42,0.00,521.42,0.00,48.64,4.24,1.07,10.57,1.30,13.66,3.81,0.00,143.87,5.45,1.39,272599.84,86593.47,5298.01,49935.51,1142.14,81924.93,717.30,664.40,71.51,802.33,51.64,5143.50,47.47,2353.45,31.73,3604.18,111.02,124.75,13.07,162.31,26.07,1146.17,26.12,39522.09,225.11,0.00,156.88,0.00,17.50,26.20,2.99,79.26,2.99,45.84,1.84,0.00,6.46,100.93,1.41,187.71,1.96,11.52,1.08,133.90,1.97,0.00,34.38,0.00,67.43,0.00,461.25,0.00,341.51,0.00,628.95,0.00,624.19,0.00,57.11,4.58,1.16,11.39,1.40,15.23,4.25,0.00,163.71,6.18,1.58
14.5,14.5,1,14.500,17/03/2026 16:14:18,23.739, , , , , , , , , , , , , , , , , , , , , , , , , , , , , , , , , , , , , , , , , , , , , , , , , , , , , , , , , , , , , , , , , , , , , , , , , , , , , , , , , , , , , , , , , , , , , , , , , , , , , , , , , , , , , , , , , , , , , , , , , , , , , , , , , , , , , , , , , , , , , , , , , , , , , , , , , , , , , , , , , , , , , , , , , , , , , , , , , , , , , , , , , , , , , , , , , , , , , , , , , , , , , , , , , , , , , , , , , , , , , , , , , , , , , , , , , , , , , , , , , , , , , , , , , , , , , , , , , , , , , , , , , , , , , , , , , , , , , , , , , , , , , , , , , , , , , , , , , , , , , , , , , , , , , , , , , , , , , , , , , , , , , , , , , , , , , , , , , , , , , , , , , , , , , , , , , , , , , , , , , , , , 
15.0,15.0,1,15.000,17/03/2026 16:14:18,22.549,,13.59, 14.61, 14.35,45.09, -1.89, 3.54,13.723, 13.062, 13.020, 12.510, 12.028, 12.017, 11.792, 12.040, 12.480, 12.953, 13.199, 13.382, 13.451, 13.636, 13.868, 14.105, 14.376, 14.591, 14.738, 14.836, 14.881, 14.914, 14.888, 14.773, 14.650, 14.614, 14.454, 14.330, 14.326, 14.125, 14.171, 13.976, 13.994, 13.851, 13.898, 13.775, 13.876, 13.772, 13.903, 13.874, 13.984, 14.074, 14.116, 14.265, 14.337, 14.394, 14.489, 14.512, 14.497, 14.538, 14.515, 14.459, 14.495, 14.499, 14.410, 14.418, 14.521, 14.513, 14.432, 14.520, 14.651, 14.594, 14.541, 14.653, 14.805, 14.747, 14.614, 14.586, 14.781, 14.868, 14.756, 14.631, 14.630, 14.738, 14.790, 14.700, 14.603, 14.603, 14.662, 14.695, 14.632, 14.568, 14.566, 14.652, 14.753, 14.808, 14.804, 14.782, 14.797, 14.882, 14.980, 15.049, 15.056, 15.017, 14.995, 15.010, 15.048, 15.097, 15.076, 15.000, 14.901, 14.812, 14.721, 14.589, 14.233, 13.634, 13.053, 12.741, 12.601, 12.473, 12.413, 12.445, 12.638, 12.958, 13.315, 13.654, 13.907, 14.069, 14.155, 14.195, 14.236, 14.305, 14.416, 14.564, 14.742, 14.923, 15.073, 15.181, 15.220, 15.205, 15.129, 15.063, 15.005, 14.969, 14.989, 15.062, 15.154, 15.231, 15.274, 15.301, 15.271, 15.174, 15.072, 14.959, 14.877, 14.813, 14.651, 14.637, 14.654, 14.636, 14.550, 14.309, 13.749, 12.588, 10.907, 9.494, 8.759, 8.456, 8.376, 8.462, 8.685, 8.995, 9.342, 9.718, 10.105, 10.477, 10.840, 11.173, 11.495, 11.791, 12.071, 12.317, 12.562, 12.788, 12.987, 13.154, 13.307, 13.467, 13.587, 13.735, 13.853, 13.975, 14.068, 14.187, 14.257, 14.256, 14.207, 14.153, 14.233, 14.287, 14.264, 14.224, 14.192, 14.150, 14.074, 13.986, 13.848, 13.621, 13.466, 13.328, 13.232, 13.220, 13.204, 13.215, 13.171, 13.123, 12.983, 12.880, 12.793, 12.589, 12.556, 12.326, 12.234, 11.953, 11.875, 11.773, 16.3,1026022.0,1249180.0,854194.95,46338.10,3296.72,24831.84,614.59,37108.11,339.76,372.58,33.94,327.55,21.90,4659.23,42.78,1835.23,24.49,2633.79,73.53,88.18,7.98,285.40,21.92,574.19,16.55,26179.81,155.29,0.00,127.81,0.00,13.36,17.60,2.39,65.17,2.51,14.43,1.25,2.14,0.49,109.14,1.45,170.39,1.79,14.48,0.94,115.86,1.59,6.55,1.08,0.00,53.71,0.00,445.89,20.66,6.37,0.00,515.70,0.00,549.38,0.00,55.29,0.00,28.75,14.98,1.42,19.61,3.92,0.00,148.58,0.00,72.71,256913.51,76841.35,5466.87,46918.83,1161.24,79386.67,726.86,853.72,77.77,817.86,54.68,5612.53,51.53,2567.86,34.27,4394.46,122.68,157.42,14.25,417.13,32.04,825.02,23.78,37430.42,222.02,0.00,162.51,0.00,17.00,22.03,2.99,81.12,3.12,19.05,1.65,3.01,0.69,119.36,1.59,201.50,2.12,18.39,1.19,156.50,2.15,7.68,1.27,0.00,71.62,0.00,478.94,23.60,7.28,0.00,654.69,0.00,657.66,0.00,64.91,0.00,31.04,16.14,1.53,21.86,4.37,0.00,169.07,0.00,82.48
15.5,15.5,1,15.500,17/03/2026 16:14:18,22.812,1157879.300, , , , , , , , , , , , , , , , , , , , , , , , , , , , , , , , , , , , , , , , , , , , , , , , , , , , , , , , , , , , , , , , , , , , , , , , , , , , , , , , , , , , , , , , , , , , , , , , , , , , , , , , , , , , , , , , , , , , , , , , , , , , , , , , , , , , , , , , , , , , , , , , , , , , , , , , , , , , , , , , , , , , , , , , , , , , , , , , , , , , , , , , , , , , , , , , , , , , , , , , , , , , , , , , , , , , , , , , , , , , , , , , , , , , , , , , , , , , , , , , , , , , , , , , , , , , , , , , , , , , , , , , , , , , , , , , , , , , , , , , , , , , , , , , , , , , , , , , , , , , , , , , , , , , , , , , , , , , , , , , , , , , , , , , , , , , , , , , , , , , , , , , , , , , , , , , , , , , , , , , , , , 
16.0,16.0,1,16.000,17/03/2026 16:14:18,19.837,,12.96, 13.93, 13.74,44.14, -1.84, 3.38,16.074, 14.215, 13.068, 11.816, 11.894, 11.463, 11.517, 11.642, 11.978, 12.400, 12.588, 12.785, 12.878, 13.006, 13.256, 13.463, 13.717, 13.925, 14.074, 14.167, 14.200, 14.210, 14.193, 14.112, 13.975, 13.885, 13.824, 13.658, 13.617, 13.517, 13.425, 13.385, 13.259, 13.255, 13.162, 13.188, 13.128, 13.197, 13.149, 13.270, 13.282, 13.381, 13.490, 13.508, 13.694, 13.682, 13.739, 13.849, 13.755, 13.813, 13.829, 13.707, 13.761, 13.792, 13.650, 13.696, 13.820, 13.722, 13.670, 13.834, 13.910, 13.777, 13.775, 13.986, 14.029, 13.904, 13.761, 13.901, 13.995, 13.936, 13.819, 13.846, 13.945, 13.924, 13.811, 13.782, 13.860, 13.944, 13.887, 13.752, 13.666, 13.759, 13.914, 13.982, 13.901, 13.800, 13.799, 13.933, 14.118, 14.208, 14.164, 14.037, 13.986, 14.038, 14.174, 14.300, 14.323, 14.216, 14.048, 13.919, 13.888, 13.949, 14.004, 13.893, 13.448, 12.688, 11.972, 11.606, 11.515, 11.513, 11.585, 11.682, 11.859, 12.064, 12.280, 12.494, 12.703, 12.904, 13.125, 13.302, 13.429, 13.519, 13.571, 13.600, 13.646, 13.715, 13.820, 13.949, 14.076, 14.163, 14.204, 14.195, 14.144, 14.061, 13.982, 13.922, 13.916, 13.924, 13.971, 14.038, 14.101, 14.123, 14.091, 14.035, 13.949, 13.843, 13.698, 13.594, 13.493, 13.384, 13.253, 13.017, 12.497, 11.423, 9.867, 8.605, 7.991, 7.746, 7.702, 7.768, 7.930, 8.141, 8.368, 8.629, 8.907, 9.219, 9.557, 9.907, 10.266, 10.645, 11.022, 11.352, 11.667, 11.951, 12.188, 12.358, 12.487, 12.582, 12.635, 12.653, 12.670, 12.682, 12.712, 12.736, 12.803, 12.801, 12.796, 12.831, 12.989, 13.177, 13.210, 13.280, 13.327, 13.351, 13.312, 13.182, 13.023, 12.790, 12.550, 12.325, 12.100, 11.959, 11.857, 11.742, 11.591, 11.468, 11.339, 11.214, 11.144, 11.084, 10.986, 10.901, 10.841, 10.672, 10.627, 10.696, 16.3,1037694.0,1234731.0,851670.91,57473.83,3371.89,24324.15,603.15,32361.36,310.62,425.58,33.68,481.61,22.39,4198.61,39.93,1453.77,21.80,2019.82,66.40,0.00,21.14,194.01,18.54,601.90,16.37,24180.71,143.89,0.00,114.04,0.00,12.15,20.40,2.36,62.92,2.39,26.13,1.32,2.06,0.47,89.97,1.28,185.14,1.83,10.52,0.86,123.99,1.60,0.00,30.02,0.00,53.48,0.00,428.14,0.00,299.77,44.12,9.03,0.00,541.64,0.00,49.97,0.00,25.20,12.60,1.33,29.40,3.71,0.00,142.89,6.49,1.40,259608.12,95307.46,5591.52,45959.57,1139.63,69231.79,664.52,975.16,77.17,1202.53,55.91,5057.66,48.10,2034.12,30.50,3370.06,110.79,0.00,37.74,283.56,27.10,864.83,23.52,34572.22,205.73,0.00,145.00,0.00,15.46,25.54,2.95,78.32,2.97,34.50,1.74,2.89,0.66,98.39,1.40,218.95,2.16,13.36,1.09,167.48,2.16,0.00,35.19,0.00,71.31,0.00,459.87,0.00,342.44,56.01,11.46,0.00,648.40,0.00,58.67,0.00,27.21,13.57,1.43,32.78,4.14,0.00,162.60,7.36,1.59
16.5,16.5,1,16.500,17/03/2026 16:14:18,19.838, , , , , , , , , , , , , , , , , , , , , , , , , , , , , , , , , , , , , , , , , , , , , , , , , , , , , , , , , , , , , , , , , , , , , , , , , , , , , , , , , , , , , , , , , , , , , , , , , , , , , , , , , , , , , , , , , , , , , , , , , , , , , , , , , , , , , , , , , , , , , , , , , , , , , , , , , , , , , , , , , , , , , , , , , , , , , , , , , , , , , , , , , , , , , , , , , , , , , , , , , , , , , , , , , , , , , , , , , , , , , , , , , , , , , , , , , , , , , , , , , , , , , , , , , , , , , , , , , , , , , , , , , , , , , , , , , , , , , , , , , , , , , , , , , , , , , , , , , , , , , , , , , , , , , , , , , , , , , , , , , , , , , , , , , , , , , , , , , , , , , , , , , , , , , , , , , , , , , , , , , , , , 
17.0,17.0,1,17.000,17/03/2026 16:14:18,19.042,,12.08, 12.92, 12.82,42.64, -1.39, 3.08,16.252, 12.830, 13.041, 11.940, 11.057, 11.140, 10.861, 11.059, 11.258, 11.594, 11.742, 11.899, 11.959, 12.111, 12.296, 12.496, 12.668, 12.854, 12.984, 13.083, 13.147, 13.126, 13.096, 13.096, 12.999, 12.925, 12.896, 12.785, 12.782, 12.696, 12.681, 12.608, 12.598, 12.546, 12.572, 12.527, 12.599, 12.572, 12.655, 12.706, 12.771, 12.901, 12.955, 13.072, 13.214, 13.226, 13.330, 13.414, 13.360, 13.433, 13.477, 13.385, 13.434, 13.522, 13.420, 13.421, 13.575, 13.587, 13.511, 13.598, 13.773, 13.754, 13.681, 13.780, 13.957, 13.955, 13.770, 13.697, 13.879, 14.020, 13.972, 13.843, 13.832, 13.919, 14.031, 14.042, 13.953, 13.902, 13.931, 14.022, 14.060, 14.049, 14.011, 13.998, 14.062, 14.182, 14.304, 14.369, 14.367, 14.347, 14.372, 14.439, 14.555, 14.669, 14.694, 14.663, 14.602, 14.556, 14.542, 14.563, 14.598, 14.606, 14.514, 14.278, 13.730, 12.939, 12.262, 11.974, 11.963, 11.940, 11.944, 11.981, 12.118, 12.366, 12.654, 12.977, 13.303, 13.593, 13.830, 14.012, 14.134, 14.203, 14.248, 14.288, 14.375, 14.513, 14.670, 14.852, 15.012, 15.123, 15.161, 15.154, 15.099, 15.018, 14.936, 14.887, 14.871, 14.872, 14.912, 14.977, 15.028, 15.073, 15.065, 15.027, 14.976, 14.916, 14.817, 14.725, 14.613, 14.480, 14.291, 13.949, 13.299, 12.041, 10.303, 8.916, 8.274, 8.053, 8.036, 8.142, 8.363, 8.637, 8.930, 9.240, 9.568, 9.896, 10.226, 10.552, 10.895, 11.260, 11.627, 11.993, 12.363, 12.719, 13.044, 13.321, 13.563, 13.778, 13.920, 14.047, 14.132, 14.174, 14.198, 14.190, 14.166, 14.074, 13.894, 13.767, 13.883, 14.032, 14.045, 14.119, 14.191, 14.260, 14.295, 14.255, 14.181, 14.017, 13.835, 13.641, 13.519, 13.378, 13.325, 13.202, 13.052, 12.831, 12.593, 12.450, 12.135, 11.873, 11.791, 11.528, 11.451, 11.103, 11.035, 11.148, 16.2,1022801.0,1176656.0,867465.82,47624.78,3406.70,24166.27,610.78,29176.91,298.93,407.67,34.39,429.31,22.87,2727.39,33.51,1168.50,20.28,1695.48,63.91,66.96,7.39,294.37,21.77,611.05,16.88,23550.64,143.11,0.00,119.27,0.00,16.07,0.00,10.51,63.65,2.45,17.51,1.41,0.00,5.75,105.04,1.40,168.65,1.77,16.57,0.94,109.47,1.55,5.06,1.06,0.00,53.61,0.00,442.85,33.00,6.27,52.61,9.39,0.00,546.78,0.00,56.83,0.00,31.06,27.35,1.60,15.92,3.95,0.00,150.76,0.00,72.16,232653.17,78975.02,5649.25,45661.26,1154.05,62419.18,639.51,934.12,78.80,1071.95,57.10,3285.43,40.37,1634.97,28.38,2828.90,106.63,119.54,13.19,430.24,31.82,877.98,24.25,33671.38,204.61,0.00,151.65,0.00,20.45,0.00,13.16,79.23,3.05,23.12,1.86,0.00,8.08,114.87,1.53,199.45,2.09,21.04,1.19,147.87,2.09,5.93,1.24,0.00,71.49,0.00,475.67,37.70,7.16,66.79,11.92,0.00,654.55,0.00,66.72,0.00,33.54,29.46,1.72,17.75,4.40,0.00,171.55,0.00,81.86
17.5,17.5,1,17.500,17/03/2026 16:14:18,19.839, , , , , , , , , , , , , , , , , , , , , , , , , , , , , , , , , , , , , , , , , , , , , , , , , , , , , , , , , , , , , , , , , , , , , , , , , , , , , , , , , , , , , , , , , , , , , , , , , , , , , , , , , , , , , , , , , , , , , , , , , , , , , , , , , , , , , , , , , , , , , , , , , , , , , , , , , , , , , , , , , , , , , , , , , , , , , , , , , , , , , , , , , , , , , , , , , , , , , , , , , , , , , , , , , , , , , , , , , , , , , , , , , , , , , , , , , , , , , , , , , , , , , , , , , , , , , , , , , , , , , , , , , , , , , , , , , , , , , , , , , , , , , , , , , , , , , , , , , , , , , , , , , , , , , , , , , , , , , , , , , , , , , , , , , , , , , , , , , , , , , , , , , , , , , , , , , , , , , , , , , , , , 
18.0,18.0,1,18.000,17/03/2026 16:14:35,21.095,,13.06, 13.98, 14.08,44.20, -1.48, 2.67,17.372, 14.424, 14.530, 12.993, 12.660, 12.319, 12.072, 12.162, 12.381, 12.761, 12.926, 13.061, 13.126, 13.242, 13.460, 13.595, 13.784, 13.947, 14.069, 14.187, 14.236, 14.206, 14.158, 14.137, 14.008, 13.913, 13.902, 13.700, 13.769, 13.614, 13.580, 13.552, 13.427, 13.464, 13.372, 13.397, 13.388, 13.371, 13.476, 13.434, 13.594, 13.626, 13.694, 13.852, 13.878, 13.962, 14.088, 14.038, 14.083, 14.167, 14.055, 14.057, 14.168, 14.085, 14.001, 14.131, 14.196, 14.101, 14.107, 14.266, 14.338, 14.221, 14.228, 14.400, 14.501, 14.421, 14.299, 14.337, 14.545, 14.570, 14.424, 14.283, 14.368, 14.524, 14.532, 14.384, 14.244, 14.292, 14.451, 14.534, 14.405, 14.240, 14.213, 14.375, 14.614, 14.696, 14.598, 14.441, 14.410, 14.591, 14.821, 14.982, 14.937, 14.771, 14.611, 14.595, 14.742, 14.949, 15.050, 14.979, 14.790, 14.571, 14.413, 14.316, 14.101, 13.689, 13.240, 12.957, 12.761, 12.527, 12.365, 12.356, 12.599, 13.007, 13.460, 13.848, 14.073, 14.159, 14.141, 14.083, 14.062, 14.122, 14.284, 14.520, 14.781, 15.008, 15.165, 15.222, 15.184, 15.093, 14.970, 14.869, 14.828, 14.839, 14.915, 15.054, 15.211, 15.302, 15.345, 15.344, 15.267, 15.142, 15.008, 14.888, 14.787, 14.729, 14.648, 14.694, 14.714, 14.741, 14.698, 14.482, 13.989, 12.904, 11.340, 10.010, 9.326, 9.035, 8.956, 9.043, 9.238, 9.507, 9.831, 10.168, 10.529, 10.874, 11.217, 11.541, 11.861, 12.167, 12.433, 12.695, 12.947, 13.165, 13.367, 13.533, 13.699, 13.838, 13.958, 14.070, 14.164, 14.252, 14.327, 14.404, 14.479, 14.463, 14.372, 14.287, 14.416, 14.524, 14.538, 14.559, 14.590, 14.602, 14.576, 14.479, 14.396, 14.193, 13.964, 13.828, 13.730, 13.703, 13.697, 13.649, 13.583, 13.523, 13.384, 13.243, 13.129, 12.903, 12.841, 12.712, 12.590, 12.569, 12.369, 12.373, 16.3,1042758.0,1187973.0,860379.10,60223.01,3493.78,23375.48,591.96,26740.59,282.43,450.24,34.20,366.53,22.05,1617.29,27.71,1001.37,18.65,1629.72,62.09,29.08,6.63,142.33,17.72,614.63,16.41,22814.63,138.70,0.00,117.19,0.00,12.54,21.55,2.37,77.90,2.62,27.38,1.32,0.00,5.59,89.95,1.28,169.20,1.74,19.61,0.92,111.28,1.52,5.47,1.04,0.00,51.84,0.00,434.01,0.00,300.11,0.00,500.02,46.00,9.65,0.00,57.27,0.00,26.84,12.10,1.32,35.56,3.75,0.00,143.76,0.00,71.41,243765.95,99866.36,5793.65,44167.10,1118.49,57207.08,604.21,1031.66,78.36,915.19,55.06,1948.19,33.38,1401.12,26.10,2719.18,103.60,51.91,11.84,208.02,25.90,883.12,23.58,32619.08,198.31,0.00,149.01,0.00,15.96,26.98,2.97,96.96,3.26,36.15,1.74,0.00,7.86,98.37,1.40,200.10,2.06,24.90,1.17,150.31,2.05,6.41,1.22,0.00,69.13,0.00,466.18,0.00,342.82,0.00,634.78,55.07,11.55,0.00,67.24,0.00,28.98,13.03,1.42,39.64,4.18,0.00,163.59,0.00,81.01
18.5,18.5,1,18.500,17/03/2026 16:15:01,21.760, , , , , , , , , , , , , , , , , , , , , , , , , , , , , , , , , , , , , , , , , , , , , , , , , , , , , , , , , , , , , , , , , , , , , , , , , , , , , , , , , , , , , , , , , , , , , , , , , , , , , , , , , , , , , , , , , , , , , , , , , , , , , , , , , , , , , , , , , , , , , , , , , , , , , , , , , , , , , , , , , , , , , , , , , , , , , , , , , , , , , , , , , , , , , , , , , , , , , , , , , , , , , , , , , , , , , , , , , , , , , , , , , , , , , , , , , , , , , , , , , , , , , , , , , , , , , , , , , , , , , , , , , , , , , , , , , , , , , , , , , , , , , , , , , , , , , , , , , , , , , , , , , , , , , , , , , , , , , , , , , , , , , , , , , , , , , , , , , , , , , , , , , , , , , , , , , , , , , , , , , , , , 
19.0,19.0,1,19.000,17/03/2026 16:15:18,23.939,,13.39, 14.37, 14.38,44.76, -1.76, 2.91,16.395, 13.243, 13.773, 12.964, 12.468, 12.285, 12.176, 12.261, 12.553, 12.994, 13.197, 13.382, 13.472, 13.606, 13.810, 14.001, 14.215, 14.392, 14.520, 14.595, 14.630, 14.621, 14.582, 14.505, 14.393, 14.305, 14.197, 14.079, 14.023, 13.900, 13.878, 13.737, 13.729, 13.598, 13.649, 13.534, 13.613, 13.563, 13.604, 13.704, 13.684, 13.855, 13.878, 13.956, 14.119, 14.109, 14.185, 14.271, 14.206, 14.233, 14.275, 14.208, 14.190, 14.234, 14.192, 14.166, 14.213, 14.258, 14.246, 14.255, 14.339, 14.371, 14.374, 14.394, 14.459, 14.469, 14.443, 14.437, 14.429, 14.455, 14.486, 14.458, 14.396, 14.364, 14.383, 14.419, 14.468, 14.427, 14.360, 14.322, 14.317, 14.379, 14.442, 14.463, 14.456, 14.427, 14.446, 14.538, 14.642, 14.709, 14.736, 14.719, 14.677, 14.676, 14.720, 14.803, 14.862, 14.860, 14.796, 14.705, 14.620, 14.572, 14.545, 14.477, 14.174, 13.583, 13.003, 12.667, 12.533, 12.430, 12.392, 12.460, 12.670, 12.976, 13.292, 13.571, 13.748, 13.866, 13.937, 13.975, 14.025, 14.097, 14.223, 14.381, 14.549, 14.694, 14.790, 14.846, 14.864, 14.842, 14.782, 14.721, 14.693, 14.680, 14.719, 14.791, 14.892, 14.956, 14.964, 14.968, 14.924, 14.844, 14.744, 14.630, 14.523, 14.469, 14.374, 14.380, 14.381, 14.377, 14.317, 14.109, 13.625, 12.565, 11.032, 9.723, 9.036, 8.756, 8.677, 8.749, 8.928, 9.174, 9.452, 9.775, 10.104, 10.476, 10.828, 11.172, 11.507, 11.824, 12.116, 12.387, 12.626, 12.858, 13.057, 13.217, 13.349, 13.470, 13.562, 13.657, 13.689, 13.755, 13.818, 13.873, 13.938, 13.954, 13.910, 13.872, 13.977, 14.115, 14.122, 14.179, 14.217, 14.222, 14.199, 14.138, 13.986, 13.796, 13.608, 13.436, 13.269, 13.172, 13.147, 13.052, 12.914, 12.817, 12.712, 12.540, 12.422, 12.353, 12.328, 12.027, 12.039, 11.994, 11.826, 11.800, 16.3,1087660.0,1302572.0,842639.69,51750.64,3098.96,28773.62,611.21,37318.32,323.10,511.31,33.07,341.93,20.10,4541.60,39.80,2076.41,24.14,2410.32,67.59,52.94,6.95,88.25,16.14,803.70,17.85,28115.28,156.46,0.00,123.82,0.00,14.56,40.61,2.70,73.77,2.52,33.58,1.36,0.00,4.58,82.31,1.21,168.37,1.69,9.15,0.83,112.82,1.50,0.00,29.31,0.00,49.34,0.00,413.88,0.00,290.29,0.00,471.94,0.00,501.99,0.00,50.93,0.00,25.93,9.66,1.26,40.86,3.61,0.00,135.02,4.86,1.35,276720.56,85816.83,5138.93,54366.68,1154.86,79836.38,691.22,1171.60,75.78,853.77,50.19,5470.83,47.94,2905.33,33.78,4021.60,112.77,94.51,12.41,128.98,23.59,1154.79,25.65,40197.65,223.70,0.00,157.44,0.00,18.53,50.83,3.38,91.82,3.14,44.34,1.80,0.00,6.44,90.01,1.32,199.11,2.00,11.62,1.05,152.39,2.03,0.00,34.36,0.00,65.79,0.00,444.55,0.00,331.61,0.00,599.14,0.00,600.93,0.00,59.79,0.00,28.00,10.41,1.36,45.55,4.02,0.00,153.64,5.51,1.53
19.5,19.5,1,19.500,17/03/2026 16:15:44,23.279, , , , , , , , , , , , , , , , , , , , , , , , , , , , , , , , , , , , , , , , , , , , , , , , , , , , , , , , , , , , , , , , , , , , , , , , , , , , , , , , , , , , , , , , , , , , , , , , , , , , , , , , , , , , , , , , , , , , , , , , , , , , , , , , , , , , , , , , , , , , , , , , , , , , , , , , , , , , , , , , , , , , , , , , , , , , , , , , , , , , , , , , , , , , , , , , , , , , , , , , , , , , , , , , , , , , , , , , , , , , , , , , , , , , , , , , , , , , , , , , , , , , , , , , , , , , , , , , , , , , , , , , , , , , , , , , , , , , , , , , , , , , , , , , , , , , , , , , , , , , , , , , , , , , , , , , , , , , , , , , , , , , , , , , , , , , , , , , , , , , , , , , , , , , , , , , , , , , , , , , , , , , 
20.0,20.0,1,20.000,17/03/2026 16:16:01,24.138,,13.64, 14.69, 14.60,45.21, -2.08, 3.18,13.818, 14.136, 13.074, 12.411, 12.304, 12.294, 12.090, 12.289, 12.720, 13.161, 13.387, 13.586, 13.711, 13.876, 14.129, 14.307, 14.543, 14.753, 14.880, 14.975, 15.005, 14.989, 14.928, 14.833, 14.708, 14.565, 14.459, 14.320, 14.215, 14.112, 14.010, 13.919, 13.813, 13.742, 13.701, 13.651, 13.637, 13.648, 13.642, 13.726, 13.755, 13.859, 13.943, 14.002, 14.149, 14.175, 14.219, 14.306, 14.266, 14.264, 14.281, 14.223, 14.205, 14.219, 14.160, 14.140, 14.197, 14.196, 14.162, 14.215, 14.293, 14.278, 14.269, 14.323, 14.420, 14.380, 14.281, 14.302, 14.339, 14.403, 14.355, 14.284, 14.249, 14.250, 14.284, 14.272, 14.244, 14.211, 14.215, 14.187, 14.164, 14.160, 14.184, 14.229, 14.255, 14.261, 14.276, 14.304, 14.358, 14.436, 14.479, 14.472, 14.440, 14.417, 14.448, 14.507, 14.562, 14.560, 14.510, 14.401, 14.321, 14.274, 14.247, 14.174, 13.871, 13.321, 12.746, 12.427, 12.278, 12.173, 12.142, 12.207, 12.427, 12.709, 13.012, 13.260, 13.426, 13.516, 13.560, 13.601, 13.648, 13.745, 13.876, 14.009, 14.145, 14.259, 14.338, 14.354, 14.350, 14.314, 14.261, 14.213, 14.201, 14.226, 14.274, 14.337, 14.416, 14.440, 14.428, 14.379, 14.337, 14.218, 14.113, 14.024, 13.973, 13.930, 13.869, 13.893, 13.913, 13.902, 13.828, 13.605, 13.087, 12.037, 10.497, 9.165, 8.486, 8.201, 8.127, 8.238, 8.451, 8.746, 9.068, 9.413, 9.771, 10.119, 10.437, 10.741, 11.024, 11.289, 11.519, 11.728, 11.925, 12.108, 12.251, 12.412, 12.546, 12.672, 12.796, 12.932, 13.029, 13.134, 13.230, 13.347, 13.424, 13.422, 13.372, 13.320, 13.375, 13.398, 13.355, 13.348, 13.325, 13.273, 13.268, 13.175, 13.033, 12.863, 12.682, 12.616, 12.483, 12.474, 12.489, 12.487, 12.457, 12.350, 12.277, 12.185, 12.070, 11.986, 11.899, 11.710, 11.616, 11.543, 11.379, 11.219, 16.3,1077109.0,1347152.0,831926.88,49472.03,3098.26,30953.30,633.36,44356.78,362.95,521.95,34.15,352.26,20.69,4947.81,42.53,2414.00,26.71,2390.09,68.70,79.31,7.44,138.89,18.22,1007.51,20.21,30788.15,171.43,0.00,131.26,0.00,14.36,44.28,2.85,95.36,2.89,46.55,1.54,2.64,0.49,99.24,1.34,167.20,1.73,10.39,0.88,131.65,1.63,7.86,1.06,0.00,50.13,0.00,427.68,0.00,296.54,0.00,489.79,0.00,527.40,0.00,53.97,0.00,24.68,10.75,1.33,35.15,3.80,0.00,138.70,0.00,61.47,297426.54,82038.27,5137.77,58485.10,1196.71,94894.01,776.47,1195.98,78.25,879.56,51.66,5960.15,51.23,3377.68,37.37,3987.85,114.63,141.58,13.28,203.00,26.63,1447.63,29.04,44019.17,245.10,0.00,166.89,0.00,18.27,55.43,3.57,118.70,3.60,61.46,2.03,3.71,0.69,108.53,1.47,197.73,2.05,13.19,1.12,177.83,2.20,9.21,1.24,0.00,66.85,0.00,459.38,0.00,338.75,0.00,621.80,0.00,631.35,0.00,63.36,0.00,26.65,11.58,1.43,39.19,4.24,0.00,157.83,0.00,69.73
20.5,20.5,1,20.500,17/03/2026 16:16:27,24.203,1157878.839, , , , , , , , , , , , , , , , , , , , , , , , , , , , , , , , , , , , , , , , , , , , , , , , , , , , , , , , , , , , , , , , , , , , , , , , , , , , , , , , , , , , , , , , , , , , , , , , , , , , , , , , , , , , , , , , , , , , , , , , , , , , , , , , , , , , , , , , , , , , , , , , , , , , , , , , , , , , , , , , , , , , , , , , , , , , , , , , , , , , , , , , , , , , , , , , , , , , , , , , , , , , , , , , , , , , , , , , , , , , , , , , , , , , , , , , , , , , , , , , , , , , , , , , , , , , , , , , , , , , , , , , , , , , , , , , , , , , , , , , , , , , , , , , , , , , , , , , , , , , , , , , , , , , , , , , , , , , , , , , , , , , , , , , , , , , , , , , , , , , , , , , , , , , , , , , , , , , , , , , , , , 
21.0,21.0,1,21.000,17/03/2026 16:16:45,23.607,,12.98, 14.00, 13.89,44.23, -2.13, 3.16,13.846, 13.377, 12.351, 11.491, 11.750, 11.431, 11.423, 11.770, 11.999, 12.520, 12.741, 12.947, 13.065, 13.257, 13.461, 13.667, 13.894, 14.079, 14.201, 14.266, 14.282, 14.270, 14.201, 14.111, 13.989, 13.857, 13.759, 13.634, 13.525, 13.433, 13.341, 13.249, 13.175, 13.088, 13.065, 13.003, 13.023, 13.005, 13.047, 13.097, 13.163, 13.265, 13.339, 13.458, 13.544, 13.631, 13.695, 13.719, 13.764, 13.759, 13.719, 13.733, 13.715, 13.669, 13.662, 13.692, 13.689, 13.678, 13.726, 13.761, 13.784, 13.791, 13.848, 13.894, 13.909, 13.930, 13.989, 13.927, 13.964, 13.990, 13.982, 13.954, 13.905, 13.894, 13.884, 13.912, 13.934, 13.892, 13.823, 13.805, 13.819, 13.883, 13.912, 13.920, 13.894, 13.896, 13.952, 14.028, 14.106, 14.160, 14.163, 14.148, 14.143, 14.176, 14.219, 14.293, 14.333, 14.325, 14.260, 14.172, 14.105, 14.086, 14.068, 13.981, 13.669, 13.070, 12.488, 12.153, 12.020, 11.927, 11.914, 11.979, 12.190, 12.481, 12.781, 13.040, 13.215, 13.320, 13.394, 13.437, 13.498, 13.591, 13.724, 13.871, 14.022, 14.142, 14.235, 14.286, 14.273, 14.250, 14.190, 14.155, 14.126, 14.143, 14.189, 14.258, 14.353, 14.395, 14.394, 14.362, 14.316, 14.191, 14.073, 14.001, 13.932, 13.891, 13.809, 13.836, 13.844, 13.849, 13.757, 13.535, 13.016, 11.924, 10.331, 8.977, 8.254, 7.968, 7.898, 7.999, 8.221, 8.516, 8.853, 9.211, 9.582, 9.945, 10.289, 10.621, 10.916, 11.199, 11.446, 11.681, 11.888, 12.082, 12.248, 12.393, 12.523, 12.655, 12.784, 12.889, 13.026, 13.110, 13.220, 13.337, 13.409, 13.428, 13.361, 13.319, 13.391, 13.453, 13.418, 13.401, 13.373, 13.332, 13.268, 13.167, 13.071, 12.855, 12.707, 12.546, 12.464, 12.453, 12.423, 12.380, 12.329, 12.258, 12.172, 12.083, 11.920, 11.828, 11.698, 11.594, 11.422, 11.377, 11.097, 11.053, 16.3,1081741.0,1344618.0,839774.25,49429.45,3128.96,26622.53,602.72,40648.27,345.27,448.28,33.13,411.53,21.06,5047.77,43.05,2327.99,26.12,2057.56,65.50,83.52,7.40,0.00,60.98,1110.30,21.08,31408.04,176.14,0.00,133.84,0.00,13.52,49.20,2.94,69.73,2.57,33.77,1.53,1.47,0.48,99.40,1.36,171.42,1.77,13.62,0.92,138.20,1.68,0.00,28.77,0.00,50.61,0.00,427.07,0.00,294.78,0.00,497.24,0.00,520.87,0.00,55.20,5.96,1.17,21.67,1.54,26.10,3.90,0.00,141.48,0.00,67.47,281475.03,81967.66,5188.68,50302.28,1138.82,86960.26,738.65,1027.17,75.91,1027.55,52.58,6080.57,51.86,3257.34,36.55,3433.03,109.29,149.10,13.21,0.00,89.13,1595.32,30.29,44905.45,251.84,0.00,170.18,0.00,17.21,61.59,3.68,86.79,3.20,44.59,2.02,2.07,0.67,108.70,1.49,202.72,2.09,17.30,1.17,186.68,2.27,0.00,33.72,0.00,67.49,0.00,458.72,0.00,336.74,0.00,631.26,0.00,623.53,0.00,64.81,6.44,1.26,23.34,1.66,29.10,4.35,0.00,160.99,0.00,76.54
21.5,21.5,1,21.500,17/03/2026 16:17:11,24.465, , , , , , , , , , , , , , , , , , , , , , , , , , , , , , , , , , , , , , , , , , , , , , , , , , , , , , , , , , , , , , , , , , , , , , , , , , , , , , , , , , , , , , , , , , , , , , , , , , , , , , , , , , , , , , , , , , , , , , , , , , , , , , , , , , , , , , , , , , , , , , , , , , , , , , , , , , , , , , , , , , , , , , , , , , , , , , , , , , , , , , , , , , , , , , , , , , , , , , , , , , , , , , , , , , , , , , , , , , , , , , , , , , , , , , , , , , , , , , , , , , , , , , , , , , , , , , , , , , , , , , , , , , , , , , , , , , , , , , , , , , , , , , , , , , , , , , , , , , , , , , , , , , , , , , , , , , , , , , , , , , , , , , , , , , , , , , , , , , , , , , , , , , , , , , , , , , , , , , , , , , , , 
22.0,22.0,1,22.000,17/03/2026 16:17:28,24.200,,13.14, 14.16, 14.14,44.46, -2.03, 2.96,16.490, 13.973, 13.052, 11.998, 11.884, 11.738, 11.858, 11.917, 12.330, 12.761, 12.954, 13.183, 13.273, 13.442, 13.664, 13.848, 14.068, 14.239, 14.345, 14.418, 14.433, 14.408, 14.354, 14.264, 14.139, 14.004, 13.929, 13.785, 13.693, 13.632, 13.506, 13.443, 13.361, 13.276, 13.274, 13.208, 13.233, 13.223, 13.259, 13.312, 13.385, 13.471, 13.588, 13.650, 13.806, 13.851, 13.919, 13.988, 13.961, 14.003, 13.972, 13.944, 13.967, 13.929, 13.891, 13.930, 13.951, 13.938, 13.968, 14.027, 14.072, 14.057, 14.088, 14.172, 14.210, 14.173, 14.123, 14.182, 14.225, 14.215, 14.169, 14.182, 14.220, 14.162, 14.127, 14.114, 14.190, 14.212, 14.135, 14.052, 14.034, 14.149, 14.267, 14.294, 14.212, 14.162, 14.221, 14.366, 14.512, 14.569, 14.511, 14.439, 14.434, 14.511, 14.626, 14.720, 14.726, 14.675, 14.559, 14.463, 14.435, 14.460, 14.484, 14.409, 14.068, 13.419, 12.770, 12.447, 12.355, 12.296, 12.319, 12.408, 12.613, 12.874, 13.130, 13.374, 13.536, 13.673, 13.787, 13.889, 13.988, 14.103, 14.224, 14.331, 14.443, 14.524, 14.593, 14.652, 14.689, 14.708, 14.719, 14.725, 14.718, 14.721, 14.711, 14.735, 14.760, 14.767, 14.756, 14.736, 14.732, 14.699, 14.652, 14.588, 14.551, 14.519, 14.368, 14.330, 14.290, 14.238, 14.126, 13.884, 13.378, 12.297, 10.752, 9.430, 8.783, 8.523, 8.473, 8.558, 8.747, 8.991, 9.274, 9.566, 9.884, 10.220, 10.555, 10.900, 11.241, 11.574, 11.887, 12.172, 12.442, 12.706, 12.891, 13.045, 13.163, 13.261, 13.330, 13.385, 13.452, 13.524, 13.576, 13.665, 13.742, 13.766, 13.720, 13.711, 13.856, 13.993, 14.019, 14.069, 14.094, 14.079, 14.008, 13.911, 13.749, 13.506, 13.256, 13.077, 12.894, 12.817, 12.779, 12.700, 12.595, 12.543, 12.467, 12.324, 12.280, 12.210, 12.094, 12.074, 11.990, 11.834, 11.883, 11.615, 16.3,1072696.0,1353993.0,829193.42,53312.44,3160.09,29712.54,628.91,44816.12,368.11,504.48,34.17,421.19,21.34,5187.21,44.05,2275.88,26.32,2419.41,69.83,57.99,7.32,125.22,18.28,772.43,18.17,30593.78,172.45,0.00,132.92,0.00,15.70,19.63,2.45,65.96,2.54,37.77,1.55,1.78,0.49,105.97,1.40,181.76,1.83,21.20,0.98,114.58,1.57,0.00,29.91,0.00,50.26,0.00,433.77,0.00,298.07,0.00,501.16,0.00,533.63,14.79,3.19,0.00,28.58,19.28,1.49,25.18,3.93,0.00,143.62,0.00,63.04,301976.95,88406.73,5240.30,56140.73,1188.30,95876.69,787.51,1155.95,78.30,1051.67,53.28,6248.54,53.06,3184.43,36.83,4036.77,116.51,103.52,13.07,183.02,26.72,1109.86,26.11,43741.27,246.56,0.00,169.01,0.00,19.98,24.57,3.07,82.10,3.16,49.87,2.05,2.50,0.69,115.89,1.53,214.95,2.16,26.92,1.24,154.77,2.12,0.00,35.06,0.00,67.02,0.00,465.92,0.00,340.49,0.00,636.23,0.00,638.81,17.36,3.75,0.00,30.86,20.77,1.61,28.07,4.38,0.00,163.43,0.00,71.51
22.5,22.5,1,22.500,17/03/2026 16:18:02,22.614, , , , , , , , , , , , , , , , , , , , , , , , , , , , , , , , , , , , , , , , , , , , , , , , , , , , , , , , , , , , , , , , , , , , , , , , , , , , , , , , , , , , , , , , , , , , , , , , , , , , , , , , , , , , , , , , , , , , , , , , , , , , , , , , , , , , , , , , , , , , , , , , , , , , , , , , , , , , , , , , , , , , , , , , , , , , , , , , , , , , , , , , , , , , , , , , , , , , , , , , , , , , , , , , , , , , , , , , , , , , , , , , , , , , , , , , , , , , , , , , , , , , , , , , , , , , , , , , , , , , , , , , , , , , , , , , , , , , , , , , , , , , , , , , , , , , , , , , , , , , , , , , , , , , , , , , , , , , , , , , , , , , , , , , , , , , , , , , , , , , , , , , , , , , , , , , , , , , , , , , , , , , 
23.0,23.0,1,23.000,17/03/2026 16:18:20,23.737,,12.94, 13.91, 13.84,44.11, -1.88, 3.08,13.800, 13.223, 12.979, 11.928, 11.665, 11.734, 11.485, 11.682, 12.072, 12.528, 12.686, 12.864, 12.980, 13.156, 13.343, 13.535, 13.764, 13.945, 14.074, 14.137, 14.174, 14.178, 14.151, 14.062, 13.931, 13.822, 13.748, 13.607, 13.530, 13.446, 13.352, 13.288, 13.186, 13.155, 13.088, 13.094, 13.048, 13.106, 13.068, 13.185, 13.192, 13.319, 13.392, 13.466, 13.608, 13.615, 13.703, 13.727, 13.716, 13.742, 13.697, 13.683, 13.684, 13.645, 13.608, 13.632, 13.658, 13.643, 13.651, 13.718, 13.761, 13.734, 13.773, 13.849, 13.889, 13.831, 13.808, 13.860, 13.850, 13.820, 13.818, 13.860, 13.832, 13.759, 13.714, 13.775, 13.861, 13.823, 13.713, 13.633, 13.667, 13.782, 13.848, 13.831, 13.757, 13.745, 13.828, 13.946, 14.047, 14.069, 14.031, 13.998, 14.013, 14.070, 14.153, 14.200, 14.208, 14.171, 14.093, 14.015, 13.964, 13.959, 13.947, 13.871, 13.541, 12.945, 12.359, 12.036, 11.929, 11.853, 11.855, 11.927, 12.129, 12.407, 12.677, 12.920, 13.068, 13.176, 13.269, 13.331, 13.415, 13.528, 13.645, 13.769, 13.879, 13.975, 14.036, 14.078, 14.094, 14.088, 14.079, 14.053, 14.055, 14.066, 14.087, 14.119, 14.154, 14.166, 14.149, 14.136, 14.098, 14.042, 13.977, 13.913, 13.862, 13.819, 13.731, 13.723, 13.700, 13.676, 13.559, 13.332, 12.830, 11.786, 10.252, 8.960, 8.311, 8.056, 8.002, 8.099, 8.300, 8.554, 8.843, 9.153, 9.476, 9.809, 10.143, 10.454, 10.770, 11.069, 11.338, 11.612, 11.844, 12.045, 12.224, 12.372, 12.515, 12.635, 12.715, 12.808, 12.893, 12.962, 13.043, 13.111, 13.180, 13.216, 13.164, 13.139, 13.246, 13.323, 13.333, 13.343, 13.337, 13.312, 13.253, 13.140, 13.006, 12.797, 12.568, 12.453, 12.288, 12.221, 12.197, 12.179, 12.053, 12.049, 11.957, 11.848, 11.766, 11.662, 11.596, 11.555, 11.440, 11.377, 11.309, 11.322, 16.3,1102385.0,1395211.0,853084.64,41316.26,2963.86,24771.75,574.26,40985.57,338.20,469.10,32.35,392.58,20.26,4700.91,40.10,2274.41,24.96,2067.10,64.01,33.92,6.61,235.00,18.76,692.71,16.79,28407.19,155.49,0.00,122.62,0.00,15.03,41.50,2.72,77.62,2.59,22.43,1.38,1.62,0.46,86.04,1.22,164.81,1.66,9.41,0.84,110.84,1.49,5.51,1.02,0.00,49.74,0.00,412.70,0.00,285.68,0.00,478.64,0.00,503.36,0.00,54.72,0.00,27.63,23.24,1.50,25.87,3.73,0.00,138.96,0.00,68.39,260055.87,68513.75,4914.90,46805.30,1085.04,87681.86,723.52,1074.88,74.13,980.23,50.59,5662.74,48.30,3182.37,34.92,3448.94,106.80,60.55,11.80,343.47,27.42,995.31,24.12,40615.00,222.31,0.00,155.91,0.00,19.13,51.95,3.40,96.61,3.22,29.61,1.82,2.28,0.65,94.09,1.33,194.90,1.96,11.95,1.07,149.72,2.01,6.46,1.20,0.00,66.33,0.00,443.29,0.00,326.34,0.00,607.64,0.00,602.57,0.00,64.24,0.00,29.83,25.03,1.62,28.84,4.16,0.00,158.12,0.00,77.58
23.5,23.5,1,23.500,17/03/2026 16:18:46,23.012, , , , , , , , , , , , , , , , , , , , , , , , , , , , , , , , , , , , , , , , , , , , , , , , , , , , , , , , , , , , , , , , , , , , , , , , , , , , , , , , , , , , , , , , , , , , , , , , , , , , , , , , , , , , , , , , , , , , , , , , , , , , , , , , , , , , , , , , , , , , , , , , , , , , , , , , , , , , , , , , , , , , , , , , , , , , , , , , , , , , , , , , , , , , , , , , , , , , , , , , , , , , , , , , , , , , , , , , , , , , , , , , , , , , , , , , , , , , , , , , , , , , , , , , , , , , , , , , , , , , , , , , , , , , , , , , , , , , , , , , , , , , , , , , , , , , , , , , , , , , , , , , , , , , , , , , , , , , , , , , , , , , , , , , , , , , , , , , , , , , , , , , , , , , , , , , , , , , , , , , , , , , 
24.0,24.0,1,24.000,17/03/2026 16:19:03,23.608,,12.68, 13.64, 13.43,43.71, -1.88, 3.39,13.161, 12.846, 12.283, 11.624, 11.227, 11.157, 11.094, 11.367, 11.669, 12.128, 12.312, 12.501, 12.623, 12.774, 12.994, 13.202, 13.436, 13.636, 13.768, 13.867, 13.927, 13.919, 13.858, 13.803, 13.710, 13.577, 13.493, 13.397, 13.292, 13.234, 13.151, 13.063, 13.007, 12.921, 12.939, 12.870, 12.914, 12.897, 12.955, 13.008, 13.072, 13.169, 13.238, 13.359, 13.432, 13.514, 13.568, 13.586, 13.631, 13.608, 13.569, 13.594, 13.565, 13.521, 13.526, 13.545, 13.535, 13.544, 13.595, 13.623, 13.645, 13.667, 13.727, 13.758, 13.787, 13.779, 13.819, 13.807, 13.773, 13.827, 13.838, 13.790, 13.748, 13.709, 13.729, 13.779, 13.800, 13.752, 13.668, 13.647, 13.684, 13.744, 13.773, 13.779, 13.744, 13.766, 13.829, 13.912, 13.983, 14.016, 14.023, 14.009, 14.012, 14.043, 14.091, 14.149, 14.181, 14.164, 14.104, 14.017, 13.964, 13.935, 13.929, 13.829, 13.503, 12.907, 12.332, 12.012, 11.889, 11.800, 11.797, 11.859, 12.072, 12.354, 12.641, 12.893, 13.061, 13.179, 13.265, 13.330, 13.399, 13.499, 13.622, 13.756, 13.889, 14.000, 14.087, 14.140, 14.159, 14.129, 14.101, 14.063, 14.032, 14.044, 14.076, 14.131, 14.203, 14.236, 14.236, 14.219, 14.165, 14.084, 13.982, 13.900, 13.821, 13.783, 13.664, 13.696, 13.718, 13.698, 13.624, 13.392, 12.878, 11.804, 10.234, 8.881, 8.179, 7.900, 7.838, 7.931, 8.147, 8.433, 8.755, 9.099, 9.457, 9.831, 10.164, 10.487, 10.789, 11.064, 11.324, 11.560, 11.770, 11.971, 12.153, 12.289, 12.441, 12.561, 12.677, 12.786, 12.922, 12.999, 13.098, 13.190, 13.271, 13.270, 13.216, 13.157, 13.247, 13.318, 13.285, 13.276, 13.247, 13.207, 13.156, 13.009, 12.871, 12.703, 12.524, 12.389, 12.233, 12.238, 12.236, 12.175, 12.127, 12.046, 11.991, 11.837, 11.805, 11.739, 11.567, 11.470, 11.171, 11.159, 11.067, 11.007, 16.3,1092928.0,1379483.0,842048.26,49756.55,3059.38,28557.31,605.52,40076.60,336.17,528.09,33.30,492.30,21.07,4300.92,38.65,2174.66,24.77,2608.20,69.56,58.27,7.14,146.69,17.53,841.91,18.29,27833.43,154.22,0.00,123.49,0.00,13.16,31.35,2.53,77.50,2.55,45.16,1.42,0.00,5.26,86.85,1.22,161.29,1.65,13.44,0.86,117.30,1.52,0.00,28.98,0.00,48.94,0.00,413.34,0.00,285.90,0.00,488.31,0.00,516.38,0.00,45.60,3.08,1.02,6.24,1.17,34.56,3.65,0.00,136.36,0.00,57.68,279247.99,82510.08,5073.30,53957.97,1144.11,85737.27,719.18,1210.05,76.30,1229.23,52.61,5180.91,46.56,3042.80,34.66,4351.77,116.06,104.02,12.75,214.40,25.62,1209.69,26.28,39794.67,220.50,0.00,157.02,0.00,16.75,39.24,3.17,96.47,3.17,59.63,1.87,0.00,7.39,94.98,1.33,190.74,1.95,17.07,1.09,158.45,2.05,0.00,33.97,0.00,65.26,0.00,443.97,0.00,326.59,0.00,619.92,0.00,618.16,0.00,53.54,3.33,1.10,6.72,1.26,38.53,4.07,0.00,155.16,0.00,65.43
24.5,24.5,1,24.500,17/03/2026 16:19:29,22.550, , , , , , , , , , , , , , , , , , , , , , , , , , , , , , , , , , , , , , , , , , , , , , , , , , , , , , , , , , , , , , , , , , , , , , , , , , , , , , , , , , , , , , , , , , , , , , , , , , , , , , , , , , , , , , , , , , , , , , , , , , , , , , , , , , , , , , , , , , , , , , , , , , , , , , , , , , , , , , , , , , , , , , , , , , , , , , , , , , , , , , , , , , , , , , , , , , , , , , , , , , , , , , , , , , , , , , , , , , , , , , , , , , , , , , , , , , , , , , , , , , , , , , , , , , , , , , , , , , , , , , , , , , , , , , , , , , , , , , , , , , , , , , , , , , , , , , , , , , , , , , , , , , , , , , , , , , , , , , , , , , , , , , , , , , , , , , , , , , , , , , , , , , , , , , , , , , , , , , , , , , , , 
25.0,25.0,1,25.000,17/03/2026 16:19:46,21.823,,11.84, 12.73, 12.45,42.35, -1.76, 3.51,14.140, 10.303, 10.808, 10.174, 10.177, 10.314, 10.211, 10.463, 10.774, 11.251, 11.449, 11.579, 11.697, 11.862, 12.090, 12.285, 12.487, 12.695, 12.816, 12.907, 12.969, 12.976, 12.951, 12.912, 12.830, 12.708, 12.607, 12.538, 12.497, 12.395, 12.326, 12.313, 12.194, 12.182, 12.174, 12.116, 12.187, 12.140, 12.234, 12.238, 12.366, 12.383, 12.538, 12.560, 12.718, 12.752, 12.807, 12.879, 12.843, 12.897, 12.834, 12.840, 12.868, 12.787, 12.815, 12.845, 12.803, 12.858, 12.897, 12.892, 12.952, 12.996, 12.974, 13.049, 13.119, 13.101, 13.078, 13.131, 13.136, 13.155, 13.112, 13.123, 13.126, 13.084, 13.038, 13.095, 13.160, 13.134, 13.016, 12.978, 13.010, 13.082, 13.130, 13.090, 13.078, 13.127, 13.193, 13.267, 13.327, 13.373, 13.409, 13.438, 13.434, 13.432, 13.456, 13.518, 13.581, 13.584, 13.502, 13.357, 13.249, 13.199, 13.180, 13.076, 12.660, 11.892, 11.145, 10.728, 10.566, 10.495, 10.533, 10.660, 10.911, 11.230, 11.536, 11.798, 12.007, 12.173, 12.337, 12.486, 12.619, 12.752, 12.888, 13.017, 13.145, 13.253, 13.362, 13.433, 13.482, 13.499, 13.482, 13.459, 13.440, 13.434, 13.446, 13.488, 13.549, 13.597, 13.614, 13.600, 13.551, 13.431, 13.326, 13.212, 13.122, 13.063, 12.983, 13.002, 13.016, 13.019, 12.915, 12.634, 11.971, 10.627, 8.781, 7.271, 6.526, 6.234, 6.175, 6.301, 6.549, 6.868, 7.241, 7.644, 8.069, 8.477, 8.850, 9.198, 9.522, 9.815, 10.088, 10.333, 10.578, 10.824, 11.031, 11.241, 11.421, 11.606, 11.780, 11.954, 12.098, 12.223, 12.352, 12.421, 12.493, 12.467, 12.370, 12.287, 12.355, 12.380, 12.363, 12.306, 12.307, 12.244, 12.190, 12.113, 11.958, 11.764, 11.594, 11.437, 11.283, 11.231, 11.195, 11.091, 10.975, 10.861, 10.691, 10.465, 10.310, 10.133, 9.984, 9.755, 9.573, 9.420, 9.314, 9.238, 16.2,1061405.0,1312156.0,846768.80,48239.19,3198.77,26801.60,617.34,38714.22,340.72,423.52,33.57,414.81,21.67,4990.03,43.43,2100.67,25.44,2396.58,69.98,107.25,8.00,128.73,19.03,683.56,17.32,27569.34,158.87,0.00,124.84,0.00,14.60,29.45,2.60,81.34,2.74,36.78,1.40,0.00,5.21,105.34,1.38,194.77,1.90,16.32,0.93,123.43,1.62,0.00,29.92,0.00,51.75,0.00,434.82,34.64,6.30,0.00,506.08,0.00,541.05,12.25,3.14,0.00,27.58,9.03,1.25,18.30,3.89,0.00,145.85,0.00,56.91,269994.93,79993.88,5304.44,50640.62,1166.44,82822.68,728.91,970.44,76.92,1035.74,54.11,6011.01,52.32,2939.27,35.60,3998.68,116.76,191.46,14.28,188.15,27.81,982.17,24.89,39417.09,227.14,0.00,158.73,0.00,18.58,36.86,3.25,101.25,3.41,48.56,1.85,0.00,7.32,115.20,1.51,230.33,2.25,20.73,1.18,166.73,2.19,0.00,35.07,0.00,69.01,0.00,467.05,39.57,7.20,0.00,642.48,0.00,647.69,14.38,3.69,0.00,29.78,9.73,1.35,20.40,4.34,0.00,165.96,0.00,64.56
25.5,25.5,1,25.500,17/03/2026 16:20:12,22.948,1157879.100, , , , , , , , , , , , , , , , , , , , , , , , , , , , , , , , , , , , , , , , , , , , , , , , , , , , , , , , , , , , , , , , , , , , , , , , , , , , , , , , , , , , , , , , , , , , , , , , , , , , , , , , , , , , , , , , , , , , , , , , , , , , , , , , , , , , , , , , , , , , , , , , , , , , , , , , , , , , , , , , , , , , , , , , , , , , , , , , , , , , , , , , , , , , , , , , , , , , , , , , , , , , , , , , , , , , , , , , , , , , , , , , , , , , , , , , , , , , , , , , , , , , , , , , , , , , , , , , , , , , , , , , , , , , , , , , , , , , , , , , , , , , , , , , , , , , , , , , , , , , , , , , , , , , , , , , , , , , , , , , , , , , , , , , , , , , , , , , , , , , , , , , , , , , , , , , , , , , , , , , , , , 
26.0,26.0,1,26.000,17/03/2026 16:20:29,23.277,,11.37, 12.23, 11.96,41.58, -1.83, 3.51,11.269, 10.293, 10.679, 10.367, 9.897, 9.773, 9.741, 9.944, 10.289, 10.804, 11.000, 11.141, 11.240, 11.422, 11.624, 11.830, 12.022, 12.230, 12.323, 12.427, 12.480, 12.490, 12.441, 12.378, 12.297, 12.211, 12.133, 12.027, 11.970, 11.921, 11.831, 11.783, 11.731, 11.668, 11.686, 11.629, 11.674, 11.664, 11.707, 11.756, 11.833, 11.894, 12.000, 12.059, 12.179, 12.223, 12.279, 12.327, 12.320, 12.334, 12.310, 12.307, 12.305, 12.272, 12.273, 12.295, 12.295, 12.310, 12.349, 12.381, 12.408, 12.424, 12.448, 12.512, 12.552, 12.566, 12.535, 12.551, 12.551, 12.609, 12.571, 12.545, 12.510, 12.512, 12.511, 12.546, 12.567, 12.543, 12.503, 12.447, 12.433, 12.487, 12.551, 12.564, 12.540, 12.534, 12.590, 12.672, 12.773, 12.831, 12.835, 12.816, 12.800, 12.841, 12.896, 12.958, 12.994, 12.960, 12.865, 12.765, 12.695, 12.669, 12.633, 12.488, 12.041, 11.278, 10.567, 10.200, 10.060, 9.984, 9.973, 10.053, 10.286, 10.608, 10.938, 11.242, 11.454, 11.618, 11.744, 11.840, 11.955, 12.089, 12.242, 12.401, 12.555, 12.684, 12.760, 12.818, 12.813, 12.795, 12.774, 12.761, 12.765, 12.786, 12.845, 12.889, 12.930, 12.964, 12.940, 12.890, 12.799, 12.707, 12.577, 12.520, 12.474, 12.455, 12.386, 12.415, 12.415, 12.383, 12.248, 11.930, 11.255, 9.943, 8.144, 6.689, 6.007, 5.764, 5.720, 5.858, 6.102, 6.397, 6.748, 7.109, 7.478, 7.841, 8.187, 8.526, 8.853, 9.158, 9.433, 9.709, 9.975, 10.216, 10.438, 10.644, 10.834, 10.998, 11.139, 11.262, 11.387, 11.486, 11.571, 11.635, 11.723, 11.709, 11.638, 11.561, 11.654, 11.711, 11.666, 11.647, 11.630, 11.589, 11.511, 11.411, 11.249, 11.050, 10.868, 10.699, 10.534, 10.441, 10.385, 10.293, 10.166, 9.973, 9.859, 9.742, 9.636, 9.443, 9.198, 9.099, 8.849, 8.784, 8.615, 8.649, 16.3,1035178.0,1290399.0,839838.94,57793.47,3370.96,26478.15,622.58,36337.70,334.68,415.72,33.97,286.08,21.33,4680.77,42.87,1866.78,24.36,2258.93,69.82,25.66,7.01,64.89,17.36,686.94,17.61,28395.22,167.99,0.00,129.25,0.00,11.24,23.78,2.52,96.25,2.98,30.21,1.52,2.97,0.53,105.03,1.41,215.87,2.07,11.91,0.92,123.86,1.67,0.00,29.51,0.00,52.09,72.98,9.51,30.04,6.35,30.13,9.50,84.29,10.11,0.00,59.98,0.00,30.28,23.38,1.57,20.08,4.02,0.00,147.69,0.00,59.41,280063.08,95837.51,5589.98,50029.48,1176.34,77738.51,715.99,952.57,77.84,714.31,53.26,5638.48,51.64,2612.01,34.08,3769.01,116.49,45.81,12.51,94.84,25.37,987.02,25.30,40597.89,240.18,0.00,164.34,0.00,14.30,29.77,3.15,119.80,3.71,39.89,2.01,4.17,0.74,114.86,1.54,255.29,2.45,15.12,1.17,167.31,2.26,0.00,34.59,0.00,69.46,78.39,10.21,34.32,7.25,38.25,12.06,100.90,12.10,0.00,70.42,0.00,32.70,25.19,1.69,22.39,4.48,0.00,168.06,0.00,67.40
26.5,26.5,1,26.500,17/03/2026 16:20:47,23.542, , , , , , , , , , , , , , , , , , , , , , , , , , , , , , , , , , , , , , , , , , , , , , , , , , , , , , , , , , , , , , , , , , , , , , , , , , , , , , , , , , , , , , , , , , , , , , , , , , , , , , , , , , , , , , , , , , , , , , , , , , , , , , , , , , , , , , , , , , , , , , , , , , , , , , , , , , , , , , , , , , , , , , , , , , , , , , , , , , , , , , , , , , , , , , , , , , , , , , , , , , , , , , , , , , , , , , , , , , , , , , , , , , , , , , , , , , , , , , , , , , , , , , , , , , , , , , , , , , , , , , , , , , , , , , , , , , , , , , , , , , , , , , , , , , , , , , , , , , , , , , , , , , , , , , , , , , , , , , , , , , , , , , , , , , , , , , , , , , , , , , , , , , , , , , , , , , , , , , , , , , , , 
27.0,27.0,1,27.000,17/03/2026 16:21:12,22.882,,12.67, 13.59, 13.58,43.63, -1.60, 2.88,13.820, 13.575, 12.965, 12.022, 11.891, 11.444, 11.468, 11.600, 11.897, 12.295, 12.458, 12.621, 12.698, 12.852, 13.052, 13.205, 13.414, 13.580, 13.695, 13.762, 13.808, 13.837, 13.820, 13.753, 13.616, 13.486, 13.476, 13.401, 13.248, 13.226, 13.202, 13.047, 13.084, 12.974, 12.975, 12.981, 12.939, 13.037, 12.974, 13.132, 13.107, 13.265, 13.324, 13.392, 13.586, 13.500, 13.750, 13.623, 13.731, 13.802, 13.588, 13.816, 13.741, 13.583, 13.825, 13.728, 13.614, 13.879, 13.844, 13.680, 13.949, 14.032, 13.813, 13.913, 14.219, 14.109, 13.969, 14.073, 14.368, 14.245, 13.969, 14.042, 14.318, 14.211, 13.916, 13.899, 14.232, 14.353, 14.088, 13.785, 13.871, 14.242, 14.419, 14.209, 13.927, 13.949, 14.275, 14.584, 14.586, 14.370, 14.198, 14.305, 14.586, 14.786, 14.744, 14.555, 14.401, 14.436, 14.598, 14.732, 14.696, 14.499, 14.236, 13.965, 13.620, 13.167, 12.731, 12.434, 12.191, 11.875, 11.674, 11.712, 12.073, 12.607, 13.142, 13.494, 13.604, 13.533, 13.423, 13.396, 13.521, 13.821, 14.188, 14.531, 14.758, 14.818, 14.728, 14.568, 14.423, 14.359, 14.395, 14.552, 14.760, 14.953, 15.076, 15.114, 15.043, 14.876, 14.662, 14.494, 14.395, 14.365, 14.432, 14.524, 14.654, 14.735, 14.683, 14.643, 14.518, 14.320, 14.034, 13.600, 12.908, 11.698, 10.105, 8.905, 8.416, 8.333, 8.416, 8.585, 8.774, 8.974, 9.147, 9.338, 9.528, 9.740, 10.011, 10.334, 10.695, 11.123, 11.557, 11.991, 12.402, 12.767, 13.040, 13.234, 13.357, 13.432, 13.420, 13.405, 13.352, 13.336, 13.324, 13.355, 13.436, 13.486, 13.524, 13.600, 13.846, 14.090, 14.201, 14.295, 14.354, 14.335, 14.256, 14.099, 13.816, 13.480, 13.132, 12.798, 12.522, 12.299, 12.217, 12.179, 12.114, 12.012, 11.993, 12.019, 12.027, 12.077, 12.028, 12.111, 12.133, 12.104, 11.832, 11.889, 16.3,1042012.0,1310837.0,830365.60,50884.23,3273.93,32087.40,671.24,43035.12,371.83,397.09,34.68,403.33,22.49,5487.60,47.43,2404.60,28.19,2375.50,71.79,84.60,7.83,84.49,18.47,918.02,20.24,30763.10,179.74,0.00,136.58,0.00,15.74,18.75,2.52,96.71,3.02,35.83,1.54,0.00,5.03,102.13,1.44,227.28,2.17,21.86,1.01,151.71,1.84,0.00,30.92,0.00,54.81,0.00,457.90,0.00,311.00,0.00,539.87,0.00,561.24,0.00,52.19,0.00,29.58,13.78,1.46,41.30,4.00,0.00,145.77,0.00,75.07,299372.05,84380.09,5429.08,60627.94,1268.28,92066.53,795.47,909.88,79.46,1007.08,56.16,6610.39,57.13,3364.53,39.44,3963.51,119.78,151.03,13.98,123.49,26.99,1319.05,29.08,43983.35,256.98,0.00,173.66,0.00,20.03,23.47,3.15,120.38,3.76,47.31,2.03,0.00,7.07,111.69,1.57,268.78,2.57,27.76,1.28,204.93,2.49,0.00,36.24,0.00,73.09,0.00,491.84,0.00,355.26,0.00,685.38,0.00,671.86,0.00,61.27,0.00,31.94,14.84,1.57,46.04,4.46,0.00,165.87,0.00,85.16
27.5,27.5,1,27.500,17/03/2026 16:21:47,22.819, , , , , , , , , , , , , , , , , , , , , , , , , , , , , , , , , , , , , , , , , , , , , , , , , , , , , , , , , , , , , , , , , , , , , , , , , , , , , , , , , , , , , , , , , , , , , , , , , , , , , , , , , , , , , , , , , , , , , , , , , , , , , , , , , , , , , , , , , , , , , , , , , , , , , , , , , , , , , , , , , , , , , , , , , , , , , , , , , , , , , , , , , , , , , , , , , , , , , , , , , , , , , , , , , , , , , , , , , , , , , , , , , , , , , , , , , , , , , , , , , , , , , , , , , , , , , , , , , , , , , , , , , , , , , , , , , , , , , , , , , , , , , , , , , , , , , , , , , , , , , , , , , , , , , , , , , , , , , , , , , , , , , , , , , , , , , , , , , , , , , , , , , , , , , , , , , , , , , , , , , , , , 
28.0,28.0,1,28.000,17/03/2026 16:22:39,21.695,,11.30, 12.13, 11.90,41.43, -1.68, 3.38,10.921, 10.173, 10.694, 10.250, 9.893, 9.798, 9.779, 9.965, 10.351, 10.772, 10.950, 11.058, 11.169, 11.304, 11.507, 11.705, 11.896, 12.100, 12.240, 12.330, 12.383, 12.374, 12.315, 12.258, 12.215, 12.155, 12.070, 11.932, 11.895, 11.889, 11.780, 11.722, 11.732, 11.614, 11.651, 11.621, 11.608, 11.684, 11.626, 11.781, 11.738, 11.924, 11.897, 12.070, 12.076, 12.201, 12.228, 12.237, 12.330, 12.214, 12.300, 12.263, 12.209, 12.299, 12.193, 12.224, 12.318, 12.218, 12.266, 12.390, 12.325, 12.328, 12.450, 12.453, 12.408, 12.509, 12.560, 12.507, 12.483, 12.614, 12.595, 12.451, 12.428, 12.526, 12.542, 12.471, 12.451, 12.521, 12.537, 12.432, 12.329, 12.393, 12.533, 12.580, 12.489, 12.400, 12.455, 12.625, 12.758, 12.782, 12.690, 12.654, 12.699, 12.800, 12.872, 12.875, 12.826, 12.791, 12.761, 12.736, 12.687, 12.617, 12.492, 12.314, 11.913, 11.296, 10.722, 10.374, 10.189, 10.028, 9.968, 10.046, 10.328, 10.715, 11.077, 11.332, 11.467, 11.524, 11.574, 11.662, 11.825, 12.026, 12.241, 12.420, 12.536, 12.571, 12.579, 12.576, 12.570, 12.603, 12.655, 12.716, 12.754, 12.774, 12.783, 12.768, 12.743, 12.711, 12.673, 12.662, 12.656, 12.614, 12.568, 12.531, 12.465, 12.417, 12.279, 12.254, 12.202, 12.149, 12.040, 11.783, 11.230, 10.095, 8.516, 7.235, 6.609, 6.344, 6.259, 6.303, 6.465, 6.686, 6.981, 7.319, 7.702, 8.088, 8.470, 8.835, 9.170, 9.473, 9.730, 9.961, 10.147, 10.333, 10.459, 10.589, 10.715, 10.852, 11.000, 11.142, 11.289, 11.455, 11.593, 11.725, 11.832, 11.836, 11.778, 11.677, 11.726, 11.745, 11.668, 11.582, 11.527, 11.432, 11.348, 11.249, 11.083, 10.898, 10.773, 10.653, 10.617, 10.609, 10.534, 10.553, 10.443, 10.399, 10.204, 10.027, 9.853, 9.670, 9.416, 9.276, 8.984, 8.710, 8.609, 8.601, 16.3,986027.0,1250210.0,819696.88,52734.10,3365.12,33436.94,697.84,48522.09,409.35,442.77,36.64,279.05,22.57,6350.38,53.17,2572.74,30.20,3624.69,86.07,56.28,8.26,161.84,21.01,854.25,20.38,30524.08,182.88,0.00,139.94,0.00,14.44,48.41,3.14,90.67,3.07,45.94,1.70,0.00,5.75,109.84,1.52,240.89,2.31,14.58,1.00,153.12,1.91,0.00,31.78,0.00,55.45,0.00,465.45,0.00,326.03,0.00,551.25,0.00,570.16,0.00,63.48,0.00,33.73,16.08,1.53,24.38,4.21,0.00,154.10,0.00,73.38,319554.10,87447.68,5580.30,63177.85,1318.54,103805.00,875.74,1014.55,83.96,696.76,56.36,7649.70,64.05,3599.79,42.26,6047.77,143.61,100.47,14.75,236.54,30.71,1227.42,29.28,43641.61,261.47,0.00,177.93,0.00,18.38,60.60,3.93,112.86,3.82,60.66,2.24,0.00,8.08,120.12,1.66,284.88,2.73,18.52,1.27,206.83,2.58,0.00,37.25,0.00,73.94,0.00,499.95,0.00,372.43,0.00,699.82,0.00,682.54,0.00,74.53,0.00,36.42,17.32,1.65,27.18,4.69,0.00,175.35,0.00,83.24
28.5,28.5,1,28.500,17/03/2026 16:23:05,19.841, , , , , , , , , , , , , , , , , , , , , , , , , , , , , , , , , , , , , , , , , , , , , , , , , , , , , , , , , , , , , , , , , , , , , , , , , , , , , , , , , , , , , , , , , , , , , , , , , , , , , , , , , , , , , , , , , , , , , , , , , , , , , , , , , , , , , , , , , , , , , , , , , , , , , , , , , , , , , , , , , , , , , , , , , , , , , , , , , , , , , , , , , , , , , , , , , , , , , , , , , , , , , , , , , , , , , , , , , , , , , , , , , , , , , , , , , , , , , , , , , , , , , , , , , , , , , , , , , , , , , , , , , , , , , , , , , , , , , , , , , , , , , , , , , , , , , , , , , , , , , , , , , , , , , , , , , , , , , , , , , , , , , , , , , , , , , , , , , , , , , , , , , , , , , , , , , , , , , , , , , , , , 
29.0,29.0,1,29.000,17/03/2026 16:23:22,19.444,,10.63, 11.35, 11.45,40.17, -1.21, 2.45,11.875, 10.696, 11.493, 10.323, 10.259, 10.047, 9.923, 9.883, 10.120, 10.407, 10.472, 10.618, 10.659, 10.777, 10.924, 11.031, 11.194, 11.329, 11.395, 11.492, 11.542, 11.561, 11.501, 11.429, 11.384, 11.370, 11.319, 11.195, 11.210, 11.184, 11.104, 11.131, 11.054, 11.069, 11.041, 11.070, 11.061, 11.122, 11.123, 11.253, 11.260, 11.446, 11.429, 11.651, 11.629, 11.792, 11.824, 11.834, 11.981, 11.875, 11.934, 12.004, 11.906, 11.970, 12.015, 11.973, 12.035, 12.126, 12.126, 12.155, 12.269, 12.329, 12.296, 12.377, 12.490, 12.518, 12.521, 12.513, 12.605, 12.696, 12.614, 12.591, 12.652, 12.722, 12.672, 12.621, 12.704, 12.805, 12.798, 12.680, 12.638, 12.753, 12.921, 12.984, 12.920, 12.859, 12.943, 13.143, 13.297, 13.364, 13.317, 13.276, 13.311, 13.436, 13.558, 13.645, 13.650, 13.617, 13.548, 13.491, 13.485, 13.495, 13.467, 13.334, 12.902, 12.190, 11.541, 11.245, 11.189, 11.133, 11.117, 11.196, 11.412, 11.740, 12.095, 12.414, 12.647, 12.812, 12.939, 13.048, 13.157, 13.306, 13.472, 13.662, 13.834, 13.986, 14.110, 14.183, 14.214, 14.223, 14.211, 14.208, 14.220, 14.258, 14.303, 14.385, 14.456, 14.532, 14.556, 14.537, 14.479, 14.379, 14.259, 14.158, 14.114, 14.066, 13.979, 14.027, 14.055, 14.074, 13.986, 13.712, 13.060, 11.777, 10.024, 8.610, 7.874, 7.568, 7.470, 7.558, 7.771, 8.079, 8.471, 8.881, 9.309, 9.741, 10.130, 10.511, 10.849, 11.148, 11.410, 11.640, 11.844, 12.054, 12.245, 12.432, 12.618, 12.810, 13.023, 13.226, 13.408, 13.597, 13.759, 13.887, 13.959, 13.954, 13.774, 13.628, 13.730, 13.801, 13.736, 13.681, 13.646, 13.596, 13.478, 13.388, 13.206, 13.017, 12.852, 12.723, 12.642, 12.680, 12.701, 12.727, 12.603, 12.570, 12.435, 12.339, 12.093, 11.968, 11.634, 11.516, 11.275, 11.079, 10.784, 10.693, 16.3,1017525.0,1210244.0,839745.18,69995.51,3641.99,27217.51,646.05,27738.60,295.54,410.63,34.94,245.83,22.05,3168.45,36.54,1318.13,21.79,2199.63,70.22,0.00,22.84,107.40,18.04,772.48,18.77,26384.71,163.75,0.00,127.59,0.00,15.27,25.16,2.59,84.89,2.83,25.39,1.23,0.00,5.65,114.55,1.53,208.38,2.07,18.53,0.99,128.24,1.70,0.00,30.88,0.00,54.48,36.80,9.98,0.00,314.53,0.00,536.26,0.00,556.45,0.00,56.37,0.00,29.08,0.00,37.94,39.91,3.98,0.00,148.48,14.08,1.60,277555.74,116071.86,6039.42,51426.47,1220.69,59342.15,632.26,940.90,80.06,613.81,55.06,3816.73,44.02,1844.34,30.49,3670.07,117.16,0.00,40.77,156.97,26.37,1109.93,26.97,37723.38,234.12,0.00,162.23,0.00,19.43,31.49,3.24,105.66,3.52,33.52,1.62,0.00,7.94,125.27,1.67,246.43,2.45,23.53,1.26,173.22,2.30,0.00,36.20,0.00,72.65,39.53,10.72,0.00,359.30,0.00,680.79,0.00,666.13,0.00,66.18,0.00,31.40,0.00,40.87,44.49,4.44,0.00,168.96,15.97,1.82
29.5,29.5,1,29.500,17/03/2026 16:23:48,19.313, , , , , , , , , , , , , , , , , , , , , , , , , , , , , , , , , , , , , , , , , , , , , , , , , , , , , , , , , , , , , , , , , , , , , , , , , , , , , , , , , , , , , , , , , , , , , , , , , , , , , , , , , , , , , , , , , , , , , , , , , , , , , , , , , , , , , , , , , , , , , , , , , , , , , , , , , , , , , , , , , , , , , , , , , , , , , , , , , , , , , , , , , , , , , , , , , , , , , , , , , , , , , , , , , , , , , , , , , , , , , , , , , , , , , , , , , , , , , , , , , , , , , , , , , , , , , , , , , , , , , , , , , , , , , , , , , , , , , , , , , , , , , , , , , , , , , , , , , , , , , , , , , , , , , , , , , , , , , , , , , , , , , , , , , , , , , , , , , , , , , , , , , , , , , , , , , , , , , , , , , , , , 
30.0,30.0,1,30.000,17/03/2026 16:24:14,24.010,,11.00, 11.76, 11.84,40.84, -1.33, 2.53,13.166, 12.008, 11.537, 10.864, 10.693, 10.324, 10.152, 10.191, 10.377, 10.728, 10.883, 10.976, 11.053, 11.183, 11.363, 11.469, 11.616, 11.773, 11.829, 11.891, 11.936, 11.943, 11.923, 11.888, 11.816, 11.721, 11.676, 11.629, 11.585, 11.523, 11.507, 11.466, 11.413, 11.408, 11.407, 11.415, 11.435, 11.480, 11.504, 11.589, 11.641, 11.755, 11.825, 11.953, 12.016, 12.138, 12.140, 12.235, 12.236, 12.235, 12.287, 12.241, 12.293, 12.289, 12.248, 12.350, 12.356, 12.338, 12.452, 12.488, 12.489, 12.586, 12.628, 12.640, 12.733, 12.779, 12.760, 12.773, 12.862, 12.924, 12.833, 12.832, 12.883, 12.899, 12.832, 12.868, 12.974, 12.988, 12.898, 12.831, 12.849, 12.980, 13.073, 13.033, 12.976, 13.003, 13.151, 13.284, 13.353, 13.343, 13.358, 13.417, 13.498, 13.540, 13.556, 13.576, 13.619, 13.688, 13.665, 13.601, 13.499, 13.428, 13.372, 13.276, 12.934, 12.272, 11.590, 11.195, 11.050, 10.952, 10.965, 11.096, 11.403, 11.751, 12.086, 12.338, 12.497, 12.617, 12.733, 12.872, 13.042, 13.226, 13.421, 13.575, 13.701, 13.794, 13.854, 13.908, 13.947, 13.988, 14.016, 14.045, 14.059, 14.082, 14.090, 14.112, 14.136, 14.161, 14.156, 14.149, 14.145, 14.074, 14.004, 13.927, 13.863, 13.817, 13.723, 13.744, 13.732, 13.712, 13.609, 13.338, 12.733, 11.474, 9.767, 8.372, 7.671, 7.375, 7.277, 7.370, 7.583, 7.867, 8.212, 8.603, 9.014, 9.414, 9.805, 10.174, 10.513, 10.844, 11.118, 11.379, 11.618, 11.845, 12.040, 12.224, 12.392, 12.554, 12.737, 12.908, 13.052, 13.186, 13.325, 13.417, 13.498, 13.489, 13.315, 13.223, 13.325, 13.411, 13.337, 13.319, 13.303, 13.265, 13.186, 13.053, 12.916, 12.719, 12.535, 12.324, 12.272, 12.256, 12.199, 12.168, 12.093, 11.993, 11.852, 11.652, 11.476, 11.265, 11.154, 10.871, 10.650, 10.464, 10.475, 10.268, 16.3,1018136.0,1278621.0,842879.64,45273.46,3301.30,30170.95,662.44,40305.01,359.48,487.62,36.02,472.82,23.17,5260.89,46.50,2265.32,27.15,2833.99,76.56,70.02,7.89,83.21,18.54,890.18,20.07,28214.34,167.65,0.00,130.45,0.00,17.96,28.58,2.73,75.45,2.80,25.60,1.49,0.00,5.44,106.04,1.46,230.19,2.19,17.19,0.98,147.68,1.82,0.00,31.22,0.00,54.30,0.00,449.02,32.33,6.67,40.15,9.62,0.00,553.25,24.19,3.63,4.16,1.29,19.67,1.56,41.27,4.06,0.00,148.43,0.00,75.03,277667.94,75075.88,5474.47,57006.88,1251.66,86225.91,769.05,1117.32,82.53,1180.59,57.85,6337.29,56.01,3169.65,37.99,4728.49,127.74,125.00,14.09,121.62,27.10,1279.05,28.84,40339.28,239.70,0.00,165.86,0.00,22.86,35.78,3.42,93.91,3.49,33.80,1.97,0.00,7.64,115.97,1.60,272.22,2.59,21.83,1.24,199.48,2.46,0.00,36.60,0.00,72.41,0.00,482.30,36.93,7.62,50.97,12.21,0.00,662.30,28.40,4.26,4.49,1.39,21.19,1.68,46.01,4.53,0.00,168.90,0.00,85.12
30.5,30.5,1,30.500,17/03/2026 16:24:31,23.542,1157879.500, , , , , , , , , , , , , , , , , , , , , , , , , , , , , , , , , , , , , , , , , , , , , , , , , , , , , , , , , , , , , , , , , , , , , , , , , , , , , , , , , , , , , , , , , , , , , , , , , , , , , , , , , , , , , , , , , , , , , , , , , , , , , , , , , , , , , , , , , , , , , , , , , , , , , , , , , , , , , , , , , , , , , , , , , , , , , , , , , , , , , , , , , , , , , , , , , , , , , , , , , , , , , , , , , , , , , , , , , , , , , , , , , , , , , , , , , , , , , , , , , , , , , , , , , , , , , , , , , , , , , , , , , , , , , , , , , , , , , , , , , , , , , , , , , , , , , , , , , , , , , , , , , , , , , , , , , , , , , , , , , , , , , , , , , , , , , , , , , , , , , , , , , , , , , , , , , , , , , , , , , , , 
31.0,31.0,1,31.000,17/03/2026 16:24:57,25.196,,12.70, 13.66, 13.55,43.74, -1.85, 3.14,14.046, 12.683, 12.407, 11.944, 11.376, 11.158, 11.254, 11.461, 11.738, 12.246, 12.444, 12.625, 12.729, 12.894, 13.110, 13.282, 13.473, 13.672, 13.798, 13.883, 13.919, 13.914, 13.867, 13.800, 13.704, 13.577, 13.489, 13.382, 13.311, 13.234, 13.138, 13.068, 13.008, 12.933, 12.936, 12.902, 12.892, 12.933, 12.921, 13.029, 13.038, 13.168, 13.209, 13.334, 13.413, 13.474, 13.534, 13.534, 13.602, 13.553, 13.534, 13.575, 13.475, 13.507, 13.504, 13.437, 13.528, 13.525, 13.465, 13.574, 13.644, 13.549, 13.610, 13.745, 13.717, 13.624, 13.691, 13.743, 13.707, 13.672, 13.761, 13.748, 13.628, 13.541, 13.614, 13.718, 13.694, 13.570, 13.504, 13.546, 13.566, 13.553, 13.541, 13.566, 13.619, 13.647, 13.638, 13.647, 13.719, 13.837, 13.918, 13.892, 13.804, 13.747, 13.803, 13.944, 14.061, 14.020, 13.844, 13.630, 13.524, 13.541, 13.592, 13.507, 13.026, 12.172, 11.381, 10.966, 10.851, 10.839, 10.913, 10.998, 11.182, 11.420, 11.691, 11.985, 12.257, 12.487, 12.668, 12.789, 12.858, 12.918, 13.003, 13.130, 13.297, 13.476, 13.633, 13.731, 13.755, 13.717, 13.619, 13.534, 13.474, 13.490, 13.544, 13.635, 13.736, 13.801, 13.827, 13.765, 13.639, 13.466, 13.304, 13.163, 13.116, 13.104, 13.072, 13.143, 13.192, 13.193, 13.081, 12.744, 12.022, 10.670, 8.858, 7.406, 6.697, 6.433, 6.388, 6.534, 6.791, 7.137, 7.510, 7.889, 8.272, 8.627, 8.956, 9.244, 9.519, 9.766, 10.017, 10.264, 10.517, 10.777, 11.029, 11.265, 11.481, 11.684, 11.873, 12.024, 12.143, 12.233, 12.312, 12.366, 12.360, 12.317, 12.214, 12.132, 12.183, 12.218, 12.189, 12.197, 12.197, 12.206, 12.140, 12.078, 11.932, 11.811, 11.632, 11.466, 11.325, 11.178, 11.082, 10.942, 10.769, 10.583, 10.432, 10.285, 10.022, 9.870, 9.786, 9.615, 9.480, 9.345, 9.256, 9.404, 16.3,1083627.0,1316622.0,855236.59,56522.94,3266.36,23687.77,575.79,27981.60,279.10,566.86,33.98,347.58,20.61,2849.90,32.31,1639.39,21.47,2187.46,65.95,39.08,6.71,101.29,16.33,837.39,18.32,27299.34,157.25,0.00,122.51,0.00,16.13,25.65,2.49,70.57,2.54,34.35,1.40,3.38,0.50,97.19,1.31,175.68,1.77,19.20,0.92,123.37,1.57,0.00,29.26,0.00,49.43,0.00,422.88,0.00,291.78,0.00,489.34,86.02,9.57,12.24,3.10,0.00,31.65,12.47,1.33,42.68,3.66,0.00,136.07,0.00,63.83,251198.71,93730.62,5416.53,44757.16,1087.93,59862.01,597.09,1298.88,77.86,867.87,51.46,3433.00,38.92,2293.84,30.04,3649.76,110.04,69.77,11.98,148.04,23.87,1203.19,26.32,39031.06,224.83,0.00,155.77,0.00,20.53,32.11,3.12,87.84,3.16,45.35,1.85,4.75,0.70,106.29,1.43,207.76,2.09,24.38,1.17,166.64,2.12,0.00,34.30,0.00,65.91,0.00,454.22,0.00,333.31,0.00,621.23,102.97,11.46,14.37,3.64,0.00,34.17,13.43,1.43,47.58,4.08,0.00,154.83,0.00,72.41
31.5,31.5,1,31.500,17/03/2026 16:25:23,24.464, , , , , , , , , , , , , , , , , , , , , , , , , , , , , , , , , , , , , , , , , , , , , , , , , , , , , , , , , , , , , , , , , , , , , , , , , , , , , , , , , , , , , , , , , , , , , , , , , , , , , , , , , , , , , , , , , , , , , , , , , , , , , , , , , , , , , , , , , , , , , , , , , , , , , , , , , , , , , , , , , , , , , , , , , , , , , , , , , , , , , , , , , , , , , , , , , , , , , , , , , , , , , , , , , , , , , , , , , , , , , , , , , , , , , , , , , , , , , , , , , , , , , , , , , , , , , , , , , , , , , , , , , , , , , , , , , , , , , , , , , , , , , , , , , , , , , , , , , , , , , , , , , , , , , , , , , , , , , , , , , , , , , , , , , , , , , , , , , , , , , , , , , , , , , , , , , , , , , , , , , , , , 
32.0,32.0,1,32.000,17/03/2026 16:25:40,23.410,,11.92, 12.86, 12.77,42.55, -2.08, 3.04,12.109, 11.666, 11.597, 10.900, 10.689, 10.599, 10.676, 10.723, 11.099, 11.475, 11.696, 11.901, 12.019, 12.207, 12.411, 12.593, 12.753, 12.939, 13.029, 13.100, 13.128, 13.117, 13.032, 12.937, 12.849, 12.743, 12.644, 12.492, 12.432, 12.363, 12.230, 12.183, 12.113, 12.011, 12.064, 11.941, 12.024, 11.957, 12.051, 12.040, 12.179, 12.179, 12.372, 12.343, 12.574, 12.548, 12.642, 12.725, 12.639, 12.774, 12.664, 12.659, 12.752, 12.595, 12.630, 12.727, 12.602, 12.647, 12.767, 12.690, 12.710, 12.842, 12.820, 12.773, 12.900, 12.962, 12.903, 12.850, 12.998, 13.071, 12.949, 12.860, 12.956, 13.016, 12.904, 12.810, 12.896, 13.009, 12.955, 12.751, 12.660, 12.797, 12.979, 12.985, 12.835, 12.721, 12.836, 13.071, 13.232, 13.201, 13.073, 12.996, 13.084, 13.249, 13.369, 13.349, 13.230, 13.111, 13.066, 13.079, 13.088, 13.029, 12.856, 12.535, 11.913, 11.072, 10.414, 10.100, 9.936, 9.773, 9.653, 9.653, 9.884, 10.321, 10.803, 11.233, 11.515, 11.655, 11.711, 11.729, 11.821, 12.003, 12.263, 12.564, 12.806, 12.963, 13.021, 12.975, 12.882, 12.796, 12.753, 12.791, 12.892, 13.018, 13.125, 13.190, 13.190, 13.125, 13.005, 12.834, 12.679, 12.538, 12.479, 12.467, 12.531, 12.588, 12.575, 12.608, 12.549, 12.431, 12.165, 11.689, 10.823, 9.319, 7.435, 6.050, 5.487, 5.340, 5.378, 5.560, 5.805, 6.075, 6.356, 6.634, 6.919, 7.211, 7.495, 7.815, 8.152, 8.509, 8.890, 9.261, 9.621, 9.973, 10.276, 10.517, 10.719, 10.869, 10.976, 11.033, 11.081, 11.092, 11.105, 11.152, 11.176, 11.206, 11.183, 11.210, 11.350, 11.480, 11.501, 11.542, 11.564, 11.515, 11.400, 11.199, 10.975, 10.737, 10.451, 10.208, 9.923, 9.758, 9.533, 9.380, 9.183, 9.101, 9.014, 8.932, 8.759, 8.741, 8.679, 8.605, 8.490, 8.454, 8.331, 8.249, 16.3,1027890.0,1288479.0,841948.32,57562.92,3503.79,28830.88,659.07,32180.24,321.85,562.78,37.34,408.24,23.30,3233.07,37.10,1753.90,24.27,2234.56,71.03,0.00,23.73,194.16,20.49,955.37,20.97,29484.05,179.65,0.00,134.49,0.00,19.00,19.72,2.61,73.89,2.78,43.39,1.69,0.00,4.42,103.66,1.47,195.17,2.01,13.24,0.97,150.75,1.86,0.00,31.88,0.00,55.05,0.00,465.25,0.00,322.31,0.00,542.36,0.00,573.95,13.32,3.37,0.00,32.67,19.09,1.57,13.64,4.24,0.00,155.72,5.69,1.53,275767.79,95455.20,5810.25,54474.87,1245.29,68844.31,688.54,1289.53,85.56,1019.34,58.18,3894.57,44.69,2454.07,33.96,3728.35,118.51,0.00,42.36,283.78,29.95,1372.71,30.13,42154.64,256.85,0.00,171.00,0.00,24.18,24.69,3.27,91.97,3.46,57.29,2.23,0.00,6.21,113.36,1.61,230.81,2.38,16.81,1.23,203.63,2.51,0.00,37.37,0.00,73.41,0.00,499.73,0.00,368.18,0.00,688.54,0.00,687.08,15.64,3.96,0.00,35.28,20.56,1.69,15.21,4.73,0.00,177.19,6.45,1.74
32.5,32.5,1,32.500,17/03/2026 16:26:15,22.284, , , , , , , , , , , , , , , , , , , , , , , , , , , , , , , , , , , , , , , , , , , , , , , , , , , , , , , , , , , , , , , , , , , , , , , , , , , , , , , , , , , , , , , , , , , , , , , , , , , , , , , , , , , , , , , , , , , , , , , , , , , , , , , , , , , , , , , , , , , , , , , , , , , , , , , , , , , , , , , , , , , , , , , , , , , , , , , , , , , , , , , , , , , , , , , , , , , , , , , , , , , , , , , , , , , , , , , , , , , , , , , , , , , , , , , , , , , , , , , , , , , , , , , , , , , , , , , , , , , , , , , , , , , , , , , , , , , , , , , , , , , , , , , , , , , , , , , , , , , , , , , , , , , , , , , , , , , , , , , , , , , , , , , , , , , , , , , , , , , , , , , , , , , , , , , , , , , , , , , , , , , , 
33.0,33.0,1,33.000,17/03/2026 16:26:32,22.022,,11.02, 11.90, 11.75,41.06, -2.12, 3.17,11.405, 9.821, 10.748, 10.230, 9.661, 9.490, 9.574, 9.871, 10.132, 10.556, 10.772, 10.937, 11.056, 11.241, 11.479, 11.656, 11.838, 11.995, 12.063, 12.118, 12.136, 12.114, 12.080, 12.026, 11.897, 11.748, 11.706, 11.600, 11.467, 11.445, 11.337, 11.240, 11.234, 11.102, 11.169, 11.047, 11.154, 11.070, 11.203, 11.179, 11.357, 11.357, 11.539, 11.611, 11.713, 11.879, 11.840, 12.002, 12.004, 11.952, 12.067, 11.990, 11.966, 12.059, 11.961, 11.953, 12.089, 12.047, 12.005, 12.161, 12.222, 12.110, 12.166, 12.368, 12.380, 12.295, 12.272, 12.459, 12.464, 12.378, 12.391, 12.493, 12.518, 12.412, 12.340, 12.433, 12.586, 12.556, 12.390, 12.266, 12.311, 12.499, 12.579, 12.500, 12.384, 12.409, 12.584, 12.767, 12.854, 12.816, 12.744, 12.747, 12.855, 12.993, 13.055, 13.049, 12.960, 12.882, 12.833, 12.827, 12.802, 12.753, 12.609, 12.269, 11.551, 10.573, 9.823, 9.479, 9.361, 9.246, 9.183, 9.179, 9.387, 9.768, 10.244, 10.712, 11.091, 11.356, 11.520, 11.601, 11.665, 11.784, 11.969, 12.220, 12.492, 12.732, 12.912, 12.999, 12.976, 12.893, 12.785, 12.696, 12.684, 12.729, 12.833, 12.966, 13.088, 13.149, 13.132, 13.028, 12.850, 12.631, 12.393, 12.247, 12.164, 12.168, 12.175, 12.278, 12.340, 12.360, 12.223, 11.781, 10.836, 9.147, 7.067, 5.561, 4.882, 4.620, 4.591, 4.718, 4.991, 5.332, 5.728, 6.145, 6.568, 6.981, 7.340, 7.680, 7.973, 8.238, 8.474, 8.704, 8.943, 9.197, 9.450, 9.699, 9.971, 10.245, 10.504, 10.745, 10.981, 11.157, 11.277, 11.392, 11.458, 11.432, 11.315, 11.172, 11.152, 11.068, 10.948, 10.851, 10.731, 10.664, 10.554, 10.429, 10.322, 10.163, 10.026, 9.910, 9.795, 9.735, 9.725, 9.576, 9.422, 9.220, 9.029, 8.757, 8.494, 8.160, 7.922, 7.656, 7.364, 7.179, 7.033, 6.855, 16.3,1064441.0,1213404.0,867594.22,56143.38,3332.93,23490.04,568.21,22669.61,250.24,393.93,31.76,342.00,20.80,562.90,21.73,547.55,15.31,1791.49,61.44,46.04,6.66,0.00,59.57,1091.76,20.50,24730.89,144.63,0.00,117.19,0.00,15.26,20.01,2.33,57.30,2.26,39.58,1.45,4.90,0.52,73.43,1.13,161.42,1.66,13.24,0.84,109.62,1.49,0.00,28.48,0.00,51.89,0.00,415.84,27.91,5.96,39.71,8.83,0.00,492.78,0.00,50.15,0.00,22.87,13.22,1.33,35.84,3.68,0.00,138.59,0.00,64.07,229910.32,93101.21,5526.92,44383.55,1073.61,48497.89,535.35,902.64,72.77,853.94,51.94,678.07,26.18,766.14,21.42,2989.09,102.51,82.19,11.89,0.00,87.06,1568.68,29.46,35358.84,206.78,0.00,149.01,0.00,19.42,25.05,2.92,71.32,2.81,52.26,1.91,6.89,0.73,80.30,1.24,190.90,1.96,16.81,1.07,148.07,2.01,0.00,33.38,0.00,69.19,0.00,446.66,31.88,6.81,50.41,11.21,0.00,589.91,0.00,58.88,0.00,24.69,14.24,1.43,39.96,4.10,0.00,157.70,0.00,72.68
33.5,33.5,1,33.500,17/03/2026 16:26:58,23.737, , , , , , , , , , , , , , , , , , , , , , , , , , , , , , , , , , , , , , , , , , , , , , , , , , , , , , , , , , , , , , , , , , , , , , , , , , , , , , , , , , , , , , , , , , , , , , , , , , , , , , , , , , , , , , , , , , , , , , , , , , , , , , , , , , , , , , , , , , , , , , , , , , , , , , , , , , , , , , , , , , , , , , , , , , , , , , , , , , , , , , , , , , , , , , , , , , , , , , , , , , , , , , , , , , , , , , , , , , , , , , , , , , , , , , , , , , , , , , , , , , , , , , , , , , , , , , , , , , , , , , , , , , , , , , , , , , , , , , , , , , , , , , , , , , , , , , , , , , , , , , , , , , , , , , , , , , , , , , , , , , , , , , , , , , , , , , , , , , , , , , , , , , , , , , , , , , , , , , , , , , , , 
34.0,34.0,1,34.000,17/03/2026 16:27:24,22.416,,11.74, 12.67, 12.52,42.27, -2.15, 3.20,13.212, 10.926, 10.742, 10.767, 10.437, 10.350, 10.323, 10.493, 10.849, 11.249, 11.478, 11.660, 11.789, 11.994, 12.208, 12.389, 12.581, 12.774, 12.843, 12.907, 12.945, 12.920, 12.853, 12.780, 12.668, 12.540, 12.444, 12.333, 12.253, 12.158, 12.080, 12.005, 11.922, 11.879, 11.838, 11.824, 11.811, 11.846, 11.850, 11.949, 11.988, 12.107, 12.182, 12.298, 12.409, 12.480, 12.564, 12.594, 12.631, 12.635, 12.602, 12.634, 12.608, 12.567, 12.582, 12.588, 12.580, 12.612, 12.647, 12.663, 12.697, 12.732, 12.748, 12.813, 12.872, 12.889, 12.919, 12.903, 12.949, 12.982, 12.974, 12.941, 12.892, 12.914, 12.894, 12.895, 12.914, 12.906, 12.885, 12.814, 12.777, 12.815, 12.894, 12.929, 12.904, 12.883, 12.920, 13.008, 13.140, 13.223, 13.220, 13.174, 13.149, 13.177, 13.273, 13.362, 13.386, 13.324, 13.188, 13.053, 12.991, 12.985, 12.955, 12.759, 12.188, 11.311, 10.536, 10.167, 10.031, 9.984, 10.006, 10.082, 10.293, 10.596, 10.927, 11.249, 11.523, 11.744, 11.927, 12.066, 12.180, 12.302, 12.426, 12.578, 12.731, 12.888, 13.025, 13.122, 13.161, 13.136, 13.108, 13.058, 13.021, 13.011, 13.032, 13.085, 13.145, 13.205, 13.213, 13.186, 13.099, 12.963, 12.810, 12.691, 12.613, 12.560, 12.439, 12.466, 12.487, 12.477, 12.376, 12.043, 11.305, 9.914, 8.095, 6.690, 6.020, 5.755, 5.683, 5.787, 5.992, 6.292, 6.639, 7.005, 7.399, 7.794, 8.156, 8.498, 8.813, 9.095, 9.355, 9.600, 9.814, 10.050, 10.241, 10.432, 10.620, 10.806, 10.980, 11.156, 11.300, 11.448, 11.578, 11.692, 11.777, 11.771, 11.707, 11.623, 11.658, 11.676, 11.591, 11.523, 11.454, 11.370, 11.246, 11.126, 10.960, 10.776, 10.638, 10.481, 10.356, 10.315, 10.298, 10.214, 10.125, 9.970, 9.940, 9.754, 9.567, 9.331, 9.166, 8.969, 8.759, 8.519, 8.446, 8.335, 16.3,1031356.0,1297023.0,844344.94,69791.75,3485.83,23679.85,586.87,25770.45,273.81,540.09,34.59,539.55,22.67,2079.01,29.54,1207.14,19.65,2638.37,71.62,37.00,7.09,66.56,16.82,741.68,17.78,27891.90,166.18,0.00,127.24,0.00,16.18,34.19,2.68,95.39,2.86,54.83,1.49,0.00,4.97,86.55,1.26,170.99,1.78,19.16,0.93,114.27,1.57,0.00,29.81,0.00,50.86,0.00,419.15,0.00,292.55,38.47,9.00,37.40,9.60,0.00,44.21,0.00,25.21,0.00,33.23,20.47,3.89,0.00,144.60,0.00,62.79,268721.24,115733.97,5780.47,44742.19,1108.87,55131.62,585.77,1237.54,79.26,1347.20,56.60,2504.38,35.58,1689.04,27.49,4402.10,119.50,66.05,12.66,97.28,24.58,1065.68,25.55,39878.27,237.59,0.00,161.78,0.00,20.59,42.80,3.35,118.73,3.56,72.39,1.97,0.00,6.98,94.65,1.38,202.21,2.11,24.33,1.18,154.35,2.12,0.00,34.94,0.00,67.82,0.00,450.21,0.00,334.19,48.84,11.43,44.77,11.49,0.00,51.91,0.00,27.22,0.00,35.80,22.82,4.34,0.00,164.54,0.00,71.23
34.5,34.5,1,34.500,17/03/2026 16:27:41,21.889, , , , , , , , , , , , , , , , , , , , , , , , , , , , , , , , , , , , , , , , , , , , , , , , , , , , , , , , , , , , , , , , , , , , , , , , , , , , , , , , , , , , , , , , , , , , , , , , , , , , , , , , , , , , , , , , , , , , , , , , , , , , , , , , , , , , , , , , , , , , , , , , , , , , , , , , , , , , , , , , , , , , , , , , , , , , , , , , , , , , , , , , , , , , , , , , , , , , , , , , , , , , , , , , , , , , , , , , , , , , , , , , , , , , , , , , , , , , , , , , , , , , , , , , , , , , , , , , , , , , , , , , , , , , , , , , , , , , , , , , , , , , , , , , , , , , , , , , , , , , , , , , , , , , , , , , , , , , , , , , , , , , , , , , , , , , , , , , , , , , , , , , , , , , , , , , , , , , , , , , , , , , 
35.0,35.0,1,35.000,17/03/2026 16:28:07,25.058,,12.04, 12.93, 12.88,42.65, -1.71, 2.95,12.962, 12.725, 12.223, 11.330, 11.138, 10.929, 10.891, 10.958, 11.254, 11.639, 11.801, 11.940, 12.079, 12.241, 12.412, 12.593, 12.777, 12.957, 13.044, 13.120, 13.165, 13.161, 13.107, 13.052, 12.960, 12.855, 12.782, 12.702, 12.631, 12.561, 12.513, 12.444, 12.383, 12.362, 12.333, 12.333, 12.339, 12.367, 12.413, 12.483, 12.566, 12.648, 12.764, 12.862, 12.971, 13.080, 13.099, 13.215, 13.189, 13.232, 13.228, 13.198, 13.247, 13.190, 13.181, 13.252, 13.219, 13.231, 13.326, 13.329, 13.369, 13.440, 13.441, 13.488, 13.585, 13.595, 13.446, 13.514, 13.586, 13.601, 13.550, 13.549, 13.584, 13.538, 13.499, 13.536, 13.643, 13.627, 13.516, 13.451, 13.500, 13.617, 13.679, 13.629, 13.582, 13.648, 13.743, 13.856, 13.892, 13.919, 13.943, 13.994, 14.030, 14.032, 14.034, 14.078, 14.153, 14.195, 14.154, 14.028, 13.904, 13.833, 13.802, 13.715, 13.347, 12.631, 11.916, 11.507, 11.322, 11.232, 11.263, 11.403, 11.685, 12.021, 12.322, 12.567, 12.733, 12.882, 13.029, 13.186, 13.350, 13.505, 13.656, 13.773, 13.869, 13.964, 14.043, 14.125, 14.187, 14.217, 14.241, 14.233, 14.202, 14.172, 14.157, 14.151, 14.193, 14.220, 14.258, 14.285, 14.264, 14.191, 14.075, 13.973, 13.878, 13.789, 13.686, 13.692, 13.695, 13.692, 13.627, 13.368, 12.747, 11.470, 9.685, 8.216, 7.485, 7.169, 7.091, 7.195, 7.414, 7.723, 8.099, 8.489, 8.916, 9.325, 9.716, 10.070, 10.399, 10.683, 10.956, 11.181, 11.392, 11.595, 11.778, 11.935, 12.107, 12.290, 12.468, 12.639, 12.824, 12.989, 13.136, 13.241, 13.337, 13.337, 13.239, 13.139, 13.175, 13.179, 13.071, 12.974, 12.936, 12.850, 12.760, 12.667, 12.535, 12.407, 12.261, 12.172, 12.048, 12.060, 12.000, 11.994, 11.957, 11.828, 11.646, 11.462, 11.299, 11.024, 10.900, 10.609, 10.392, 10.350, 10.270, 10.213, 16.2,1075004.0,1360251.0,862150.65,49929.35,3187.81,26138.13,595.05,27375.54,275.51,559.87,33.97,404.28,21.06,2249.20,29.55,1381.02,20.45,2181.55,65.75,56.71,6.99,110.19,16.89,785.04,17.78,26108.72,149.55,0.00,120.40,0.00,15.17,27.24,2.49,70.88,2.54,32.94,1.38,0.00,4.57,87.92,1.23,158.01,1.64,14.78,0.87,106.86,1.48,0.00,29.47,0.00,50.28,0.00,418.30,0.00,290.93,0.00,478.60,0.00,520.50,18.86,3.16,0.00,27.92,13.83,1.31,38.42,3.71,0.00,138.78,0.00,57.51,240733.90,82796.63,5286.27,49387.02,1124.32,58565.45,589.41,1282.87,77.84,1009.45,52.58,2709.40,35.60,1932.33,28.61,3639.90,109.70,101.24,12.48,161.05,24.69,1127.98,25.55,37328.78,213.82,0.00,153.09,0.00,19.31,34.10,3.12,88.23,3.16,43.49,1.82,0.00,6.42,96.15,1.35,186.86,1.94,18.77,1.10,144.34,2.00,0.00,34.55,0.00,67.05,0.00,449.30,0.00,332.34,0.00,607.59,0.00,623.09,22.14,3.71,0.00,30.15,14.90,1.41,42.83,4.14,0.00,157.92,0.00,65.24
35.5,35.5,1,35.500,17/03/2026 16:28:24,24.271,1157878.769, , , , , , , , , , , , , , , , , , , , , , , , , , , , , , , , , , , , , , , , , , , , , , , , , , , , , , , , , , , , , , , , , , , , , , , , , , , , , , , , , , , , , , , , , , , , , , , , , , , , , , , , , , , , , , , , , , , , , , , , , , , , , , , , , , , , , , , , , , , , , , , , , , , , , , , , , , , , , , , , , , , , , , , , , , , , , , , , , , , , , , , , , , , , , , , , , , , , , , , , , , , , , , , , , , , , , , , , , , , , , , , , , , , , , , , , , , , , , , , , , , , , , , , , , , , , , , , , , , , , , , , , , , , , , , , , , , , , , , , , , , , , , , , , , , , , , , , , , , , , , , , , , , , , , , , , , , , , , , , , , , , , , , , , , , , , , , , , , , , , , , , , , , , , , , , , , , , , , , , , , , , 
36.0,36.0,1,36.000,17/03/2026 16:28:50,24.406,,12.54, 13.56, 13.49,43.60, -2.32, 3.05,14.072, 11.631, 12.322, 11.462, 11.236, 11.196, 11.243, 11.321, 11.673, 12.130, 12.330, 12.587, 12.703, 12.928, 13.139, 13.281, 13.524, 13.690, 13.781, 13.841, 13.856, 13.837, 13.748, 13.651, 13.508, 13.367, 13.264, 13.108, 13.000, 12.913, 12.790, 12.696, 12.612, 12.522, 12.510, 12.432, 12.466, 12.437, 12.494, 12.522, 12.622, 12.677, 12.811, 12.872, 13.013, 13.085, 13.122, 13.209, 13.183, 13.203, 13.193, 13.150, 13.163, 13.119, 13.069, 13.116, 13.111, 13.075, 13.131, 13.180, 13.159, 13.179, 13.232, 13.270, 13.277, 13.296, 13.192, 13.161, 13.167, 13.211, 13.244, 13.198, 13.150, 13.139, 13.173, 13.203, 13.174, 13.129, 13.104, 13.089, 13.050, 13.064, 13.094, 13.141, 13.146, 13.152, 13.153, 13.205, 13.299, 13.378, 13.408, 13.383, 13.342, 13.329, 13.377, 13.460, 13.526, 13.509, 13.396, 13.238, 13.135, 13.094, 13.088, 12.967, 12.535, 11.769, 11.043, 10.621, 10.418, 10.338, 10.373, 10.483, 10.734, 11.058, 11.347, 11.607, 11.794, 11.941, 12.097, 12.238, 12.364, 12.509, 12.636, 12.757, 12.856, 12.945, 13.012, 13.072, 13.112, 13.130, 13.117, 13.111, 13.091, 13.077, 13.057, 13.056, 13.057, 13.057, 13.070, 13.050, 13.022, 12.930, 12.838, 12.748, 12.665, 12.609, 12.508, 12.487, 12.464, 12.430, 12.318, 12.031, 11.390, 10.097, 8.320, 6.899, 6.230, 5.965, 5.906, 6.006, 6.204, 6.466, 6.781, 7.127, 7.492, 7.880, 8.260, 8.621, 8.959, 9.284, 9.570, 9.838, 10.060, 10.280, 10.480, 10.634, 10.758, 10.888, 10.988, 11.124, 11.236, 11.338, 11.458, 11.589, 11.670, 11.728, 11.727, 11.696, 11.731, 11.755, 11.687, 11.636, 11.573, 11.474, 11.317, 11.173, 10.982, 10.805, 10.603, 10.461, 10.327, 10.247, 10.236, 10.135, 10.065, 9.987, 9.920, 9.696, 9.635, 9.455, 9.331, 9.206, 9.005, 8.825, 8.709, 8.584, 16.3,1123956.0,1292525.0,872739.26,59979.02,3269.24,21792.41,540.05,22823.25,245.24,558.24,32.79,591.97,21.74,408.68,20.32,385.36,14.18,681.02,48.16,22.34,5.91,87.96,15.18,520.78,14.35,18984.62,110.81,0.00,97.81,0.00,14.53,29.29,2.32,70.89,2.28,29.03,1.24,0.00,4.93,58.87,0.96,106.52,1.24,12.80,0.77,87.82,1.27,0.00,28.07,0.00,48.72,0.00,401.53,0.00,280.01,0.00,457.94,0.00,489.01,0.00,40.32,0.00,19.46,14.24,1.21,15.60,3.46,0.00,137.93,0.00,63.32,222970.33,99461.76,5421.30,41175.94,1020.40,48826.57,524.65,1279.13,75.13,1478.09,54.28,492.30,24.48,539.20,19.84,1136.28,80.35,39.88,10.55,128.56,22.19,748.28,20.62,27143.14,158.43,0.00,124.36,0.00,18.49,36.66,2.90,88.24,2.84,38.33,1.64,0.00,6.93,64.38,1.05,125.97,1.47,16.26,0.98,118.62,1.72,0.00,32.90,0.00,64.97,0.00,431.29,0.00,319.86,0.00,581.36,0.00,585.39,0.00,47.34,0.00,21.01,15.34,1.30,17.39,3.86,0.00,156.95,0.00,71.83
36.5,36.5,1,36.500,17/03/2026 16:29:16,25.591, , , , , , , , , , , , , , , , , , , , , , , , , , , , , , , , , , , , , , , , , , , , , , , , , , , , , , , , , , , , , , , , , , , , , , , , , , , , , , , , , , , , , , , , , , , , , , , , , , , , , , , , , , , , , , , , , , , , , , , , , , , , , , , , , , , , , , , , , , , , , , , , , , , , , , , , , , , , , , , , , , , , , , , , , , , , , , , , , , , , , , , , , , , , , , , , , , , , , , , , , , , , , , , , , , , , , , , , , , , , , , , , , , , , , , , , , , , , , , , , , , , , , , , , , , , , , , , , , , , , , , , , , , , , , , , , , , , , , , , , , , , , , , , , , , , , , , , , , , , , , , , , , , , , , , , , , , , , , , , , , , , , , , , , , , , , , , , , , , , , , , , , , , , , , , , , , , , , , , , , , , , , 
37.0,37.0,1,37.000,17/03/2026 16:29:34,25.928,,13.29, 14.32, 14.37,44.69, -2.11, 2.81,14.134, 13.306, 13.817, 12.453, 12.334, 12.044, 12.018, 12.169, 12.476, 12.982, 13.175, 13.383, 13.506, 13.669, 13.895, 14.051, 14.267, 14.426, 14.534, 14.597, 14.608, 14.581, 14.507, 14.407, 14.301, 14.158, 14.039, 13.890, 13.809, 13.708, 13.588, 13.503, 13.417, 13.321, 13.321, 13.238, 13.265, 13.242, 13.277, 13.318, 13.388, 13.460, 13.580, 13.629, 13.785, 13.793, 13.896, 13.897, 13.908, 13.932, 13.839, 13.902, 13.850, 13.773, 13.822, 13.780, 13.759, 13.831, 13.808, 13.807, 13.911, 13.888, 13.863, 13.958, 14.030, 13.958, 13.869, 13.958, 13.952, 13.928, 13.904, 13.938, 13.896, 13.792, 13.782, 13.860, 13.904, 13.811, 13.696, 13.681, 13.750, 13.791, 13.755, 13.720, 13.750, 13.820, 13.863, 13.860, 13.877, 13.947, 14.047, 14.054, 13.988, 13.920, 13.914, 14.031, 14.153, 14.178, 14.048, 13.836, 13.676, 13.650, 13.700, 13.687, 13.323, 12.578, 11.819, 11.366, 11.197, 11.164, 11.252, 11.409, 11.634, 11.864, 12.077, 12.276, 12.462, 12.660, 12.860, 13.029, 13.142, 13.216, 13.264, 13.307, 13.377, 13.491, 13.626, 13.756, 13.855, 13.896, 13.844, 13.750, 13.645, 13.545, 13.517, 13.546, 13.618, 13.713, 13.792, 13.833, 13.797, 13.681, 13.533, 13.332, 13.222, 13.118, 13.014, 13.047, 13.106, 13.148, 13.120, 12.907, 12.334, 11.123, 9.380, 7.904, 7.139, 6.805, 6.710, 6.819, 7.075, 7.408, 7.802, 8.214, 8.640, 9.045, 9.391, 9.722, 9.997, 10.222, 10.413, 10.596, 10.746, 10.922, 11.105, 11.295, 11.487, 11.688, 11.859, 12.051, 12.196, 12.353, 12.480, 12.592, 12.671, 12.646, 12.565, 12.447, 12.424, 12.373, 12.268, 12.172, 12.142, 12.081, 12.001, 11.977, 11.847, 11.782, 11.656, 11.589, 11.467, 11.468, 11.413, 11.331, 11.226, 11.120, 10.976, 10.792, 10.572, 10.382, 10.167, 10.035, 9.872, 9.790, 9.678, 9.726, 16.2,1087292.0,1257989.0,873161.93,55495.03,3342.37,23645.65,574.13,24831.93,264.61,718.97,36.23,600.76,22.90,349.75,21.23,355.39,14.64,975.41,53.39,28.16,6.20,0.00,53.82,678.68,16.50,18674.88,112.46,0.00,101.05,0.00,12.32,23.84,2.29,77.11,2.46,17.79,1.22,0.00,4.67,64.12,1.03,124.29,1.39,11.82,0.79,102.06,1.38,0.00,29.44,0.00,50.36,0.00,418.65,0.00,294.03,0.00,487.05,0.00,516.86,0.00,48.31,0.00,25.62,18.45,1.33,39.71,3.47,0.00,137.48,4.28,1.25,223834.96,92026.06,5542.57,44677.57,1084.80,53123.81,566.09,1647.42,83.02,1500.04,57.18,421.31,25.57,497.26,20.48,1627.47,89.08,50.27,11.07,0.00,78.66,975.15,23.71,26700.29,160.79,0.00,128.48,0.00,15.68,29.84,2.87,95.98,3.06,23.49,1.61,0.00,6.56,70.12,1.13,146.99,1.64,15.01,1.00,137.86,1.86,0.00,34.51,0.00,67.15,0.00,449.68,0.00,335.88,0.00,618.32,0.00,618.73,0.00,56.72,0.00,27.66,19.87,1.43,44.27,3.87,0.00,156.44,4.86,1.42
37.5,37.5,1,37.500,17/03/2026 16:30:08,25.063, , , , , , , , , , , , , , , , , , , , , , , , , , , , , , , , , , , , , , , , , , , , , , , , , , , , , , , , , , , , , , , , , , , , , , , , , , , , , , , , , , , , , , , , , , , , , , , , , , , , , , , , , , , , , , , , , , , , , , , , , , , , , , , , , , , , , , , , , , , , , , , , , , , , , , , , , , , , , , , , , , , , , , , , , , , , , , , , , , , , , , , , , , , , , , , , , , , , , , , , , , , , , , , , , , , , , , , , , , , , , , , , , , , , , , , , , , , , , , , , , , , , , , , , , , , , , , , , , , , , , , , , , , , , , , , , , , , , , , , , , , , , , , , , , , , , , , , , , , , , , , , , , , , , , , , , , , , , , , , , , , , , , , , , , , , , , , , , , , , , , , , , , , , , , , , , , , , , , , , , , , , , 
38.0,38.0,1,38.000,17/03/2026 16:30:25,26.517,,12.66, 13.69, 13.75,43.79, -2.35, 2.74,13.874, 13.257, 12.962, 11.946, 11.840, 11.465, 11.396, 11.618, 11.912, 12.363, 12.594, 12.820, 12.927, 13.170, 13.370, 13.488, 13.705, 13.849, 13.943, 13.987, 13.976, 13.944, 13.858, 13.752, 13.601, 13.437, 13.334, 13.230, 13.084, 12.939, 12.892, 12.791, 12.632, 12.643, 12.550, 12.489, 12.554, 12.461, 12.595, 12.556, 12.720, 12.725, 12.920, 12.933, 13.154, 13.150, 13.311, 13.295, 13.375, 13.360, 13.318, 13.396, 13.287, 13.342, 13.317, 13.263, 13.381, 13.317, 13.317, 13.451, 13.424, 13.400, 13.532, 13.582, 13.541, 13.632, 13.635, 13.567, 13.556, 13.707, 13.697, 13.548, 13.519, 13.639, 13.637, 13.535, 13.541, 13.638, 13.608, 13.458, 13.370, 13.504, 13.663, 13.664, 13.536, 13.507, 13.638, 13.808, 13.902, 13.858, 13.812, 13.861, 13.939, 14.002, 13.994, 13.992, 14.006, 14.049, 14.012, 13.898, 13.742, 13.637, 13.555, 13.430, 12.996, 12.200, 11.409, 10.927, 10.673, 10.566, 10.611, 10.782, 11.077, 11.426, 11.740, 12.000, 12.205, 12.395, 12.604, 12.788, 12.963, 13.103, 13.233, 13.353, 13.478, 13.590, 13.716, 13.819, 13.877, 13.899, 13.864, 13.813, 13.781, 13.758, 13.774, 13.816, 13.890, 13.930, 13.938, 13.892, 13.814, 13.661, 13.536, 13.413, 13.333, 13.305, 13.189, 13.221, 13.226, 13.197, 13.053, 12.701, 11.926, 10.493, 8.619, 7.205, 6.572, 6.330, 6.291, 6.387, 6.588, 6.870, 7.171, 7.518, 7.886, 8.255, 8.620, 8.971, 9.314, 9.630, 9.947, 10.239, 10.516, 10.767, 10.965, 11.151, 11.335, 11.478, 11.602, 11.735, 11.847, 11.969, 12.086, 12.207, 12.328, 12.392, 12.406, 12.380, 12.421, 12.438, 12.372, 12.289, 12.209, 12.066, 11.945, 11.764, 11.587, 11.365, 11.163, 10.986, 10.902, 10.812, 10.830, 10.810, 10.723, 10.688, 10.500, 10.366, 10.301, 10.054, 9.891, 9.604, 9.326, 9.148, 8.855, 8.754, 16.2,1098919.0,1291860.0,884420.62,48740.87,3206.76,22812.36,557.41,22939.30,249.02,672.53,34.91,554.12,22.08,173.23,19.84,342.82,14.23,420.41,45.35,48.63,6.26,104.55,15.99,627.36,15.68,17608.27,104.12,0.00,98.50,0.00,10.99,45.59,2.57,77.88,2.39,19.36,1.15,0.00,4.46,64.99,1.00,124.98,1.36,11.36,0.77,92.67,1.31,0.00,28.59,0.00,48.50,37.80,8.39,23.75,5.59,0.00,467.58,0.00,496.10,0.00,41.56,0.00,21.52,14.69,1.22,21.87,3.48,0.00,138.92,0.00,62.95,204280.48,80825.80,5317.69,43103.10,1053.21,49074.84,532.74,1541.01,79.99,1383.58,55.13,208.67,23.90,479.68,19.91,701.45,75.67,86.81,11.18,152.81,23.37,901.42,22.53,25175.32,148.86,0.00,125.24,0.00,13.99,57.07,3.22,96.94,2.97,25.56,1.52,0.00,6.27,71.07,1.09,147.80,1.61,14.43,0.98,125.18,1.77,0.00,33.51,0.00,64.67,40.60,9.01,27.13,6.39,0.00,593.60,0.00,593.88,0.00,48.79,0.00,23.24,15.82,1.31,24.38,3.88,0.00,158.08,0.00,71.41
38.5,38.5,1,38.500,17/03/2026 16:31:09,26.320, , , , , , , , , , , , , , , , , , , , , , , , , , , , , , , , , , , , , , , , , , , , , , , , , , , , , , , , , , , , , , , , , , , , , , , , , , , , , , , , , , , , , , , , , , , , , , , , , , , , , , , , , , , , , , , , , , , , , , , , , , , , , , , , , , , , , , , , , , , , , , , , , , , , , , , , , , , , , , , , , , , , , , , , , , , , , , , , , , , , , , , , , , , , , , , , , , , , , , , , , , , , , , , , , , , , , , , , , , , , , , , , , , , , , , , , , , , , , , , , , , , , , , , , , , , , , , , , , , , , , , , , , , , , , , , , , , , , , , , , , , , , , , , , , , , , , , , , , , , , , , , , , , , , , , , , , , , , , , , , , , , , , , , , , , , , , , , , , , , , , , , , , , , , , , , , , , , , , , , , , , , , 
39.0,39.0,1,39.000,17/03/2026 16:31:35,25.398,,12.91, 13.97, 14.03,44.20, -2.43, 2.77,14.043, 13.116, 12.323, 12.042, 12.166, 11.680, 11.634, 11.837, 12.149, 12.656, 12.825, 13.062, 13.198, 13.409, 13.633, 13.798, 14.002, 14.151, 14.228, 14.284, 14.294, 14.254, 14.172, 14.030, 13.848, 13.668, 13.606, 13.507, 13.297, 13.156, 13.169, 13.000, 12.839, 12.904, 12.718, 12.744, 12.747, 12.682, 12.810, 12.759, 12.953, 12.936, 13.154, 13.170, 13.366, 13.416, 13.481, 13.574, 13.546, 13.596, 13.556, 13.557, 13.539, 13.520, 13.480, 13.499, 13.534, 13.491, 13.550, 13.618, 13.587, 13.629, 13.743, 13.721, 13.749, 13.846, 13.770, 13.698, 13.755, 13.915, 13.845, 13.716, 13.743, 13.847, 13.784, 13.658, 13.740, 13.850, 13.796, 13.587, 13.519, 13.704, 13.879, 13.833, 13.671, 13.651, 13.833, 14.058, 14.103, 14.031, 13.966, 14.043, 14.184, 14.261, 14.213, 14.147, 14.150, 14.227, 14.220, 14.123, 13.948, 13.783, 13.663, 13.511, 13.052, 12.211, 11.366, 10.824, 10.503, 10.343, 10.392, 10.607, 10.980, 11.383, 11.727, 11.991, 12.187, 12.366, 12.593, 12.831, 13.065, 13.272, 13.432, 13.552, 13.632, 13.714, 13.816, 13.919, 14.014, 14.073, 14.079, 14.066, 14.035, 13.978, 13.952, 13.957, 13.998, 14.045, 14.074, 14.080, 14.011, 13.889, 13.755, 13.613, 13.509, 13.448, 13.280, 13.288, 13.314, 13.280, 13.141, 12.770, 11.941, 10.376, 8.330, 6.793, 6.093, 5.813, 5.732, 5.844, 6.064, 6.371, 6.717, 7.112, 7.518, 7.943, 8.358, 8.739, 9.105, 9.448, 9.748, 10.052, 10.322, 10.566, 10.805, 11.028, 11.225, 11.393, 11.561, 11.728, 11.883, 12.023, 12.160, 12.296, 12.412, 12.437, 12.414, 12.380, 12.394, 12.388, 12.327, 12.236, 12.151, 12.044, 11.874, 11.712, 11.531, 11.331, 11.148, 10.965, 10.807, 10.730, 10.660, 10.594, 10.480, 10.352, 10.227, 9.996, 9.831, 9.637, 9.328, 9.131, 8.933, 8.517, 8.400, 8.340, 16.2,1069165.0,1331924.0,858773.65,66477.82,3458.41,24850.99,590.95,25181.13,269.40,686.13,36.28,650.36,23.47,614.28,22.77,532.93,15.86,725.93,50.84,24.20,6.09,115.24,16.32,585.10,15.69,20224.61,122.51,0.00,105.05,0.00,15.33,27.00,2.40,93.78,2.69,14.68,1.11,0.00,4.29,78.91,1.16,137.03,1.49,9.17,0.80,104.66,1.42,5.64,0.99,0.00,51.30,0.00,421.68,0.00,293.66,36.91,8.75,0.00,518.78,0.00,42.64,0.00,24.65,10.69,1.22,39.20,3.56,0.00,139.33,0.00,69.01,247605.66,110238.56,5735.00,46955.02,1116.58,53870.87,576.34,1572.17,83.13,1623.89,58.60,739.96,27.43,745.68,22.19,1211.21,84.83,43.20,10.87,168.43,23.85,840.69,22.54,28916.01,175.16,0.00,133.57,0.00,19.51,33.80,3.00,116.73,3.35,19.38,1.47,0.00,6.03,86.30,1.27,162.05,1.76,11.65,1.02,141.37,1.92,6.61,1.16,0.00,68.41,0.00,452.93,0.00,335.46,46.86,11.11,0.00,621.03,0.00,50.06,0.00,26.62,11.52,1.31,43.70,3.97,0.00,158.54,0.00,78.29
39.5,39.5,1,39.500,17/03/2026 16:32:09,25.260, , , , , , , , , , , , , , , , , , , , , , , , , , , , , , , , , , , , , , , , , , , , , , , , , , , , , , , , , , , , , , , , , , , , , , , , , , , , , , , , , , , , , , , , , , , , , , , , , , , , , , , , , , , , , , , , , , , , , , , , , , , , , , , , , , , , , , , , , , , , , , , , , , , , , , , , , , , , , , , , , , , , , , , , , , , , , , , , , , , , , , , , , , , , , , , , , , , , , , , , , , , , , , , , , , , , , , , , , , , , , , , , , , , , , , , , , , , , , , , , , , , , , , , , , , , , , , , , , , , , , , , , , , , , , , , , , , , , , , , , , , , , , , , , , , , , , , , , , , , , , , , , , , , , , , , , , , , , , , , , , , , , , , , , , , , , , , , , , , , , , , , , , , , , , , , , , , , , , , , , , , , , 
40.0,40.0,1,40.000,17/03/2026 16:32:35,25.133,,12.48, 13.48, 13.54,43.47, -2.23, 2.71,13.937, 12.573, 12.325, 11.390, 11.523, 11.407, 11.263, 11.390, 11.746, 12.230, 12.407, 12.624, 12.738, 12.887, 13.109, 13.257, 13.462, 13.608, 13.711, 13.758, 13.758, 13.716, 13.627, 13.547, 13.439, 13.269, 13.122, 13.012, 12.932, 12.786, 12.691, 12.631, 12.489, 12.471, 12.405, 12.353, 12.381, 12.347, 12.422, 12.437, 12.552, 12.607, 12.738, 12.826, 12.929, 13.055, 13.053, 13.177, 13.144, 13.149, 13.172, 13.104, 13.133, 13.113, 13.038, 13.105, 13.118, 13.075, 13.150, 13.217, 13.194, 13.231, 13.306, 13.339, 13.358, 13.405, 13.418, 13.337, 13.365, 13.432, 13.473, 13.377, 13.312, 13.361, 13.406, 13.378, 13.359, 13.357, 13.360, 13.332, 13.269, 13.272, 13.374, 13.451, 13.471, 13.407, 13.409, 13.516, 13.684, 13.792, 13.800, 13.726, 13.686, 13.731, 13.868, 13.990, 14.011, 13.918, 13.764, 13.650, 13.614, 13.640, 13.613, 13.426, 12.872, 12.003, 11.248, 10.893, 10.800, 10.743, 10.735, 10.783, 10.972, 11.282, 11.650, 12.015, 12.313, 12.530, 12.675, 12.761, 12.829, 12.936, 13.093, 13.272, 13.484, 13.680, 13.811, 13.868, 13.862, 13.796, 13.725, 13.669, 13.661, 13.719, 13.783, 13.899, 13.979, 14.017, 13.990, 13.901, 13.752, 13.580, 13.428, 13.335, 13.304, 13.315, 13.248, 13.322, 13.363, 13.325, 13.175, 12.784, 11.995, 10.536, 8.628, 7.140, 6.459, 6.225, 6.234, 6.418, 6.707, 7.047, 7.392, 7.764, 8.117, 8.455, 8.764, 9.054, 9.338, 9.622, 9.911, 10.202, 10.492, 10.780, 11.058, 11.317, 11.556, 11.768, 11.942, 12.074, 12.164, 12.244, 12.298, 12.350, 12.361, 12.334, 12.263, 12.190, 12.246, 12.318, 12.291, 12.309, 12.335, 12.319, 12.274, 12.191, 12.014, 11.839, 11.634, 11.449, 11.229, 11.116, 10.975, 10.814, 10.681, 10.459, 10.304, 10.155, 9.972, 9.819, 9.607, 9.517, 9.390, 9.356, 9.163, 9.173, 16.2,1063866.0,1337555.0,865257.34,55587.00,3325.24,23254.93,573.90,24733.65,264.02,748.36,36.50,585.53,22.66,1246.59,25.16,809.92,17.35,1555.97,59.68,52.31,6.69,96.62,16.32,866.25,18.60,24656.42,144.73,0.00,118.81,0.00,13.91,34.85,2.60,84.91,2.67,18.88,1.26,0.00,5.15,90.17,1.26,149.03,1.60,16.34,0.89,101.70,1.44,0.00,29.97,0.00,49.37,0.00,427.16,0.00,298.73,0.00,488.28,0.00,514.81,0.00,50.64,0.00,24.48,16.68,1.36,36.61,3.59,0.00,137.70,0.00,67.84,234836.88,92178.58,5514.16,43939.32,1084.36,52913.56,564.83,1714.77,83.63,1462.01,56.58,1501.65,30.31,1133.24,24.28,2596.13,99.58,93.38,11.94,141.22,23.85,1244.66,26.73,35252.36,206.93,0.00,151.06,0.00,17.70,43.62,3.25,105.69,3.32,24.93,1.66,0.00,7.24,98.61,1.38,176.24,1.89,20.75,1.13,137.37,1.95,0.00,35.13,0.00,65.83,0.00,458.82,0.00,341.25,0.00,619.88,0.00,616.28,0.00,59.45,0.00,26.43,17.97,1.47,40.81,4.00,0.00,156.69,0.00,76.96
40.5,40.5,1,40.500,17/03/2026 16:33:18,26.984,1157878.370, , , , , , , , , , , , , , , , , , , , , , , , , , , , , , , , , , , , , , , , , , , , , , , , , , , , , , , , , , , , , , , , , , , , , , , , , , , , , , , , , , , , , , , , , , , , , , , , , , , , , , , , , , , , , , , , , , , , , , , , , , , , , , , , , , , , , , , , , , , , , , , , , , , , , , , , , , , , , , , , , , , , , , , , , , , , , , , , , , , , , , , , , , , , , , , , , , , , , , , , , , , , , , , , , , , , , , , , , , , , , , , , , , , , , , , , , , , , , , , , , , , , , , , , , , , , , , , , , , , , , , , , , , , , , , , , , , , , , , , , , , , , , , , , , , , , , , , , , , , , , , , , , , , , , , , , , , , , , , , , , , , , , , , , , , , , , , , , , , , , , , , , , , , , , , , , , , , , , , , , , , , 
41.0,41.0,1,41.000,17/03/2026 16:33:36,24.601,,12.55, 13.59, 13.56,43.63, -2.40, 2.94,13.821, 11.791, 12.312, 11.450, 11.382, 11.200, 11.088, 11.370, 11.742, 12.243, 12.404, 12.627, 12.764, 12.966, 13.196, 13.362, 13.563, 13.738, 13.824, 13.883, 13.894, 13.871, 13.774, 13.650, 13.506, 13.373, 13.252, 13.082, 12.982, 12.894, 12.746, 12.670, 12.576, 12.483, 12.465, 12.374, 12.417, 12.366, 12.434, 12.462, 12.562, 12.631, 12.751, 12.837, 12.947, 13.054, 13.072, 13.159, 13.160, 13.144, 13.155, 13.117, 13.102, 13.095, 13.043, 13.051, 13.088, 13.069, 13.084, 13.158, 13.159, 13.152, 13.202, 13.269, 13.299, 13.289, 13.192, 13.257, 13.251, 13.244, 13.312, 13.306, 13.240, 13.181, 13.215, 13.280, 13.289, 13.219, 13.139, 13.110, 13.114, 13.142, 13.167, 13.164, 13.178, 13.221, 13.270, 13.332, 13.387, 13.459, 13.516, 13.533, 13.532, 13.513, 13.517, 13.578, 13.638, 13.648, 13.546, 13.373, 13.213, 13.109, 13.041, 12.832, 12.231, 11.238, 10.342, 9.830, 9.571, 9.465, 9.493, 9.633, 9.956, 10.363, 10.745, 11.073, 11.304, 11.504, 11.702, 11.894, 12.114, 12.355, 12.559, 12.733, 12.857, 12.947, 13.000, 13.039, 13.082, 13.120, 13.156, 13.193, 13.213, 13.216, 13.210, 13.192, 13.153, 13.129, 13.076, 13.033, 12.978, 12.882, 12.793, 12.717, 12.659, 12.581, 12.490, 12.457, 12.379, 12.282, 12.069, 11.648, 10.792, 9.225, 7.266, 5.853, 5.215, 4.991, 4.954, 5.030, 5.200, 5.435, 5.716, 6.044, 6.406, 6.797, 7.193, 7.613, 8.011, 8.393, 8.751, 9.091, 9.395, 9.674, 9.905, 10.101, 10.265, 10.387, 10.524, 10.638, 10.744, 10.851, 10.990, 11.116, 11.230, 11.315, 11.322, 11.305, 11.380, 11.413, 11.367, 11.285, 11.203, 11.075, 10.924, 10.731, 10.440, 10.216, 9.960, 9.736, 9.519, 9.379, 9.279, 9.159, 9.075, 8.986, 8.832, 8.659, 8.565, 8.411, 8.142, 7.885, 7.759, 7.588, 7.342, 7.195, 16.3,1094639.0,1326908.0,864142.38,61618.34,3353.19,22735.47,561.03,21848.42,244.46,554.23,33.51,623.67,22.47,766.25,22.47,574.35,15.41,1216.57,55.33,0.00,19.26,140.41,16.31,711.34,16.81,24471.42,142.86,0.00,114.61,0.00,14.69,26.88,2.43,66.50,2.39,19.63,1.20,0.00,5.22,75.61,1.15,135.17,1.49,15.26,0.85,114.37,1.48,0.00,28.81,0.00,49.46,0.00,407.52,0.00,284.40,88.16,8.85,0.00,515.34,0.00,52.79,0.00,26.56,11.59,1.28,35.32,3.58,0.00,136.49,8.69,1.35,235410.34,102180.20,5560.51,42957.82,1060.05,46741.09,522.98,1269.94,76.78,1557.24,56.11,923.03,27.07,803.63,21.56,2029.84,92.32,0.00,34.38,205.22,23.84,1022.08,24.15,34987.86,204.25,0.00,145.72,0.00,18.69,33.65,3.04,82.77,2.97,25.92,1.58,0.00,7.34,82.69,1.26,159.85,1.76,19.38,1.08,154.49,2.00,0.00,33.77,0.00,65.95,0.00,437.72,0.00,324.88,111.92,11.24,0.00,616.91,0.00,61.98,0.00,28.68,12.48,1.38,39.38,3.99,0.00,155.31,9.86,1.53
41.5,41.5,1,41.500,17/03/2026 16:34:19,24.469, , , , , , , , , , , , , , , , , , , , , , , , , , , , , , , , , , , , , , , , , , , , , , , , , , , , , , , , , , , , , , , , , , , , , , , , , , , , , , , , , , , , , , , , , , , , , , , , , , , , , , , , , , , , , , , , , , , , , , , , , , , , , , , , , , , , , , , , , , , , , , , , , , , , , , , , , , , , , , , , , , , , , , , , , , , , , , , , , , , , , , , , , , , , , , , , , , , , , , , , , , , , , , , , , , , , , , , , , , , , , , , , , , , , , , , , , , , , , , , , , , , , , , , , , , , , , , , , , , , , , , , , , , , , , , , , , , , , , , , , , , , , , , , , , , , , , , , , , , , , , , , , , , , , , , , , , , , , , , , , , , , , , , , , , , , , , , , , , , , , , , , , , , , , , , , , , , , , , , , , , , , , 
42.0,42.0,1,42.000,17/03/2026 16:34:36,25.133,,13.44, 14.50, 14.72,44.95, -2.19, 2.44,17.066, 14.613, 14.515, 13.149, 12.803, 12.648, 12.535, 12.586, 12.881, 13.298, 13.487, 13.660, 13.784, 13.976, 14.159, 14.329, 14.512, 14.663, 14.759, 14.826, 14.831, 14.767, 14.622, 14.488, 14.424, 14.319, 14.116, 13.951, 13.964, 13.793, 13.634, 13.672, 13.445, 13.461, 13.399, 13.308, 13.399, 13.271, 13.445, 13.360, 13.564, 13.563, 13.693, 13.875, 13.795, 14.177, 13.906, 14.204, 14.204, 13.970, 14.325, 14.066, 13.988, 14.313, 13.970, 13.961, 14.337, 14.053, 13.932, 14.371, 14.335, 13.988, 14.294, 14.609, 14.341, 14.141, 14.357, 14.603, 14.240, 14.044, 14.392, 14.645, 14.334, 13.949, 14.135, 14.560, 14.564, 14.153, 13.923, 14.159, 14.519, 14.535, 14.233, 14.039, 14.246, 14.609, 14.761, 14.589, 14.349, 14.378, 14.671, 14.959, 14.989, 14.758, 14.520, 14.514, 14.786, 15.082, 15.143, 14.929, 14.584, 14.325, 14.300, 14.418, 14.333, 13.849, 13.137, 12.503, 12.093, 11.888, 11.979, 12.313, 12.794, 13.238, 13.501, 13.572, 13.501, 13.467, 13.578, 13.826, 14.163, 14.491, 14.720, 14.803, 14.752, 14.637, 14.532, 14.527, 14.622, 14.796, 14.994, 15.143, 15.194, 15.159, 15.049, 14.909, 14.773, 14.674, 14.659, 14.747, 14.863, 14.976, 15.044, 15.050, 14.975, 14.836, 14.601, 14.426, 14.251, 14.119, 13.989, 13.801, 13.354, 12.338, 10.781, 9.506, 8.885, 8.612, 8.475, 8.418, 8.456, 8.567, 8.758, 9.027, 9.384, 9.833, 10.317, 10.826, 11.341, 11.812, 12.227, 12.566, 12.797, 12.970, 13.058, 13.087, 13.069, 13.055, 13.018, 13.056, 13.142, 13.282, 13.471, 13.684, 13.943, 14.159, 14.273, 14.379, 14.553, 14.619, 14.575, 14.485, 14.343, 14.196, 13.960, 13.713, 13.346, 12.995, 12.716, 12.561, 12.397, 12.371, 12.455, 12.549, 12.661, 12.779, 12.854, 12.944, 12.970, 12.843, 12.808, 12.584, 12.409, 12.254, 12.020, 11.730, 16.3,1040008.0,1287869.0,851765.44,68990.18,3557.96,26080.22,615.18,24419.97,271.20,704.44,37.57,831.34,25.41,444.53,22.85,429.53,16.12,1416.34,60.16,0.00,19.56,118.17,17.18,612.22,16.50,23616.25,144.59,0.00,120.27,0.00,15.72,17.63,2.34,83.63,2.69,32.39,1.41,2.62,0.49,86.25,1.25,166.18,1.74,15.03,0.89,126.52,1.62,11.59,1.08,0.00,53.10,0.00,436.37,0.00,301.67,0.00,505.35,0.00,531.66,0.00,51.96,0.00,26.93,14.87,1.36,14.64,3.79,0.00,147.86,0.00,70.02,258631.32,114404.75,5900.08,49277.60,1162.36,52242.49,580.19,1614.13,86.09,2075.78,63.45,535.48,27.53,601.00,22.56,2363.15,100.38,0.00,34.92,172.71,25.11,879.66,23.71,33765.19,206.73,0.00,152.92,0.00,20.01,22.07,2.93,104.10,3.35,42.77,1.86,3.68,0.69,94.32,1.37,196.52,2.06,19.09,1.13,170.90,2.19,13.59,1.27,0.00,70.81,0.00,468.71,0.00,344.61,0.00,641.55,0.00,636.45,0.00,61.00,0.00,29.08,16.02,1.47,16.32,4.23,0.00,168.25,0.00,79.43
42.5,42.5,1,42.500,17/03/2026 16:35:28,23.810, , , , , , , , , , , , , , , , , , , , , , , , , , , , , , , , , , , , , , , , , , , , , , , , , , , , , , , , , , , , , , , , , , , , , , , , , , , , , , , , , , , , , , , , , , , , , , , , , , , , , , , , , , , , , , , , , , , , , , , , , , , , , , , , , , , , , , , , , , , , , , , , , , , , , , , , , , , , , , , , , , , , , , , , , , , , , , , , , , , , , , , , , , , , , , , , , , , , , , , , , , , , , , , , , , , , , , , , , , , , , , , , , , , , , , , , , , , , , , , , , , , , , , , , , , , , , , , , , , , , , , , , , , , , , , , , , , , , , , , , , , , , , , , , , , , , , , , , , , , , , , , , , , , , , , , , , , , , , , , , , , , , , , , , , , , , , , , , , , , , , , , , , , , , , , , , , , , , , , , , , , , , 
43.0,43.0,1,43.000,17/03/2026 16:35:45,23.284,,12.74, 13.71, 13.95,43.81, -1.92, 2.29,16.300, 14.721, 13.071, 12.466, 12.243, 12.023, 11.814, 12.028, 12.239, 12.626, 12.820, 12.971, 13.035, 13.136, 13.309, 13.493, 13.723, 13.895, 13.952, 13.885, 13.873, 14.000, 13.955, 13.655, 13.673, 13.627, 13.272, 13.392, 13.155, 13.077, 13.076, 12.833, 12.958, 12.666, 12.844, 12.621, 12.735, 12.734, 12.619, 12.964, 12.637, 13.092, 12.985, 12.988, 13.436, 13.130, 13.322, 13.605, 13.223, 13.390, 13.635, 13.254, 13.257, 13.605, 13.359, 13.110, 13.471, 13.615, 13.267, 13.254, 13.660, 13.717, 13.388, 13.382, 13.759, 13.896, 13.561, 13.296, 13.483, 13.850, 13.870, 13.505, 13.265, 13.453, 13.815, 13.870, 13.585, 13.286, 13.313, 13.594, 13.820, 13.767, 13.513, 13.312, 13.421, 13.728, 13.998, 14.047, 13.871, 13.652, 13.584, 13.771, 14.049, 14.266, 14.293, 14.110, 13.865, 13.719, 13.754, 13.916, 14.101, 14.195, 14.105, 13.789, 13.197, 12.449, 11.904, 11.801, 11.944, 12.054, 12.095, 12.044, 12.013, 12.055, 12.184, 12.430, 12.757, 13.108, 13.435, 13.657, 13.769, 13.769, 13.686, 13.600, 13.527, 13.553, 13.683, 13.881, 14.117, 14.314, 14.457, 14.504, 14.457, 14.329, 14.167, 14.008, 13.889, 13.812, 13.793, 13.890, 14.014, 14.142, 14.251, 14.348, 14.384, 14.339, 14.076, 13.930, 13.746, 13.525, 13.277, 12.911, 12.335, 11.285, 9.824, 8.658, 8.201, 8.133, 8.226, 8.430, 8.661, 8.910, 9.120, 9.301, 9.490, 9.646, 9.809, 9.986, 10.199, 10.470, 10.779, 11.117, 11.489, 11.866, 12.236, 12.564, 12.850, 13.097, 13.271, 13.392, 13.469, 13.439, 13.415, 13.326, 13.220, 13.057, 12.846, 12.665, 12.663, 12.679, 12.682, 12.723, 12.854, 13.001, 13.113, 13.217, 13.297, 13.228, 13.165, 13.157, 13.093, 13.123, 13.057, 12.931, 12.759, 12.529, 12.258, 11.962, 11.625, 11.347, 10.993, 10.626, 10.515, 10.145, 10.052, 10.005, 16.3,1063158.0,1236773.0,880997.01,46294.87,3293.14,24492.59,590.73,23099.80,257.13,396.30,32.94,656.92,23.66,413.77,21.92,518.06,15.88,1069.18,54.78,53.34,6.73,0.00,58.57,704.73,16.98,20764.70,123.99,0.00,108.32,0.00,14.29,32.70,2.52,61.30,2.33,32.18,1.31,0.00,4.92,79.65,1.16,165.13,1.67,12.67,0.84,124.14,1.55,0.00,29.97,0.00,52.24,0.00,438.40,0.00,296.01,0.00,486.99,0.00,517.03,0.00,57.41,8.67,1.17,11.01,1.22,11.29,3.70,0.00,146.21,0.00,65.01,209476.96,76769.66,5460.93,46277.83,1116.16,49418.21,550.09,908.07,75.48,1640.27,59.08,498.43,26.40,724.87,22.22,1783.92,91.40,95.22,12.01,0.00,85.60,1012.58,24.40,29688.20,177.27,0.00,137.73,0.00,18.19,40.93,3.15,76.30,2.90,42.49,1.73,0.00,6.91,87.11,1.27,195.28,1.97,16.09,1.07,167.68,2.09,0.00,35.13,0.00,69.66,0.00,470.89,0.00,338.14,0.00,618.24,0.00,618.94,0.00,67.40,9.36,1.26,11.86,1.31,12.59,4.12,0.00,166.37,0.00,73.75
43.5,43.5,1,43.500,17/03/2026 16:36:28,23.414, , , , , , , , , , , , , , , , , , , , , , , , , , , , , , , , , , , , , , , , , , , , , , , , , , , , , , , , , , , , , , , , , , , , , , , , , , , , , , , , , , , , , , , , , , , , , , , , , , , , , , , , , , , , , , , , , , , , , , , , , , , , , , , , , , , , , , , , , , , , , , , , , , , , , , , , , , , , , , , , , , , , , , , , , , , , , , , , , , , , , , , , , , , , , , , , , , , , , , , , , , , , , , , , , , , , , , , , , , , , , , , , , , , , , , , , , , , , , , , , , , , , , , , , , , , , , , , , , , , , , , , , , , , , , , , , , , , , , , , , , , , , , , , , , , , , , , , , , , , , , , , , , , , , , , , , , , , , , , , , , , , , , , , , , , , , , , , , , , , , , , , , , , , , , , , , , , , , , , , , , , , , 
44.0,44.0,1,44.000,17/03/2026 16:36:54,23.941,,13.48, 14.51, 14.79,44.96, -2.03, 2.29,18.446, 15.799, 14.593, 13.623, 12.733, 12.869, 12.600, 12.732, 12.947, 13.425, 13.571, 13.744, 13.823, 13.964, 14.130, 14.304, 14.486, 14.659, 14.763, 14.825, 14.790, 14.717, 14.701, 14.607, 14.391, 14.312, 14.182, 13.995, 13.974, 13.779, 13.760, 13.590, 13.551, 13.415, 13.437, 13.332, 13.352, 13.350, 13.327, 13.461, 13.418, 13.581, 13.669, 13.668, 13.909, 13.897, 13.904, 14.091, 13.996, 13.945, 14.076, 14.003, 13.877, 13.979, 13.991, 13.857, 13.883, 14.020, 14.013, 13.921, 13.981, 14.104, 14.132, 14.071, 14.095, 14.195, 14.172, 14.069, 13.985, 14.044, 14.118, 14.153, 14.075, 13.931, 13.907, 14.017, 14.126, 14.111, 13.949, 13.808, 13.812, 13.973, 14.128, 14.181, 14.050, 13.923, 13.903, 14.059, 14.288, 14.454, 14.411, 14.259, 14.093, 14.065, 14.196, 14.417, 14.583, 14.575, 14.392, 14.144, 13.939, 13.902, 13.984, 14.078, 13.898, 13.370, 12.737, 12.266, 11.969, 11.772, 11.763, 11.938, 12.304, 12.719, 13.084, 13.306, 13.375, 13.346, 13.289, 13.264, 13.332, 13.515, 13.764, 14.030, 14.267, 14.419, 14.464, 14.391, 14.266, 14.116, 13.983, 13.937, 13.962, 14.053, 14.216, 14.385, 14.542, 14.628, 14.612, 14.526, 14.389, 14.187, 13.993, 13.818, 13.708, 13.707, 13.611, 13.711, 13.816, 13.905, 13.901, 13.721, 13.204, 12.089, 10.470, 9.058, 8.295, 7.939, 7.810, 7.855, 8.045, 8.327, 8.675, 9.068, 9.500, 9.920, 10.318, 10.706, 11.033, 11.328, 11.572, 11.780, 11.935, 12.096, 12.204, 12.282, 12.365, 12.456, 12.535, 12.643, 12.749, 12.869, 12.976, 13.088, 13.238, 13.318, 13.344, 13.346, 13.456, 13.525, 13.521, 13.500, 13.479, 13.412, 13.373, 13.262, 13.095, 12.840, 12.646, 12.458, 12.292, 12.225, 12.192, 12.104, 12.052, 11.934, 11.905, 11.802, 11.734, 11.664, 11.548, 11.491, 11.286, 11.351, 11.186, 11.201, 16.3,1087590.0,1290870.0,855209.96,58634.40,3319.91,23395.00,579.92,26545.51,274.56,427.60,32.79,619.26,22.80,2347.01,30.36,1269.60,20.07,2070.88,65.40,43.88,6.80,95.93,16.65,847.14,18.60,27817.03,162.14,0.00,127.93,0.00,15.41,39.52,2.76,71.26,2.54,31.29,1.50,0.00,4.63,97.68,1.34,166.58,1.73,15.64,0.91,124.77,1.60,10.23,1.07,0.00,53.11,0.00,432.91,53.80,6.36,0.00,496.45,0.00,533.14,0.00,51.71,0.00,26.28,23.14,1.52,42.93,3.77,0.00,139.19,0.00,66.44,250835.55,97232.01,5505.33,44203.98,1095.74,56789.74,587.38,979.79,75.13,1546.23,56.93,2827.22,36.57,1776.43,28.08,3455.25,109.12,78.33,12.14,140.21,24.33,1217.20,26.73,39771.23,231.82,0.00,162.66,0.00,19.61,49.47,3.45,88.70,3.16,41.31,1.98,0.00,6.51,106.82,1.47,197.00,2.05,19.86,1.16,168.54,2.16,11.99,1.25,0.00,70.82,0.00,464.99,61.46,7.27,0.00,630.25,0.00,638.22,0.00,60.71,0.00,28.38,24.93,1.64,47.86,4.20,0.00,158.38,0.00,75.37
44.5,44.5,1,44.500,17/03/2026 16:37:29,24.931, , , , , , , , , , , , , , , , , , , , , , , , , , , , , , , , , , , , , , , , , , , , , , , , , , , , , , , , , , , , , , , , , , , , , , , , , , , , , , , , , , , , , , , , , , , , , , , , , , , , , , , , , , , , , , , , , , , , , , , , , , , , , , , , , , , , , , , , , , , , , , , , , , , , , , , , , , , , , , , , , , , , , , , , , , , , , , , , , , , , , , , , , , , , , , , , , , , , , , , , , , , , , , , , , , , , , , , , , , , , , , , , , , , , , , , , , , , , , , , , , , , , , , , , , , , , , , , , , , , , , , , , , , , , , , , , , , , , , , , , , , , , , , , , , , , , , , , , , , , , , , , , , , , , , , , , , , , , , , , , , , , , , , , , , , , , , , , , , , , , , , , , , , , , , , , , , , , , , , , , , , , , 
45.0,45.0,1,45.000,17/03/2026 16:37:55,26.389,,13.25, 14.33, 14.57,44.71, -2.43, 2.38,16.889, 13.862, 13.701, 12.485, 12.324, 12.318, 12.239, 12.343, 12.723, 13.164, 13.353, 13.548, 13.677, 13.843, 14.043, 14.205, 14.400, 14.544, 14.631, 14.666, 14.655, 14.592, 14.495, 14.363, 14.203, 14.039, 13.875, 13.724, 13.598, 13.465, 13.352, 13.222, 13.117, 13.015, 12.967, 12.896, 12.890, 12.880, 12.891, 12.952, 12.993, 13.092, 13.181, 13.270, 13.391, 13.459, 13.507, 13.562, 13.566, 13.554, 13.543, 13.517, 13.482, 13.457, 13.428, 13.412, 13.419, 13.427, 13.446, 13.457, 13.495, 13.520, 13.546, 13.571, 13.603, 13.635, 13.516, 13.493, 13.495, 13.500, 13.523, 13.492, 13.444, 13.362, 13.385, 13.434, 13.484, 13.422, 13.331, 13.264, 13.273, 13.355, 13.444, 13.436, 13.371, 13.316, 13.360, 13.477, 13.610, 13.659, 13.636, 13.549, 13.500, 13.511, 13.611, 13.718, 13.795, 13.755, 13.613, 13.459, 13.356, 13.349, 13.373, 13.331, 13.022, 12.428, 11.804, 11.408, 11.192, 11.082, 11.078, 11.193, 11.444, 11.762, 12.059, 12.290, 12.418, 12.478, 12.516, 12.569, 12.638, 12.762, 12.922, 13.101, 13.249, 13.370, 13.425, 13.419, 13.373, 13.302, 13.221, 13.183, 13.171, 13.212, 13.283, 13.376, 13.478, 13.519, 13.499, 13.446, 13.346, 13.212, 13.048, 12.930, 12.835, 12.812, 12.709, 12.760, 12.790, 12.813, 12.747, 12.535, 12.020, 10.933, 9.357, 8.043, 7.356, 7.067, 6.973, 7.034, 7.219, 7.468, 7.780, 8.127, 8.499, 8.863, 9.210, 9.546, 9.861, 10.149, 10.393, 10.618, 10.808, 10.964, 11.109, 11.223, 11.317, 11.411, 11.486, 11.580, 11.657, 11.743, 11.838, 11.946, 12.050, 12.126, 12.131, 12.152, 12.207, 12.256, 12.255, 12.227, 12.208, 12.173, 12.121, 12.018, 11.853, 11.637, 11.441, 11.269, 11.108, 11.034, 10.950, 10.889, 10.776, 10.744, 10.550, 10.532, 10.482, 10.280, 10.214, 10.088, 9.902, 9.985, 9.836, 9.836, 16.3,1124369.0,1324678.0,849976.88,58812.55,3168.21,20679.37,531.98,31338.37,289.59,500.90,31.87,524.66,20.78,3036.06,32.02,1661.52,20.87,1971.26,62.19,66.77,6.83,138.57,16.91,922.26,18.70,29753.14,165.47,0.00,122.84,0.00,14.37,27.77,2.48,82.90,2.64,24.50,1.32,0.00,4.95,74.36,1.13,126.39,1.44,8.62,0.81,103.15,1.43,0.00,28.20,0.00,48.87,52.63,9.10,23.89,6.00,0.00,471.12,49.31,9.53,0.00,52.40,0.00,24.42,17.62,1.37,26.59,3.57,0.00,132.59,0.00,62.61,260301.53,97527.43,5253.77,39072.90,1005.16,67043.27,619.53,1147.74,73.03,1310.03,51.89,3657.25,38.57,2324.81,29.20,3289.03,103.76,119.20,12.19,202.53,24.71,1325.14,26.87,42539.37,236.58,0.00,156.19,0.00,18.29,34.76,3.10,103.19,3.29,32.35,1.74,0.00,6.96,81.32,1.24,149.47,1.70,10.95,1.03,139.33,1.93,0.00,33.06,0.00,65.17,56.53,9.77,27.29,6.85,0.00,598.10,59.03,11.41,0.00,61.52,0.00,26.37,18.98,1.48,29.64,3.98,0.00,150.87,0.00,71.03
45.5,45.5,1,45.500,17/03/2026 16:38:29,25.593,1157878.834, , , , , , , , , , , , , , , , , , , , , , , , , , , , , , , , , , , , , , , , , , , , , , , , , , , , , , , , , , , , , , , , , , , , , , , , , , , , , , , , , , , , , , , , , , , , , , , , , , , , , , , , , , , , , , , , , , , , , , , , , , , , , , , , , , , , , , , , , , , , , , , , , , , , , , , , , , , , , , , , , , , , , , , , , , , , , , , , , , , , , , , , , , , , , , , , , , , , , , , , , , , , , , , , , , , , , , , , , , , , , , , , , , , , , , , , , , , , , , , , , , , , , , , , , , , , , , , , , , , , , , , , , , , , , , , , , , , , , , , , , , , , , , , , , , , , , , , , , , , , , , , , , , , , , , , , , , , , , , , , , , , , , , , , , , , , , , , , , , , , , , , , , , , , , , , , , , , , , , , , , , , 
46.0,46.0,1,46.000,17/03/2026 16:38:55,23.944,,14.22, 15.37, 15.69,46.13, -2.36, 2.28,19.529, 15.979, 15.316, 14.065, 13.472, 13.409, 13.188, 13.398, 13.757, 14.193, 14.401, 14.588, 14.695, 14.821, 15.003, 15.215, 15.444, 15.624, 15.668, 15.663, 15.712, 15.698, 15.488, 15.409, 15.266, 15.006, 14.953, 14.685, 14.647, 14.420, 14.389, 14.145, 14.161, 13.903, 14.023, 13.765, 13.898, 13.808, 13.760, 14.004, 13.792, 14.071, 14.166, 14.023, 14.418, 14.393, 14.227, 14.581, 14.531, 14.230, 14.463, 14.584, 14.212, 14.189, 14.500, 14.380, 14.064, 14.207, 14.526, 14.401, 14.117, 14.211, 14.575, 14.587, 14.301, 14.194, 14.345, 14.593, 14.482, 14.172, 14.060, 14.255, 14.499, 14.415, 14.120, 13.928, 14.019, 14.282, 14.380, 14.216, 13.929, 13.770, 13.893, 14.179, 14.377, 14.350, 14.170, 13.987, 13.955, 14.115, 14.352, 14.515, 14.522, 14.390, 14.202, 14.085, 14.095, 14.197, 14.310, 14.363, 14.319, 14.190, 13.973, 13.681, 13.213, 12.599, 12.132, 11.978, 11.970, 11.938, 11.875, 11.808, 11.826, 11.944, 12.155, 12.432, 12.730, 13.010, 13.270, 13.444, 13.544, 13.587, 13.567, 13.543, 13.517, 13.511, 13.548, 13.653, 13.775, 13.898, 14.010, 14.096, 14.128, 14.115, 14.064, 13.985, 13.883, 13.768, 13.632, 13.547, 13.488, 13.476, 13.486, 13.564, 13.641, 13.702, 13.650, 13.699, 13.658, 13.550, 13.319, 12.929, 12.229, 10.981, 9.309, 7.980, 7.364, 7.188, 7.260, 7.491, 7.844, 8.232, 8.637, 9.047, 9.403, 9.717, 9.973, 10.189, 10.357, 10.475, 10.590, 10.699, 10.799, 10.928, 11.074, 11.227, 11.433, 11.646, 11.880, 12.112, 12.305, 12.540, 12.729, 12.899, 13.031, 13.120, 13.115, 13.061, 13.023, 12.938, 12.797, 12.655, 12.501, 12.324, 12.154, 11.993, 11.836, 11.605, 11.444, 11.343, 11.286, 11.342, 11.371, 11.472, 11.466, 11.589, 11.592, 11.671, 11.663, 11.509, 11.434, 11.445, 11.254, 11.063, 10.878, 10.803, 16.2,1093543.0,1306230.0,845412.14,56340.65,3175.19,26042.40,588.60,31926.69,297.11,278.63,30.03,553.70,21.49,3446.47,34.80,1878.97,23.01,1937.12,63.16,42.06,6.67,161.54,17.75,956.86,19.46,30470.35,171.21,0.00,128.85,0.00,16.18,29.52,2.59,88.52,2.81,35.05,1.59,0.00,3.44,80.17,1.19,124.99,1.46,4.43,0.81,115.77,1.52,6.14,1.03,0.00,48.95,0.00,419.67,0.00,292.20,0.00,480.93,0.00,517.59,12.70,3.21,4.05,1.16,30.68,1.59,20.37,3.72,0.00,137.81,0.00,56.01,268894.09,93428.34,5265.34,49206.14,1112.14,68301.88,635.62,638.44,68.81,1382.54,53.66,4151.63,41.92,2629.07,32.20,3232.07,105.38,75.08,11.91,236.10,25.94,1374.85,27.96,43564.79,244.79,0.00,163.83,0.00,20.59,36.95,3.24,110.18,3.50,46.28,2.10,0.00,4.83,87.67,1.30,147.81,1.73,5.63,1.03,156.38,2.05,7.20,1.21,0.00,65.27,0.00,450.77,0.00,333.79,0.00,610.55,0.00,619.61,14.91,3.77,4.37,1.25,33.05,1.71,22.71,4.15,0.00,156.81,0.00,63.54
46.5,46.5,1,46.500,17/03/2026 16:39:38,24.602, , , , , , , , , , , , , , , , , , , , , , , , , , , , , , , , , , , , , , , , , , , , , , , , , , , , , , , , , , , , , , , , , , , , , , , , , , , , , , , , , , , , , , , , , , , , , , , , , , , , , , , , , , , , , , , , , , , , , , , , , , , , , , , , , , , , , , , , , , , , , , , , , , , , , , , , , , , , , , , , , , , , , , , , , , , , , , , , , , , , , , , , , , , , , , , , , , , , , , , , , , , , , , , , , , , , , , , , , , , , , , , , , , , , , , , , , , , , , , , , , , , , , , , , , , , , , , , , , , , , , , , , , , , , , , , , , , , , , , , , , , , , , , , , , , , , , , , , , , , , , , , , , , , , , , , , , , , , , , , , , , , , , , , , , , , , , , , , , , , , , , , , , , , , , , , , , , , , , , , , , , , , 
47.0,47.0,1,47.000,17/03/2026 16:39:56,25.461,,13.85, 14.97, 15.23,45.60, -2.43, 2.38,13.881, 14.900, 13.924, 13.463, 12.897, 12.858, 12.852, 12.851, 13.294, 13.736, 13.952, 14.188, 14.330, 14.502, 14.683, 14.838, 15.028, 15.201, 15.299, 15.314, 15.274, 15.236, 15.146, 14.998, 14.836, 14.663, 14.520, 14.353, 14.238, 14.086, 13.982, 13.852, 13.741, 13.643, 13.597, 13.527, 13.529, 13.502, 13.546, 13.582, 13.673, 13.741, 13.857, 13.973, 14.054, 14.205, 14.234, 14.265, 14.370, 14.325, 14.265, 14.373, 14.325, 14.190, 14.261, 14.348, 14.226, 14.178, 14.349, 14.411, 14.291, 14.261, 14.470, 14.575, 14.448, 14.364, 14.463, 14.658, 14.619, 14.449, 14.372, 14.489, 14.658, 14.584, 14.360, 14.257, 14.402, 14.576, 14.598, 14.394, 14.136, 14.109, 14.339, 14.599, 14.682, 14.538, 14.337, 14.264, 14.421, 14.712, 14.939, 14.970, 14.793, 14.567, 14.454, 14.543, 14.771, 14.971, 15.005, 14.860, 14.605, 14.327, 14.113, 13.942, 13.599, 13.015, 12.464, 12.096, 11.810, 11.512, 11.297, 11.245, 11.462, 11.923, 12.470, 13.003, 13.391, 13.582, 13.639, 13.592, 13.518, 13.500, 13.589, 13.783, 14.065, 14.384, 14.680, 14.866, 14.922, 14.851, 14.678, 14.488, 14.305, 14.185, 14.168, 14.240, 14.398, 14.555, 14.697, 14.789, 14.822, 14.722, 14.542, 14.342, 14.148, 13.953, 13.656, 13.590, 13.540, 13.508, 13.431, 13.203, 12.590, 11.307, 9.534, 8.160, 7.513, 7.228, 7.111, 7.112, 7.203, 7.366, 7.599, 7.873, 8.204, 8.589, 8.985, 9.425, 9.862, 10.301, 10.689, 11.078, 11.421, 11.703, 11.948, 12.114, 12.267, 12.341, 12.377, 12.405, 12.414, 12.425, 12.450, 12.516, 12.592, 12.647, 12.678, 12.740, 12.862, 12.979, 13.043, 13.124, 13.147, 13.155, 13.129, 13.059, 12.883, 12.629, 12.388, 12.076, 11.854, 11.623, 11.433, 11.209, 10.973, 10.738, 10.581, 10.404, 10.230, 10.013, 9.970, 9.890, 9.738, 9.752, 9.618, 9.751, 16.3,1119085.0,1250951.0,870105.06,50345.68,3097.10,21126.84,528.64,24617.35,251.42,500.85,31.42,479.52,20.39,1515.11,24.68,912.22,16.56,1829.26,59.82,0.00,20.18,104.23,15.23,775.04,17.00,27154.29,150.48,0.00,120.21,0.00,15.37,35.96,2.57,65.86,2.39,29.08,1.30,0.00,4.13,68.04,1.06,114.14,1.34,14.74,0.83,101.43,1.39,0.00,27.42,0.00,47.83,0.00,403.14,0.00,279.22,0.00,463.43,48.71,9.15,13.72,2.99,0.00,29.42,13.37,1.27,29.47,3.56,0.00,133.04,0.00,59.37,225310.50,83487.02,5135.85,39918.38,998.85,52664.76,537.87,1147.63,71.99,1197.32,50.91,1825.11,29.73,1276.38,23.17,3052.11,99.81,0.00,36.03,152.34,22.26,1113.61,24.43,38823.68,215.15,0.00,152.85,0.00,19.56,45.01,3.22,81.98,2.97,38.39,1.72,0.00,5.80,74.41,1.16,134.98,1.58,18.72,1.05,137.01,1.88,0.00,32.14,0.00,63.78,0.00,433.02,0.00,318.96,0.00,588.33,58.31,10.95,16.11,3.51,0.00,31.77,14.40,1.37,32.85,3.97,0.00,151.39,0.00,67.35
47.5,47.5,1,47.500,17/03/2026 16:40:48,26.257, , , , , , , , , , , , , , , , , , , , , , , , , , , , , , , , , , , , , , , , , , , , , , , , , , , , , , , , , , , , , , , , , , , , , , , , , , , , , , , , , , , , , , , , , , , , , , , , , , , , , , , , , , , , , , , , , , , , , , , , , , , , , , , , , , , , , , , , , , , , , , , , , , , , , , , , , , , , , , , , , , , , , , , , , , , , , , , , , , , , , , , , , , , , , , , , , , , , , , , , , , , , , , , , , , , , , , , , , , , , , , , , , , , , , , , , , , , , , , , , , , , , , , , , , , , , , , , , , , , , , , , , , , , , , , , , , , , , , , , , , , , , , , , , , , , , , , , , , , , , , , , , , , , , , , , , , , , , , , , , , , , , , , , , , , , , , , , , , , , , , , , , , , , , , , , , , , , , , , , , , , , , 
48.0,48.0,1,48.000,17/03/2026 16:41:05,25.597,,14.22, 15.36, 15.64,46.12, -2.30, 2.36,19.969, 15.550, 15.287, 14.111, 13.537, 13.392, 13.170, 13.385, 13.687, 14.126, 14.343, 14.548, 14.668, 14.813, 15.003, 15.195, 15.424, 15.557, 15.604, 15.675, 15.741, 15.644, 15.472, 15.451, 15.240, 15.040, 14.971, 14.719, 14.693, 14.458, 14.444, 14.206, 14.231, 13.991, 14.094, 13.884, 13.989, 13.928, 13.908, 14.092, 13.978, 14.221, 14.260, 14.283, 14.547, 14.510, 14.555, 14.723, 14.635, 14.617, 14.697, 14.643, 14.562, 14.592, 14.597, 14.546, 14.536, 14.589, 14.618, 14.607, 14.617, 14.646, 14.721, 14.743, 14.744, 14.732, 14.735, 14.770, 14.733, 14.657, 14.652, 14.716, 14.733, 14.640, 14.543, 14.528, 14.617, 14.686, 14.616, 14.466, 14.341, 14.392, 14.552, 14.676, 14.669, 14.566, 14.484, 14.504, 14.649, 14.843, 14.935, 14.893, 14.775, 14.673, 14.667, 14.768, 14.883, 14.945, 14.870, 14.722, 14.559, 14.433, 14.330, 14.202, 13.776, 13.045, 12.351, 11.936, 11.707, 11.563, 11.510, 11.571, 11.817, 12.173, 12.551, 12.902, 13.157, 13.325, 13.461, 13.556, 13.642, 13.753, 13.896, 14.035, 14.177, 14.305, 14.400, 14.464, 14.495, 14.492, 14.484, 14.475, 14.456, 14.467, 14.472, 14.499, 14.513, 14.494, 14.437, 14.381, 14.302, 14.207, 14.117, 14.074, 14.042, 14.057, 13.947, 13.980, 13.982, 13.912, 13.740, 13.343, 12.578, 11.136, 9.196, 7.682, 6.957, 6.697, 6.677, 6.835, 7.140, 7.524, 7.936, 8.366, 8.793, 9.195, 9.553, 9.859, 10.137, 10.384, 10.578, 10.779, 10.986, 11.186, 11.383, 11.582, 11.799, 12.005, 12.229, 12.456, 12.650, 12.831, 13.009, 13.162, 13.283, 13.338, 13.327, 13.260, 13.234, 13.136, 13.001, 12.877, 12.731, 12.603, 12.449, 12.312, 12.114, 11.906, 11.679, 11.557, 11.503, 11.448, 11.440, 11.412, 11.296, 11.279, 11.183, 11.156, 10.977, 10.852, 10.698, 10.498, 10.280, 10.008, 9.956, 9.767, 16.2,1089718.0,1214990.0,868354.49,58306.72,3303.61,20362.40,534.89,22485.34,246.74,369.63,30.98,573.86,21.95,754.10,22.10,731.77,16.08,1070.92,53.39,41.67,6.31,0.00,54.84,706.62,16.60,25695.44,148.35,0.00,119.50,0.00,16.49,50.75,2.84,76.67,2.52,26.81,1.46,0.00,5.33,70.22,1.09,111.25,1.34,12.59,0.83,105.44,1.43,0.00,28.95,0.00,50.30,41.49,9.00,0.00,287.67,0.00,481.52,0.00,511.02,0.00,47.18,0.00,24.95,29.17,1.54,22.62,3.69,0.00,139.35,0.00,60.84,227755.15,96688.62,5478.30,38473.99,1010.65,48103.67,527.86,846.96,70.99,1432.87,54.81,908.39,26.62,1023.90,22.50,1786.82,89.08,74.39,11.26,0.00,80.15,1015.30,23.85,36737.90,212.10,0.00,151.94,0.00,20.99,63.53,3.56,95.43,3.14,35.40,1.93,0.00,7.49,76.79,1.19,131.56,1.58,15.99,1.05,142.43,1.93,0.00,33.94,0.00,67.07,44.56,9.67,0.00,328.61,0.00,611.30,0.00,611.74,0.00,55.39,0.00,26.94,31.42,1.66,25.22,4.11,0.00,158.57,0.00,69.02
48.5,48.5,1,48.500,17/03/2026 16:41:48,26.456, , , , , , , , , , , , , , , , , , , , , , , , , , , , , , , , , , , , , , , , , , , , , , , , , , , , , , , , , , , , , , , , , , , , , , , , , , , , , , , , , , , , , , , , , , , , , , , , , , , , , , , , , , , , , , , , , , , , , , , , , , , , , , , , , , , , , , , , , , , , , , , , , , , , , , , , , , , , , , , , , , , , , , , , , , , , , , , , , , , , , , , , , , , , , , , , , , , , , , , , , , , , , , , , , , , , , , , , , , , , , , , , , , , , , , , , , , , , , , , , , , , , , , , , , , , , , , , , , , , , , , , , , , , , , , , , , , , , , , , , , , , , , , , , , , , , , , , , , , , , , , , , , , , , , , , , , , , , , , , , , , , , , , , , , , , , , , , , , , , , , , , , , , , , , , , , , , , , , , , , , , , , 
49.0,49.0,1,49.000,17/03/2026 16:42:14,26.320,,13.32, 14.43, 14.58,44.84, -2.53, 2.57,17.068, 13.347, 13.132, 12.443, 12.551, 12.291, 12.078, 12.261, 12.717, 13.160, 13.338, 13.584, 13.707, 13.923, 14.103, 14.256, 14.463, 14.623, 14.729, 14.799, 14.780, 14.681, 14.593, 14.490, 14.287, 14.109, 13.991, 13.785, 13.677, 13.535, 13.394, 13.304, 13.156, 13.093, 12.995, 12.979, 12.909, 12.966, 12.907, 13.042, 13.055, 13.149, 13.320, 13.306, 13.532, 13.592, 13.565, 13.763, 13.713, 13.620, 13.756, 13.701, 13.560, 13.652, 13.670, 13.530, 13.559, 13.682, 13.659, 13.572, 13.669, 13.775, 13.771, 13.731, 13.790, 13.893, 13.823, 13.748, 13.747, 13.804, 13.857, 13.797, 13.736, 13.673, 13.696, 13.744, 13.769, 13.729, 13.639, 13.555, 13.532, 13.611, 13.699, 13.731, 13.700, 13.641, 13.635, 13.745, 13.888, 14.016, 14.024, 13.953, 13.865, 13.838, 13.918, 14.064, 14.167, 14.169, 14.011, 13.788, 13.609, 13.539, 13.524, 13.433, 13.001, 12.164, 11.353, 10.830, 10.521, 10.353, 10.359, 10.515, 10.860, 11.309, 11.730, 12.039, 12.207, 12.290, 12.360, 12.459, 12.599, 12.809, 13.069, 13.332, 13.542, 13.675, 13.710, 13.679, 13.595, 13.491, 13.436, 13.432, 13.468, 13.557, 13.694, 13.810, 13.902, 13.905, 13.836, 13.702, 13.520, 13.307, 13.123, 12.990, 12.941, 12.951, 12.879, 12.971, 13.048, 13.054, 12.936, 12.562, 11.759, 10.231, 8.241, 6.724, 5.998, 5.711, 5.652, 5.774, 6.023, 6.358, 6.748, 7.180, 7.612, 8.036, 8.426, 8.773, 9.078, 9.354, 9.601, 9.809, 9.996, 10.173, 10.355, 10.536, 10.728, 10.933, 11.109, 11.321, 11.493, 11.672, 11.841, 11.990, 12.093, 12.153, 12.128, 12.087, 12.076, 12.033, 11.918, 11.809, 11.710, 11.561, 11.429, 11.310, 11.125, 10.873, 10.731, 10.607, 10.466, 10.434, 10.377, 10.316, 10.256, 10.152, 10.021, 9.923, 9.768, 9.520, 9.366, 9.169, 8.984, 8.638, 8.629, 8.330, 16.3,1107561.0,1294033.0,849081.42,65050.71,3277.01,21396.47,542.05,28601.42,278.11,416.96,31.24,589.20,21.53,2327.99,29.10,1477.49,20.25,1594.92,58.86,39.80,6.41,192.77,17.67,853.12,18.17,27879.20,158.20,0.00,122.89,0.00,14.26,16.33,2.25,90.29,2.71,37.97,1.41,0.00,5.18,78.53,1.16,119.39,1.39,13.02,0.84,97.54,1.39,0.00,28.46,0.00,49.68,0.00,415.31,0.00,285.77,0.00,482.65,0.00,514.18,0.00,51.06,0.00,23.68,12.93,1.30,32.52,3.62,0.00,135.23,0.00,61.90,261494.39,107872.02,5434.19,40427.83,1024.18,61188.02,594.97,955.41,71.58,1471.18,53.76,2804.31,35.05,2067.31,28.33,2661.11,98.21,71.05,11.44,281.74,25.83,1225.80,26.11,39860.11,226.19,0.00,156.25,0.00,18.15,20.44,2.82,112.39,3.37,50.13,1.86,0.00,7.28,85.88,1.27,141.19,1.64,16.53,1.07,131.75,1.88,0.00,33.36,0.00,66.25,0.00,446.09,0.00,326.44,0.00,612.73,0.00,615.53,0.00,59.95,0.00,25.57,13.93,1.40,36.25,4.04,0.00,153.88,0.00,70.22
49.5,49.5,1,49.500,17/03/2026 16:42:48,26.854, , , , , , , , , , , , , , , , , , , , , , , , , , , , , , , , , , , , , , , , , , , , , , , , , , , , , , , , , , , , , , , , , , , , , , , , , , , , , , , , , , , , , , , , , , , , , , , , , , , , , , , , , , , , , , , , , , , , , , , , , , , , , , , , , , , , , , , , , , , , , , , , , , , , , , , , , , , , , , , , , , , , , , , , , , , , , , , , , , , , , , , , , , , , , , , , , , , , , , , , , , , , , , , , , , , , , , , , , , , , , , , , , , , , , , , , , , , , , , , , , , , , , , , , , , , , , , , , , , , , , , , , , , , , , , , , , , , , , , , , , , , , , , , , , , , , , , , , , , , , , , , , , , , , , , , , , , , , , , , , , , , , , , , , , , , , , , , , , , , , , , , , , , , , , , , , , , , , , , , , , , , , 
50.0,50.0,1,50.000,17/03/2026 16:43:14,27.776,,13.54, 14.65, 14.95,45.15, -2.47, 2.26,16.849, 15.266, 14.507, 13.090, 12.802, 12.569, 12.364, 12.818, 13.050, 13.472, 13.710, 13.905, 14.039, 14.232, 14.421, 14.564, 14.752, 14.887, 14.952, 15.010, 14.973, 14.902, 14.815, 14.681, 14.496, 14.319, 14.164, 14.030, 13.849, 13.772, 13.602, 13.510, 13.378, 13.286, 13.227, 13.177, 13.144, 13.149, 13.162, 13.203, 13.317, 13.345, 13.493, 13.593, 13.659, 13.824, 13.826, 13.865, 13.950, 13.896, 13.873, 13.899, 13.853, 13.820, 13.801, 13.794, 13.828, 13.816, 13.791, 13.858, 13.957, 13.908, 13.877, 13.992, 14.136, 14.062, 13.948, 13.944, 14.126, 14.139, 14.003, 13.867, 13.891, 14.020, 14.040, 13.930, 13.839, 13.834, 13.900, 13.922, 13.877, 13.809, 13.811, 13.865, 13.943, 13.991, 14.009, 14.022, 14.075, 14.118, 14.144, 14.170, 14.192, 14.227, 14.270, 14.324, 14.305, 14.235, 14.134, 14.055, 14.045, 14.068, 14.068, 13.935, 13.469, 12.699, 11.987, 11.627, 11.523, 11.531, 11.615, 11.751, 11.943, 12.144, 12.339, 12.504, 12.664, 12.834, 13.047, 13.259, 13.472, 13.659, 13.765, 13.835, 13.833, 13.826, 13.800, 13.801, 13.846, 13.930, 14.019, 14.128, 14.222, 14.261, 14.276, 14.237, 14.165, 14.058, 13.919, 13.833, 13.771, 13.708, 13.693, 13.720, 13.755, 13.821, 13.671, 13.701, 13.674, 13.577, 13.381, 13.003, 12.291, 11.028, 9.332, 7.998, 7.366, 7.165, 7.173, 7.343, 7.614, 7.935, 8.281, 8.620, 8.963, 9.288, 9.575, 9.848, 10.101, 10.338, 10.564, 10.784, 10.986, 11.203, 11.400, 11.576, 11.741, 11.924, 12.071, 12.233, 12.361, 12.477, 12.577, 12.674, 12.767, 12.819, 12.799, 12.769, 12.811, 12.812, 12.754, 12.720, 12.692, 12.637, 12.540, 12.411, 12.263, 12.020, 11.819, 11.649, 11.506, 11.396, 11.399, 11.270, 11.216, 11.134, 11.042, 10.941, 10.831, 10.842, 10.774, 10.631, 10.661, 10.489, 10.374, 10.266, 16.3,1116427.0,1348726.0,854228.82,56624.97,3184.17,23161.23,558.66,28207.45,275.19,487.19,32.14,634.15,21.79,2622.79,30.49,1613.35,21.06,1486.84,57.65,67.31,6.76,94.70,16.54,845.74,18.06,29436.91,164.85,0.00,126.57,0.00,15.50,38.08,2.67,71.20,2.46,34.27,1.38,0.00,5.01,74.63,1.14,120.61,1.41,11.69,0.84,111.93,1.48,0.00,27.54,0.00,49.54,0.00,423.16,0.00,292.52,0.00,483.39,0.00,503.11,0.00,43.65,0.00,28.02,12.44,1.30,13.72,3.69,0.00,138.09,0.00,64.96,252766.16,93899.82,5280.23,43762.28,1055.57,60345.18,588.72,1116.33,73.64,1583.41,54.41,3159.42,36.73,2257.41,29.47,2480.78,96.19,120.16,12.07,138.41,24.17,1215.19,25.95,42087.24,235.69,0.00,160.93,0.00,19.73,47.67,3.34,88.62,3.06,45.25,1.82,0.00,7.04,81.62,1.25,142.63,1.67,14.85,1.07,151.19,2.00,0.00,32.28,0.00,66.06,0.00,454.52,0.00,334.15,0.00,613.67,0.00,602.27,0.00,51.25,0.00,30.25,13.40,1.40,15.30,4.11,0.00,157.13,0.00,73.69
50.5,50.5,1,50.500,17/03/2026 16:43:49,28.698,1157879.233, , , , , , , , , , , , , , , , , , , , , , , , , , , , , , , , , , , , , , , , , , , , , , , , , , , , , , , , , , , , , , , , , , , , , , , , , , , , , , , , , , , , , , , , , , , , , , , , , , , , , , , , , , , , , , , , , , , , , , , , , , , , , , , , , , , , , , , , , , , , , , , , , , , , , , , , , , , , , , , , , , , , , , , , , , , , , , , , , , , , , , , , , , , , , , , , , , , , , , , , , , , , , , , , , , , , , , , , , , , , , , , , , , , , , , , , , , , , , , , , , , , , , , , , , , , , , , , , , , , , , , , , , , , , , , , , , , , , , , , , , , , , , , , , , , , , , , , , , , , , , , , , , , , , , , , , , , , , , , , , , , , , , , , , , , , , , , , , , , , , , , , , , , , , , , , , , , , , , , , , , , , 
51.0,51.0,1,51.000,17/03/2026 16:44:15,27.639,,13.87, 15.02, 15.30,45.66, -2.53, 2.35,14.546, 14.712, 13.726, 12.932, 12.897, 12.823, 12.629, 12.889, 13.357, 13.809, 14.007, 14.266, 14.382, 14.549, 14.741, 14.915, 15.122, 15.286, 15.344, 15.374, 15.345, 15.285, 15.198, 15.035, 14.853, 14.712, 14.515, 14.363, 14.230, 14.073, 13.974, 13.812, 13.730, 13.585, 13.568, 13.476, 13.457, 13.488, 13.416, 13.594, 13.539, 13.697, 13.822, 13.810, 14.059, 14.087, 14.077, 14.253, 14.213, 14.131, 14.211, 14.199, 14.078, 14.074, 14.129, 14.080, 14.004, 14.065, 14.163, 14.114, 14.061, 14.147, 14.285, 14.238, 14.191, 14.213, 14.371, 14.358, 14.246, 14.177, 14.286, 14.353, 14.285, 14.124, 14.075, 14.174, 14.252, 14.200, 14.054, 13.963, 13.966, 14.075, 14.154, 14.153, 14.108, 14.077, 14.118, 14.200, 14.317, 14.391, 14.404, 14.364, 14.328, 14.313, 14.356, 14.453, 14.528, 14.514, 14.415, 14.248, 14.109, 14.015, 13.968, 13.872, 13.495, 12.813, 12.146, 11.721, 11.454, 11.267, 11.232, 11.341, 11.664, 12.063, 12.448, 12.742, 12.897, 12.950, 12.986, 13.026, 13.130, 13.319, 13.564, 13.814, 14.022, 14.146, 14.192, 14.155, 14.065, 13.958, 13.890, 13.868, 13.908, 14.014, 14.139, 14.261, 14.354, 14.366, 14.288, 14.186, 14.022, 13.827, 13.650, 13.532, 13.479, 13.494, 13.357, 13.446, 13.512, 13.511, 13.402, 13.075, 12.360, 11.063, 9.332, 7.943, 7.259, 6.971, 6.923, 7.028, 7.260, 7.566, 7.895, 8.267, 8.636, 9.002, 9.339, 9.650, 9.953, 10.216, 10.464, 10.682, 10.898, 11.095, 11.276, 11.453, 11.599, 11.742, 11.875, 11.989, 12.110, 12.206, 12.302, 12.403, 12.500, 12.548, 12.548, 12.539, 12.582, 12.609, 12.583, 12.581, 12.555, 12.511, 12.480, 12.345, 12.223, 11.978, 11.785, 11.629, 11.462, 11.341, 11.213, 11.114, 10.984, 10.805, 10.641, 10.565, 10.340, 10.362, 10.222, 10.194, 10.034, 10.040, 9.871, 9.845, 16.3,1097036.0,1348033.0,861679.38,48672.60,3097.91,22244.30,547.62,30054.59,283.78,433.34,31.39,657.35,21.85,2546.63,29.96,1539.21,20.57,2032.98,62.81,0.00,20.63,93.81,15.29,713.91,16.69,28812.58,160.10,0.00,128.21,0.00,14.87,28.06,2.47,93.50,2.74,22.28,1.33,0.00,4.59,66.31,1.07,123.12,1.42,13.73,0.84,116.60,1.49,0.00,28.86,0.00,48.47,0.00,409.51,0.00,284.25,0.00,476.58,0.00,500.97,0.00,44.37,0.00,27.49,20.14,1.41,35.60,3.60,0.00,133.88,0.00,61.15,241279.70,80712.59,5137.19,42029.77,1034.71,64296.83,607.10,992.94,71.93,1641.34,54.56,3067.68,36.09,2153.67,28.78,3392.01,104.80,0.00,36.83,137.11,22.35,1025.77,23.98,41194.61,228.90,0.00,163.02,0.00,18.92,35.12,3.09,116.38,3.41,29.42,1.76,0.00,6.45,72.52,1.17,145.60,1.68,17.44,1.07,157.50,2.01,0.00,33.83,0.00,64.63,0.00,439.86,0.00,324.71,0.00,605.03,0.00,599.71,0.00,52.09,0.00,29.68,21.70,1.52,39.69,4.01,0.00,152.34,0.00,69.37
51.5,51.5,1,51.500,17/03/2026 16:44:58,28.174, , , , , , , , , , , , , , , , , , , , , , , , , , , , , , , , , , , , , , , , , , , , , , , , , , , , , , , , , , , , , , , , , , , , , , , , , , , , , , , , , , , , , , , , , , , , , , , , , , , , , , , , , , , , , , , , , , , , , , , , , , , , , , , , , , , , , , , , , , , , , , , , , , , , , , , , , , , , , , , , , , , , , , , , , , , , , , , , , , , , , , , , , , , , , , , , , , , , , , , , , , , , , , , , , , , , , , , , , , , , , , , , , , , , , , , , , , , , , , , , , , , , , , , , , , , , , , , , , , , , , , , , , , , , , , , , , , , , , , , , , , , , , , , , , , , , , , , , , , , , , , , , , , , , , , , , , , , , , , , , , , , , , , , , , , , , , , , , , , , , , , , , , , , , , , , , , , , , , , , , , , , , 
52.0,52.0,1,52.000,17/03/2026 16:45:15,28.897,,12.89, 13.97, 14.16,44.19, -2.53, 2.44,16.686, 14.013, 13.085, 12.365, 12.217, 11.763, 11.817, 12.000, 12.318, 12.783, 12.979, 13.187, 13.307, 13.473, 13.691, 13.845, 14.043, 14.198, 14.274, 14.305, 14.289, 14.236, 14.119, 13.986, 13.837, 13.654, 13.487, 13.356, 13.205, 13.086, 12.960, 12.842, 12.738, 12.638, 12.588, 12.524, 12.514, 12.497, 12.521, 12.580, 12.637, 12.732, 12.831, 12.933, 13.042, 13.140, 13.179, 13.239, 13.283, 13.238, 13.226, 13.254, 13.182, 13.144, 13.172, 13.141, 13.127, 13.158, 13.185, 13.200, 13.229, 13.268, 13.290, 13.325, 13.384, 13.405, 13.372, 13.365, 13.383, 13.404, 13.385, 13.347, 13.319, 13.302, 13.273, 13.280, 13.294, 13.304, 13.256, 13.186, 13.139, 13.174, 13.283, 13.329, 13.318, 13.273, 13.262, 13.351, 13.477, 13.603, 13.626, 13.588, 13.519, 13.493, 13.542, 13.669, 13.754, 13.765, 13.671, 13.495, 13.370, 13.319, 13.298, 13.241, 12.890, 12.232, 11.568, 11.152, 10.928, 10.802, 10.793, 10.907, 11.177, 11.534, 11.858, 12.116, 12.272, 12.358, 12.447, 12.508, 12.620, 12.783, 12.970, 13.149, 13.299, 13.398, 13.448, 13.448, 13.416, 13.375, 13.339, 13.343, 13.361, 13.394, 13.448, 13.510, 13.558, 13.553, 13.522, 13.458, 13.361, 13.255, 13.144, 13.056, 13.014, 12.989, 12.855, 12.869, 12.871, 12.830, 12.714, 12.423, 11.799, 10.595, 8.934, 7.614, 6.986, 6.743, 6.695, 6.774, 6.978, 7.222, 7.511, 7.820, 8.149, 8.481, 8.792, 9.127, 9.438, 9.730, 10.017, 10.296, 10.545, 10.791, 10.998, 11.171, 11.336, 11.466, 11.564, 11.644, 11.722, 11.783, 11.859, 11.891, 11.954, 11.983, 11.946, 11.918, 11.991, 12.024, 12.044, 12.023, 12.071, 12.040, 12.005, 11.949, 11.796, 11.628, 11.460, 11.255, 11.102, 11.005, 10.883, 10.738, 10.595, 10.477, 10.335, 10.167, 10.063, 9.899, 9.766, 9.656, 9.554, 9.318, 9.278, 9.487, 16.3,1085541.0,1306330.0,870482.48,49820.44,3191.35,23262.21,563.47,23487.20,251.58,519.57,32.95,685.47,22.59,1430.61,25.26,1001.32,17.88,1168.44,54.34,27.38,6.11,80.65,15.67,764.59,17.26,26735.14,151.92,0.00,123.72,14.73,3.45,34.23,2.61,81.72,2.59,22.18,1.32,0.00,4.02,74.95,1.13,131.35,1.47,9.49,0.81,90.34,1.37,0.00,28.30,0.00,48.66,0.00,409.78,32.07,5.99,0.00,482.95,0.00,502.42,0.00,47.08,0.00,24.61,20.10,1.40,23.35,3.69,0.00,138.59,0.00,59.45,224930.12,82616.03,5292.14,43953.08,1064.66,50246.99,538.21,1190.52,75.50,1711.55,56.41,1723.32,30.43,1401.05,25.02,1949.53,90.67,48.88,10.91,117.87,22.90,1098.59,24.80,38224.40,217.21,0.00,157.31,18.75,4.39,42.85,3.27,101.72,3.22,29.28,1.74,0.00,5.65,81.97,1.24,155.33,1.74,12.05,1.03,122.03,1.85,0.00,33.17,0.00,64.89,0.00,440.15,36.63,6.84,0.00,613.11,0.00,601.45,0.00,55.27,0.00,26.57,21.65,1.51,26.03,4.11,0.00,157.70,0.00,67.44
52.5,52.5,1,52.500,17/03/2026 16:46:07,27.377, , , , , , , , , , , , , , , , , , , , , , , , , , , , , , , , , , , , , , , , , , , , , , , , , , , , , , , , , , , , , , , , , , , , , , , , , , , , , , , , , , , , , , , , , , , , , , , , , , , , , , , , , , , , , , , , , , , , , , , , , , , , , , , , , , , , , , , , , , , , , , , , , , , , , , , , , , , , , , , , , , , , , , , , , , , , , , , , , , , , , , , , , , , , , , , , , , , , , , , , , , , , , , , , , , , , , , , , , , , , , , , , , , , , , , , , , , , , , , , , , , , , , , , , , , , , , , , , , , , , , , , , , , , , , , , , , , , , , , , , , , , , , , , , , , , , , , , , , , , , , , , , , , , , , , , , , , , , , , , , , , , , , , , , , , , , , , , , , , , , , , , , , , , , , , , , , , , , , , , , , , , , 
53.0,53.0,1,53.000,17/03/2026 16:46:24,24.736,,13.16, 14.25, 14.45,44.59, -2.52, 2.46,14.365, 12.009, 13.052, 12.578, 12.019, 12.037, 12.008, 12.099, 12.555, 13.054, 13.248, 13.465, 13.570, 13.780, 13.956, 14.125, 14.332, 14.480, 14.561, 14.594, 14.571, 14.509, 14.403, 14.271, 14.120, 13.948, 13.788, 13.624, 13.505, 13.368, 13.246, 13.123, 13.044, 12.899, 12.894, 12.790, 12.803, 12.790, 12.790, 12.883, 12.904, 13.015, 13.127, 13.178, 13.363, 13.380, 13.461, 13.511, 13.506, 13.508, 13.475, 13.476, 13.437, 13.385, 13.392, 13.400, 13.342, 13.374, 13.446, 13.418, 13.402, 13.502, 13.560, 13.514, 13.547, 13.635, 13.547, 13.484, 13.502, 13.573, 13.567, 13.470, 13.443, 13.480, 13.463, 13.392, 13.420, 13.493, 13.480, 13.347, 13.235, 13.314, 13.493, 13.583, 13.493, 13.355, 13.345, 13.515, 13.716, 13.803, 13.731, 13.601, 13.563, 13.636, 13.775, 13.886, 13.896, 13.797, 13.656, 13.572, 13.548, 13.551, 13.529, 13.392, 12.991, 12.333, 11.752, 11.437, 11.289, 11.168, 11.115, 11.163, 11.371, 11.677, 12.025, 12.316, 12.515, 12.632, 12.693, 12.726, 12.780, 12.886, 13.033, 13.193, 13.355, 13.489, 13.575, 13.608, 13.594, 13.546, 13.496, 13.446, 13.421, 13.431, 13.459, 13.515, 13.595, 13.620, 13.633, 13.605, 13.538, 13.433, 13.310, 13.206, 13.114, 13.041, 12.896, 12.906, 12.922, 12.923, 12.848, 12.622, 12.060, 10.922, 9.320, 7.999, 7.353, 7.080, 7.004, 7.084, 7.256, 7.478, 7.776, 8.100, 8.438, 8.805, 9.178, 9.507, 9.829, 10.132, 10.402, 10.623, 10.837, 11.004, 11.154, 11.270, 11.384, 11.498, 11.605, 11.739, 11.841, 11.949, 12.065, 12.172, 12.287, 12.355, 12.360, 12.307, 12.375, 12.380, 12.308, 12.248, 12.207, 12.118, 12.041, 11.917, 11.792, 11.585, 11.433, 11.316, 11.185, 11.147, 11.095, 11.061, 10.992, 10.906, 10.731, 10.663, 10.497, 10.383, 10.288, 10.079, 9.912, 9.787, 9.720, 9.804, 16.3,1088186.0,1332145.0,861499.56,56318.24,3247.93,23017.94,561.92,26628.73,269.68,537.55,33.22,593.89,22.02,1899.99,27.53,1204.33,19.10,1589.37,59.34,0.00,19.26,226.98,18.08,628.22,16.09,25360.43,145.56,0.00,118.95,0.00,14.59,9.74,2.11,80.10,2.59,29.81,1.34,0.00,5.20,74.12,1.11,131.32,1.46,15.86,0.85,117.66,1.50,0.00,27.00,0.00,51.34,0.00,429.19,0.00,293.64,0.00,486.27,0.00,509.17,0.00,55.55,0.00,26.72,15.79,1.32,20.40,3.66,0.00,139.56,0.00,57.89,241290.54,93391.17,5385.96,43491.54,1061.73,56967.77,576.94,1231.72,76.12,1482.89,54.98,2288.74,33.16,1685.11,26.72,2651.85,99.01,0.00,34.38,331.74,26.42,902.65,23.12,36258.92,208.11,0.00,151.24,0.00,18.57,12.19,2.64,99.70,3.22,39.36,1.77,0.00,7.31,81.06,1.21,155.30,1.73,20.14,1.08,158.93,2.03,0.00,31.65,0.00,68.46,0.00,461.00,0.00,335.43,0.00,617.33,0.00,609.53,0.00,65.22,0.00,28.85,17.01,1.42,22.74,4.08,0.00,158.81,0.00,65.67
53.5,53.5,1,53.500,17/03/2026 16:47:08,26.453, , , , , , , , , , , , , , , , , , , , , , , , , , , , , , , , , , , , , , , , , , , , , , , , , , , , , , , , , , , , , , , , , , , , , , , , , , , , , , , , , , , , , , , , , , , , , , , , , , , , , , , , , , , , , , , , , , , , , , , , , , , , , , , , , , , , , , , , , , , , , , , , , , , , , , , , , , , , , , , , , , , , , , , , , , , , , , , , , , , , , , , , , , , , , , , , , , , , , , , , , , , , , , , , , , , , , , , , , , , , , , , , , , , , , , , , , , , , , , , , , , , , , , , , , , , , , , , , , , , , , , , , , , , , , , , , , , , , , , , , , , , , , , , , , , , , , , , , , , , , , , , , , , , , , , , , , , , , , , , , , , , , , , , , , , , , , , , , , , , , , , , , , , , , , , , , , , , , , , , , , , , , 
54.0,54.0,1,54.000,17/03/2026 16:47:34,26.648,,13.64, 14.76, 15.07,45.30, -2.41, 2.24,13.967, 14.374, 13.687, 13.064, 13.000, 12.575, 12.584, 12.799, 13.127, 13.644, 13.814, 14.025, 14.143, 14.326, 14.479, 14.633, 14.832, 14.974, 15.049, 15.123, 15.107, 15.018, 14.867, 14.773, 14.642, 14.432, 14.266, 14.141, 14.004, 13.836, 13.767, 13.616, 13.516, 13.429, 13.352, 13.318, 13.267, 13.290, 13.294, 13.320, 13.470, 13.413, 13.688, 13.624, 13.821, 13.953, 13.830, 14.070, 14.029, 13.895, 14.068, 13.982, 13.835, 13.993, 13.950, 13.769, 13.900, 14.009, 13.873, 13.838, 14.052, 14.060, 13.919, 13.963, 14.204, 14.204, 14.048, 13.959, 14.135, 14.266, 14.146, 13.923, 13.939, 14.077, 14.128, 14.009, 13.847, 13.852, 13.989, 14.039, 13.921, 13.773, 13.767, 13.912, 14.081, 14.115, 13.997, 13.916, 13.964, 14.139, 14.312, 14.357, 14.259, 14.120, 14.050, 14.136, 14.300, 14.415, 14.367, 14.180, 13.965, 13.811, 13.745, 13.692, 13.411, 12.837, 12.231, 11.803, 11.514, 11.297, 11.229, 11.340, 11.638, 12.059, 12.455, 12.748, 12.893, 12.933, 12.938, 12.959, 13.047, 13.208, 13.435, 13.677, 13.873, 13.987, 14.037, 14.014, 13.935, 13.850, 13.770, 13.741, 13.770, 13.846, 13.949, 14.043, 14.128, 14.137, 14.088, 13.994, 13.864, 13.714, 13.577, 13.483, 13.433, 13.429, 13.333, 13.396, 13.433, 13.418, 13.303, 13.007, 12.367, 11.129, 9.460, 8.121, 7.465, 7.202, 7.146, 7.252, 7.480, 7.779, 8.104, 8.459, 8.820, 9.174, 9.502, 9.789, 10.071, 10.304, 10.548, 10.781, 11.000, 11.193, 11.373, 11.536, 11.695, 11.860, 11.999, 12.117, 12.218, 12.323, 12.420, 12.493, 12.589, 12.620, 12.596, 12.546, 12.593, 12.634, 12.587, 12.555, 12.519, 12.458, 12.391, 12.279, 12.158, 11.994, 11.789, 11.678, 11.528, 11.427, 11.380, 11.376, 11.241, 11.164, 11.046, 10.926, 10.915, 10.778, 10.703, 10.586, 10.439, 10.395, 10.241, 10.311, 16.2,1060017.0,1241607.0,858790.13,65684.15,3481.05,24994.17,594.52,25800.10,273.98,478.99,33.97,634.43,23.47,657.31,23.08,543.07,16.00,889.65,53.24,0.00,17.99,0.00,56.16,615.38,16.15,20418.56,124.14,0.00,106.77,0.00,15.58,52.81,2.85,75.13,2.51,20.52,1.32,0.00,3.87,58.36,0.99,113.47,1.35,19.56,0.86,94.10,1.38,0.00,29.79,0.00,49.67,0.00,425.47,0.00,299.54,35.14,8.74,0.00,517.87,0.00,52.74,0.00,27.74,24.97,1.42,0.00,131.26,0.00,147.27,0.00,59.54,247746.43,108922.44,5772.54,47225.55,1123.32,55195.05,586.13,1097.54,77.84,1584.11,58.60,791.80,27.80,759.87,22.39,1484.38,88.83,0.00,32.12,0.00,82.08,884.20,23.20,29193.31,177.49,0.00,135.76,0.00,19.83,66.11,3.57,93.52,3.12,27.09,1.74,0.00,5.44,63.82,1.08,134.19,1.60,24.84,1.09,127.11,1.86,0.00,34.92,0.00,66.23,0.00,457.00,0.00,342.17,44.61,11.10,0.00,619.94,0.00,61.92,0.00,29.95,26.90,1.53,0.00,146.33,0.00,167.58,0.00,67.54
54.5,54.5,1,54.500,17/03/2026 16:48:08,26.982, , , , , , , , , , , , , , , , , , , , , , , , , , , , , , , , , , , , , , , , , , , , , , , , , , , , , , , , , , , , , , , , , , , , , , , , , , , , , , , , , , , , , , , , , , , , , , , , , , , , , , , , , , , , , , , , , , , , , , , , , , , , , , , , , , , , , , , , , , , , , , , , , , , , , , , , , , , , , , , , , , , , , , , , , , , , , , , , , , , , , , , , , , , , , , , , , , , , , , , , , , , , , , , , , , , , , , , , , , , , , , , , , , , , , , , , , , , , , , , , , , , , , , , , , , , , , , , , , , , , , , , , , , , , , , , , , , , , , , , , , , , , , , , , , , , , , , , , , , , , , , , , , , , , , , , , , , , , , , , , , , , , , , , , , , , , , , , , , , , , , , , , , , , , , , , , , , , , , , , , , , , , 
55.0,55.0,1,55.000,17/03/2026 16:48:34,25.860,,13.57, 14.65, 14.97,45.15, -2.26, 2.21,16.998, 15.621, 14.561, 13.585, 13.206, 12.859, 12.803, 12.758, 13.121, 13.526, 13.735, 13.904, 14.017, 14.188, 14.392, 14.518, 14.698, 14.806, 14.875, 14.979, 15.031, 14.906, 14.756, 14.712, 14.560, 14.319, 14.250, 14.066, 13.934, 13.843, 13.689, 13.626, 13.478, 13.433, 13.351, 13.309, 13.303, 13.264, 13.346, 13.312, 13.477, 13.493, 13.602, 13.767, 13.767, 13.939, 13.991, 13.960, 14.075, 14.046, 13.952, 14.043, 14.010, 13.900, 13.945, 13.987, 13.919, 13.927, 14.014, 14.021, 14.015, 14.055, 14.134, 14.125, 14.153, 14.203, 14.184, 14.158, 14.116, 14.163, 14.222, 14.178, 14.070, 14.003, 14.072, 14.143, 14.140, 14.033, 13.949, 13.950, 14.036, 14.074, 14.037, 13.980, 13.978, 14.075, 14.199, 14.273, 14.257, 14.227, 14.215, 14.306, 14.397, 14.486, 14.472, 14.405, 14.328, 14.275, 14.271, 14.295, 14.317, 14.285, 14.142, 13.835, 13.247, 12.448, 11.820, 11.576, 11.549, 11.501, 11.451, 11.403, 11.495, 11.700, 12.022, 12.397, 12.766, 13.076, 13.309, 13.437, 13.482, 13.494, 13.510, 13.544, 13.641, 13.794, 13.978, 14.165, 14.306, 14.368, 14.375, 14.313, 14.204, 14.099, 14.000, 13.956, 13.966, 13.986, 14.043, 14.097, 14.129, 14.118, 14.088, 14.003, 13.930, 13.842, 13.592, 13.515, 13.428, 13.316, 13.169, 12.838, 12.194, 10.928, 9.231, 7.915, 7.345, 7.139, 7.119, 7.231, 7.410, 7.622, 7.884, 8.169, 8.444, 8.756, 9.074, 9.390, 9.720, 10.037, 10.368, 10.675, 10.981, 11.261, 11.520, 11.735, 11.932, 12.100, 12.248, 12.351, 12.447, 12.520, 12.564, 12.606, 12.660, 12.665, 12.599, 12.524, 12.567, 12.592, 12.562, 12.519, 12.513, 12.493, 12.488, 12.404, 12.284, 12.110, 11.981, 11.867, 11.703, 11.653, 11.574, 11.470, 11.386, 11.284, 11.042, 10.905, 10.716, 10.468, 10.356, 10.161, 9.929, 9.800, 9.620, 9.447, 16.2,1046269.0,1189918.0,885693.28,44734.95,3292.82,22991.00,574.31,24224.97,263.15,636.65,35.81,537.08,22.88,280.64,21.23,351.42,14.88,1110.16,55.34,0.00,19.60,50.27,15.65,573.92,15.58,18338.61,110.94,0.00,103.26,0.00,15.51,16.78,2.21,65.41,2.34,23.19,1.27,1.45,0.44,60.42,1.00,123.33,1.39,16.87,0.83,98.82,1.39,0.00,29.45,0.00,50.88,52.41,8.90,0.00,293.84,0.00,487.60,0.00,508.28,0.00,54.62,0.00,26.79,18.42,1.34,0.00,131.18,0.00,145.78,0.00,64.25,202626.41,74182.88,5460.40,43440.64,1085.14,51825.32,562.97,1458.80,82.05,1341.04,57.13,338.06,25.57,491.71,20.82,1852.29,92.33,0.00,34.99,73.47,22.87,824.63,22.39,26219.51,158.62,0.00,131.29,0.00,19.74,21.00,2.77,81.42,2.91,30.62,1.68,2.04,0.62,66.08,1.09,145.85,1.64,21.42,1.05,133.48,1.88,0.00,34.52,0.00,67.85,56.29,9.56,0.00,335.66,0.00,619.02,0.00,608.46,0.00,64.13,0.00,28.93,19.84,1.44,0.00,146.24,0.00,165.88,0.00,72.89
55.5,55.5,1,55.500,17/03/2026 16:49:09,26.654,1157878.505, , , , , , , , , , , , , , , , , , , , , , , , , , , , , , , , , , , , , , , , , , , , , , , , , , , , , , , , , , , , , , , , , , , , , , , , , , , , , , , , , , , , , , , , , , , , , , , , , , , , , , , , , , , , , , , , , , , , , , , , , , , , , , , , , , , , , , , , , , , , , , , , , , , , , , , , , , , , , , , , , , , , , , , , , , , , , , , , , , , , , , , , , , , , , , , , , , , , , , , , , , , , , , , , , , , , , , , , , , , , , , , , , , , , , , , , , , , , , , , , , , , , , , , , , , , , , , , , , , , , , , , , , , , , , , , , , , , , , , , , , , , , , , , , , , , , , , , , , , , , , , , , , , , , , , , , , , , , , , , , , , , , , , , , , , , , , , , , , , , , , , , , , , , , , , , , , , , , , , , , , , , 
56.0,56.0,1,56.000,17/03/2026 16:49:35,25.792,,14.24, 15.36, 15.75,46.12, -2.21, 2.13,17.095, 15.792, 14.661, 14.002, 13.889, 13.644, 13.409, 13.526, 13.837, 14.245, 14.426, 14.626, 14.744, 14.892, 15.064, 15.227, 15.415, 15.538, 15.615, 15.682, 15.729, 15.652, 15.464, 15.361, 15.298, 15.035, 14.876, 14.837, 14.582, 14.553, 14.391, 14.264, 14.197, 14.062, 14.052, 13.944, 13.972, 13.938, 13.968, 14.015, 14.096, 14.150, 14.287, 14.374, 14.433, 14.633, 14.564, 14.628, 14.786, 14.602, 14.611, 14.785, 14.578, 14.486, 14.711, 14.633, 14.427, 14.606, 14.785, 14.602, 14.525, 14.757, 14.899, 14.731, 14.643, 14.838, 14.953, 14.800, 14.569, 14.654, 14.883, 14.914, 14.680, 14.468, 14.565, 14.792, 14.861, 14.686, 14.454, 14.416, 14.568, 14.742, 14.786, 14.657, 14.513, 14.531, 14.696, 14.889, 14.996, 14.973, 14.862, 14.784, 14.819, 14.925, 15.052, 15.127, 15.106, 14.995, 14.866, 14.771, 14.732, 14.757, 14.753, 14.627, 14.190, 13.452, 12.779, 12.417, 12.262, 12.156, 12.142, 12.218, 12.450, 12.765, 13.096, 13.393, 13.621, 13.760, 13.861, 13.917, 13.983, 14.080, 14.227, 14.386, 14.550, 14.688, 14.805, 14.863, 14.878, 14.844, 14.751, 14.692, 14.662, 14.658, 14.706, 14.767, 14.841, 14.885, 14.897, 14.906, 14.840, 14.728, 14.584, 14.465, 14.355, 14.278, 14.134, 14.168, 14.187, 14.174, 14.098, 13.843, 13.245, 12.043, 10.352, 8.952, 8.277, 7.980, 7.892, 7.948, 8.106, 8.339, 8.650, 8.999, 9.372, 9.766, 10.140, 10.503, 10.848, 11.179, 11.482, 11.759, 12.008, 12.234, 12.427, 12.566, 12.718, 12.831, 12.932, 13.038, 13.121, 13.221, 13.307, 13.417, 13.518, 13.550, 13.527, 13.487, 13.557, 13.597, 13.540, 13.560, 13.539, 13.529, 13.483, 13.419, 13.276, 13.051, 12.884, 12.721, 12.545, 12.489, 12.428, 12.339, 12.206, 12.084, 11.874, 11.745, 11.560, 11.446, 11.213, 11.164, 10.947, 10.732, 10.758, 10.630, 16.2,1038024.0,1189403.0,873929.67,55695.71,3446.57,22096.12,574.84,24918.22,270.56,472.56,34.30,720.34,24.37,720.82,23.51,481.09,15.88,872.63,53.26,0.00,18.08,94.74,16.49,491.55,14.85,19047.17,117.07,0.00,105.06,0.00,13.19,24.06,2.35,81.60,2.60,15.68,1.24,0.00,5.09,68.64,1.07,129.34,1.45,12.39,0.82,101.43,1.42,0.00,29.20,0.00,53.12,0.00,427.37,0.00,294.29,0.00,488.90,0.00,520.02,0.00,56.31,4.39,1.05,21.86,1.39,0.00,133.15,0.00,147.55,0.00,61.28,221934.67,92358.85,5715.36,41749.79,1086.14,53308.42,578.82,1082.81,78.59,1798.62,60.85,868.30,28.32,673.14,22.22,1455.98,88.86,0.00,32.28,138.47,24.10,706.28,21.34,27232.57,167.38,0.00,133.58,0.00,16.79,30.12,2.94,101.57,3.24,20.70,1.64,0.00,7.15,75.06,1.17,152.96,1.71,15.73,1.04,137.01,1.92,0.00,34.23,0.00,70.83,0.00,459.04,0.00,336.18,0.00,620.67,0.00,622.52,0.00,66.11,4.74,1.13,23.55,1.50,0.00,148.44,0.00,167.90,0.00,69.52
56.5,56.5,1,56.500,17/03/2026 16:50:18,28.106, , , , , , , , , , , , , , , , , , , , , , , , , , , , , , , , , , , , , , , , , , , , , , , , , , , , , , , , , , , , , , , , , , , , , , , , , , , , , , , , , , , , , , , , , , , , , , , , , , , , , , , , , , , , , , , , , , , , , , , , , , , , , , , , , , , , , , , , , , , , , , , , , , , , , , , , , , , , , , , , , , , , , , , , , , , , , , , , , , , , , , , , , , , , , , , , , , , , , , , , , , , , , , , , , , , , , , , , , , , , , , , , , , , , , , , , , , , , , , , , , , , , , , , , , , , , , , , , , , , , , , , , , , , , , , , , , , , , , , , , , , , , , , , , , , , , , , , , , , , , , , , , , , , , , , , , , , , , , , , , , , , , , , , , , , , , , , , , , , , , , , , , , , , , , , , , , , , , , , , , , , , , 
57.0,57.0,1,57.000,17/03/2026 16:50:35,26.125,,13.80, 14.88, 15.18,45.46, -2.10, 2.28,16.734, 15.497, 15.276, 14.019, 13.166, 13.107, 12.964, 12.951, 13.288, 13.727, 13.951, 14.107, 14.192, 14.352, 14.541, 14.697, 14.900, 15.023, 15.097, 15.157, 15.193, 15.164, 15.042, 14.889, 14.820, 14.670, 14.429, 14.415, 14.231, 14.097, 14.090, 13.829, 13.911, 13.630, 13.783, 13.536, 13.717, 13.531, 13.695, 13.654, 13.755, 13.866, 13.874, 14.097, 14.051, 14.254, 14.279, 14.214, 14.431, 14.289, 14.182, 14.432, 14.260, 14.073, 14.340, 14.329, 14.041, 14.216, 14.470, 14.267, 14.109, 14.413, 14.598, 14.361, 14.236, 14.537, 14.633, 14.412, 14.133, 14.290, 14.589, 14.620, 14.291, 14.060, 14.249, 14.568, 14.585, 14.289, 14.017, 14.069, 14.324, 14.492, 14.430, 14.199, 14.104, 14.252, 14.493, 14.640, 14.629, 14.494, 14.411, 14.463, 14.622, 14.761, 14.784, 14.705, 14.592, 14.533, 14.542, 14.588, 14.587, 14.512, 14.349, 14.078, 13.588, 12.927, 12.431, 12.240, 12.163, 12.004, 11.822, 11.701, 11.803, 12.127, 12.580, 13.091, 13.506, 13.744, 13.816, 13.748, 13.611, 13.526, 13.569, 13.746, 14.044, 14.412, 14.733, 14.963, 14.996, 14.868, 14.625, 14.338, 14.106, 13.960, 13.977, 14.146, 14.441, 14.732, 14.979, 15.115, 15.120, 14.932, 14.632, 14.274, 13.938, 13.656, 13.366, 13.366, 13.443, 13.629, 13.782, 13.766, 13.398, 12.315, 10.665, 9.243, 8.428, 7.929, 7.609, 7.448, 7.413, 7.547, 7.801, 8.196, 8.693, 9.264, 9.863, 10.464, 11.016, 11.478, 11.878, 12.170, 12.356, 12.421, 12.426, 12.395, 12.301, 12.205, 12.149, 12.123, 12.183, 12.292, 12.479, 12.715, 13.010, 13.262, 13.470, 13.688, 13.932, 14.097, 14.136, 14.159, 14.098, 13.928, 13.740, 13.462, 13.064, 12.655, 12.272, 11.899, 11.622, 11.433, 11.343, 11.293, 11.237, 11.294, 11.302, 11.437, 11.464, 11.709, 11.664, 11.769, 11.686, 11.876, 11.689, 11.824, 16.3,1012445.0,1239734.0,859406.05,57378.63,3579.65,24736.15,620.27,29008.90,304.80,576.03,37.56,587.82,24.78,1249.25,27.39,864.51,18.86,1669.70,65.01,0.00,20.49,146.99,18.98,545.78,16.33,23136.21,144.79,0.00,123.16,0.00,14.92,35.20,2.75,88.83,2.90,29.77,1.58,0.00,5.71,77.76,1.23,138.99,1.61,19.68,0.94,133.25,1.69,5.89,1.08,0.00,55.08,72.61,9.65,40.33,6.35,0.00,536.97,0.00,560.45,13.22,3.29,0.00,33.69,29.79,1.64,0.00,137.55,0.00,154.92,8.66,1.46,247149.98,95149.59,5936.05,46738.03,1171.98,62059.75,652.07,1319.90,86.06,1467.73,61.87,1504.85,32.99,1209.63,26.39,2785.88,108.47,0.00,36.58,214.83,27.74,784.20,23.46,33078.85,207.01,0.00,156.60,0.00,18.99,44.06,3.44,110.57,3.61,39.31,2.09,0.00,8.02,85.04,1.35,164.37,1.90,24.99,1.19,179.99,2.28,6.90,1.27,0.00,73.45,77.99,10.37,46.07,7.25,0.00,681.69,0.00,670.92,15.52,3.86,0.00,36.38,32.09,1.77,0.00,153.35,0.00,176.28,9.82,1.66
57.5,57.5,1,57.500,17/03/2026 16:51:27,26.984, , , , , , , , , , , , , , , , , , , , , , , , , , , , , , , , , , , , , , , , , , , , , , , , , , , , , , , , , , , , , , , , , , , , , , , , , , , , , , , , , , , , , , , , , , , , , , , , , , , , , , , , , , , , , , , , , , , , , , , , , , , , , , , , , , , , , , , , , , , , , , , , , , , , , , , , , , , , , , , , , , , , , , , , , , , , , , , , , , , , , , , , , , , , , , , , , , , , , , , , , , , , , , , , , , , , , , , , , , , , , , , , , , , , , , , , , , , , , , , , , , , , , , , , , , , , , , , , , , , , , , , , , , , , , , , , , , , , , , , , , , , , , , , , , , , , , , , , , , , , , , , , , , , , , , , , , , , , , , , , , , , , , , , , , , , , , , , , , , , , , , , , , , , , , , , , , , , , , , , , , , , , 
58.0,58.0,1,58.000,17/03/2026 16:51:53,25.855,,13.39, 14.45, 14.63,44.86, -2.16, 2.50,16.624, 13.864, 13.715, 13.247, 12.657, 12.304, 12.244, 12.464, 12.784, 13.231, 13.421, 13.623, 13.717, 13.872, 14.071, 14.235, 14.439, 14.583, 14.675, 14.753, 14.757, 14.683, 14.628, 14.521, 14.349, 14.242, 14.090, 13.937, 13.867, 13.695, 13.656, 13.484, 13.457, 13.303, 13.323, 13.215, 13.242, 13.229, 13.223, 13.330, 13.332, 13.457, 13.545, 13.597, 13.759, 13.807, 13.834, 13.921, 13.917, 13.884, 13.899, 13.887, 13.836, 13.818, 13.814, 13.802, 13.804, 13.813, 13.837, 13.863, 13.899, 13.907, 13.938, 13.982, 14.051, 14.040, 13.947, 13.932, 13.963, 13.988, 13.968, 13.922, 13.865, 13.863, 13.895, 13.917, 13.901, 13.828, 13.785, 13.777, 13.793, 13.823, 13.833, 13.824, 13.818, 13.860, 13.923, 13.983, 14.027, 14.052, 14.053, 14.047, 14.078, 14.134, 14.166, 14.188, 14.184, 14.146, 14.056, 13.974, 13.938, 13.925, 13.900, 13.752, 13.320, 12.584, 11.919, 11.570, 11.425, 11.367, 11.390, 11.471, 11.675, 11.945, 12.223, 12.485, 12.690, 12.853, 12.986, 13.105, 13.221, 13.343, 13.450, 13.567, 13.665, 13.758, 13.835, 13.889, 13.914, 13.915, 13.901, 13.893, 13.889, 13.889, 13.901, 13.935, 13.954, 13.956, 13.943, 13.904, 13.854, 13.776, 13.678, 13.607, 13.556, 13.522, 13.386, 13.398, 13.391, 13.343, 13.230, 12.952, 12.325, 11.096, 9.351, 7.920, 7.226, 6.959, 6.927, 7.043, 7.285, 7.589, 7.924, 8.283, 8.648, 9.020, 9.359, 9.676, 9.996, 10.295, 10.572, 10.828, 11.075, 11.295, 11.502, 11.680, 11.845, 11.987, 12.105, 12.206, 12.313, 12.394, 12.474, 12.578, 12.646, 12.683, 12.654, 12.615, 12.701, 12.747, 12.702, 12.672, 12.671, 12.614, 12.539, 12.426, 12.299, 12.089, 11.905, 11.781, 11.613, 11.520, 11.462, 11.320, 11.205, 11.146, 10.944, 10.867, 10.595, 10.561, 10.428, 10.313, 10.135, 9.896, 9.784, 9.714, 16.2,1053893.0,1232425.0,864650.80,57730.38,3317.55,24842.86,585.41,25866.55,269.35,558.84,34.25,532.44,22.23,1306.22,25.42,834.65,17.57,700.57,50.01,104.77,7.12,0.00,53.84,601.79,15.62,21779.37,128.37,0.00,110.93,0.00,11.64,18.86,2.22,82.05,2.56,28.52,1.29,0.00,5.17,74.96,1.12,119.31,1.38,19.61,0.87,92.91,1.35,3.32,0.98,0.00,50.43,0.00,413.46,0.00,285.38,0.00,483.48,0.00,513.32,0.00,49.03,0.00,28.40,13.00,1.24,38.24,3.47,0.00,135.86,0.00,61.06,237317.97,95732.89,5501.41,46939.66,1106.11,55337.21,576.23,1280.51,78.48,1329.45,55.51,1573.48,30.62,1167.85,24.58,1168.90,83.44,187.03,12.71,0.00,78.69,864.68,22.44,31138.92,183.54,0.00,141.05,0.00,14.81,23.61,2.78,102.13,3.19,37.66,1.70,0.00,7.27,81.98,1.22,141.10,1.63,24.90,1.10,125.50,1.82,3.89,1.15,0.00,67.25,0.00,444.10,0.00,326.00,0.00,613.79,0.00,614.50,0.00,57.56,0.00,30.67,14.00,1.34,42.63,3.87,0.00,154.60,0.00,69.27
58.5,58.5,1,58.500,17/03/2026 16:52:27,28.238, , , , , , , , , , , , , , , , , , , , , , , , , , , , , , , , , , , , , , , , , , , , , , , , , , , , , , , , , , , , , , , , , , , , , , , , , , , , , , , , , , , , , , , , , , , , , , , , , , , , , , , , , , , , , , , , , , , , , , , , , , , , , , , , , , , , , , , , , , , , , , , , , , , , , , , , , , , , , , , , , , , , , , , , , , , , , , , , , , , , , , , , , , , , , , , , , , , , , , , , , , , , , , , , , , , , , , , , , , , , , , , , , , , , , , , , , , , , , , , , , , , , , , , , , , , , , , , , , , , , , , , , , , , , , , , , , , , , , , , , , , , , , , , , , , , , , , , , , , , , , , , , , , , , , , , , , , , , , , , , , , , , , , , , , , , , , , , , , , , , , , , , , , , , , , , , , , , , , , , , , , , , 
59.0,59.0,1,59.000,17/03/2026 16:52:53,26.257,,14.31, 15.41, 15.58,46.18, -2.07, 2.61,16.258, 14.335, 14.667, 13.615, 13.666, 13.195, 13.050, 13.245, 13.614, 14.081, 14.325, 14.511, 14.602, 14.757, 14.917, 15.084, 15.365, 15.609, 15.645, 15.603, 15.719, 15.772, 15.500, 15.521, 15.409, 15.111, 15.194, 14.841, 14.925, 14.639, 14.706, 14.430, 14.525, 14.258, 14.395, 14.209, 14.265, 14.309, 14.200, 14.415, 14.403, 14.438, 14.688, 14.672, 14.752, 15.001, 14.953, 14.909, 15.104, 15.101, 14.888, 14.972, 15.129, 14.962, 14.791, 14.978, 15.136, 14.961, 14.823, 15.041, 15.253, 15.146, 14.959, 15.045, 15.342, 15.423, 15.141, 14.902, 14.972, 15.289, 15.411, 15.234, 14.902, 14.839, 15.064, 15.334, 15.374, 15.102, 14.797, 14.717, 14.915, 15.201, 15.366, 15.257, 14.979, 14.811, 14.883, 15.191, 15.522, 15.693, 15.590, 15.328, 15.090, 15.048, 15.242, 15.538, 15.779, 15.825, 15.636, 15.304, 15.012, 14.864, 14.861, 14.909, 14.717, 14.203, 13.605, 13.168, 12.826, 12.512, 12.331, 12.345, 12.626, 13.103, 13.633, 14.107, 14.427, 14.569, 14.593, 14.506, 14.420, 14.377, 14.428, 14.585, 14.823, 15.099, 15.386, 15.594, 15.718, 15.720, 15.639, 15.489, 15.308, 15.137, 15.036, 14.996, 15.051, 15.142, 15.231, 15.372, 15.481, 15.542, 15.531, 15.508, 15.411, 15.291, 15.011, 14.870, 14.718, 14.541, 14.303, 13.955, 13.330, 12.124, 10.461, 9.183, 8.668, 8.555, 8.635, 8.831, 9.101, 9.366, 9.633, 9.892, 10.140, 10.347, 10.545, 10.747, 10.945, 11.162, 11.416, 11.703, 12.014, 12.358, 12.705, 13.062, 13.404, 13.711, 13.987, 14.223, 14.392, 14.530, 14.606, 14.638, 14.617, 14.514, 14.329, 14.127, 14.013, 13.912, 13.733, 13.632, 13.546, 13.496, 13.478, 13.489, 13.491, 13.370, 13.367, 13.373, 13.407, 13.527, 13.678, 13.692, 13.747, 13.681, 13.566, 13.484, 13.315, 13.102, 12.750, 12.517, 12.115, 11.780, 11.519, 11.352, 16.2,1065247.0,1206048.0,870512.62,52289.11,3314.17,21790.18,560.70,26287.94,272.71,625.65,35.16,664.31,23.17,1328.50,25.50,854.35,17.25,1049.36,54.41,35.18,6.37,86.23,16.25,727.22,17.22,23224.26,136.75,0.00,110.86,0.00,15.44,35.14,2.59,75.54,2.50,20.16,1.22,0.00,5.23,76.13,1.14,121.22,1.41,11.74,0.83,103.78,1.43,0.00,29.63,0.00,51.06,0.00,425.92,0.00,295.56,0.00,491.61,50.49,9.65,0.00,45.29,0.00,23.99,14.34,1.29,16.57,3.62,0.00,141.35,0.00,63.19,226838.26,86709.77,5495.81,41171.73,1059.42,56238.71,583.42,1433.59,80.56,1658.72,57.85,1600.32,30.72,1195.41,24.14,1750.85,90.78,62.80,11.37,126.03,23.75,1044.90,24.74,33204.74,195.52,0.00,140.96,0.00,19.65,43.99,3.24,94.03,3.11,26.62,1.61,0.00,7.35,83.26,1.25,143.35,1.67,14.91,1.05,140.18,1.93,0.00,34.73,0.00,68.09,0.00,457.49,0.00,337.63,0.00,624.11,60.44,11.55,0.00,53.17,0.00,25.90,15.45,1.39,18.47,4.04,0.00,160.84,0.00,71.68
59.5,59.5,1,59.500,17/03/2026 16:53:36,26.847, , , , , , , , , , , , , , , , , , , , , , , , , , , , , , , , , , , , , , , , , , , , , , , , , , , , , , , , , , , , , , , , , , , , , , , , , , , , , , , , , , , , , , , , , , , , , , , , , , , , , , , , , , , , , , , , , , , , , , , , , , , , , , , , , , , , , , , , , , , , , , , , , , , , , , , , , , , , , , , , , , , , , , , , , , , , , , , , , , , , , , , , , , , , , , , , , , , , , , , , , , , , , , , , , , , , , , , , , , , , , , , , , , , , , , , , , , , , , , , , , , , , , , , , , , , , , , , , , , , , , , , , , , , , , , , , , , , , , , , , , , , , , , , , , , , , , , , , , , , , , , , , , , , , , , , , , , , , , , , , , , , , , , , , , , , , , , , , , , , , , , , , , , , , , , , , , , , , , , , , , , , , 
60.0,60.0,1,60.000,17/03/2026 16:53:54,26.651,,14.41, 15.55, 15.82,46.38, -2.24, 2.41,19.481, 16.017, 15.315, 14.296, 14.095, 13.697, 13.375, 13.527, 13.851, 14.249, 14.507, 14.706, 14.841, 15.030, 15.179, 15.348, 15.564, 15.758, 15.853, 15.833, 15.843, 15.878, 15.693, 15.595, 15.512, 15.230, 15.189, 14.951, 14.893, 14.721, 14.640, 14.489, 14.404, 14.302, 14.237, 14.220, 14.152, 14.190, 14.201, 14.198, 14.384, 14.383, 14.472, 14.691, 14.681, 14.766, 14.958, 14.894, 14.861, 15.014, 14.954, 14.811, 14.891, 14.960, 14.819, 14.749, 14.892, 14.960, 14.859, 14.822, 14.965, 15.061, 15.035, 14.985, 15.050, 15.167, 15.086, 15.014, 14.926, 14.981, 15.097, 15.136, 15.022, 14.880, 14.844, 14.947, 15.069, 15.060, 14.933, 14.769, 14.725, 14.832, 14.988, 15.079, 15.041, 14.956, 14.896, 14.937, 15.075, 15.240, 15.313, 15.324, 15.251, 15.195, 15.190, 15.228, 15.304, 15.329, 15.301, 15.211, 15.120, 15.051, 14.958, 14.772, 14.325, 13.587, 12.923, 12.573, 12.449, 12.374, 12.362, 12.412, 12.600, 12.881, 13.181, 13.475, 13.711, 13.903, 14.076, 14.225, 14.360, 14.496, 14.632, 14.762, 14.854, 14.926, 14.971, 14.983, 14.987, 14.989, 14.989, 15.021, 15.062, 15.110, 15.169, 15.243, 15.285, 15.281, 15.207, 15.128, 14.998, 14.850, 14.709, 14.624, 14.578, 14.571, 14.434, 14.515, 14.549, 14.552, 14.463, 14.164, 13.506, 12.145, 10.239, 8.693, 7.905, 7.588, 7.504, 7.599, 7.814, 8.135, 8.508, 8.901, 9.322, 9.762, 10.171, 10.559, 10.922, 11.266, 11.591, 11.883, 12.157, 12.385, 12.600, 12.776, 12.935, 13.066, 13.155, 13.254, 13.326, 13.395, 13.454, 13.530, 13.594, 13.646, 13.605, 13.591, 13.674, 13.733, 13.745, 13.772, 13.782, 13.793, 13.814, 13.779, 13.630, 13.412, 13.264, 13.081, 12.910, 12.800, 12.725, 12.616, 12.427, 12.228, 12.063, 11.819, 11.544, 11.428, 11.251, 11.028, 10.884, 10.661, 10.413, 10.443, 16.3,1094147.0,1205257.0,891072.16,27911.09,2953.27,24602.88,574.66,25939.99,263.88,484.82,32.58,527.10,21.59,1488.63,25.48,951.50,17.69,1466.66,57.32,62.16,6.59,120.80,16.11,798.92,17.51,24036.15,134.99,0.00,111.96,0.00,15.37,7.51,2.06,97.29,2.78,16.43,1.27,0.00,4.71,73.97,1.11,132.05,1.45,11.64,0.82,101.84,1.40,0.00,29.07,0.00,49.84,0.00,419.17,29.22,5.99,0.00,481.42,0.00,505.84,0.00,54.92,0.00,24.39,22.43,1.41,44.78,3.45,0.00,132.50,0.00,62.14,192713.55,46284.28,4897.34,46486.22,1085.80,55494.33,564.53,1110.90,74.65,1316.12,53.91,1793.21,30.69,1331.34,24.75,2447.11,95.64,110.97,11.76,176.56,23.55,1147.92,25.16,34365.54,193.00,0.00,142.36,0.00,19.56,9.40,2.58,121.10,3.46,21.69,1.68,0.00,6.62,80.89,1.21,156.16,1.71,14.78,1.04,137.56,1.89,0.00,34.08,0.00,66.46,0.00,450.24,33.38,6.84,0.00,611.17,0.00,605.54,0.00,64.48,0.00,26.34,24.16,1.52,49.92,3.85,0.00,150.77,0.00,70.49
60.5,60.5,1,60.500,17/03/2026 16:54:37,27.313,1157878.040, , , , , , , , , , , , , , , , , , , , , , , , , , , , , , , , , , , , , , , , , , , , , , , , , , , , , , , , , , , , , , , , , , , , , , , , , , , , , , , , , , , , , , , , , , , , , , , , , , , , , , , , , , , , , , , , , , , , , , , , , , , , , , , , , , , , , , , , , , , , , , , , , , , , , , , , , , , , , , , , , , , , , , , , , , , , , , , , , , , , , , , , , , , , , , , , , , , , , , , , , , , , , , , , , , , , , , , , , , , , , , , , , , , , , , , , , , , , , , , , , , , , , , , , , , , , , , , , , , , , , , , , , , , , , , , , , , , , , , , , , , , , , , , , , , , , , , , , , , , , , , , , , , , , , , , , , , , , , , , , , , , , , , , , , , , , , , , , , , , , , , , , , , , , , , , , , , , , , , , , , , , 
61.0,61.0,1,61.000,17/03/2026 16:54:54,26.655,,15.02, 16.19, 16.59,47.22, -2.16, 2.17,18.685, 16.504, 16.044, 15.222, 14.782, 14.292, 14.123, 14.307, 14.572, 14.983, 15.240, 15.431, 15.540, 15.685, 15.820, 16.003, 16.294, 16.474, 16.363, 16.480, 16.641, 16.306, 16.439, 16.201, 16.056, 15.974, 15.667, 15.699, 15.396, 15.404, 15.240, 15.042, 15.178, 14.698, 15.084, 14.682, 14.763, 14.978, 14.610, 14.944, 15.092, 14.848, 15.190, 15.446, 15.221, 15.376, 15.767, 15.603, 15.383, 15.693, 15.847, 15.483, 15.356, 15.687, 15.780, 15.435, 15.307, 15.639, 15.873, 15.649, 15.413, 15.572, 15.930, 16.018, 15.789, 15.606, 15.582, 15.877, 15.945, 15.742, 15.551, 15.582, 15.761, 15.894, 15.850, 15.640, 15.534, 15.542, 15.676, 15.760, 15.726, 15.609, 15.503, 15.508, 15.622, 15.814, 15.966, 16.005, 15.951, 15.843, 15.776, 15.801, 15.938, 16.134, 16.301, 16.351, 16.234, 16.018, 15.774, 15.613, 15.623, 15.747, 15.882, 15.850, 15.372, 14.428, 13.491, 12.890, 12.598, 12.460, 12.540, 12.773, 13.199, 13.719, 14.172, 14.496, 14.638, 14.650, 14.629, 14.619, 14.672, 14.834, 15.088, 15.405, 15.742, 16.028, 16.242, 16.345, 16.317, 16.187, 15.998, 15.807, 15.653, 15.562, 15.562, 15.648, 15.802, 15.948, 16.082, 16.206, 16.278, 16.254, 16.185, 16.062, 15.920, 15.741, 15.390, 15.259, 15.115, 14.969, 14.763, 14.401, 13.671, 12.280, 10.351, 8.886, 8.278, 8.113, 8.183, 8.398, 8.686, 9.006, 9.329, 9.663, 9.974, 10.262, 10.523, 10.776, 11.031, 11.293, 11.551, 11.824, 12.121, 12.413, 12.750, 13.060, 13.367, 13.696, 13.994, 14.277, 14.530, 14.739, 14.909, 15.047, 15.131, 15.125, 15.032, 14.865, 14.790, 14.710, 14.519, 14.361, 14.252, 14.103, 13.977, 13.878, 13.669, 13.411, 13.247, 13.099, 12.995, 12.978, 13.029, 13.034, 13.024, 13.067, 13.026, 13.053, 12.965, 12.870, 12.680, 12.505, 12.465, 12.093, 11.972, 11.638, 16.3,1048859.0,1206481.0,861838.91,56673.10,3441.05,22936.43,586.22,27377.27,286.07,464.54,34.44,682.60,24.14,1609.86,27.77,979.28,18.89,1272.45,58.34,80.53,7.22,0.00,64.10,839.49,18.80,24563.14,148.10,0.00,121.98,0.00,13.97,41.43,2.78,104.17,2.99,30.96,1.54,0.00,5.21,95.49,1.32,148.44,1.63,12.71,0.89,120.04,1.58,4.58,1.03,0.00,52.70,63.14,9.54,0.00,304.59,0.00,513.34,0.00,536.11,0.00,55.00,0.00,25.70,28.91,1.58,32.51,3.80,0.00,143.68,0.00,61.05,241377.86,93979.63,5706.21,43337.53,1107.64,58569.15,612.00,1064.43,78.91,1704.39,60.28,1939.24,33.45,1370.21,26.43,2123.07,97.34,143.76,12.89,0.00,93.69,1206.21,27.01,35119.00,211.75,0.00,155.10,0.00,17.78,51.86,3.48,129.66,3.72,40.88,2.03,0.00,7.32,104.43,1.44,175.55,1.93,16.14,1.13,162.15,2.13,5.37,1.21,0.00,70.27,67.82,10.25,0.00,347.94,0.00,651.69,0.00,641.78,0.00,64.57,0.00,27.75,31.14,1.70,36.24,4.24,0.00,163.49,0.00,69.26
61.5,61.5,1,61.500,17/03/2026 16:55:37,27.844, , , , , , , , , , , , , , , , , , , , , , , , , , , , , , , , , , , , , , , , , , , , , , , , , , , , , , , , , , , , , , , , , , , , , , , , , , , , , , , , , , , , , , , , , , , , , , , , , , , , , , , , , , , , , , , , , , , , , , , , , , , , , , , , , , , , , , , , , , , , , , , , , , , , , , , , , , , , , , , , , , , , , , , , , , , , , , , , , , , , , , , , , , , , , , , , , , , , , , , , , , , , , , , , , , , , , , , , , , , , , , , , , , , , , , , , , , , , , , , , , , , , , , , , , , , , , , , , , , , , , , , , , , , , , , , , , , , , , , , , , , , , , , , , , , , , , , , , , , , , , , , , , , , , , , , , , , , , , , , , , , , , , , , , , , , , , , , , , , , , , , , , , , , , , , , , , , , , , , , , , , , , 
62.0,62.0,1,62.000,17/03/2026 16:55:55,28.107,,16.00, 17.26, 17.82,48.59, -2.32, 1.96,22.123, 18.604, 17.645, 16.278, 15.929, 15.377, 15.324, 15.306, 15.629, 16.056, 16.390, 16.596, 16.688, 16.795, 16.955, 17.165, 17.445, 17.615, 17.503, 17.592, 17.713, 17.444, 17.418, 17.318, 17.006, 16.989, 16.616, 16.668, 16.313, 16.368, 16.034, 16.089, 15.807, 15.802, 15.710, 15.597, 15.660, 15.540, 15.632, 15.682, 15.690, 15.858, 15.923, 16.005, 16.179, 16.248, 16.290, 16.375, 16.382, 16.371, 16.369, 16.355, 16.299, 16.294, 16.313, 16.263, 16.221, 16.256, 16.376, 16.389, 16.303, 16.271, 16.411, 16.598, 16.587, 16.451, 16.268, 16.313, 16.480, 16.618, 16.520, 16.304, 16.142, 16.208, 16.430, 16.578, 16.532, 16.263, 15.989, 15.898, 16.038, 16.335, 16.528, 16.504, 16.289, 16.065, 15.991, 16.129, 16.440, 16.735, 16.853, 16.768, 16.553, 16.353, 16.257, 16.310, 16.475, 16.636, 16.705, 16.652, 16.521, 16.354, 16.127, 15.812, 15.259, 14.466, 13.833, 13.581, 13.546, 13.548, 13.562, 13.587, 13.706, 13.908, 14.134, 14.355, 14.574, 14.794, 15.072, 15.353, 15.637, 15.890, 16.085, 16.205, 16.252, 16.225, 16.165, 16.079, 15.989, 15.926, 15.939, 16.023, 16.166, 16.350, 16.546, 16.711, 16.817, 16.806, 16.685, 16.533, 16.320, 16.082, 15.858, 15.670, 15.556, 15.490, 15.323, 15.441, 15.540, 15.641, 15.630, 15.387, 14.696, 13.216, 11.094, 9.348, 8.487, 8.107, 8.004, 8.088, 8.315, 8.624, 8.981, 9.401, 9.831, 10.273, 10.710, 11.160, 11.593, 11.998, 12.390, 12.745, 13.084, 13.361, 13.603, 13.795, 13.946, 14.075, 14.190, 14.254, 14.324, 14.371, 14.450, 14.491, 14.558, 14.606, 14.553, 14.522, 14.552, 14.587, 14.562, 14.554, 14.582, 14.579, 14.530, 14.536, 14.413, 14.226, 14.073, 13.964, 13.791, 13.670, 13.573, 13.460, 13.257, 13.125, 12.938, 12.691, 12.473, 12.101, 12.055, 11.819, 11.543, 11.260, 11.178, 11.041, 16.3,1091955.0,1226521.0,873140.64,50649.46,3293.92,20301.89,543.95,23428.17,255.20,402.28,32.00,363.94,20.97,1068.34,23.87,885.39,17.15,1507.24,58.63,0.00,20.27,79.27,15.78,742.72,17.26,26906.81,155.92,0.00,127.39,0.00,15.15,57.83,2.99,107.91,2.95,33.79,1.43,0.00,4.10,71.79,1.11,117.28,1.40,12.83,0.85,103.57,1.45,0.00,29.43,0.00,50.55,0.00,426.15,0.00,296.47,0.00,498.51,0.00,526.71,0.00,42.41,0.00,22.12,18.82,1.38,0.00,126.65,0.00,142.00,0.00,56.45,219640.09,83990.77,5462.23,38359.66,1027.77,50120.70,545.96,921.77,73.32,908.72,52.36,1286.93,28.75,1238.84,24.00,2514.82,97.82,0.00,36.19,115.86,23.06,1067.17,24.80,38469.85,222.93,0.00,161.97,0.00,19.28,72.39,3.74,134.32,3.67,44.61,1.89,0.00,5.76,78.51,1.21,138.70,1.66,16.29,1.08,139.90,1.96,0.00,34.50,0.00,67.41,0.00,457.73,0.00,338.67,0.00,632.87,0.00,630.53,0.00,49.79,0.00,23.88,20.27,1.49,0.00,141.19,0.00,161.58,0.00,64.04
62.5,62.5,1,62.500,17/03/2026 16:56:47,26.789, , , , , , , , , , , , , , , , , , , , , , , , , , , , , , , , , , , , , , , , , , , , , , , , , , , , , , , , , , , , , , , , , , , , , , , , , , , , , , , , , , , , , , , , , , , , , , , , , , , , , , , , , , , , , , , , , , , , , , , , , , , , , , , , , , , , , , , , , , , , , , , , , , , , , , , , , , , , , , , , , , , , , , , , , , , , , , , , , , , , , , , , , , , , , , , , , , , , , , , , , , , , , , , , , , , , , , , , , , , , , , , , , , , , , , , , , , , , , , , , , , , , , , , , , , , , , , , , , , , , , , , , , , , , , , , , , , , , , , , , , , , , , , , , , , , , , , , , , , , , , , , , , , , , , , , , , , , , , , , , , , , , , , , , , , , , , , , , , , , , , , , , , , , , , , , , , , , , , , , , , , , , 
63.0,63.0,1,63.000,17/03/2026 16:57:12,26.852,,14.91, 16.08, 16.33,47.08, -2.24, 2.50,16.453, 16.270, 14.550, 14.113, 14.083, 13.654, 13.734, 13.897, 14.262, 14.744, 14.996, 15.188, 15.306, 15.541, 15.734, 15.869, 16.066, 16.311, 16.333, 16.381, 16.450, 16.302, 16.320, 16.081, 16.072, 15.756, 15.748, 15.452, 15.457, 15.245, 15.161, 15.114, 14.842, 14.925, 14.778, 14.669, 14.855, 14.626, 14.688, 14.953, 14.775, 14.872, 15.215, 15.182, 15.108, 15.457, 15.581, 15.362, 15.387, 15.614, 15.582, 15.346, 15.329, 15.493, 15.495, 15.385, 15.267, 15.400, 15.529, 15.563, 15.493, 15.378, 15.507, 15.669, 15.740, 15.731, 15.546, 15.445, 15.548, 15.659, 15.736, 15.753, 15.559, 15.351, 15.383, 15.546, 15.658, 15.714, 15.610, 15.357, 15.153, 15.197, 15.411, 15.605, 15.705, 15.753, 15.721, 15.593, 15.475, 15.514, 15.655, 15.816, 15.957, 16.077, 16.178, 16.138, 15.945, 15.667, 15.415, 15.336, 15.433, 15.586, 15.688, 15.593, 15.042, 14.009, 12.977, 12.281, 11.886, 11.706, 11.773, 12.045, 12.545, 13.113, 13.649, 14.062, 14.317, 14.436, 14.453, 14.383, 14.319, 14.328, 14.471, 14.760, 15.106, 15.480, 15.808, 16.007, 16.104, 16.103, 16.052, 15.966, 15.837, 15.676, 15.526, 15.388, 15.305, 15.245, 15.244, 15.329, 15.430, 15.536, 15.596, 15.656, 15.678, 15.678, 15.441, 15.441, 15.372, 15.220, 14.945, 14.406, 13.377, 11.584, 9.277, 7.544, 6.757, 6.497, 6.511, 6.728, 7.100, 7.560, 8.091, 8.628, 9.167, 9.680, 10.141, 10.566, 10.947, 11.264, 11.551, 11.811, 12.033, 12.206, 12.333, 12.453, 12.537, 12.629, 12.710, 12.833, 12.966, 13.120, 13.336, 13.554, 13.796, 13.993, 14.124, 14.223, 14.371, 14.507, 14.494, 14.489, 14.481, 14.446, 14.333, 14.211, 13.993, 13.696, 13.408, 13.136, 12.876, 12.656, 12.439, 12.204, 11.910, 11.660, 11.358, 11.109, 10.793, 10.602, 10.311, 10.096, 9.980, 9.862, 9.753, 9.685, 16.3,1027016.0,1130720.0,866894.99,60127.01,3532.38,22616.45,584.29,24285.99,269.87,529.70,35.39,366.40,22.36,404.15,22.29,576.43,16.34,1111.82,56.25,71.49,7.02,0.00,62.38,540.28,15.46,21888.31,134.50,0.00,113.96,0.00,14.13,9.35,2.12,101.01,2.87,19.13,1.33,0.00,4.98,78.98,1.19,149.20,1.62,14.37,0.87,107.49,1.49,4.36,1.02,0.00,53.46,0.00,431.10,48.30,6.00,0.00,500.12,0.00,519.10,0.00,47.96,0.00,29.29,22.56,1.45,32.24,3.66,0.00,142.77,0.00,70.15,232581.09,99707.17,5857.66,42732.94,1103.99,51955.87,577.34,1213.74,81.09,914.87,55.83,486.84,26.85,806.54,22.86,1855.06,93.85,127.62,12.53,0.00,91.17,776.30,22.21,31294.68,192.30,0.00,144.90,0.00,17.98,11.70,2.65,125.73,3.57,25.26,1.76,0.00,7.00,86.37,1.30,176.44,1.92,18.25,1.10,145.19,2.01,5.11,1.20,0.00,71.29,0.00,463.05,55.17,6.85,0.00,634.91,0.00,621.42,0.00,56.31,0.00,31.63,24.30,1.56,35.94,4.08,0.00,162.46,0.00,79.58
63.5,63.5,1,63.500,17/03/2026 16:57:47,26.457, , , , , , , , , , , , , , , , , , , , , , , , , , , , , , , , , , , , , , , , , , , , , , , , , , , , , , , , , , , , , , , , , , , , , , , , , , , , , , , , , , , , , , , , , , , , , , , , , , , , , , , , , , , , , , , , , , , , , , , , , , , , , , , , , , , , , , , , , , , , , , , , , , , , , , , , , , , , , , , , , , , , , , , , , , , , , , , , , , , , , , , , , , , , , , , , , , , , , , , , , , , , , , , , , , , , , , , , , , , , , , , , , , , , , , , , , , , , , , , , , , , , , , , , , , , , , , , , , , , , , , , , , , , , , , , , , , , , , , , , , , , , , , , , , , , , , , , , , , , , , , , , , , , , , , , , , , , , , , , , , , , , , , , , , , , , , , , , , , , , , , , , , , , , , , , , , , , , , , , , , , , , 
64.0,64.0,1,64.000,17/03/2026 16:58:13,25.396,,14.55, 15.68, 15.80,46.55, -2.15, 2.75,17.346, 15.007, 15.175, 13.572, 13.299, 13.400, 13.179, 13.415, 13.770, 14.257, 14.528, 14.710, 14.812, 14.980, 15.205, 15.452, 15.635, 15.751, 15.975, 15.959, 15.942, 16.071, 15.773, 15.880, 15.553, 15.566, 15.252, 15.308, 14.951, 15.112, 14.709, 14.855, 14.613, 14.502, 14.660, 14.302, 14.525, 14.503, 14.321, 14.626, 14.640, 14.567, 14.835, 14.992, 14.941, 15.038, 15.247, 15.261, 15.128, 15.167, 15.296, 15.255, 15.066, 15.049, 15.185, 15.227, 15.088, 15.009, 15.150, 15.311, 15.285, 15.150, 15.172, 15.322, 15.436, 15.446, 15.319, 15.276, 15.268, 15.340, 15.389, 15.363, 15.291, 15.243, 15.204, 15.194, 15.227, 15.219, 15.192, 15.166, 15.131, 15.105, 15.099, 15.113, 15.152, 15.241, 15.347, 15.444, 15.496, 15.459, 15.379, 15.319, 15.361, 15.471, 15.626, 15.763, 15.788, 15.670, 15.442, 15.204, 15.064, 15.049, 15.073, 14.982, 14.528, 13.671, 12.848, 12.352, 12.079, 11.900, 11.855, 11.946, 12.228, 12.631, 13.059, 13.456, 13.760, 13.983, 14.151, 14.261, 14.371, 14.503, 14.647, 14.784, 14.909, 15.030, 15.113, 15.173, 15.210, 15.238, 15.261, 15.277, 15.299, 15.351, 15.426, 15.500, 15.549, 15.544, 15.437, 15.328, 15.183, 15.012, 14.833, 14.715, 14.658, 14.638, 14.488, 14.563, 14.622, 14.651, 14.566, 14.259, 13.482, 11.960, 9.854, 8.187, 7.383, 7.032, 6.918, 6.959, 7.135, 7.376, 7.706, 8.089, 8.511, 8.952, 9.424, 9.875, 10.335, 10.782, 11.208, 11.583, 11.955, 12.276, 12.554, 12.785, 12.989, 13.127, 13.251, 13.317, 13.362, 13.387, 13.375, 13.404, 13.389, 13.336, 13.274, 13.187, 13.252, 13.301, 13.298, 13.333, 13.422, 13.437, 13.504, 13.533, 13.444, 13.311, 13.177, 13.060, 12.943, 12.863, 12.820, 12.720, 12.522, 12.360, 12.083, 11.785, 11.553, 11.189, 10.899, 10.606, 10.220, 9.949, 9.775, 9.517, 16.3,1056031.0,1129472.0,891792.37,40819.97,3341.73,21795.09,571.54,24238.26,266.83,422.09,33.89,582.32,23.67,72.14,20.67,377.34,14.98,671.69,50.50,27.74,6.37,0.00,54.62,497.13,14.76,18229.77,111.59,0.00,105.80,0.00,12.89,25.40,2.36,91.77,2.71,38.01,1.35,0.00,5.26,67.87,1.06,131.49,1.46,14.32,0.83,91.34,1.37,3.32,0.99,0.00,52.81,0.00,426.48,0.00,297.88,0.00,485.89,0.00,520.03,0.00,54.72,0.00,25.20,10.55,1.21,0.00,135.44,0.00,149.60,0.00,62.59,192292.75,67690.77,5541.51,41181.01,1079.90,51853.76,570.84,967.16,77.65,1454.00,59.10,86.90,24.90,527.98,20.96,1120.71,84.26,49.52,11.37,0.00,79.83,714.30,21.21,26063.90,159.55,0.00,134.52,0.00,16.40,31.80,2.95,114.23,3.37,50.19,1.78,0.00,7.39,74.22,1.16,155.50,1.73,18.19,1.05,123.38,1.85,3.89,1.16,0.00,70.42,0.00,458.09,0.00,340.28,0.00,616.85,0.00,622.53,0.00,64.24,0.00,27.21,11.36,1.30,0.00,150.99,0.00,170.23,0.00,71.00
64.5,64.5,1,64.500,17/03/2026 16:58:56,24.536, , , , , , , , , , , , , , , , , , , , , , , , , , , , , , , , , , , , , , , , , , , , , , , , , , , , , , , , , , , , , , , , , , , , , , , , , , , , , , , , , , , , , , , , , , , , , , , , , , , , , , , , , , , , , , , , , , , , , , , , , , , , , , , , , , , , , , , , , , , , , , , , , , , , , , , , , , , , , , , , , , , , , , , , , , , , , , , , , , , , , , , , , , , , , , , , , , , , , , , , , , , , , , , , , , , , , , , , , , , , , , , , , , , , , , , , , , , , , , , , , , , , , , , , , , , , , , , , , , , , , , , , , , , , , , , , , , , , , , , , , , , , , , , , , , , , , , , , , , , , , , , , , , , , , , , , , , , , , , , , , , , , , , , , , , , , , , , , , , , , , , , , , , , , , , , , , , , , , , , , , , , , 
65.0,65.0,1,65.000,17/03/2026 16:59:13,24.802,,13.79, 14.83, 14.87,45.40, -1.94, 2.87,14.758, 13.369, 13.679, 13.032, 12.766, 12.583, 12.454, 12.641, 12.970, 13.491, 13.622, 13.790, 13.926, 14.139, 14.389, 14.549, 14.667, 14.921, 15.035, 14.981, 15.196, 15.066, 14.972, 15.052, 14.690, 14.859, 14.428, 14.645, 14.228, 14.428, 14.097, 14.161, 14.074, 13.857, 14.091, 13.785, 13.900, 14.029, 13.773, 14.050, 14.183, 13.982, 14.295, 14.526, 14.299, 14.478, 14.831, 14.622, 14.446, 14.783, 14.875, 14.511, 14.436, 14.778, 14.837, 14.488, 14.384, 14.724, 14.953, 14.751, 14.488, 14.590, 14.969, 15.126, 14.909, 14.642, 14.646, 14.947, 15.175, 15.096, 14.803, 14.616, 14.685, 14.953, 15.124, 15.055, 14.801, 14.564, 14.535, 14.675, 14.875, 15.000, 14.948, 14.774, 14.583, 14.556, 14.739, 15.031, 15.264, 15.352, 15.254, 15.045, 14.878, 14.861, 14.996, 15.227, 15.402, 15.447, 15.311, 15.073, 14.834, 14.661, 14.533, 14.365, 13.873, 13.056, 12.336, 11.958, 11.794, 11.652, 11.570, 11.551, 11.741, 12.055, 12.456, 12.853, 13.188, 13.482, 13.746, 13.955, 14.132, 14.278, 14.381, 14.472, 14.579, 14.675, 14.744, 14.799, 14.845, 14.863, 14.914, 14.969, 15.034, 15.113, 15.167, 15.227, 15.255, 15.217, 15.137, 15.050, 14.921, 14.774, 14.610, 14.502, 14.434, 14.427, 14.263, 14.336, 14.387, 14.371, 14.238, 13.851, 13.010, 11.418, 9.332, 7.726, 6.979, 6.657, 6.575, 6.669, 6.874, 7.160, 7.504, 7.894, 8.321, 8.758, 9.189, 9.619, 10.026, 10.400, 10.759, 11.066, 11.371, 11.619, 11.895, 12.133, 12.350, 12.548, 12.754, 12.913, 13.063, 13.199, 13.303, 13.402, 13.462, 13.477, 13.434, 13.374, 13.424, 13.430, 13.394, 13.343, 13.303, 13.230, 13.164, 13.044, 12.864, 12.613, 12.345, 12.221, 12.045, 11.991, 11.927, 11.805, 11.715, 11.590, 11.419, 11.253, 11.114, 10.936, 10.760, 10.539, 10.235, 10.174, 9.938, 9.734, 16.2,1032442.0,1109461.0,879231.80,51478.04,3440.57,24689.34,599.35,24630.41,270.20,248.00,31.69,636.67,24.06,0.00,792.37,285.35,14.85,534.67,48.60,22.20,6.06,170.30,17.51,514.84,15.04,17074.92,106.34,0.00,99.86,0.00,14.23,21.44,2.27,72.07,2.40,18.17,1.16,0.00,4.50,74.58,1.12,140.54,1.51,9.73,0.79,96.74,1.38,0.00,29.80,0.00,52.52,0.00,424.74,0.00,296.65,0.00,485.95,0.00,507.68,0.00,46.81,0.00,27.48,12.71,1.23,37.44,3.51,0.00,140.86,0.00,67.57,214184.19,85364.79,5705.41,46649.59,1132.45,52692.70,578.05,568.26,72.61,1589.70,60.08,0.00,954.49,399.26,20.78,892.09,81.09,39.63,10.82,248.90,25.59,739.74,21.61,24412.76,152.04,0.00,126.97,0.00,18.11,26.84,2.84,89.71,2.99,23.99,1.53,0.00,6.32,81.56,1.22,166.20,1.79,12.36,1.00,130.67,1.86,0.00,34.93,0.00,70.03,0.00,456.22,0.00,338.87,0.00,616.92,0.00,607.74,0.00,54.96,0.00,29.67,13.69,1.32,41.74,3.91,0.00,160.29,0.00,76.65
65.5,65.5,1,65.500,17/03/2026 16:59:57,21.300,1157878.172, , , , , , , , , , , , , , , , , , , , , , , , , , , , , , , , , , , , , , , , , , , , , , , , , , , , , , , , , , , , , , , , , , , , , , , , , , , , , , , , , , , , , , , , , , , , , , , , , , , , , , , , , , , , , , , , , , , , , , , , , , , , , , , , , , , , , , , , , , , , , , , , , , , , , , , , , , , , , , , , , , , , , , , , , , , , , , , , , , , , , , , , , , , , , , , , , , , , , , , , , , , , , , , , , , , , , , , , , , , , , , , , , , , , , , , , , , , , , , , , , , , , , , , , , , , , , , , , , , , , , , , , , , , , , , , , , , , , , , , , , , , , , , , , , , , , , , , , , , , , , , , , , , , , , , , , , , , , , , , , , , , , , , , , , , , , , , , , , , , , , , , , , , , , , , , , , , , , , , , , , , , 
66.0,66.0,1,66.000,17/03/2026 17:00:14,25.333,,13.11, 14.02, 14.18,44.26, -1.40, 2.51,16.847, 14.617, 13.806, 13.029, 12.421, 12.290, 12.160, 12.237, 12.468, 12.904, 13.005, 13.142, 13.234, 13.387, 13.549, 13.651, 13.802, 13.990, 14.185, 14.181, 14.168, 14.315, 14.172, 14.110, 14.138, 13.871, 14.005, 13.713, 13.858, 13.601, 13.747, 13.483, 13.650, 13.392, 13.583, 13.444, 13.472, 13.630, 13.433, 13.733, 13.744, 13.673, 14.061, 14.014, 13.966, 14.363, 14.336, 14.135, 14.430, 14.562, 14.236, 14.247, 14.585, 14.507, 14.169, 14.286, 14.646, 14.606, 14.309, 14.341, 14.724, 14.844, 14.623, 14.427, 14.656, 14.994, 14.944, 14.699, 14.403, 14.519, 14.896, 15.077, 14.888, 14.493, 14.341, 14.577, 14.965, 15.127, 14.902, 14.499, 14.238, 14.354, 14.750, 15.089, 15.155, 14.947, 14.635, 14.468, 14.595, 14.956, 15.345, 15.542, 15.483, 15.228, 14.919, 14.737, 14.776, 14.993, 15.212, 15.372, 15.382, 15.211, 14.853, 14.281, 13.371, 12.295, 11.563, 11.386, 11.500, 11.642, 11.724, 11.739, 11.775, 11.847, 11.963, 12.176, 12.487, 12.909, 13.413, 13.894, 14.328, 14.664, 14.849, 14.905, 14.812, 14.644, 14.458, 14.327, 14.300, 14.393, 14.600, 14.889, 15.193, 15.482, 15.711, 15.822, 15.824, 15.662, 15.354, 14.995, 14.583, 14.202, 13.942, 13.815, 13.859, 14.024, 14.157, 14.468, 14.735, 14.907, 14.876, 14.489, 13.530, 11.688, 9.313, 7.509, 6.558, 6.064, 5.817, 5.786, 5.923, 6.240, 6.668, 7.215, 7.824, 8.487, 9.136, 9.770, 10.348, 10.864, 11.290, 11.640, 11.919, 12.101, 12.214, 12.252, 12.247, 12.202, 12.161, 12.125, 12.112, 12.153, 12.234, 12.390, 12.590, 12.790, 12.946, 13.104, 13.402, 13.660, 13.839, 13.969, 14.078, 14.119, 14.085, 13.993, 13.764, 13.422, 13.048, 12.642, 12.226, 11.898, 11.524, 11.187, 10.733, 10.393, 9.994, 9.670, 9.373, 9.138, 8.883, 8.760, 8.674, 8.646, 8.669, 8.566, 16.2,1107812.0,1117292.0,880197.91,61522.66,3403.14,18251.17,516.20,22940.01,250.46,535.77,33.32,493.01,21.75,138.85,19.47,264.33,13.19,214.20,42.54,43.68,6.12,62.97,14.52,365.05,12.49,14482.71,89.65,0.00,85.99,0.00,12.19,36.38,2.38,47.10,1.92,26.35,1.14,0.00,4.52,58.27,0.95,123.12,1.33,14.26,0.76,90.29,1.27,3.60,0.93,0.00,50.67,0.00,408.30,0.00,279.57,40.46,7.99,0.00,481.56,0.00,43.01,0.00,24.38,8.21,1.09,33.01,3.34,0.00,136.08,6.64,1.21,210934.16,102021.54,5643.34,34484.90,975.34,49076.36,535.82,1227.64,76.35,1231.00,54.31,167.26,23.45,369.85,18.46,357.39,70.98,77.98,10.93,92.03,21.22,524.52,17.95,20706.57,128.18,0.00,109.33,0.00,15.51,45.54,2.98,58.63,2.39,34.79,1.51,0.00,6.35,63.72,1.04,145.60,1.57,18.11,0.97,121.96,1.72,4.22,1.09,0.00,67.57,0.00,438.56,0.00,319.36,51.36,10.14,0.00,576.48,0.00,50.50,0.00,26.32,8.84,1.17,36.80,3.72,0.00,154.85,7.53,1.37
66.5,66.5,1,66.500,17/03/2026 17:00:57,27.185, , , , , , , , , , , , , , , , , , , , , , , , , , , , , , , , , , , , , , , , , , , , , , , , , , , , , , , , , , , , , , , , , , , , , , , , , , , , , , , , , , , , , , , , , , , , , , , , , , , , , , , , , , , , , , , , , , , , , , , , , , , , , , , , , , , , , , , , , , , , , , , , , , , , , , , , , , , , , , , , , , , , , , , , , , , , , , , , , , , , , , , , , , , , , , , , , , , , , , , , , , , , , , , , , , , , , , , , , , , , , , , , , , , , , , , , , , , , , , , , , , , , , , , , , , , , , , , , , , , , , , , , , , , , , , , , , , , , , , , , , , , , , , , , , , , , , , , , , , , , , , , , , , , , , , , , , , , , , , , , , , , , , , , , , , , , , , , , , , , , , , , , , , , , , , , , , , , , , , , , , , , , 
67.0,67.0,1,67.000,17/03/2026 17:01:14,27.052,,14.75, 15.87, 15.96,46.81, -2.05, 2.84,16.590, 14.161, 15.274, 14.248, 13.860, 13.449, 13.421, 13.457, 13.941, 14.359, 14.662, 14.861, 14.971, 15.195, 15.439, 15.601, 15.715, 15.926, 16.182, 16.108, 16.078, 16.289, 15.968, 16.054, 15.876, 15.656, 15.648, 15.379, 15.401, 15.199, 15.132, 15.080, 14.828, 14.978, 14.684, 14.813, 14.789, 14.612, 14.899, 14.790, 14.783, 15.117, 15.030, 15.047, 15.396, 15.380, 15.250, 15.465, 15.577, 15.374, 15.288, 15.474, 15.500, 15.280, 15.184, 15.363, 15.475, 15.338, 15.204, 15.320, 15.508, 15.547, 15.410, 15.339, 15.464, 15.630, 15.631, 15.550, 15.369, 15.325, 15.486, 15.623, 15.573, 15.414, 15.230, 15.186, 15.318, 15.446, 15.463, 15.331, 15.124, 15.013, 15.011, 15.188, 15.338, 15.444, 15.470, 15.414, 15.288, 15.198, 15.231, 15.366, 15.527, 15.680, 15.764, 15.700, 15.496, 15.251, 15.042, 14.945, 15.005, 15.132, 15.229, 15.084, 14.449, 13.361, 12.343, 11.725, 11.464, 11.422, 11.572, 11.842, 12.265, 12.731, 13.114, 13.357, 13.455, 13.469, 13.494, 13.584, 13.747, 14.007, 14.292, 14.611, 14.899, 15.130, 15.238, 15.249, 15.139, 14.993, 14.850, 14.749, 14.697, 14.713, 14.784, 14.907, 15.046, 15.158, 15.219, 15.231, 15.179, 15.058, 14.880, 14.695, 14.555, 14.422, 14.117, 14.115, 14.093, 14.043, 13.894, 13.548, 12.760, 11.298, 9.376, 7.936, 7.297, 7.089, 7.073, 7.201, 7.397, 7.666, 7.949, 8.284, 8.634, 9.007, 9.359, 9.708, 10.056, 10.377, 10.677, 10.948, 11.228, 11.475, 11.739, 11.967, 12.191, 12.395, 12.581, 12.735, 12.860, 12.960, 13.058, 13.180, 13.250, 13.335, 13.340, 13.368, 13.418, 13.448, 13.425, 13.387, 13.311, 13.246, 13.130, 12.994, 12.780, 12.500, 12.258, 12.055, 11.882, 11.757, 11.665, 11.562, 11.459, 11.296, 11.191, 11.045, 10.874, 10.745, 10.599, 10.553, 10.209, 10.173, 10.102, 10.102, 16.3,1087830.0,1170430.0,888036.80,46706.08,3242.75,21081.32,540.98,22477.38,246.16,546.85,33.26,436.41,21.21,163.81,19.57,275.56,13.38,495.90,46.09,0.00,16.84,0.00,43.62,576.36,14.91,18644.22,109.65,0.00,101.57,0.00,16.53,10.04,2.02,71.77,2.32,24.11,1.17,0.00,4.99,70.29,1.05,103.31,1.23,7.57,0.75,88.99,1.28,3.58,0.94,0.00,49.50,0.00,397.91,0.00,276.34,52.40,8.19,83.59,8.89,0.00,44.42,0.00,24.94,11.18,1.17,32.50,3.42,0.00,134.88,0.00,61.26,197289.83,77451.56,5377.37,39832.37,1022.16,48086.64,526.62,1253.03,76.21,1089.67,52.96,197.33,23.57,385.57,18.72,827.41,76.90,0.00,30.06,0.00,63.75,828.14,21.42,26656.46,156.77,0.00,129.14,0.00,21.04,12.57,2.53,89.33,2.89,31.83,1.54,0.00,7.01,76.87,1.15,122.17,1.45,9.61,0.95,120.21,1.73,4.20,1.10,0.00,66.01,0.00,427.40,0.00,315.67,66.52,10.40,100.07,10.64,0.00,52.15,0.00,26.93,12.04,1.26,36.23,3.81,0.00,153.48,0.00,69.50
67.5,67.5,1,67.500,17/03/2026 17:02:06,27.180, , , , , , , , , , , , , , , , , , , , , , , , , , , , , , , , , , , , , , , , , , , , , , , , , , , , , , , , , , , , , , , , , , , , , , , , , , , , , , , , , , , , , , , , , , , , , , , , , , , , , , , , , , , , , , , , , , , , , , , , , , , , , , , , , , , , , , , , , , , , , , , , , , , , , , , , , , , , , , , , , , , , , , , , , , , , , , , , , , , , , , , , , , , , , , , , , , , , , , , , , , , , , , , , , , , , , , , , , , , , , , , , , , , , , , , , , , , , , , , , , , , , , , , , , , , , , , , , , , , , , , , , , , , , , , , , , , , , , , , , , , , , , , , , , , , , , , , , , , , , , , , , , , , , , , , , , , , , , , , , , , , , , , , , , , , , , , , , , , , , , , , , , , , , , , , , , , , , , , , , , , , , 
68.0,68.0,1,68.000,17/03/2026 17:02:32,25.730,,14.71, 15.84, 15.92,46.76, -2.05, 2.84,17.188, 15.974, 14.606, 14.207, 13.851, 13.414, 13.348, 13.568, 13.852, 14.331, 14.629, 14.828, 14.963, 15.144, 15.297, 15.501, 15.751, 15.988, 16.043, 16.066, 16.158, 16.130, 16.004, 16.011, 15.770, 15.706, 15.548, 15.387, 15.337, 15.155, 15.123, 14.974, 14.880, 14.845, 14.728, 14.782, 14.690, 14.705, 14.806, 14.709, 14.941, 14.982, 14.958, 15.263, 15.259, 15.253, 15.498, 15.475, 15.364, 15.482, 15.510, 15.378, 15.339, 15.415, 15.399, 15.318, 15.283, 15.400, 15.482, 15.409, 15.322, 15.424, 15.596, 15.588, 15.469, 15.447, 15.509, 15.650, 15.557, 15.373, 15.363, 15.479, 15.629, 15.557, 15.368, 15.247, 15.296, 15.413, 15.486, 15.368, 15.174, 15.076, 15.109, 15.248, 15.374, 15.446, 15.430, 15.359, 15.332, 15.349, 15.421, 15.512, 15.610, 15.682, 15.692, 15.600, 15.458, 15.350, 15.237, 15.169, 15.183, 15.256, 15.255, 14.966, 14.188, 13.037, 12.072, 11.577, 11.426, 11.455, 11.639, 11.892, 12.219, 12.524, 12.757, 12.924, 13.036, 13.165, 13.356, 13.624, 13.954, 14.328, 14.673, 14.939, 15.097, 15.128, 15.048, 14.908, 14.729, 14.602, 14.561, 14.642, 14.802, 14.996, 15.211, 15.406, 15.540, 15.569, 15.493, 15.315, 15.048, 14.699, 14.347, 14.085, 13.966, 13.978, 13.914, 14.111, 14.242, 14.341, 14.285, 13.993, 13.192, 11.636, 9.521, 7.867, 7.011, 6.595, 6.408, 6.391, 6.529, 6.782, 7.138, 7.565, 8.041, 8.549, 9.050, 9.542, 10.031, 10.488, 10.928, 11.306, 11.632, 11.899, 12.103, 12.252, 12.350, 12.382, 12.427, 12.455, 12.496, 12.527, 12.588, 12.673, 12.755, 12.815, 12.866, 12.896, 13.017, 13.153, 13.235, 13.324, 13.398, 13.435, 13.421, 13.384, 13.191, 12.969, 12.745, 12.476, 12.272, 12.064, 11.862, 11.571, 11.374, 11.119, 10.810, 10.524, 10.181, 9.900, 9.592, 9.414, 9.295, 9.053, 9.034, 9.009, 16.2,1047144.0,1202514.0,875439.45,47602.10,3390.17,21892.05,575.29,26719.76,282.62,510.01,35.09,479.90,22.96,785.38,23.90,691.28,16.72,1255.81,57.99,50.96,6.83,0.00,57.58,666.99,16.88,23336.63,140.63,0.00,122.31,0.00,16.02,18.84,2.37,98.14,2.92,40.08,1.54,0.00,4.62,80.06,1.20,128.59,1.49,11.38,0.86,105.01,1.48,0.00,29.51,0.00,50.62,0.00,434.48,0.00,305.40,0.00,511.35,32.45,9.92,11.83,3.18,0.00,32.01,20.45,1.44,22.83,3.80,0.00,145.38,0.00,61.93,218949.17,78937.41,5621.84,41364.21,1086.99,57162.51,604.62,1168.62,80.40,1198.26,57.33,946.07,28.79,967.24,23.39,2095.31,96.76,90.97,12.19,0.00,84.16,958.36,24.25,33365.40,201.06,0.00,155.52,0.00,20.39,23.58,2.97,122.16,3.63,52.92,2.03,0.00,6.49,87.55,1.31,152.07,1.76,14.45,1.09,141.84,2.00,0.00,34.59,0.00,67.50,0.00,466.68,0.00,348.87,0.00,649.17,38.85,11.88,13.89,3.73,0.00,34.56,22.03,1.55,25.45,4.24,0.00,165.43,0.00,70.26
68.5,68.5,1,68.500,17/03/2026 17:03:07,25.596, , , , , , , , , , , , , , , , , , , , , , , , , , , , , , , , , , , , , , , , , , , , , , , , , , , , , , , , , , , , , , , , , , , , , , , , , , , , , , , , , , , , , , , , , , , , , , , , , , , , , , , , , , , , , , , , , , , , , , , , , , , , , , , , , , , , , , , , , , , , , , , , , , , , , , , , , , , , , , , , , , , , , , , , , , , , , , , , , , , , , , , , , , , , , , , , , , , , , , , , , , , , , , , , , , , , , , , , , , , , , , , , , , , , , , , , , , , , , , , , , , , , , , , , , , , , , , , , , , , , , , , , , , , , , , , , , , , , , , , , , , , , , , , , , , , , , , , , , , , , , , , , , , , , , , , , , , , , , , , , , , , , , , , , , , , , , , , , , , , , , , , , , , , , , , , , , , , , , , , , , , , , 
69.0,69.0,1,69.000,17/03/2026 17:03:33,26.191,,13.84, 14.96, 14.95,45.58, -2.36, 3.00,15.280, 13.944, 13.814, 13.017, 12.614, 12.636, 12.466, 12.641, 12.946, 13.439, 13.694, 13.906, 14.081, 14.278, 14.511, 14.691, 14.930, 15.135, 15.230, 15.242, 15.253, 15.288, 15.118, 15.034, 14.948, 14.663, 14.702, 14.381, 14.429, 14.165, 14.193, 13.946, 13.993, 13.723, 13.907, 13.614, 13.846, 13.684, 13.744, 13.918, 13.793, 14.079, 14.144, 14.144, 14.443, 14.477, 14.454, 14.658, 14.673, 14.559, 14.626, 14.704, 14.579, 14.510, 14.601, 14.634, 14.534, 14.522, 14.656, 14.719, 14.650, 14.611, 14.754, 14.876, 14.877, 14.784, 14.654, 14.824, 14.917, 14.847, 14.757, 14.735, 14.821, 14.863, 14.841, 14.752, 14.701, 14.693, 14.755, 14.751, 14.664, 14.608, 14.582, 14.623, 14.707, 14.800, 14.857, 14.884, 14.886, 14.912, 14.950, 15.001, 15.066, 15.117, 15.138, 15.153, 15.112, 15.039, 14.923, 14.809, 14.752, 14.707, 14.616, 14.337, 13.617, 12.547, 11.655, 11.177, 10.974, 10.886, 10.890, 10.991, 11.269, 11.651, 12.060, 12.447, 12.761, 13.005, 13.220, 13.383, 13.548, 13.721, 13.900, 14.092, 14.282, 14.447, 14.589, 14.689, 14.732, 14.727, 14.701, 14.658, 14.625, 14.596, 14.602, 14.614, 14.644, 14.664, 14.672, 14.652, 14.598, 14.495, 14.353, 14.223, 14.133, 14.045, 13.837, 13.805, 13.748, 13.640, 13.410, 12.941, 12.025, 10.394, 8.401, 6.981, 6.392, 6.191, 6.198, 6.317, 6.520, 6.778, 7.068, 7.365, 7.688, 8.015, 8.339, 8.683, 9.004, 9.321, 9.662, 10.007, 10.340, 10.685, 11.014, 11.315, 11.599, 11.848, 12.049, 12.234, 12.381, 12.470, 12.558, 12.606, 12.659, 12.641, 12.561, 12.459, 12.436, 12.391, 12.276, 12.210, 12.120, 12.067, 11.979, 11.921, 11.789, 11.614, 11.491, 11.353, 11.213, 11.167, 11.081, 10.968, 10.848, 10.712, 10.510, 10.294, 10.079, 9.810, 9.571, 9.230, 8.958, 8.714, 8.455, 8.471, 16.2,1060379.0,1170546.0,874594.57,58157.53,3383.52,20656.27,541.89,23024.67,251.96,366.53,31.37,500.58,21.82,401.69,20.80,482.24,14.87,835.27,50.94,41.11,6.30,162.30,17.13,630.83,15.93,19635.43,117.30,0.00,103.68,0.00,12.28,15.43,2.11,64.54,2.27,32.20,1.26,0.00,4.64,56.66,0.96,99.50,1.23,11.26,0.77,79.26,1.25,0.00,28.72,0.00,49.92,100.98,8.39,17.65,5.67,0.00,474.75,0.00,496.52,0.00,47.73,0.00,22.48,9.76,1.16,23.76,3.48,0.00,137.32,0.00,62.09,219269.40,96441.22,5610.81,39029.25,1023.88,49257.48,539.03,839.85,71.88,1249.90,54.48,483.88,25.06,674.75,20.81,1393.64,84.99,73.39,11.25,237.21,25.04,906.40,22.89,28073.63,167.71,0.00,131.83,0.00,15.63,19.31,2.64,80.33,2.83,42.51,1.66,0.00,6.52,61.96,1.05,117.67,1.45,14.30,0.98,107.06,1.69,0.00,33.67,0.00,66.57,108.46,9.01,20.16,6.48,0.00,602.70,0.00,594.38,0.00,56.04,0.00,24.27,10.51,1.25,26.49,3.88,0.00,156.26,0.00,70.44
69.5,69.5,1,69.500,17/03/2026 17:04:07,27.648, , , , , , , , , , , , , , , , , , , , , , , , , , , , , , , , , , , , , , , , , , , , , , , , , , , , , , , , , , , , , , , , , , , , , , , , , , , , , , , , , , , , , , , , , , , , , , , , , , , , , , , , , , , , , , , , , , , , , , , , , , , , , , , , , , , , , , , , , , , , , , , , , , , , , , , , , , , , , , , , , , , , , , , , , , , , , , , , , , , , , , , , , , , , , , , , , , , , , , , , , , , , , , , , , , , , , , , , , , , , , , , , , , , , , , , , , , , , , , , , , , , , , , , , , , , , , , , , , , , , , , , , , , , , , , , , , , , , , , , , , , , , , , , , , , , , , , , , , , , , , , , , , , , , , , , , , , , , , , , , , , , , , , , , , , , , , , , , , , , , , , , , , , , , , , , , , , , , , , , , , , , , 
70.0,70.0,1,70.000,17/03/2026 17:04:33,27.053,,14.59, 15.73, 15.78,46.62, -2.23, 2.91,15.853, 15.615, 14.595, 13.640, 13.186, 13.225, 13.181, 13.389, 13.675, 14.229, 14.465, 14.706, 14.855, 15.027, 15.209, 15.426, 15.681, 15.905, 15.998, 16.005, 15.998, 16.055, 15.940, 15.791, 15.756, 15.482, 15.441, 15.224, 15.177, 14.983, 14.965, 14.769, 14.729, 14.664, 14.513, 14.658, 14.417, 14.590, 14.599, 14.530, 14.774, 14.819, 14.826, 15.050, 15.198, 15.160, 15.263, 15.437, 15.364, 15.278, 15.355, 15.426, 15.315, 15.200, 15.263, 15.379, 15.319, 15.193, 15.242, 15.417, 15.459, 15.358, 15.292, 15.417, 15.601, 15.656, 15.451, 15.309, 15.334, 15.509, 15.615, 15.568, 15.361, 15.287, 15.296, 15.419, 15.536, 15.483, 15.303, 15.144, 15.057, 15.136, 15.311, 15.396, 15.385, 15.355, 15.331, 15.363, 15.434, 15.518, 15.559, 15.619, 15.669, 15.703, 15.722, 15.738, 15.663, 15.505, 15.329, 15.228, 15.241, 15.284, 15.242, 15.000, 14.270, 13.072, 11.981, 11.360, 11.139, 11.159, 11.332, 11.573, 11.955, 12.410, 12.798, 13.053, 13.157, 13.187, 13.296, 13.507, 13.812, 14.163, 14.504, 14.820, 15.092, 15.286, 15.363, 15.302, 15.144, 14.967, 14.819, 14.768, 14.808, 14.914, 15.052, 15.202, 15.343, 15.442, 15.472, 15.414, 15.281, 15.054, 14.810, 14.587, 14.415, 14.297, 14.084, 14.124, 14.134, 14.112, 13.953, 13.558, 12.658, 11.033, 8.974, 7.506, 6.841, 6.580, 6.507, 6.593, 6.777, 7.034, 7.347, 7.691, 8.057, 8.450, 8.823, 9.198, 9.560, 9.896, 10.238, 10.541, 10.841, 11.117, 11.377, 11.630, 11.887, 12.125, 12.344, 12.585, 12.771, 12.948, 13.098, 13.230, 13.316, 13.367, 13.304, 13.264, 13.247, 13.204, 13.088, 13.000, 12.897, 12.747, 12.592, 12.402, 12.177, 11.897, 11.616, 11.417, 11.266, 11.186, 11.128, 11.061, 11.009, 10.933, 10.851, 10.801, 10.561, 10.476, 10.252, 10.113, 9.964, 9.965, 9.692, 9.596, 16.3,1054521.0,1169661.0,868859.56,59056.28,3493.36,22620.94,582.34,24800.38,271.72,342.01,32.90,592.49,23.72,501.81,22.66,494.19,15.92,701.63,51.30,0.00,18.89,85.64,16.80,635.64,16.58,20836.06,127.65,0.00,112.09,0.00,14.57,44.46,2.75,74.69,2.51,37.44,1.41,0.00,5.52,64.07,1.06,116.37,1.39,14.11,0.84,104.80,1.46,3.92,1.01,0.00,53.28,0.00,440.13,0.00,303.38,0.00,507.23,0.00,526.38,0.00,48.57,0.00,25.66,13.54,1.29,0.00,134.31,0.00,150.63,0.00,68.93,229872.13,97931.60,5792.95,42741.42,1100.31,53056.32,581.30,783.67,75.39,1479.39,59.23,604.48,27.30,691.47,22.28,1170.67,85.59,0.00,33.72,125.17,24.55,913.31,23.82,29790.23,182.51,0.00,142.52,0.00,18.54,55.65,3.44,92.97,3.12,49.43,1.86,0.00,7.76,70.07,1.16,137.62,1.64,17.92,1.07,141.56,1.97,4.60,1.18,0.00,71.05,0.00,472.75,0.00,346.56,0.00,643.94,0.00,630.13,0.00,57.02,0.00,27.71,14.59,1.39,0.00,149.73,0.00,171.40,0.00,78.20
70.5,70.5,1,70.500,17/03/2026 17:05:16,27.574,1157877.911, , , , , , , , , , , , , , , , , , , , , , , , , , , , , , , , , , , , , , , , , , , , , , , , , , , , , , , , , , , , , , , , , , , , , , , , , , , , , , , , , , , , , , , , , , , , , , , , , , , , , , , , , , , , , , , , , , , , , , , , , , , , , , , , , , , , , , , , , , , , , , , , , , , , , , , , , , , , , , , , , , , , , , , , , , , , , , , , , , , , , , , , , , , , , , , , , , , , , , , , , , , , , , , , , , , , , , , , , , , , , , , , , , , , , , , , , , , , , , , , , , , , , , , , , , , , , , , , , , , , , , , , , , , , , , , , , , , , , , , , , , , , , , , , , , , , , , , , , , , , , , , , , , , , , , , , , , , , , , , , , , , , , , , , , , , , , , , , , , , , , , , , , , , , , , , , , , , , , , , , , , , 
71.0,71.0,1,71.000,17/03/2026 17:05:34,27.377,,14.58, 15.72, 15.75,46.60, -2.15, 2.93,17.037, 14.852, 14.488, 13.575, 13.447, 13.123, 13.259, 13.264, 13.682, 14.199, 14.472, 14.666, 14.814, 15.002, 15.206, 15.426, 15.662, 15.837, 15.908, 15.999, 16.039, 15.975, 15.919, 15.839, 15.689, 15.538, 15.415, 15.268, 15.157, 15.068, 14.931, 14.870, 14.740, 14.670, 14.664, 14.548, 14.621, 14.575, 14.574, 14.741, 14.683, 14.826, 15.025, 14.949, 15.157, 15.356, 15.203, 15.299, 15.508, 15.332, 15.209, 15.431, 15.416, 15.150, 15.174, 15.390, 15.334, 15.178, 15.242, 15.395, 15.424, 15.336, 15.337, 15.423, 15.537, 15.580, 15.426, 15.344, 15.296, 15.397, 15.531, 15.508, 15.339, 15.184, 15.233, 15.400, 15.510, 15.422, 15.214, 15.032, 15.028, 15.184, 15.358, 15.406, 15.315, 15.200, 15.164, 15.250, 15.412, 15.574, 15.655, 15.632, 15.557, 15.470, 15.443, 15.475, 15.523, 15.567, 15.534, 15.419, 15.291, 15.158, 14.976, 14.641, 13.966, 12.985, 12.191, 11.809, 11.682, 11.603, 11.583, 11.608, 11.784, 12.071, 12.398, 12.761, 13.121, 13.464, 13.797, 14.067, 14.299, 14.482, 14.606, 14.693, 14.718, 14.714, 14.726, 14.766, 14.852, 14.976, 15.095, 15.235, 15.331, 15.400, 15.419, 15.394, 15.298, 15.174, 15.007, 14.840, 14.650, 14.510, 14.416, 14.408, 14.463, 14.578, 14.516, 14.628, 14.651, 14.586, 14.345, 13.857, 12.854, 11.093, 8.827, 7.119, 6.351, 6.050, 6.026, 6.180, 6.476, 6.847, 7.284, 7.744, 8.210, 8.692, 9.130, 9.537, 9.938, 10.273, 10.606, 10.894, 11.150, 11.387, 11.604, 11.805, 12.004, 12.171, 12.349, 12.484, 12.632, 12.773, 12.903, 13.054, 13.181, 13.297, 13.326, 13.344, 13.441, 13.445, 13.395, 13.317, 13.237, 13.148, 13.022, 12.858, 12.658, 12.437, 12.189, 11.994, 11.811, 11.564, 11.418, 11.185, 10.987, 10.722, 10.519, 10.389, 10.206, 9.926, 9.813, 9.537, 9.310, 9.333, 9.054, 9.125, 16.3,1071403.0,1211610.0,864019.78,61438.88,3406.12,22948.06,565.95,23706.45,256.84,431.79,32.34,781.70,23.64,666.27,22.22,613.16,15.67,1200.88,55.46,37.40,6.32,185.73,17.50,581.86,15.53,22845.12,135.11,0.00,111.85,0.00,14.45,25.47,2.38,68.56,2.42,29.28,1.26,2.82,0.47,65.24,1.04,109.35,1.32,10.39,0.79,111.08,1.44,0.00,28.83,0.00,49.94,0.00,418.67,0.00,286.29,30.38,8.77,46.10,9.27,0.00,56.16,0.00,26.28,9.44,1.19,34.84,3.49,0.00,135.28,0.00,58.24,237066.99,101882.61,5648.29,43359.50,1069.34,50716.04,549.47,989.39,74.10,1951.83,59.03,802.59,26.77,857.94,21.93,2003.66,92.53,66.77,11.28,271.45,25.58,836.04,22.31,32662.67,193.17,0.00,142.22,0.00,18.39,31.88,2.98,85.34,3.01,38.66,1.66,3.96,0.66,71.35,1.14,129.32,1.56,13.19,1.00,150.04,1.95,0.00,33.79,0.00,66.59,0.00,449.70,0.00,327.04,38.57,11.13,55.19,11.10,0.00,65.94,0.00,28.38,10.17,1.28,38.84,3.89,0.00,153.94,0.00,66.07
71.5,71.5,1,71.500,17/03/2026 17:06:17,27.773, , , , , , , , , , , , , , , , , , , , , , , , , , , , , , , , , , , , , , , , , , , , , , , , , , , , , , , , , , , , , , , , , , , , , , , , , , , , , , , , , , , , , , , , , , , , , , , , , , , , , , , , , , , , , , , , , , , , , , , , , , , , , , , , , , , , , , , , , , , , , , , , , , , , , , , , , , , , , , , , , , , , , , , , , , , , , , , , , , , , , , , , , , , , , , , , , , , , , , , , , , , , , , , , , , , , , , , , , , , , , , , , , , , , , , , , , , , , , , , , , , , , , , , , , , , , , , , , , , , , , , , , , , , , , , , , , , , , , , , , , , , , , , , , , , , , , , , , , , , , , , , , , , , , , , , , , , , , , , , , , , , , , , , , , , , , , , , , , , , , , , , , , , , , , , , , , , , , , , , , , , , , 
72.0,72.0,1,72.000,17/03/2026 17:06:34,26.319,,15.25, 16.38, 16.60,47.47, -1.87, 2.59,19.117, 16.029, 16.176, 14.967, 14.614, 14.311, 14.058, 14.343, 14.575, 14.950, 15.226, 15.424, 15.566, 15.699, 15.879, 16.097, 16.264, 16.433, 16.595, 16.707, 16.652, 16.595, 16.639, 16.479, 16.358, 16.232, 16.123, 15.954, 15.923, 15.747, 15.735, 15.544, 15.584, 15.346, 15.510, 15.276, 15.395, 15.416, 15.260, 15.603, 15.436, 15.578, 15.864, 15.656, 15.967, 16.122, 15.920, 16.170, 16.218, 16.005, 16.170, 16.179, 15.958, 16.095, 16.181, 15.950, 15.948, 16.242, 16.215, 15.910, 16.007, 16.365, 16.369, 16.035, 16.018, 16.404, 16.519, 16.307, 15.910, 15.981, 16.391, 16.549, 16.252, 15.868, 15.833, 16.164, 16.483, 16.370, 15.951, 15.647, 15.719, 16.054, 16.326, 16.272, 15.943, 15.702, 15.789, 16.134, 16.466, 16.592, 16.463, 16.174, 15.940, 15.994, 16.287, 16.594, 16.709, 16.554, 16.214, 15.845, 15.595, 15.556, 15.638, 15.608, 15.054, 13.956, 12.858, 12.137, 11.740, 11.567, 11.628, 11.867, 12.322, 12.878, 13.381, 13.741, 13.922, 13.985, 14.059, 14.186, 14.416, 14.705, 15.047, 15.352, 15.609, 15.793, 15.876, 15.871, 15.788, 15.637, 15.524, 15.481, 15.532, 15.669, 15.843, 16.000, 16.098, 16.113, 16.036, 15.879, 15.664, 15.402, 15.168, 14.969, 14.857, 14.834, 14.728, 14.865, 14.993, 15.075, 14.989, 14.617, 13.674, 11.886, 9.631, 7.947, 7.124, 6.724, 6.579, 6.611, 6.787, 7.099, 7.502, 7.968, 8.503, 9.049, 9.591, 10.121, 10.623, 11.063, 11.450, 11.775, 12.033, 12.200, 12.311, 12.385, 12.450, 12.491, 12.582, 12.690, 12.822, 13.002, 13.199, 13.423, 13.641, 13.831, 13.935, 14.047, 14.207, 14.319, 14.338, 14.367, 14.337, 14.225, 14.053, 13.848, 13.511, 13.147, 12.734, 12.340, 11.938, 11.638, 11.352, 11.127, 10.929, 10.752, 10.577, 10.441, 10.377, 10.232, 10.330, 10.277, 10.140, 10.114, 10.049, 10.256, 16.3,1034771.0,1182849.0,863005.91,59889.77,3532.64,24213.85,598.33,24535.10,271.30,439.54,34.27,396.29,22.49,584.16,23.14,718.19,17.24,1290.68,58.35,0.00,18.91,88.17,16.31,727.67,17.63,23510.62,143.48,0.00,115.58,0.00,14.74,23.14,2.43,97.49,2.86,23.58,1.40,0.00,4.64,77.17,1.18,145.53,1.60,17.36,0.90,125.33,1.60,0.00,30.35,0.00,52.33,0.00,427.45,41.62,6.04,0.00,508.92,0.00,528.73,0.00,50.34,0.00,29.67,22.73,1.49,26.12,3.82,0.00,145.90,0.00,68.30,238931.43,99313.76,5858.09,45751.17,1130.52,52488.80,580.40,1007.15,78.53,989.50,56.16,703.68,27.87,1004.90,24.12,2153.49,97.36,0.00,33.76,128.87,23.84,1045.54,25.33,33614.16,205.14,0.00,146.96,0.00,18.76,28.97,3.04,121.35,3.56,31.13,1.85,0.00,6.52,84.39,1.29,172.10,1.89,22.05,1.14,169.29,2.16,0.00,35.58,0.00,69.78,0.00,459.13,47.54,6.90,0.00,646.08,0.00,632.94,0.00,59.10,0.00,32.04,24.49,1.61,29.12,4.26,0.00,166.02,0.00,77.48
72.5,72.5,1,72.500,17/03/2026 17:07:26,26.388, , , , , , , , , , , , , , , , , , , , , , , , , , , , , , , , , , , , , , , , , , , , , , , , , , , , , , , , , , , , , , , , , , , , , , , , , , , , , , , , , , , , , , , , , , , , , , , , , , , , , , , , , , , , , , , , , , , , , , , , , , , , , , , , , , , , , , , , , , , , , , , , , , , , , , , , , , , , , , , , , , , , , , , , , , , , , , , , , , , , , , , , , , , , , , , , , , , , , , , , , , , , , , , , , , , , , , , , , , , , , , , , , , , , , , , , , , , , , , , , , , , , , , , , , , , , , , , , , , , , , , , , , , , , , , , , , , , , , , , , , , , , , , , , , , , , , , , , , , , , , , , , , , , , , , , , , , , , , , , , , , , , , , , , , , , , , , , , , , , , , , , , , , , , , , , , , , , , , , , , , , , , 
73.0,73.0,1,73.000,17/03/2026 17:07:52,27.110,,13.28, 14.28, 14.15,44.63, -1.90, 3.24,13.736, 11.720, 13.022, 11.853, 11.565, 11.698, 11.788, 11.885, 12.228, 12.773, 12.953, 13.188, 13.329, 13.501, 13.723, 13.878, 14.130, 14.303, 14.403, 14.515, 14.571, 14.523, 14.486, 14.442, 14.296, 14.228, 14.096, 14.009, 13.924, 13.843, 13.771, 13.693, 13.628, 13.560, 13.580, 13.511, 13.576, 13.560, 13.601, 13.718, 13.729, 13.897, 13.978, 14.069, 14.244, 14.294, 14.362, 14.449, 14.441, 14.452, 14.468, 14.445, 14.427, 14.442, 14.410, 14.400, 14.467, 14.500, 14.469, 14.494, 14.606, 14.629, 14.599, 14.624, 14.766, 14.853, 14.743, 14.647, 14.647, 14.784, 14.889, 14.822, 14.675, 14.609, 14.703, 14.836, 14.874, 14.746, 14.578, 14.489, 14.520, 14.658, 14.728, 14.710, 14.623, 14.603, 14.681, 14.848, 15.008, 15.085, 15.050, 14.989, 14.964, 15.024, 15.103, 15.197, 15.218, 15.142, 14.932, 14.729, 14.617, 14.580, 14.493, 14.164, 13.332, 12.077, 11.011, 10.458, 10.223, 10.135, 10.205, 10.362, 10.683, 11.118, 11.541, 11.937, 12.268, 12.547, 12.819, 13.067, 13.314, 13.566, 13.844, 14.088, 14.280, 14.428, 14.531, 14.585, 14.592, 14.594, 14.605, 14.647, 14.695, 14.744, 14.800, 14.841, 14.852, 14.837, 14.787, 14.696, 14.529, 14.359, 14.167, 14.033, 13.963, 13.954, 13.819, 13.891, 13.904, 13.826, 13.589, 13.031, 11.911, 9.997, 7.737, 6.161, 5.464, 5.196, 5.144, 5.242, 5.484, 5.776, 6.157, 6.564, 7.008, 7.466, 7.898, 8.327, 8.739, 9.094, 9.444, 9.757, 10.075, 10.352, 10.642, 10.907, 11.183, 11.417, 11.641, 11.851, 12.008, 12.168, 12.303, 12.431, 12.534, 12.601, 12.565, 12.541, 12.586, 12.609, 12.550, 12.429, 12.341, 12.210, 12.053, 11.857, 11.608, 11.323, 11.091, 10.812, 10.593, 10.453, 10.294, 10.154, 9.948, 9.714, 9.594, 9.421, 9.187, 8.941, 8.761, 8.607, 8.275, 8.254, 8.068, 7.849, 16.2,1015100.0,1138674.0,870141.75,57775.88,3483.92,23500.81,586.11,23942.61,265.67,507.72,34.66,484.16,22.86,101.02,20.74,278.29,14.43,933.84,53.54,0.00,17.51,125.86,16.10,517.72,15.05,21181.68,129.17,0.00,110.01,0.00,14.02,13.18,2.17,50.85,2.16,28.75,1.42,0.00,4.66,83.66,1.21,147.88,1.59,7.39,0.81,107.64,1.47,4.51,1.01,0.00,50.56,0.00,418.57,0.00,291.75,0.00,486.20,0.00,512.12,0.00,50.66,0.00,24.95,22.92,1.44,37.58,3.57,0.00,139.96,4.28,1.32,227702.80,95808.34,5777.30,44403.90,1107.43,51221.26,568.36,1163.37,79.42,1208.90,57.08,121.69,24.98,389.39,20.19,1558.11,89.33,0.00,31.26,183.95,23.53,743.88,21.62,30284.38,184.68,0.00,139.88,0.00,17.84,16.50,2.72,63.29,2.69,37.96,1.87,0.00,6.55,91.49,1.32,174.88,1.88,9.38,1.03,145.40,1.99,5.29,1.18,0.00,67.42,0.00,449.59,0.00,333.27,0.00,617.24,0.00,613.06,0.00,59.48,0.00,26.94,24.69,1.55,41.90,3.98,0.00,159.26,4.86,1.50
73.5,73.5,1,73.500,17/03/2026 17:08:35,27.840, , , , , , , , , , , , , , , , , , , , , , , , , , , , , , , , , , , , , , , , , , , , , , , , , , , , , , , , , , , , , , , , , , , , , , , , , , , , , , , , , , , , , , , , , , , , , , , , , , , , , , , , , , , , , , , , , , , , , , , , , , , , , , , , , , , , , , , , , , , , , , , , , , , , , , , , , , , , , , , , , , , , , , , , , , , , , , , , , , , , , , , , , , , , , , , , , , , , , , , , , , , , , , , , , , , , , , , , , , , , , , , , , , , , , , , , , , , , , , , , , , , , , , , , , , , , , , , , , , , , , , , , , , , , , , , , , , , , , , , , , , , , , , , , , , , , , , , , , , , , , , , , , , , , , , , , , , , , , , , , , , , , , , , , , , , , , , , , , , , , , , , , , , , , , , , , , , , , , , , , , , , , 
74.0,74.0,1,74.000,17/03/2026 17:08:52,24.073,,12.81, 13.71, 13.61,43.82, -1.46, 3.14,13.767, 12.764, 13.046, 11.949, 11.568, 11.466, 11.481, 11.640, 11.905, 12.268, 12.444, 12.664, 12.769, 12.916, 13.110, 13.285, 13.481, 13.660, 13.783, 13.869, 13.924, 13.954, 13.919, 13.876, 13.831, 13.717, 13.671, 13.584, 13.544, 13.478, 13.441, 13.378, 13.357, 13.299, 13.335, 13.318, 13.341, 13.407, 13.402, 13.526, 13.635, 13.664, 13.845, 13.969, 14.003, 14.177, 14.261, 14.226, 14.319, 14.373, 14.309, 14.289, 14.372, 14.362, 14.302, 14.326, 14.421, 14.449, 14.432, 14.468, 14.548, 14.600, 14.643, 14.653, 14.701, 14.760, 14.721, 14.693, 14.669, 14.714, 14.739, 14.806, 14.832, 14.714, 14.650, 14.689, 14.754, 14.823, 14.810, 14.638, 14.494, 14.546, 14.645, 14.763, 14.859, 14.850, 14.771, 14.759, 14.892, 15.028, 15.119, 15.183, 15.223, 15.183, 15.099, 15.092, 15.135, 15.150, 15.078, 14.982, 14.895, 14.816, 14.634, 14.258, 13.421, 12.270, 11.342, 10.895, 10.746, 10.688, 10.687, 10.765, 11.011, 11.378, 11.781, 12.181, 12.543, 12.858, 13.164, 13.446, 13.703, 13.929, 14.145, 14.313, 14.465, 14.582, 14.668, 14.710, 14.727, 14.721, 14.755, 14.826, 14.916, 15.033, 15.122, 15.141, 15.148, 15.094, 15.014, 14.887, 14.730, 14.533, 14.336, 14.158, 14.073, 14.060, 13.951, 14.095, 14.199, 14.237, 14.075, 13.572, 12.478, 10.564, 8.227, 6.553, 5.797, 5.496, 5.411, 5.509, 5.716, 6.013, 6.375, 6.789, 7.265, 7.767, 8.292, 8.804, 9.297, 9.732, 10.149, 10.476, 10.775, 11.031, 11.254, 11.452, 11.656, 11.823, 11.985, 12.128, 12.225, 12.328, 12.416, 12.496, 12.577, 12.629, 12.638, 12.697, 12.847, 13.016, 13.053, 13.108, 13.137, 13.070, 12.971, 12.774, 12.443, 12.139, 11.809, 11.411, 11.148, 10.951, 10.780, 10.506, 10.234, 10.014, 9.734, 9.488, 9.162, 9.024, 8.751, 8.464, 8.348, 8.201, 8.004, 7.998, 16.3,1038186.0,1141779.0,870756.91,55362.93,3469.19,24445.92,595.78,22935.95,259.50,361.34,32.83,248.40,21.25,372.24,21.93,490.30,15.81,913.83,53.34,47.50,6.57,114.30,17.27,827.70,18.49,22593.36,136.94,0.00,114.65,0.00,15.25,23.28,2.40,69.97,2.47,29.40,1.45,0.00,4.25,85.44,1.23,135.87,1.53,17.91,0.90,110.20,1.50,6.36,1.03,0.00,51.60,0.00,434.95,0.00,298.99,0.00,502.03,0.00,526.69,0.00,50.95,3.60,1.04,24.03,1.47,23.27,3.72,0.00,144.52,0.00,65.80,225559.46,91807.01,5752.87,46189.65,1125.70,49067.68,555.16,827.96,75.23,620.23,53.06,448.40,26.42,686.03,22.12,1524.72,89.00,84.80,11.73,167.06,25.24,1189.27,26.57,32302.72,195.79,0.00,145.78,0.00,19.41,29.14,3.00,87.09,3.07,38.82,1.91,0.00,5.97,93.44,1.35,160.68,1.81,22.74,1.14,148.85,2.03,7.46,1.21,0.00,68.81,0.00,467.19,0.00,341.55,0.00,637.34,0.00,630.50,0.00,59.82,3.89,1.12,25.89,1.58,25.94,4.15,0.00,164.45,0.00,74.65
74.5,74.5,1,74.500,17/03/2026 17:09:36,23.672, , , , , , , , , , , , , , , , , , , , , , , , , , , , , , , , , , , , , , , , , , , , , , , , , , , , , , , , , , , , , , , , , , , , , , , , , , , , , , , , , , , , , , , , , , , , , , , , , , , , , , , , , , , , , , , , , , , , , , , , , , , , , , , , , , , , , , , , , , , , , , , , , , , , , , , , , , , , , , , , , , , , , , , , , , , , , , , , , , , , , , , , , , , , , , , , , , , , , , , , , , , , , , , , , , , , , , , , , , , , , , , , , , , , , , , , , , , , , , , , , , , , , , , , , , , , , , , , , , , , , , , , , , , , , , , , , , , , , , , , , , , , , , , , , , , , , , , , , , , , , , , , , , , , , , , , , , , , , , , , , , , , , , , , , , , , , , , , , , , , , , , , , , , , , , , , , , , , , , , , , , , , 
75.0,75.0,1,75.000,17/03/2026 17:09:53,27.242,,12.95, 13.85, 13.90,44.02, -1.42, 2.77,16.080, 14.026, 13.781, 12.486, 12.300, 12.022, 11.860, 12.001, 12.153, 12.575, 12.744, 12.904, 13.017, 13.148, 13.345, 13.491, 13.669, 13.806, 13.907, 14.045, 14.059, 14.007, 14.071, 14.005, 13.890, 13.878, 13.724, 13.720, 13.616, 13.599, 13.514, 13.498, 13.418, 13.417, 13.412, 13.385, 13.488, 13.423, 13.583, 13.608, 13.663, 13.901, 13.861, 14.035, 14.255, 14.193, 14.343, 14.488, 14.401, 14.440, 14.529, 14.491, 14.449, 14.536, 14.525, 14.499, 14.568, 14.647, 14.627, 14.635, 14.756, 14.825, 14.810, 14.800, 14.930, 15.057, 14.974, 14.889, 14.855, 14.972, 15.136, 15.177, 14.975, 14.793, 14.869, 15.116, 15.263, 15.165, 14.894, 14.654, 14.677, 14.954, 15.214, 15.259, 15.076, 14.829, 14.794, 15.024, 15.391, 15.661, 15.674, 15.491, 15.244, 15.116, 15.209, 15.495, 15.765, 15.847, 15.663, 15.337, 14.997, 14.776, 14.654, 14.494, 13.952, 13.004, 12.122, 11.558, 11.195, 10.925, 10.805, 10.864, 11.207, 11.748, 12.359, 12.936, 13.356, 13.633, 13.788, 13.871, 13.942, 14.061, 14.244, 14.483, 14.759, 15.043, 15.299, 15.476, 15.553, 15.549, 15.477, 15.387, 15.310, 15.263, 15.252, 15.284, 15.343, 15.397, 15.426, 15.442, 15.378, 15.270, 15.134, 14.981, 14.866, 14.778, 14.532, 14.522, 14.493, 14.402, 14.189, 13.705, 12.666, 10.853, 8.637, 7.073, 6.363, 6.059, 5.970, 6.033, 6.215, 6.490, 6.834, 7.231, 7.672, 8.142, 8.601, 9.046, 9.483, 9.896, 10.289, 10.649, 10.987, 11.303, 11.621, 11.888, 12.155, 12.379, 12.573, 12.751, 12.878, 13.008, 13.106, 13.205, 13.288, 13.322, 13.285, 13.270, 13.335, 13.356, 13.319, 13.271, 13.205, 13.116, 12.988, 12.831, 12.617, 12.335, 12.093, 11.827, 11.624, 11.432, 11.275, 11.046, 10.868, 10.700, 10.416, 10.149, 9.845, 9.681, 9.486, 9.113, 8.975, 8.841, 8.764, 8.744, 16.3,1108417.0,1189878.0,873768.77,56135.61,3307.84,22408.58,552.11,21284.14,239.08,455.65,31.91,405.19,20.81,314.96,20.13,398.26,14.31,620.72,47.50,17.73,5.71,263.02,18.31,656.86,16.08,22827.09,132.30,0.00,113.38,0.00,14.04,28.27,2.39,57.50,2.21,36.01,1.41,0.00,4.82,61.83,1.00,110.74,1.31,8.94,0.77,99.41,1.37,0.00,28.33,0.00,49.89,0.00,415.90,0.00,287.82,0.00,476.38,0.00,496.89,0.00,52.83,0.00,26.44,19.63,1.33,21.12,3.51,0.00,136.79,0.00,59.44,219530.67,93088.32,5485.31,42340.18,1043.19,45533.90,511.47,1044.06,73.12,1011.72,51.96,379.40,24.25,557.25,20.02,1035.67,79.25,31.65,10.19,384.42,26.76,943.80,23.10,32636.89,189.16,0.00,144.16,0.00,17.87,35.39,2.99,71.57,2.75,47.54,1.86,0.00,6.77,67.62,1.09,130.96,1.55,11.35,0.98,134.28,1.85,0.00,33.21,0.00,66.53,0.00,446.72,0.00,328.79,0.00,604.77,0.00,594.83,0.00,62.03,0.00,28.55,21.15,1.43,23.55,3.91,0.00,155.65,0.00,67.43
75.5,75.5,1,75.500,17/03/2026 17:10:36,30.158,1157877.708, , , , , , , , , , , , , , , , , , , , , , , , , , , , , , , , , , , , , , , , , , , , , , , , , , , , , , , , , , , , , , , , , , , , , , , , , , , , , , , , , , , , , , , , , , , , , , , , , , , , , , , , , , , , , , , , , , , , , , , , , , , , , , , , , , , , , , , , , , , , , , , , , , , , , , , , , , , , , , , , , , , , , , , , , , , , , , , , , , , , , , , , , , , , , , , , , , , , , , , , , , , , , , , , , , , , , , , , , , , , , , , , , , , , , , , , , , , , , , , , , , , , , , , , , , , , , , , , , , , , , , , , , , , , , , , , , , , , , , , , , , , , , , , , , , , , , , , , , , , , , , , , , , , , , , , , , , , , , , , , , , , , , , , , , , , , , , , , , , , , , , , , , , , , , , , , , , , , , , , , , , , 
76.0,76.0,1,76.000,17/03/2026 17:10:53,31.349,,14.25, 15.34, 15.46,46.09, -2.01, 2.72,17.316, 14.008, 14.611, 13.596, 13.252, 13.120, 13.124, 13.141, 13.511, 13.935, 14.163, 14.386, 14.518, 14.691, 14.887, 15.043, 15.276, 15.462, 15.534, 15.573, 15.634, 15.623, 15.510, 15.439, 15.334, 15.139, 15.076, 14.896, 14.830, 14.702, 14.625, 14.504, 14.452, 14.331, 14.368, 14.247, 14.331, 14.289, 14.317, 14.442, 14.439, 14.602, 14.717, 14.769, 14.959, 15.048, 15.054, 15.168, 15.197, 15.136, 15.145, 15.187, 15.119, 15.070, 15.106, 15.123, 15.082, 15.093, 15.186, 15.233, 15.172, 15.190, 15.295, 15.401, 15.410, 15.332, 15.208, 15.330, 15.390, 15.380, 15.268, 15.251, 15.270, 15.333, 15.337, 15.263, 15.213, 15.148, 15.166, 15.195, 15.175, 15.158, 15.112, 15.092, 15.113, 15.180, 15.317, 15.435, 15.472, 15.463, 15.408, 15.376, 15.405, 15.502, 15.649, 15.733, 15.702, 15.565, 15.355, 15.175, 15.073, 15.073, 15.065, 14.877, 14.199, 13.077, 12.072, 11.484, 11.180, 11.044, 11.073, 11.242, 11.612, 12.098, 12.566, 12.961, 13.240, 13.426, 13.580, 13.708, 13.867, 14.062, 14.295, 14.553, 14.818, 15.009, 15.142, 15.205, 15.202, 15.140, 15.084, 15.014, 14.971, 14.964, 14.995, 15.064, 15.143, 15.192, 15.214, 15.182, 15.086, 14.949, 14.782, 14.623, 14.500, 14.430, 14.222, 14.219, 14.188, 14.126, 13.936, 13.496, 12.569, 10.837, 8.626, 7.005, 6.317, 6.064, 6.022, 6.119, 6.345, 6.614, 6.929, 7.298, 7.687, 8.078, 8.484, 8.889, 9.299, 9.689, 10.100, 10.474, 10.846, 11.199, 11.504, 11.799, 12.064, 12.295, 12.475, 12.638, 12.752, 12.865, 12.939, 13.021, 13.047, 13.062, 12.993, 12.938, 12.925, 12.926, 12.823, 12.786, 12.718, 12.671, 12.568, 12.477, 12.295, 12.148, 11.970, 11.807, 11.632, 11.491, 11.366, 11.197, 11.039, 10.813, 10.568, 10.346, 10.072, 9.765, 9.472, 9.223, 8.815, 8.469, 8.418, 8.204, 16.3,1095182.0,1325455.0,864739.23,39469.77,2980.32,22842.23,552.80,31959.61,292.61,382.42,30.75,399.86,20.10,2894.50,31.39,1964.54,22.58,2050.00,62.57,19.54,6.10,163.69,16.39,1034.54,19.69,31436.10,171.82,0.00,130.94,0.00,13.92,43.06,2.77,122.19,3.17,35.05,1.46,0.00,4.78,81.62,1.19,122.65,1.43,10.43,0.84,109.22,1.46,0.00,28.25,0.00,47.71,0.00,403.81,37.58,6.01,0.00,469.06,0.00,490.90,0.00,55.12,0.00,27.28,17.08,1.40,65.11,3.58,0.00,127.12,0.00,54.59,236001.65,65451.76,4942.19,43159.54,1044.49,68372.31,625.99,876.26,70.46,998.41,50.19,3486.73,37.81,2748.80,31.59,3420.41,104.40,34.88,10.89,239.24,23.95,1486.47,28.29,44945.57,245.66,0.00,166.49,0.00,17.71,53.90,3.47,152.09,3.95,46.28,1.93,0.00,6.72,89.26,1.30,145.05,1.69,13.25,1.07,147.53,1.97,0.00,33.11,0.00,63.62,0.00,433.74,42.93,6.87,0.00,595.48,0.00,587.66,0.00,64.71,0.00,29.46,18.40,1.51,72.59,3.99,0.00,144.65,0.00,61.93
76.5,76.5,1,76.500,17/03/2026 17:11:36,28.172, , , , , , , , , , , , , , , , , , , , , , , , , , , , , , , , , , , , , , , , , , , , , , , , , , , , , , , , , , , , , , , , , , , , , , , , , , , , , , , , , , , , , , , , , , , , , , , , , , , , , , , , , , , , , , , , , , , , , , , , , , , , , , , , , , , , , , , , , , , , , , , , , , , , , , , , , , , , , , , , , , , , , , , , , , , , , , , , , , , , , , , , , , , , , , , , , , , , , , , , , , , , , , , , , , , , , , , , , , , , , , , , , , , , , , , , , , , , , , , , , , , , , , , , , , , , , , , , , , , , , , , , , , , , , , , , , , , , , , , , , , , , , , , , , , , , , , , , , , , , , , , , , , , , , , , , , , , , , , , , , , , , , , , , , , , , , , , , , , , , , , , , , , , , , , , , , , , , , , , , , , , , 
77.0,77.0,1,77.000,17/03/2026 17:12:02,31.616,,14.77, 15.92, 16.20,46.87, -2.19, 2.43,19.805, 16.924, 15.366, 14.376, 14.334, 13.972, 13.756, 13.887, 14.177, 14.555, 14.819, 15.064, 15.209, 15.408, 15.615, 15.796, 15.970, 16.057, 16.145, 16.283, 16.267, 16.085, 16.122, 16.026, 15.739, 15.776, 15.460, 15.438, 15.248, 15.167, 15.034, 14.966, 14.798, 14.832, 14.626, 14.767, 14.574, 14.704, 14.747, 14.678, 14.985, 14.933, 15.022, 15.373, 15.288, 15.394, 15.709, 15.566, 15.524, 15.799, 15.702, 15.493, 15.651, 15.780, 15.529, 15.452, 15.702, 15.793, 15.593, 15.549, 15.787, 15.962, 15.815, 15.743, 15.879, 16.104, 15.995, 15.782, 15.665, 15.826, 16.014, 16.069, 15.846, 15.655, 15.708, 15.903, 16.068, 15.978, 15.725, 15.563, 15.589, 15.796, 16.012, 16.041, 15.875, 15.727, 15.759, 15.938, 16.188, 16.384, 16.385, 16.236, 16.066, 16.065, 16.174, 16.360, 16.519, 16.564, 16.404, 16.131, 15.893, 15.804, 15.780, 15.646, 15.154, 14.286, 13.471, 12.955, 12.609, 12.367, 12.295, 12.396, 12.727, 13.222, 13.732, 14.212, 14.572, 14.783, 14.894, 14.924, 14.997, 15.145, 15.344, 15.567, 15.781, 15.986, 16.160, 16.308, 16.387, 16.352, 16.264, 16.163, 16.078, 16.034, 16.063, 16.103, 16.158, 16.193, 16.211, 16.201, 16.174, 16.118, 16.021, 15.911, 15.803, 15.689, 15.428, 15.415, 15.383, 15.322, 15.160, 14.716, 13.802, 12.068, 9.775, 8.052, 7.325, 7.095, 7.113, 7.297, 7.586, 7.939, 8.312, 8.722, 9.126, 9.537, 9.933, 10.338, 10.721, 11.066, 11.407, 11.734, 12.055, 12.365, 12.677, 12.987, 13.282, 13.578, 13.826, 14.037, 14.214, 14.350, 14.436, 14.530, 14.579, 14.600, 14.525, 14.460, 14.453, 14.405, 14.297, 14.179, 14.037, 13.914, 13.723, 13.524, 13.354, 13.186, 12.991, 12.869, 12.787, 12.751, 12.720, 12.621, 12.536, 12.411, 12.266, 12.037, 11.842, 11.580, 11.403, 11.085, 10.939, 10.558, 10.415, 10.230, 16.3,1116832.0,1262182.0,867464.90,48857.87,3150.33,20792.41,540.64,25015.99,258.45,464.95,31.89,325.33,19.94,2239.21,28.59,1433.79,19.62,1586.13,58.64,0.00,20.16,191.82,17.56,952.44,19.16,30014.47,168.53,0.00,132.35,0.00,15.11,15.03,2.29,75.15,2.59,41.36,1.47,0.00,4.44,78.29,1.17,119.17,1.41,6.68,0.82,121.55,1.54,0.00,28.46,0.00,49.30,35.92,9.29,23.32,6.15,31.39,9.09,72.00,9.82,12.27,3.07,0.00,27.58,12.50,1.31,16.04,3.81,0.00,138.86,0.00,60.08,228416.61,81019.82,5224.12,39286.48,1021.52,53517.58,552.91,1065.37,73.07,812.32,49.79,2697.36,34.44,2006.17,27.45,2646.45,97.84,0.00,35.99,280.36,25.66,1368.50,27.53,42913.00,240.95,0.00,168.28,0.00,19.23,18.81,2.87,93.54,3.22,54.61,1.94,0.00,6.24,85.62,1.28,140.93,1.67,8.48,1.04,164.19,2.08,0.00,33.36,0.00,65.74,38.58,9.98,26.64,7.03,39.85,11.54,86.19,11.76,14.41,3.60,0.00,29.78,13.47,1.41,17.88,4.25,0.00,158.01,0.00,68.16
77.5,77.5,1,77.500,17/03/2026 17:12:54,28.172, , , , , , , , , , , , , , , , , , , , , , , , , , , , , , , , , , , , , , , , , , , , , , , , , , , , , , , , , , , , , , , , , , , , , , , , , , , , , , , , , , , , , , , , , , , , , , , , , , , , , , , , , , , , , , , , , , , , , , , , , , , , , , , , , , , , , , , , , , , , , , , , , , , , , , , , , , , , , , , , , , , , , , , , , , , , , , , , , , , , , , , , , , , , , , , , , , , , , , , , , , , , , , , , , , , , , , , , , , , , , , , , , , , , , , , , , , , , , , , , , , , , , , , , , , , , , , , , , , , , , , , , , , , , , , , , , , , , , , , , , , , , , , , , , , , , , , , , , , , , , , , , , , , , , , , , , , , , , , , , , , , , , , , , , , , , , , , , , , , , , , , , , , , , , , , , , , , , , , , , , , , , 
78.0,78.0,1,78.000,17/03/2026 17:13:12,28.901,,15.46, 16.68, 16.99,47.85, -2.28, 2.41,17.562, 17.634, 16.165, 15.266, 14.831, 14.491, 14.400, 14.570, 14.828, 15.288, 15.536, 15.829, 15.974, 16.172, 16.402, 16.581, 16.742, 16.896, 16.947, 17.002, 17.012, 16.938, 16.835, 16.709, 16.565, 16.393, 16.226, 16.127, 15.935, 15.893, 15.689, 15.674, 15.452, 15.516, 15.300, 15.441, 15.252, 15.386, 15.378, 15.350, 15.652, 15.523, 15.759, 15.975, 15.869, 16.167, 16.281, 16.114, 16.309, 16.396, 16.163, 16.222, 16.385, 16.219, 16.083, 16.259, 16.344, 16.194, 16.190, 16.375, 16.443, 16.333, 16.333, 16.528, 16.630, 16.570, 16.326, 16.370, 16.511, 16.576, 16.494, 16.395, 16.373, 16.449, 16.489, 16.452, 16.390, 16.343, 16.341, 16.368, 16.357, 16.345, 16.337, 16.361, 16.405, 16.468, 16.552, 16.611, 16.659, 16.674, 16.691, 16.731, 16.784, 16.853, 16.918, 16.946, 16.895, 16.812, 16.706, 16.623, 16.614, 16.625, 16.583, 16.364, 15.754, 14.736, 13.828, 13.358, 13.215, 13.195, 13.281, 13.428, 13.696, 14.030, 14.352, 14.637, 14.871, 15.075, 15.307, 15.527, 15.767, 16.011, 16.220, 16.378, 16.478, 16.533, 16.539, 16.524, 16.521, 16.520, 16.560, 16.636, 16.731, 16.827, 16.908, 16.952, 16.946, 16.872, 16.779, 16.621, 16.441, 16.263, 16.128, 16.054, 16.061, 16.131, 16.061, 16.198, 16.287, 16.295, 16.141, 15.708, 14.778, 13.005, 10.569, 8.607, 7.677, 7.313, 7.281, 7.507, 7.900, 8.392, 8.947, 9.544, 10.123, 10.662, 11.152, 11.589, 11.959, 12.269, 12.532, 12.737, 12.915, 13.082, 13.251, 13.422, 13.599, 13.784, 13.985, 14.206, 14.453, 14.701, 14.941, 15.192, 15.420, 15.571, 15.602, 15.631, 15.697, 15.676, 15.543, 15.371, 15.207, 14.935, 14.641, 14.325, 14.016, 13.719, 13.432, 13.172, 12.956, 12.840, 12.789, 12.725, 12.697, 12.680, 12.683, 12.558, 12.558, 12.463, 12.297, 12.239, 12.191, 12.012, 11.716, 11.644, 16.3,1090034.0,1270506.0,858881.68,56074.37,3194.49,21306.19,542.99,26436.09,265.69,490.41,32.10,341.35,19.92,2365.42,29.14,1552.44,20.48,2248.50,65.10,0.00,20.08,0.00,57.72,906.05,18.61,28914.75,162.80,0.00,124.87,0.00,15.79,27.82,2.49,76.69,2.55,32.52,1.43,2.69,0.48,75.09,1.14,118.14,1.40,7.47,0.81,104.38,1.44,3.84,1.01,0.00,48.83,0.00,412.65,0.00,289.15,0.00,477.38,0.00,497.98,0.00,47.58,0.00,21.79,19.37,1.42,14.75,3.74,0.00,138.98,0.00,61.90,243782.54,92986.77,5297.35,40257.25,1025.96,56555.65,568.40,1123.71,73.55,852.32,49.74,2849.40,35.10,2172.18,28.66,3751.61,108.62,0.00,35.85,0.00,84.36,1301.85,26.74,41340.69,232.76,0.00,158.77,0.00,20.09,34.82,3.12,95.46,3.17,42.94,1.89,3.78,0.67,82.12,1.25,139.71,1.66,9.49,1.03,140.99,1.95,4.50,1.18,0.00,65.11,0.00,443.23,0.00,330.30,0.00,606.04,0.00,596.13,0.00,55.86,0.00,23.53,20.87,1.53,16.44,4.17,0.00,158.15,0.00,70.22
78.5,78.5,1,78.500,17/03/2026 17:13:55,29.962, , , , , , , , , , , , , , , , , , , , , , , , , , , , , , , , , , , , , , , , , , , , , , , , , , , , , , , , , , , , , , , , , , , , , , , , , , , , , , , , , , , , , , , , , , , , , , , , , , , , , , , , , , , , , , , , , , , , , , , , , , , , , , , , , , , , , , , , , , , , , , , , , , , , , , , , , , , , , , , , , , , , , , , , , , , , , , , , , , , , , , , , , , , , , , , , , , , , , , , , , , , , , , , , , , , , , , , , , , , , , , , , , , , , , , , , , , , , , , , , , , , , , , , , , , , , , , , , , , , , , , , , , , , , , , , , , , , , , , , , , , , , , , , , , , , , , , , , , , , , , , , , , , , , , , , , , , , , , , , , , , , , , , , , , , , , , , , , , , , , , , , , , , , , , , , , , , , , , , , , , , , , 
79.0,79.0,1,79.000,17/03/2026 17:14:12,28.971,,15.48, 16.73, 17.02,47.92, -2.44, 2.47,17.281, 16.493, 16.063, 15.252, 14.872, 14.519, 14.367, 14.478, 14.899, 15.265, 15.586, 15.834, 16.014, 16.207, 16.432, 16.603, 16.789, 16.982, 17.077, 17.084, 17.062, 16.999, 16.892, 16.783, 16.577, 16.407, 16.275, 16.045, 16.006, 15.772, 15.737, 15.533, 15.501, 15.334, 15.362, 15.224, 15.287, 15.210, 15.281, 15.362, 15.393, 15.568, 15.630, 15.767, 15.947, 15.992, 16.079, 16.189, 16.173, 16.129, 16.202, 16.170, 16.081, 16.101, 16.125, 16.099, 16.036, 16.108, 16.190, 16.175, 16.142, 16.212, 16.363, 16.379, 16.350, 16.364, 16.317, 16.432, 16.374, 16.307, 16.298, 16.346, 16.384, 16.301, 16.191, 16.213, 16.249, 16.313, 16.285, 16.138, 16.034, 16.112, 16.242, 16.330, 16.329, 16.274, 16.229, 16.306, 16.497, 16.643, 16.654, 16.605, 16.537, 16.516, 16.570, 16.710, 16.856, 16.863, 16.687, 16.456, 16.306, 16.247, 16.227, 16.134, 15.734, 14.941, 14.137, 13.556, 13.193, 12.980, 12.976, 13.146, 13.526, 14.018, 14.510, 14.914, 15.141, 15.196, 15.176, 15.170, 15.256, 15.467, 15.771, 16.080, 16.360, 16.583, 16.715, 16.753, 16.665, 16.486, 16.288, 16.138, 16.078, 16.147, 16.305, 16.502, 16.692, 16.836, 16.877, 16.839, 16.698, 16.490, 16.231, 15.976, 15.763, 15.597, 15.379, 15.439, 15.537, 15.670, 15.695, 15.484, 14.797, 13.300, 11.137, 9.395, 8.510, 8.090, 7.910, 7.906, 8.039, 8.289, 8.625, 9.047, 9.535, 10.072, 10.642, 11.184, 11.723, 12.223, 12.669, 13.057, 13.360, 13.593, 13.775, 13.881, 13.955, 14.007, 14.054, 14.088, 14.126, 14.175, 14.268, 14.397, 14.534, 14.659, 14.745, 14.829, 15.001, 15.154, 15.212, 15.245, 15.237, 15.236, 15.111, 14.950, 14.698, 14.383, 14.047, 13.724, 13.399, 13.125, 12.927, 12.776, 12.530, 12.355, 12.175, 11.999, 11.854, 11.727, 11.734, 11.646, 11.306, 11.501, 11.393, 11.586, 16.3,1106150.0,1306567.0,848769.00,59398.82,3191.55,23370.72,558.21,29494.64,281.12,517.98,32.28,376.48,19.97,2847.26,31.34,1700.78,21.43,2222.50,64.54,79.98,7.02,67.92,15.46,908.54,18.52,29689.19,165.78,0.00,124.92,0.00,14.71,31.31,2.54,97.75,2.83,32.64,1.33,0.00,4.30,82.98,1.19,112.98,1.36,11.28,0.83,123.14,1.52,0.00,28.14,0.00,47.63,0.00,408.67,0.00,285.30,0.00,471.67,0.00,499.59,0.00,52.84,0.00,27.18,9.43,1.23,54.71,3.53,0.00,128.79,0.00,55.54,262076.88,98499.63,5292.47,44158.10,1054.72,63098.91,601.41,1186.88,73.97,940.03,49.86,3429.82,37.75,2379.74,29.98,3708.23,107.68,142.78,12.53,99.27,22.60,1305.43,26.61,42447.94,237.02,0.00,158.83,0.00,18.72,39.19,3.18,121.67,3.52,43.10,1.76,0.00,6.04,90.75,1.30,133.61,1.61,14.32,1.05,166.33,2.05,0.00,32.99,0.00,63.51,0.00,438.96,0.00,325.91,0.00,598.79,0.00,598.06,0.00,62.04,0.00,29.35,10.16,1.32,60.99,3.94,0.00,146.55,0.00,63.01
79.5,79.5,1,79.500,17/03/2026 17:14:55,28.900, , , , , , , , , , , , , , , , , , , , , , , , , , , , , , , , , , , , , , , , , , , , , , , , , , , , , , , , , , , , , , , , , , , , , , , , , , , , , , , , , , , , , , , , , , , , , , , , , , , , , , , , , , , , , , , , , , , , , , , , , , , , , , , , , , , , , , , , , , , , , , , , , , , , , , , , , , , , , , , , , , , , , , , , , , , , , , , , , , , , , , , , , , , , , , , , , , , , , , , , , , , , , , , , , , , , , , , , , , , , , , , , , , , , , , , , , , , , , , , , , , , , , , , , , , , , , , , , , , , , , , , , , , , , , , , , , , , , , , , , , , , , , , , , , , , , , , , , , , , , , , , , , , , , , , , , , , , , , , , , , , , , , , , , , , , , , , , , , , , , , , , , , , , , , , , , , , , , , , , , , , , , 
80.0,80.0,1,80.000,17/03/2026 17:15:12,29.364,,14.21, 15.36, 15.51,46.13, -2.41, 2.67,16.998, 14.297, 14.718, 13.544, 13.199, 12.859, 12.992, 13.098, 13.517, 13.990, 14.167, 14.430, 14.590, 14.809, 15.002, 15.175, 15.406, 15.558, 15.645, 15.686, 15.691, 15.634, 15.525, 15.420, 15.259, 15.083, 14.953, 14.791, 14.668, 14.548, 14.410, 14.322, 14.178, 14.126, 14.049, 14.022, 13.996, 14.003, 14.042, 14.071, 14.213, 14.257, 14.409, 14.548, 14.607, 14.777, 14.834, 14.820, 14.922, 14.924, 14.827, 14.865, 14.887, 14.788, 14.760, 14.836, 14.827, 14.775, 14.832, 14.925, 14.929, 14.910, 14.979, 15.078, 15.107, 15.098, 15.001, 15.082, 15.120, 15.078, 15.035, 15.032, 15.031, 15.024, 14.984, 14.970, 14.994, 15.003, 14.974, 14.919, 14.857, 14.865, 14.937, 15.008, 15.047, 15.053, 15.054, 15.087, 15.189, 15.275, 15.332, 15.356, 15.342, 15.344, 15.367, 15.409, 15.449, 15.434, 15.350, 15.266, 15.166, 15.112, 15.060, 14.871, 14.337, 13.482, 12.714, 12.290, 12.099, 11.996, 11.990, 12.075, 12.335, 12.705, 13.075, 13.408, 13.654, 13.837, 13.983, 14.108, 14.240, 14.402, 14.592, 14.778, 14.947, 15.094, 15.173, 15.215, 15.202, 15.159, 15.098, 15.072, 15.071, 15.103, 15.153, 15.232, 15.291, 15.340, 15.334, 15.289, 15.183, 15.010, 14.850, 14.711, 14.597, 14.549, 14.362, 14.403, 14.443, 14.434, 14.351, 14.047, 13.318, 11.864, 9.878, 8.321, 7.567, 7.251, 7.149, 7.211, 7.394, 7.660, 7.997, 8.370, 8.783, 9.222, 9.655, 10.070, 10.492, 10.886, 11.248, 11.586, 11.885, 12.124, 12.359, 12.525, 12.674, 12.795, 12.909, 12.991, 13.057, 13.142, 13.236, 13.324, 13.433, 13.485, 13.483, 13.491, 13.598, 13.653, 13.653, 13.649, 13.641, 13.610, 13.509, 13.392, 13.218, 12.963, 12.735, 12.540, 12.322, 12.143, 12.028, 11.856, 11.666, 11.502, 11.217, 11.111, 10.838, 10.692, 10.503, 10.295, 10.310, 9.935, 10.062, 9.956, 16.3,1103588.0,1283838.0,855672.15,63801.65,3295.97,21161.14,542.36,24718.71,257.96,439.86,31.61,561.18,21.53,1710.02,26.27,1124.02,18.05,1598.21,58.70,64.92,6.66,90.46,15.73,821.41,17.74,27648.53,157.79,0.00,124.16,0.00,16.76,29.41,2.51,84.91,2.67,31.93,1.42,0.00,4.22,71.66,1.11,112.57,1.35,7.84,0.79,114.45,1.47,0.00,28.54,0.00,48.95,0.00,417.92,0.00,287.06,0.00,474.37,66.88,9.26,0.00,55.72,0.00,27.39,19.03,1.39,49.11,3.54,0.00,130.89,0.00,59.41,249048.52,105800.73,5465.63,39983.18,1024.77,52881.60,551.86,1007.88,72.43,1401.21,53.76,2059.90,31.64,1572.74,25.26,2666.60,97.94,115.89,11.89,132.21,22.99,1180.23,25.49,39530.31,225.60,0.00,157.87,0.00,21.33,36.81,3.14,105.69,3.32,42.16,1.87,0.00,5.93,78.37,1.21,133.13,1.60,9.96,1.00,154.60,1.99,0.00,33.45,0.00,65.27,0.00,448.89,0.00,327.92,0.00,602.22,80.06,11.09,0.00,65.42,0.00,29.57,20.50,1.50,54.75,3.95,0.00,148.94,0.00,67.40
80.5,80.5,1,80.500,17/03/2026 17:15:56,27.974,1157877.646, , , , , , , , , , , , , , , , , , , , , , , , , , , , , , , , , , , , , , , , , , , , , , , , , , , , , , , , , , , , , , , , , , , , , , , , , , , , , , , , , , , , , , , , , , , , , , , , , , , , , , , , , , , , , , , , , , , , , , , , , , , , , , , , , , , , , , , , , , , , , , , , , , , , , , , , , , , , , , , , , , , , , , , , , , , , , , , , , , , , , , , , , , , , , , , , , , , , , , , , , , , , , , , , , , , , , , , , , , , , , , , , , , , , , , , , , , , , , , , , , , , , , , , , , , , , , , , , , , , , , , , , , , , , , , , , , , , , , , , , , , , , , , , , , , , , , , , , , , , , , , , , , , , , , , , , , , , , , , , , , , , , , , , , , , , , , , , , , , , , , , , , , , , , , , , , , , , , , , , , , , , 
81.0,81.0,1,81.000,17/03/2026 17:16:13,28.370,,14.31, 15.45, 15.69,46.25, -2.32, 2.47,16.758, 15.533, 15.308, 13.634, 13.712, 13.386, 13.240, 13.417, 13.688, 14.143, 14.377, 14.586, 14.732, 14.941, 15.120, 15.274, 15.491, 15.660, 15.747, 15.781, 15.753, 15.721, 15.655, 15.475, 15.342, 15.202, 14.999, 14.920, 14.729, 14.656, 14.498, 14.424, 14.278, 14.235, 14.146, 14.119, 14.106, 14.092, 14.157, 14.180, 14.275, 14.408, 14.455, 14.624, 14.768, 14.782, 14.916, 15.002, 14.926, 14.970, 15.031, 14.926, 14.864, 14.958, 14.936, 14.830, 14.861, 14.986, 14.989, 14.912, 14.954, 15.106, 15.172, 15.109, 15.108, 15.203, 15.144, 15.122, 15.048, 14.993, 15.122, 15.181, 15.103, 15.002, 14.917, 15.003, 15.121, 15.168, 15.066, 14.906, 14.830, 14.918, 15.099, 15.197, 15.174, 15.084, 15.033, 15.114, 15.267, 15.436, 15.521, 15.496, 15.419, 15.350, 15.355, 15.445, 15.547, 15.607, 15.559, 15.429, 15.290, 15.183, 15.086, 14.894, 14.404, 13.592, 12.880, 12.499, 12.322, 12.177, 12.123, 12.171, 12.379, 12.720, 13.098, 13.478, 13.796, 14.032, 14.220, 14.345, 14.456, 14.569, 14.672, 14.799, 14.926, 15.039, 15.142, 15.249, 15.322, 15.355, 15.376, 15.388, 15.381, 15.370, 15.368, 15.365, 15.359, 15.330, 15.255, 15.196, 15.130, 15.041, 14.984, 14.955, 14.947, 14.942, 14.816, 14.853, 14.835, 14.766, 14.558, 14.141, 13.302, 11.753, 9.730, 8.158, 7.444, 7.221, 7.250, 7.440, 7.755, 8.138, 8.537, 8.953, 9.366, 9.761, 10.108, 10.437, 10.731, 10.994, 11.240, 11.471, 11.706, 11.908, 12.152, 12.372, 12.606, 12.832, 13.067, 13.273, 13.486, 13.677, 13.863, 14.017, 14.141, 14.214, 14.177, 14.119, 14.106, 14.041, 13.905, 13.785, 13.642, 13.481, 13.338, 13.160, 12.965, 12.733, 12.522, 12.361, 12.259, 12.202, 12.266, 12.250, 12.208, 12.148, 12.060, 12.048, 11.916, 11.760, 11.482, 11.455, 11.208, 11.057, 10.664, 10.633, 16.3,1079135.0,1248836.0,859321.59,57213.97,3288.06,22911.56,566.22,25585.98,266.37,358.65,31.36,574.69,22.12,1689.41,26.73,1132.78,18.79,1817.78,61.88,0.00,20.85,93.66,16.04,739.12,17.26,27910.51,160.63,0.00,125.90,0.00,14.35,39.93,2.71,106.49,2.98,28.74,1.35,0.00,4.82,84.31,1.22,126.22,1.46,10.31,0.85,113.47,1.51,0.00,28.28,0.00,49.67,63.28,9.13,32.47,6.06,0.00,480.10,0.00,510.74,0.00,56.46,3.83,1.08,14.13,1.34,27.14,3.76,0.00,139.16,0.00,62.66,243700.57,94876.54,5452.51,43290.54,1069.85,54736.98,569.85,821.80,71.86,1434.95,55.23,2035.07,32.20,1584.99,26.29,3032.95,103.25,0.00,37.22,136.89,23.44,1062.00,24.80,39904.88,229.66,0.00,160.08,0.00,18.26,49.98,3.39,132.55,3.71,37.95,1.78,0.00,6.77,92.20,1.33,149.27,1.73,13.09,1.08,153.27,2.04,0.00,33.15,0.00,66.23,67.97,9.81,37.09,6.92,0.00,609.50,0.00,611.41,0.00,66.29,4.14,1.17,15.22,1.44,30.26,4.19,0.00,158.35,0.00,71.08
81.5,81.5,1,81.500,17/03/2026 17:16:56,29.163, , , , , , , , , , , , , , , , , , , , , , , , , , , , , , , , , , , , , , , , , , , , , , , , , , , , , , , , , , , , , , , , , , , , , , , , , , , , , , , , , , , , , , , , , , , , , , , , , , , , , , , , , , , , , , , , , , , , , , , , , , , , , , , , , , , , , , , , , , , , , , , , , , , , , , , , , , , , , , , , , , , , , , , , , , , , , , , , , , , , , , , , , , , , , , , , , , , , , , , , , , , , , , , , , , , , , , , , , , , , , , , , , , , , , , , , , , , , , , , , , , , , , , , , , , , , , , , , , , , , , , , , , , , , , , , , , , , , , , , , , , , , , , , , , , , , , , , , , , , , , , , , , , , , , , , , , , , , , , , , , , , , , , , , , , , , , , , , , , , , , , , , , , , , , , , , , , , , , , , , , , , , 
82.0,82.0,1,82.000,17/03/2026 17:17:22,29.494,,15.01, 16.22, 16.69,47.26, -2.42, 2.03,19.856, 16.345, 16.099, 15.079, 14.798, 14.241, 14.106, 14.324, 14.669, 14.988, 15.313, 15.510, 15.682, 15.851, 16.024, 16.195, 16.350, 16.516, 16.556, 16.565, 16.536, 16.481, 16.339, 16.210, 16.050, 15.825, 15.721, 15.489, 15.418, 15.215, 15.143, 14.964, 14.907, 14.746, 14.740, 14.625, 14.649, 14.603, 14.649, 14.690, 14.765, 14.883, 14.925, 15.103, 15.196, 15.217, 15.386, 15.406, 15.320, 15.432, 15.431, 15.268, 15.300, 15.394, 15.260, 15.161, 15.300, 15.385, 15.268, 15.223, 15.370, 15.488, 15.425, 15.361, 15.465, 15.607, 15.447, 15.306, 15.269, 15.393, 15.491, 15.427, 15.240, 15.111, 15.223, 15.380, 15.408, 15.271, 15.068, 15.033, 15.156, 15.330, 15.383, 15.296, 15.128, 15.094, 15.233, 15.474, 15.635, 15.637, 15.507, 15.347, 15.285, 15.403, 15.645, 15.829, 15.859, 15.730, 15.475, 15.238, 15.155, 15.239, 15.390, 15.446, 15.135, 14.420, 13.658, 13.149, 12.874, 12.755, 12.818, 13.044, 13.417, 13.827, 14.145, 14.334, 14.362, 14.328, 14.315, 14.340, 14.462, 14.679, 14.947, 15.237, 15.451, 15.595, 15.597, 15.527, 15.388, 15.227, 15.100, 15.048, 15.055, 15.152, 15.308, 15.494, 15.673, 15.768, 15.764, 15.677, 15.497, 15.288, 15.045, 14.872, 14.758, 14.700, 14.547, 14.634, 14.738, 14.834, 14.862, 14.697, 14.189, 13.018, 11.277, 9.783, 8.999, 8.618, 8.487, 8.525, 8.691, 8.955, 9.280, 9.658, 10.067, 10.490, 10.914, 11.328, 11.732, 12.082, 12.396, 12.656, 12.875, 13.057, 13.177, 13.281, 13.368, 13.454, 13.524, 13.597, 13.656, 13.744, 13.832, 13.947, 14.053, 14.131, 14.141, 14.184, 14.275, 14.360, 14.363, 14.367, 14.396, 14.358, 14.293, 14.160, 13.968, 13.760, 13.557, 13.362, 13.166, 13.124, 13.073, 13.009, 12.845, 12.747, 12.685, 12.573, 12.373, 12.403, 12.227, 12.103, 12.012, 11.812, 11.722, 11.768, 16.3,1071815.0,1215125.0,857973.40,60030.14,3415.17,24729.34,588.57,24682.25,265.59,310.90,31.31,398.75,21.52,902.16,23.70,750.19,17.05,1232.08,56.33,0.00,19.27,209.13,18.16,678.76,16.87,27472.25,161.40,0.00,128.56,0.00,16.62,37.84,2.72,96.82,2.88,24.22,1.44,1.39,0.46,81.47,1.20,119.81,1.43,12.43,0.87,123.66,1.57,0.00,28.99,0.00,50.85,83.48,9.31,0.00,292.07,0.00,501.16,0.00,524.80,0.00,56.64,0.00,25.63,26.16,1.54,23.35,3.78,0.00,141.03,0.00,59.34,246293.95,99546.53,5663.29,46725.16,1112.08,52803.60,568.19,712.39,71.74,995.64,53.73,1086.75,28.55,1049.67,23.86,2055.72,93.99,0.00,34.40,305.66,26.54,975.27,24.24,39278.28,230.76,0.00,163.46,0.00,21.15,47.37,3.40,120.51,3.58,31.98,1.90,1.95,0.65,89.10,1.31,141.69,1.69,15.79,1.10,167.04,2.12,0.00,33.98,0.00,67.81,89.67,10.00,0.00,333.64,0.00,636.23,0.00,628.24,0.00,66.50,0.00,27.67,28.18,1.66,26.03,4.21,0.00,160.48,0.00,67.32
82.5,82.5,1,82.500,17/03/2026 17:18:05,29.496, , , , , , , , , , , , , , , , , , , , , , , , , , , , , , , , , , , , , , , , , , , , , , , , , , , , , , , , , , , , , , , , , , , , , , , , , , , , , , , , , , , , , , , , , , , , , , , , , , , , , , , , , , , , , , , , , , , , , , , , , , , , , , , , , , , , , , , , , , , , , , , , , , , , , , , , , , , , , , , , , , , , , , , , , , , , , , , , , , , , , , , , , , , , , , , , , , , , , , , , , , , , , , , , , , , , , , , , , , , , , , , , , , , , , , , , , , , , , , , , , , , , , , , , , , , , , , , , , , , , , , , , , , , , , , , , , , , , , , , , , , , , , , , , , , , , , , , , , , , , , , , , , , , , , , , , , , , , , , , , , , , , , , , , , , , , , , , , , , , , , , , , , , , , , , , , , , , , , , , , , , , , 
83.0,83.0,1,83.000,17/03/2026 17:18:31,29.892,,14.72, 15.90, 16.31,46.84, -2.37, 2.11,16.674, 16.403, 15.322, 14.785, 14.391, 13.970, 13.809, 13.939, 14.251, 14.729, 14.959, 15.191, 15.324, 15.489, 15.648, 15.791, 15.977, 16.155, 16.251, 16.249, 16.176, 16.154, 16.093, 15.879, 15.740, 15.609, 15.341, 15.282, 15.062, 14.975, 14.830, 14.698, 14.593, 14.503, 14.384, 14.454, 14.211, 14.471, 14.220, 14.425, 14.544, 14.371, 14.791, 14.738, 14.700, 15.111, 14.970, 14.848, 15.198, 15.097, 14.791, 15.026, 15.154, 14.801, 14.725, 15.036, 15.048, 14.735, 14.759, 15.092, 15.136, 14.867, 14.828, 15.115, 15.328, 15.148, 14.736, 14.792, 15.019, 15.191, 15.014, 14.751, 14.664, 14.861, 15.067, 15.042, 14.847, 14.612, 14.599, 14.750, 14.897, 14.940, 14.825, 14.674, 14.630, 14.738, 14.954, 15.140, 15.167, 15.064, 14.915, 14.844, 14.906, 15.102, 15.284, 15.384, 15.309, 15.124, 14.897, 14.751, 14.736, 14.840, 14.956, 14.919, 14.519, 13.744, 12.970, 12.512, 12.324, 12.288, 12.385, 12.571, 12.884, 13.205, 13.448, 13.615, 13.677, 13.731, 13.803, 13.923, 14.092, 14.317, 14.516, 14.732, 14.862, 14.917, 14.903, 14.837, 14.744, 14.683, 14.646, 14.684, 14.751, 14.848, 14.975, 15.068, 15.146, 15.151, 15.067, 14.945, 14.780, 14.591, 14.428, 14.340, 14.324, 14.342, 14.249, 14.352, 14.428, 14.465, 14.384, 14.103, 13.472, 12.244, 10.435, 8.925, 8.115, 7.754, 7.657, 7.774, 8.033, 8.390, 8.810, 9.256, 9.726, 10.156, 10.567, 10.924, 11.237, 11.489, 11.703, 11.890, 12.047, 12.181, 12.298, 12.401, 12.512, 12.629, 12.758, 12.897, 13.037, 13.199, 13.381, 13.560, 13.721, 13.837, 13.851, 13.865, 13.927, 13.951, 13.859, 13.813, 13.718, 13.610, 13.478, 13.289, 13.116, 12.811, 12.596, 12.391, 12.214, 12.177, 12.140, 12.103, 12.046, 12.027, 12.048, 12.006, 11.888, 11.852, 11.889, 11.745, 11.735, 11.651, 11.600, 11.542, 16.3,1066121.0,1206043.0,869341.13,56593.33,3381.61,23551.23,576.07,24016.05,261.64,539.56,34.27,432.57,21.93,155.02,20.45,416.31,14.77,867.31,52.12,61.13,6.71,88.68,16.86,601.94,15.88,22758.00,135.12,0.00,118.02,0.00,13.66,56.15,2.91,87.14,2.70,34.05,1.44,0.00,4.21,82.74,1.18,110.97,1.34,9.67,0.82,109.87,1.46,0.00,29.63,0.00,50.50,0.00,420.21,0.00,293.07,55.67,8.78,0.00,508.76,0.00,57.67,0.00,26.20,20.33,1.39,11.20,3.72,0.00,143.96,0.00,62.53,228610.57,93847.35,5607.64,44499.17,1088.46,51378.37,559.74,1236.33,78.53,1080.09,54.76,186.74,24.63,582.50,20.67,1447.10,86.96,109.13,11.98,129.61,24.64,864.89,22.82,32538.11,193.19,0.00,150.06,0.00,17.38,70.29,3.64,108.46,3.36,44.96,1.90,0.00,5.92,90.48,1.29,131.23,1.58,12.28,1.04,148.41,1.97,0.00,34.73,0.00,67.34,0.00,451.35,0.00,334.78,70.67,11.15,0.00,609.04,0.00,67.71,0.00,28.29,21.90,1.50,12.49,4.15,0.00,163.81,0.00,70.94
83.5,83.5,1,83.500,17/03/2026 17:19:06,29.690, , , , , , , , , , , , , , , , , , , , , , , , , , , , , , , , , , , , , , , , , , , , , , , , , , , , , , , , , , , , , , , , , , , , , , , , , , , , , , , , , , , , , , , , , , , , , , , , , , , , , , , , , , , , , , , , , , , , , , , , , , , , , , , , , , , , , , , , , , , , , , , , , , , , , , , , , , , , , , , , , , , , , , , , , , , , , , , , , , , , , , , , , , , , , , , , , , , , , , , , , , , , , , , , , , , , , , , , , , , , , , , , , , , , , , , , , , , , , , , , , , , , , , , , , , , , , , , , , , , , , , , , , , , , , , , , , , , , , , , , , , , , , , , , , , , , , , , , , , , , , , , , , , , , , , , , , , , , , , , , , , , , , , , , , , , , , , , , , , , , , , , , , , , , , , , , , , , , , , , , , , , , 
84.0,84.0,1,84.000,17/03/2026 17:19:32,26.184,,15.02, 16.23, 16.69,47.27, -2.39, 2.05,18.490, 16.308, 16.084, 15.230, 14.892, 14.236, 14.239, 14.311, 14.648, 15.040, 15.308, 15.507, 15.645, 15.850, 16.050, 16.196, 16.357, 16.496, 16.558, 16.565, 16.541, 16.504, 16.367, 16.201, 16.118, 15.833, 15.713, 15.563, 15.376, 15.291, 15.114, 15.024, 14.879, 14.790, 14.722, 14.658, 14.622, 14.629, 14.611, 14.693, 14.742, 14.837, 14.926, 15.053, 15.141, 15.203, 15.335, 15.318, 15.284, 15.385, 15.318, 15.198, 15.271, 15.293, 15.127, 15.106, 15.246, 15.252, 15.138, 15.160, 15.289, 15.342, 15.306, 15.278, 15.357, 15.434, 15.301, 15.247, 15.186, 15.171, 15.297, 15.301, 15.189, 15.060, 15.037, 15.103, 15.212, 15.201, 15.040, 14.899, 14.874, 14.985, 15.148, 15.210, 15.128, 15.022, 14.994, 15.087, 15.261, 15.398, 15.418, 15.339, 15.246, 15.219, 15.267, 15.394, 15.491, 15.487, 15.376, 15.222, 15.120, 15.086, 15.097, 15.050, 14.740, 14.136, 13.509, 13.124, 12.946, 12.851, 12.862, 12.956, 13.192, 13.484, 13.760, 13.971, 14.106, 14.203, 14.300, 14.393, 14.516, 14.650, 14.795, 14.917, 15.011, 15.064, 15.083, 15.076, 15.063, 15.054, 15.056, 15.088, 15.137, 15.178, 15.227, 15.257, 15.260, 15.213, 15.147, 15.058, 14.959, 14.876, 14.809, 14.786, 14.800, 14.822, 14.664, 14.727, 14.735, 14.710, 14.568, 14.254, 13.655, 12.472, 10.776, 9.368, 8.658, 8.396, 8.371, 8.528, 8.814, 9.157, 9.534, 9.934, 10.305, 10.642, 10.952, 11.223, 11.458, 11.674, 11.874, 12.072, 12.271, 12.457, 12.655, 12.856, 13.065, 13.242, 13.435, 13.583, 13.737, 13.868, 13.965, 14.071, 14.135, 14.124, 14.037, 13.952, 13.951, 13.884, 13.800, 13.705, 13.630, 13.584, 13.527, 13.446, 13.370, 13.231, 13.149, 13.080, 13.018, 13.022, 13.070, 13.013, 12.949, 12.886, 12.753, 12.668, 12.519, 12.429, 12.277, 11.986, 11.807, 11.526, 11.397, 11.300, 16.3,1028874.0,1216183.0,855277.18,67972.11,3557.40,25297.85,603.41,24278.13,268.59,526.14,35.02,505.42,23.02,262.13,21.61,396.31,15.24,868.66,53.53,0.00,17.77,112.00,17.14,547.22,15.68,23356.48,142.32,0.00,118.80,0.00,15.07,26.94,2.49,65.19,2.41,33.01,1.47,0.00,4.98,72.98,1.14,119.72,1.43,9.24,0.83,112.23,1.52,0.00,29.48,0.00,50.88,0.00,425.22,22.67,5.98,38.33,8.90,67.18,9.74,0.00,50.45,0.00,22.92,23.20,1.46,0.00,134.22,9.63,3.09,0.00,65.02,252319.94,112716.50,5899.15,47799.34,1140.12,51939.05,574.60,1205.58,80.24,1261.99,57.48,315.76,26.03,554.52,21.32,1449.35,89.31,0.00,31.72,163.69,25.05,786.27,22.53,33393.78,203.48,0.00,151.05,0.00,19.18,33.72,3.12,81.14,3.00,43.58,1.94,0.00,7.00,79.81,1.25,141.58,1.69,11.73,1.05,151.60,2.05,0.00,34.56,0.00,67.85,0.00,456.73,25.90,6.83,48.66,11.30,80.42,11.66,0.00,59.23,0.00,24.75,24.99,1.57,0.00,149.63,10.96,3.52,0.00,73.76
84.5,84.5,1,84.500,17/03/2026 17:20:15,25.260, , , , , , , , , , , , , , , , , , , , , , , , , , , , , , , , , , , , , , , , , , , , , , , , , , , , , , , , , , , , , , , , , , , , , , , , , , , , , , , , , , , , , , , , , , , , , , , , , , , , , , , , , , , , , , , , , , , , , , , , , , , , , , , , , , , , , , , , , , , , , , , , , , , , , , , , , , , , , , , , , , , , , , , , , , , , , , , , , , , , , , , , , , , , , , , , , , , , , , , , , , , , , , , , , , , , , , , , , , , , , , , , , , , , , , , , , , , , , , , , , , , , , , , , , , , , , , , , , , , , , , , , , , , , , , , , , , , , , , , , , , , , , , , , , , , , , , , , , , , , , , , , , , , , , , , , , , , , , , , , , , , , , , , , , , , , , , , , , , , , , , , , , , , , , , , , , , , , , , , , , , , , 
85.0,85.0,1,85.000,17/03/2026 17:20:32,23.606,,14.53, 15.67, 15.94,46.53, -2.21, 2.42,17.133, 15.894, 15.349, 14.226, 13.617, 13.674, 13.392, 13.558, 13.924, 14.365, 14.639, 14.825, 14.964, 15.123, 15.324, 15.501, 15.726, 15.865, 15.910, 15.954, 15.977, 15.921, 15.837, 15.736, 15.544, 15.419, 15.279, 15.105, 15.027, 14.875, 14.791, 14.671, 14.564, 14.503, 14.434, 14.415, 14.372, 14.393, 14.419, 14.432, 14.576, 14.603, 14.726, 14.864, 14.913, 15.027, 15.131, 15.106, 15.133, 15.210, 15.120, 15.072, 15.158, 15.118, 14.981, 15.025, 15.144, 15.091, 15.018, 15.102, 15.218, 15.203, 15.156, 15.200, 15.361, 15.398, 15.246, 15.149, 15.172, 15.268, 15.377, 15.257, 15.098, 15.031, 15.163, 15.290, 15.287, 15.094, 14.941, 14.923, 15.042, 15.185, 15.187, 15.094, 14.982, 14.995, 15.142, 15.324, 15.433, 15.432, 15.357, 15.264, 15.266, 15.372, 15.504, 15.609, 15.602, 15.516, 15.339, 15.187, 15.108, 15.122, 15.112, 14.992, 14.513, 13.684, 12.894, 12.432, 12.226, 12.107, 12.104, 12.217, 12.524, 12.921, 13.303, 13.621, 13.832, 13.975, 14.074, 14.164, 14.280, 14.445, 14.664, 14.892, 15.079, 15.232, 15.300, 15.331, 15.291, 15.207, 15.147, 15.116, 15.122, 15.189, 15.276, 15.364, 15.441, 15.484, 15.490, 15.419, 15.280, 15.101, 14.905, 14.783, 14.702, 14.683, 14.534, 14.598, 14.673, 14.685, 14.616, 14.307, 13.561, 12.090, 10.059, 8.420, 7.627, 7.317, 7.249, 7.381, 7.647, 7.982, 8.380, 8.812, 9.251, 9.705, 10.146, 10.558, 10.944, 11.260, 11.537, 11.793, 12.010, 12.198, 12.369, 12.522, 12.682, 12.830, 12.981, 13.131, 13.288, 13.473, 13.635, 13.810, 13.988, 14.112, 14.127, 14.116, 14.194, 14.221, 14.129, 14.016, 13.896, 13.742, 13.540, 13.326, 13.101, 12.892, 12.643, 12.430, 12.294, 12.213, 12.149, 12.140, 12.074, 11.985, 11.932, 11.830, 11.739, 11.626, 11.376, 11.291, 11.112, 10.903, 10.771, 10.632, 16.3,1008042.0,1225952.0,857631.99,55502.78,3521.59,25200.05,622.69,27258.21,290.81,558.19,36.53,500.27,23.57,2278.87,31.73,1167.65,20.61,1575.21,62.67,59.04,7.21,0.00,68.82,884.20,19.67,26820.81,163.57,0.00,128.99,0.00,17.55,22.04,2.54,93.24,2.92,19.71,1.30,0.00,5.82,101.06,1.39,154.62,1.71,18.07,0.96,111.95,1.59,11.68,1.11,0.00,53.83,0.00,443.90,0.00,306.95,0.00,513.44,0.00,538.96,0.00,54.39,0.00,28.18,14.16,1.41,16.25,4.04,0.00,151.54,0.00,64.98,247910.21,92038.92,5839.77,47614.55,1176.55,58314.44,622.14,1279.02,83.70,1249.13,58.85,2745.14,38.22,1633.78,28.84,2628.23,104.56,105.40,12.87,0.00,100.58,1270.45,28.26,38346.89,233.86,0.00,164.01,0.00,22.33,27.59,3.18,116.06,3.63,26.02,1.72,0.00,8.18,110.52,1.52,182.85,2.02,22.95,1.22,151.22,2.15,13.69,1.30,0.00,71.78,0.00,476.80,0.00,350.64,0.00,651.82,0.00,645.19,0.00,63.86,0.00,30.43,15.25,1.52,18.12,4.50,0.00,172.44,0.00,73.72
85.5,85.5,1,85.500,17/03/2026 17:21:15,25.787,1157877.583, , , , , , , , , , , , , , , , , , , , , , , , , , , , , , , , , , , , , , , , , , , , , , , , , , , , , , , , , , , , , , , , , , , , , , , , , , , , , , , , , , , , , , , , , , , , , , , , , , , , , , , , , , , , , , , , , , , , , , , , , , , , , , , , , , , , , , , , , , , , , , , , , , , , , , , , , , , , , , , , , , , , , , , , , , , , , , , , , , , , , , , , , , , , , , , , , , , , , , , , , , , , , , , , , , , , , , , , , , , , , , , , , , , , , , , , , , , , , , , , , , , , , , , , , , , , , , , , , , , , , , , , , , , , , , , , , , , , , , , , , , , , , , , , , , , , , , , , , , , , , , , , , , , , , , , , , , , , , , , , , , , , , , , , , , , , , , , , , , , , , , , , , , , , , , , , , , , , , , , , , , , 
86.0,86.0,1,86.000,17/03/2026 17:21:33,26.385,,14.87, 16.05, 16.44,47.04, -2.30, 2.20,19.561, 15.701, 15.352, 14.634, 14.517, 13.957, 13.960, 14.144, 14.402, 14.794, 15.064, 15.304, 15.426, 15.618, 15.791, 15.969, 16.158, 16.294, 16.341, 16.368, 16.376, 16.319, 16.196, 16.055, 15.925, 15.749, 15.578, 15.450, 15.306, 15.182, 15.059, 14.954, 14.846, 14.756, 14.711, 14.652, 14.639, 14.646, 14.648, 14.748, 14.779, 14.918, 15.016, 15.103, 15.287, 15.344, 15.393, 15.514, 15.490, 15.471, 15.508, 15.458, 15.428, 15.447, 15.379, 15.371, 15.468, 15.425, 15.371, 15.494, 15.587, 15.519, 15.491, 15.662, 15.778, 15.687, 15.432, 15.507, 15.655, 15.651, 15.521, 15.485, 15.517, 15.540, 15.487, 15.451, 15.486, 15.530, 15.476, 15.351, 15.272, 15.329, 15.482, 15.557, 15.496, 15.395, 15.413, 15.551, 15.727, 15.872, 15.868, 15.757, 15.663, 15.681, 15.782, 15.908, 16.013, 15.989, 15.824, 15.622, 15.464, 15.400, 15.360, 15.221, 14.706, 13.821, 12.981, 12.478, 12.189, 12.001, 11.944, 12.052, 12.376, 12.850, 13.335, 13.766, 14.042, 14.191, 14.258, 14.305, 14.377, 14.532, 14.765, 15.035, 15.298, 15.518, 15.648, 15.715, 15.679, 15.566, 15.431, 15.338, 15.301, 15.366, 15.455, 15.557, 15.655, 15.706, 15.714, 15.679, 15.561, 15.384, 15.183, 15.032, 14.915, 14.870, 14.743, 14.808, 14.852, 14.827, 14.690, 14.296, 13.444, 11.847, 9.747, 8.121, 7.382, 7.104, 7.067, 7.184, 7.418, 7.744, 8.131, 8.529, 8.947, 9.356, 9.734, 10.101, 10.448, 10.773, 11.105, 11.425, 11.746, 12.057, 12.350, 12.605, 12.860, 13.111, 13.301, 13.469, 13.628, 13.754, 13.837, 13.917, 13.984, 13.957, 13.856, 13.766, 13.749, 13.706, 13.614, 13.576, 13.543, 13.500, 13.465, 13.403, 13.318, 13.166, 13.047, 12.877, 12.746, 12.648, 12.491, 12.367, 12.169, 11.992, 11.696, 11.418, 11.194, 10.913, 10.711, 10.375, 10.022, 9.856, 9.797, 9.619, 16.3,1070086.0,1274847.0,862467.19,61130.45,3358.14,19908.51,535.47,23670.41,255.38,463.74,32.50,440.03,21.27,1148.57,24.12,1029.85,17.82,1547.24,58.80,0.00,20.04,287.67,18.93,659.86,16.47,26673.13,155.19,0.00,124.71,0.00,16.08,39.40,2.69,92.53,2.79,31.94,1.39,3.69,0.50,83.77,1.20,122.01,1.43,13.33,0.86,126.80,1.56,0.00,28.59,0.00,50.10,0.00,411.96,0.00,285.64,0.00,485.40,0.00,509.96,0.00,56.15,0.00,27.95,14.99,1.35,44.85,3.61,0.00,134.61,0.00,57.68,237400.29,101371.15,5568.72,37616.39,1011.75,50638.93,546.34,1062.60,74.47,1098.71,53.11,1383.57,29.06,1440.97,24.93,2581.56,98.11,0.00,35.78,420.45,27.67,948.11,23.66,38135.74,221.88,0.00,158.57,0.00,20.46,49.32,3.37,115.17,3.47,42.17,1.84,5.19,0.70,91.61,1.31,144.29,1.69,16.93,1.09,171.28,2.11,0.00,33.51,0.00,66.81,0.00,442.49,0.00,326.30,0.00,616.22,0.00,610.47,0.00,65.92,0.00,30.18,16.15,1.45,50.00,4.02,0.00,153.17,0.00,65.43
86.5,86.5,1,86.500,17/03/2026 17:22:16,27.241, , , , , , , , , , , , , , , , , , , , , , , , , , , , , , , , , , , , , , , , , , , , , , , , , , , , , , , , , , , , , , , , , , , , , , , , , , , , , , , , , , , , , , , , , , , , , , , , , , , , , , , , , , , , , , , , , , , , , , , , , , , , , , , , , , , , , , , , , , , , , , , , , , , , , , , , , , , , , , , , , , , , , , , , , , , , , , , , , , , , , , , , , , , , , , , , , , , , , , , , , , , , , , , , , , , , , , , , , , , , , , , , , , , , , , , , , , , , , , , , , , , , , , , , , , , , , , , , , , , , , , , , , , , , , , , , , , , , , , , , , , , , , , , , , , , , , , , , , , , , , , , , , , , , , , , , , , , , , , , , , , , , , , , , , , , , , , , , , , , , , , , , , , , , , , , , , , , , , , , , , , , , 
87.0,87.0,1,87.000,17/03/2026 17:22:33,27.240,,15.81, 17.04, 17.64,48.31, -2.23, 1.85,19.462, 18.111, 17.649, 16.470, 15.827, 15.642, 15.143, 15.301, 15.536, 15.923, 16.187, 16.393, 16.526, 16.655, 16.809, 16.963, 17.166, 17.374, 17.430, 17.338, 17.289, 17.352, 17.199, 16.967, 16.923, 16.667, 16.528, 16.395, 16.210, 16.144, 15.938, 15.903, 15.696, 15.686, 15.572, 15.528, 15.550, 15.441, 15.616, 15.506, 15.693, 15.772, 15.780, 16.044, 16.056, 16.132, 16.317, 16.259, 16.267, 16.376, 16.282, 16.218, 16.299, 16.276, 16.150, 16.180, 16.276, 16.256, 16.190, 16.256, 16.363, 16.370, 16.313, 16.375, 16.496, 16.567, 16.332, 16.245, 16.282, 16.410, 16.462, 16.333, 16.165, 16.147, 16.287, 16.421, 16.364, 16.140, 15.968, 15.993, 16.169, 16.308, 16.266, 16.086, 15.942, 16.014, 16.277, 16.518, 16.619, 16.487, 16.269, 16.160, 16.243, 16.500, 16.759, 16.852, 16.718, 16.425, 16.103, 15.950, 16.004, 16.200, 16.345, 16.197, 15.506, 14.353, 13.314, 12.740, 12.588, 12.684, 12.933, 13.229, 13.554, 13.837, 14.008, 14.113, 14.203, 14.327, 14.570, 14.890, 15.261, 15.613, 15.898, 16.065, 16.109, 16.053, 15.940, 15.824, 15.761, 15.788, 15.898, 16.061, 16.250, 16.422, 16.543, 16.575, 16.540, 16.400, 16.192, 15.958, 15.744, 15.567, 15.453, 15.443, 15.514, 15.644, 15.598, 15.745, 15.845, 15.810, 15.615, 15.147, 14.189, 12.533, 10.413, 8.805, 8.040, 7.758, 7.763, 7.969, 8.312, 8.739, 9.194, 9.698, 10.171, 10.599, 10.993, 11.327, 11.618, 11.871, 12.067, 12.244, 12.436, 12.602, 12.782, 12.957, 13.171, 13.379, 13.607, 13.840, 14.039, 14.249, 14.474, 14.659, 14.823, 14.952, 14.949, 14.909, 14.926, 14.902, 14.771, 14.621, 14.492, 14.336, 14.187, 13.985, 13.778, 13.536, 13.291, 13.160, 12.962, 12.884, 12.875, 12.793, 12.750, 12.666, 12.542, 12.529, 12.438, 12.348, 12.254, 12.012, 11.875, 11.691, 11.613, 11.504, 16.3,1060956.0,1275049.0,877792.74,37754.07,3137.48,22115.98,563.63,26590.90,272.12,453.65,32.87,304.34,20.53,2201.81,29.20,1614.90,21.25,2020.45,64.23,0.00,22.06,147.56,17.58,670.20,16.74,27803.06,158.96,0.00,127.64,0.00,15.43,46.27,2.85,85.25,2.72,31.82,1.44,0.00,4.62,70.82,1.13,122.65,1.45,12.75,0.86,125.56,1.58,0.00,29.25,0.00,50.44,0.00,427.05,0.00,296.21,0.00,492.72,0.00,526.80,0.00,51.38,0.00,27.87,17.72,1.42,17.54,3.89,0.00,144.19,0.00,65.39,212946.07,62606.66,5202.81,41787.32,1064.96,56886.84,582.16,1039.48,75.32,759.91,51.26,2652.31,35.17,2259.58,29.73,3371.11,107.17,0.00,39.38,215.67,25.69,962.97,24.05,39751.25,227.27,0.00,162.29,0.00,19.64,57.92,3.57,106.11,3.39,42.01,1.90,0.00,6.49,77.45,1.24,145.05,1.71,16.19,1.09,169.60,2.13,0.00,34.29,0.00,67.26,0.00,458.70,0.00,338.37,0.00,625.52,0.00,630.63,0.00,60.32,0.00,30.09,19.09,1.53,19.55,4.34,0.00,164.07,0.00,74.18
87.5,87.5,1,87.500,17/03/2026 17:23:25,27.968, , , , , , , , , , , , , , , , , , , , , , , , , , , , , , , , , , , , , , , , , , , , , , , , , , , , , , , , , , , , , , , , , , , , , , , , , , , , , , , , , , , , , , , , , , , , , , , , , , , , , , , , , , , , , , , , , , , , , , , , , , , , , , , , , , , , , , , , , , , , , , , , , , , , , , , , , , , , , , , , , , , , , , , , , , , , , , , , , , , , , , , , , , , , , , , , , , , , , , , , , , , , , , , , , , , , , , , , , , , , , , , , , , , , , , , , , , , , , , , , , , , , , , , , , , , , , , , , , , , , , , , , , , , , , , , , , , , , , , , , , , , , , , , , , , , , , , , , , , , , , , , , , , , , , , , , , , , , , , , , , , , , , , , , , , , , , , , , , , , , , , , , , , , , , , , , , , , , , , , , , , , , 
88.0,88.0,1,88.000,17/03/2026 17:23:51,25.786,,14.58, 15.77, 16.19,46.68, -2.48, 2.10,17.138, 16.108, 15.425, 14.868, 14.034, 13.684, 13.617, 13.797, 14.165, 14.607, 14.828, 15.067, 15.201, 15.408, 15.585, 15.752, 15.952, 16.079, 16.111, 16.114, 16.087, 16.030, 15.923, 15.754, 15.581, 15.419, 15.233, 15.087, 14.947, 14.797, 14.699, 14.542, 14.461, 14.341, 14.309, 14.230, 14.230, 14.222, 14.256, 14.304, 14.414, 14.495, 14.617, 14.769, 14.839, 14.996, 15.077, 15.069, 15.173, 15.186, 15.078, 15.133, 15.179, 15.050, 15.011, 15.124, 15.127, 15.037, 15.093, 15.223, 15.228, 15.160, 15.234, 15.370, 15.433, 15.375, 15.248, 15.304, 15.373, 15.370, 15.316, 15.286, 15.268, 15.296, 15.290, 15.287, 15.277, 15.232, 15.190, 15.151, 15.126, 15.171, 15.234, 15.237, 15.223, 15.227, 15.293, 15.402, 15.535, 15.594, 15.590, 15.548, 15.530, 15.570, 15.673, 15.770, 15.823, 15.748, 15.575, 15.396, 15.294, 15.247, 15.224, 15.053, 14.432, 13.394, 12.441, 11.893, 11.622, 11.492, 11.504, 11.649, 12.019, 12.488, 12.938, 13.318, 13.572, 13.753, 13.916, 14.049, 14.219, 14.431, 14.689, 14.953, 15.201, 15.370, 15.458, 15.489, 15.439, 15.373, 15.298, 15.256, 15.249, 15.292, 15.381, 15.487, 15.578, 15.636, 15.655, 15.566, 15.413, 15.221, 15.015, 14.835, 14.704, 14.646, 14.458, 14.505, 14.577, 14.605, 14.509, 14.160, 13.280, 11.541, 9.265, 7.547, 6.748, 6.414, 6.305, 6.367, 6.551, 6.823, 7.181, 7.605, 8.068, 8.566, 9.089, 9.599, 10.100, 10.557, 10.978, 11.348, 11.684, 11.952, 12.177, 12.351, 12.501, 12.610, 12.701, 12.779, 12.845, 12.952, 13.040, 13.183, 13.337, 13.482, 13.561, 13.647, 13.794, 13.887, 13.884, 13.867, 13.821, 13.736, 13.549, 13.338, 13.108, 12.821, 12.520, 12.183, 11.896, 11.638, 11.395, 11.166, 10.855, 10.659, 10.432, 10.241, 10.101, 9.908, 9.692, 9.651, 9.554, 9.352, 9.398, 9.386, 16.3,1083729.0,1251812.0,857717.82,54950.02,3235.34,20196.44,541.01,28566.31,281.59,348.74,31.11,234.72,19.73,2612.27,30.91,1678.23,21.52,2414.94,67.67,0.00,21.59,117.80,16.51,1049.42,20.32,29613.91,169.05,0.00,131.57,0.00,15.83,30.58,2.60,89.79,2.81,32.01,1.42,3.16,0.50,72.00,1.15,102.84,1.32,9.90,0.84,112.22,1.50,3.89,1.03,0.00,50.86,0.00,429.56,0.00,295.32,0.00,492.14,0.00,517.04,0.00,55.96,8.04,1.19,14.90,1.39,20.07,3.73,0.00,138.76,0.00,65.00,245938.28,91122.29,5365.09,38160.42,1022.22,61112.90,602.42,799.09,71.28,586.07,49.26,3146.75,37.23,2348.19,30.11,4029.31,112.91,0.00,38.54,172.17,24.13,1507.85,29.20,42340.30,241.70,0.00,167.29,0.00,20.15,38.28,3.25,111.76,3.50,42.26,1.87,4.44,0.70,78.74,1.26,121.62,1.56,12.57,1.07,151.58,2.03,4.56,1.21,0.00,67.82,0.00,461.40,0.00,337.35,0.00,624.78,0.00,618.95,0.00,65.70,8.68,1.28,16.05,1.50,22.37,4.16,0.00,157.90,0.00,73.74
88.5,88.5,1,88.500,17/03/2026 17:24:25,27.113, , , , , , , , , , , , , , , , , , , , , , , , , , , , , , , , , , , , , , , , , , , , , , , , , , , , , , , , , , , , , , , , , , , , , , , , , , , , , , , , , , , , , , , , , , , , , , , , , , , , , , , , , , , , , , , , , , , , , , , , , , , , , , , , , , , , , , , , , , , , , , , , , , , , , , , , , , , , , , , , , , , , , , , , , , , , , , , , , , , , , , , , , , , , , , , , , , , , , , , , , , , , , , , , , , , , , , , , , , , , , , , , , , , , , , , , , , , , , , , , , , , , , , , , , , , , , , , , , , , , , , , , , , , , , , , , , , , , , , , , , , , , , , , , , , , , , , , , , , , , , , , , , , , , , , , , , , , , , , , , , , , , , , , , , , , , , , , , , , , , , , , , , , , , , , , , , , , , , , , , , , , , 
89.0,89.0,1,89.000,17/03/2026 17:24:51,29.955,,14.16, 15.35, 15.67,46.11, -2.64, 2.26,16.705, 15.029, 14.552, 13.927, 13.534, 13.394, 13.179, 13.322, 13.697, 14.077, 14.314, 14.589, 14.743, 14.998, 15.180, 15.351, 15.547, 15.668, 15.692, 15.675, 15.667, 15.626, 15.485, 15.311, 15.158, 14.978, 14.804, 14.645, 14.506, 14.375, 14.228, 14.130, 13.977, 13.925, 13.821, 13.825, 13.744, 13.822, 13.759, 13.918, 13.947, 14.059, 14.249, 14.272, 14.516, 14.590, 14.616, 14.808, 14.763, 14.745, 14.849, 14.779, 14.709, 14.793, 14.755, 14.680, 14.753, 14.831, 14.775, 14.789, 14.907, 14.948, 14.930, 14.969, 15.112, 15.170, 15.003, 14.932, 15.018, 15.123, 15.119, 14.998, 14.970, 15.052, 15.100, 15.079, 15.022, 14.983, 15.030, 15.021, 14.951, 14.892, 14.918, 15.016, 15.122, 15.180, 15.162, 15.132, 15.187, 15.328, 15.496, 15.595, 15.575, 15.476, 15.378, 15.407, 15.527, 15.657, 15.678, 15.552, 15.336, 15.086, 14.847, 14.574, 14.005, 13.119, 12.359, 11.916, 11.585, 11.292, 11.089, 11.071, 11.404, 11.981, 12.649, 13.262, 13.688, 13.891, 13.930, 13.880, 13.858, 13.955, 14.217, 14.578, 15.011, 15.403, 15.687, 15.783, 15.690, 15.473, 15.209, 14.986, 14.851, 14.872, 15.034, 15.267, 15.538, 15.768, 15.907, 15.860, 15.651, 15.331, 14.938, 14.583, 14.323, 14.175, 14.002, 14.130, 14.305, 14.475, 14.510, 14.245, 13.365, 11.599, 9.309, 7.602, 6.752, 6.282, 6.036, 5.960, 6.066, 6.316, 6.705, 7.220, 7.811, 8.441, 9.080, 9.664, 10.196, 10.643, 10.996, 11.247, 11.422, 11.527, 11.605, 11.647, 11.702, 11.779, 11.900, 12.071, 12.287, 12.568, 12.858, 13.192, 13.508, 13.771, 13.914, 14.018, 14.103, 14.089, 13.972, 13.775, 13.532, 13.260, 12.903, 12.553, 12.181, 11.779, 11.441, 11.150, 10.910, 10.776, 10.744, 10.700, 10.685, 10.703, 10.688, 10.678, 10.694, 10.593, 10.603, 10.399, 10.349, 10.134, 10.052, 9.914, 16.3,1113362.0,1283757.0,853691.41,63806.64,3310.68,22523.58,553.44,24749.86,258.41,342.89,30.36,478.46,21.00,1502.79,25.36,1029.07,17.86,1543.03,58.16,39.05,6.41,96.61,16.27,888.62,18.45,28836.20,164.23,0.00,127.41,0.00,13.32,28.30,2.47,86.46,2.70,35.84,1.41,2.25,0.47,66.28,1.06,99.66,1.28,13.89,0.84,109.30,1.46,0.00,28.89,0.00,49.11,0.00,410.21,0.00,288.17,0.00,485.27,0.00,506.92,0.00,55.38,0.00,25.73,15.26,1.34,14.54,3.72,0.00,138.65,0.00,55.81,252417.64,105809.01,5490.02,42557.46,1045.70,52948.24,552.83,785.69,69.57,1194.67,52.43,1810.27,30.55,1439.88,24.99,2574.54,97.04,69.71,11.44,141.20,23.78,1276.80,26.51,41228.38,234.81,0.00,162.00,0.00,16.95,35.43,3.09,107.62,3.36,47.32,1.86,3.16,0.66,72.48,1.16,117.86,1.51,17.64,1.07,147.64,1.97,0.00,33.87,0.00,65.49,0.00,440.61,0.00,329.19,0.00,616.06,0.00,606.83,0.00,65.02,0.00,27.78,16.44,1.44,16.21,4.15,0.00,157.77,0.00,63.31
89.5,89.5,1,89.500,17/03/2026 17:25:35,29.292, , , , , , , , , , , , , , , , , , , , , , , , , , , , , , , , , , , , , , , , , , , , , , , , , , , , , , , , , , , , , , , , , , , , , , , , , , , , , , , , , , , , , , , , , , , , , , , , , , , , , , , , , , , , , , , , , , , , , , , , , , , , , , , , , , , , , , , , , , , , , , , , , , , , , , , , , , , , , , , , , , , , , , , , , , , , , , , , , , , , , , , , , , , , , , , , , , , , , , , , , , , , , , , , , , , , , , , , , , , , , , , , , , , , , , , , , , , , , , , , , , , , , , , , , , , , , , , , , , , , , , , , , , , , , , , , , , , , , , , , , , , , , , , , , , , , , , , , , , , , , , , , , , , , , , , , , , , , , , , , , , , , , , , , , , , , , , , , , , , , , , , , , , , , , , , , , , , , , , , , , , , , 
90.0,90.0,1,90.000,17/03/2026 17:25:52,32.801,,13.69, 14.85, 15.26,45.43, -2.69, 2.03,16.652, 14.777, 14.534, 13.599, 13.111, 12.848, 12.883, 13.030, 13.279, 13.756, 13.953, 14.188, 14.372, 14.564, 14.740, 14.891, 15.092, 15.200, 15.227, 15.217, 15.155, 15.071, 14.981, 14.828, 14.616, 14.431, 14.295, 14.091, 13.956, 13.843, 13.668, 13.578, 13.451, 13.341, 13.315, 13.202, 13.245, 13.193, 13.257, 13.298, 13.372, 13.521, 13.565, 13.789, 13.815, 13.986, 14.072, 14.042, 14.204, 14.128, 14.064, 14.198, 14.084, 13.988, 14.106, 14.074, 13.974, 14.084, 14.162, 14.083, 14.132, 14.246, 14.267, 14.230, 14.340, 14.439, 14.263, 14.210, 14.217, 14.334, 14.356, 14.264, 14.193, 14.228, 14.295, 14.295, 14.243, 14.205, 14.203, 14.198, 14.160, 14.150, 14.202, 14.270, 14.326, 14.330, 14.338, 14.367, 14.475, 14.618, 14.712, 14.707, 14.643, 14.601, 14.622, 14.738, 14.870, 14.895, 14.793, 14.604, 14.426, 14.326, 14.302, 14.196, 13.740, 12.899, 12.087, 11.575, 11.274, 11.115, 11.113, 11.294, 11.652, 12.098, 12.501, 12.819, 12.998, 13.099, 13.214, 13.344, 13.523, 13.754, 14.010, 14.249, 14.438, 14.541, 14.559, 14.542, 14.489, 14.455, 14.451, 14.487, 14.548, 14.627, 14.708, 14.747, 14.761, 14.712, 14.629, 14.499, 14.344, 14.219, 14.119, 14.057, 14.048, 14.083, 13.969, 14.032, 14.024, 13.948, 13.738, 13.302, 12.427, 10.864, 8.860, 7.381, 6.751, 6.558, 6.588, 6.759, 7.025, 7.328, 7.660, 8.005, 8.346, 8.675, 8.991, 9.304, 9.615, 9.923, 10.232, 10.528, 10.840, 11.153, 11.449, 11.712, 11.961, 12.194, 12.373, 12.528, 12.632, 12.716, 12.784, 12.838, 12.879, 12.872, 12.818, 12.757, 12.775, 12.780, 12.703, 12.689, 12.647, 12.638, 12.582, 12.504, 12.365, 12.223, 12.025, 11.845, 11.726, 11.537, 11.373, 11.225, 11.048, 10.839, 10.653, 10.384, 10.132, 10.000, 9.791, 9.631, 9.435, 9.271, 9.183, 9.050, 16.3,1066886.0,1266290.0,849575.42,76975.43,3472.55,21634.69,549.45,22348.69,247.38,551.51,33.34,490.67,21.50,872.52,22.83,786.83,16.60,897.14,51.73,32.93,6.10,0.00,55.81,659.33,16.17,24749.51,145.77,0.00,115.26,0.00,13.56,24.68,2.36,66.79,2.36,32.82,1.39,0.00,4.22,55.88,0.97,93.44,1.22,5.93,0.75,93.59,1.35,0.00,28.78,0.00,48.91,0.00,417.90,0.00,285.57,0.00,475.67,0.00,502.35,0.00,47.21,0.00,26.49,18.89,1.33,33.31,3.51,0.00,134.62,0.00,53.41,259385.48,127646.49,5758.45,40877.94,1038.17,47811.33,529.23,1263.71,76.39,1225.16,53.68,1051.04,27.50,1100.94,23.23,1496.87,86.31,58.79,10.89,0.00,81.57,947.35,23.23,35385.46,208.41,0.00,146.55,0.00,17.26,30.89,2.95,83.13,2.94,43.33,1.84,0.00,5.93,61.11,1.06,110.50,1.44,7.53,0.95,126.42,1.82,0.00,33.74,0.00,65.22,0.00,448.87,0.00,326.22,0.00,603.87,0.00,601.36,0.00,55.43,0.00,28.60,20.35,1.43,37.14,3.91,0.00,153.18,0.00,60.59
90.5,90.5,1,90.500,17/03/2026 17:26:35,29.228,1157877.514, , , , , , , , , , , , , , , , , , , , , , , , , , , , , , , , , , , , , , , , , , , , , , , , , , , , , , , , , , , , , , , , , , , , , , , , , , , , , , , , , , , , , , , , , , , , , , , , , , , , , , , , , , , , , , , , , , , , , , , , , , , , , , , , , , , , , , , , , , , , , , , , , , , , , , , , , , , , , , , , , , , , , , , , , , , , , , , , , , , , , , , , , , , , , , , , , , , , , , , , , , , , , , , , , , , , , , , , , , , , , , , , , , , , , , , , , , , , , , , , , , , , , , , , , , , , , , , , , , , , , , , , , , , , , , , , , , , , , , , , , , , , , , , , , , , , , , , , , , , , , , , , , , , , , , , , , , , , , , , , , , , , , , , , , , , , , , , , , , , , , , , , , , , , , , , , , , , , , , , , , , , 
91.0,91.0,1,91.000,17/03/2026 17:26:52,24.996,,15.49, 16.73, 17.31,47.92, -2.39, 1.87,19.043, 17.414, 16.897, 15.857, 15.534, 15.067, 14.737, 14.813, 15.227, 15.615, 15.902, 16.105, 16.223, 16.380, 16.545, 16.724, 16.897, 17.047, 17.076, 17.098, 17.093, 16.993, 16.836, 16.703, 16.539, 16.358, 16.174, 15.971, 15.917, 15.676, 15.621, 15.448, 15.364, 15.224, 15.209, 15.084, 15.130, 15.062, 15.107, 15.181, 15.199, 15.364, 15.429, 15.533, 15.706, 15.736, 15.813, 15.909, 15.855, 15.879, 15.883, 15.814, 15.815, 15.802, 15.733, 15.763, 15.791, 15.759, 15.799, 15.845, 15.865, 15.877, 15.925, 15.987, 16.030, 16.064, 15.941, 15.890, 15.910, 15.957, 16.022, 15.886, 15.823, 15.818, 15.918, 15.928, 15.849, 15.760, 15.762, 15.797, 15.772, 15.724, 15.760, 15.792, 15.862, 15.900, 15.892, 15.921, 16.025, 16.135, 16.190, 16.159, 16.090, 16.084, 16.175, 16.312, 16.386, 16.338, 16.148, 15.930, 15.822, 15.851, 15.899, 15.825, 15.312, 14.390, 13.483, 12.958, 12.756, 12.728, 12.828, 13.021, 13.322, 13.635, 13.898, 14.125, 14.320, 14.536, 14.765, 14.997, 15.205, 15.388, 15.525, 15.599, 15.657, 15.725, 15.821, 15.932, 16.009, 16.056, 16.073, 16.082, 16.048, 15.995, 15.940, 15.917, 15.940, 15.978, 16.056, 16.076, 16.028, 15.933, 15.811, 15.666, 15.544, 15.429, 15.163, 15.149, 15.165, 15.189, 15.147, 14.897, 14.203, 12.744, 10.666, 8.994, 8.169, 7.793, 7.657, 7.697, 7.882, 8.178, 8.578, 9.044, 9.560, 10.096, 10.599, 11.101, 11.548, 11.931, 12.245, 12.510, 12.724, 12.876, 12.989, 13.077, 13.158, 13.260, 13.371, 13.553, 13.755, 13.969, 14.221, 14.467, 14.690, 14.826, 14.866, 14.884, 14.927, 14.879, 14.784, 14.617, 14.451, 14.249, 14.011, 13.704, 13.479, 13.262, 13.028, 12.850, 12.750, 12.749, 12.712, 12.657, 12.655, 12.594, 12.536, 12.404, 12.198, 12.098, 11.883, 11.710, 11.403, 11.279, 10.954, 10.819, 16.3,1029911.0,1302790.0,840775.45,68656.40,3525.13,24296.49,603.52,29760.72,303.17,616.72,36.73,574.19,23.72,1871.53,29.47,1163.04,20.02,2107.32,68.07,56.00,7.23,0.00,64.21,680.21,17.41,28674.08,173.16,0.00,132.43,16.18,3.78,49.21,3.06,135.13,3.45,18.20,1.48,0.00,5.50,90.88,1.32,145.14,1.65,15.58,0.94,139.93,1.72,0.00,30.47,0.00,53.73,0.00,438.93,38.10,6.54,0.00,513.55,56.82,10.28,0.00,53.85,0.00,27.83,30.66,1.66,32.01,3.82,0.00,142.07,0.00,63.42,276679.78,113851.25,5845.64,45907.31,1140.33,63668.15,648.58,1413.13,84.16,1433.70,59.23,2254.45,35.50,1627.33,28.01,3516.05,113.57,99.97,12.91,0.00,93.85,977.35,25.02,40996.59,247.57,0.00,168.38,20.59,4.81,61.60,3.83,168.20,4.29,24.03,1.95,0.00,7.73,99.39,1.44,171.64,1.95,19.79,1.19,189.01,2.32,0.00,35.72,0.00,71.65,0.00,471.46,43.52,7.47,0.00,651.96,68.02,12.31,0.00,63.22,0.00,30.05,33.03,1.79,35.69,4.26,0.00,161.66,0.00,71.95
91.5,91.5,1,91.500,17/03/2026 17:27:36,26.916, , , , , , , , , , , , , , , , , , , , , , , , , , , , , , , , , , , , , , , , , , , , , , , , , , , , , , , , , , , , , , , , , , , , , , , , , , , , , , , , , , , , , , , , , , , , , , , , , , , , , , , , , , , , , , , , , , , , , , , , , , , , , , , , , , , , , , , , , , , , , , , , , , , , , , , , , , , , , , , , , , , , , , , , , , , , , , , , , , , , , , , , , , , , , , , , , , , , , , , , , , , , , , , , , , , , , , , , , , , , , , , , , , , , , , , , , , , , , , , , , , , , , , , , , , , , , , , , , , , , , , , , , , , , , , , , , , , , , , , , , , , , , , , , , , , , , , , , , , , , , , , , , , , , , , , , , , , , , , , , , , , , , , , , , , , , , , , , , , , , , , , , , , , , , , , , , , , , , , , , , , , , 
92.0,92.0,1,92.000,17/03/2026 17:27:53,29.693,,14.05, 15.15, 15.47,45.84, -2.17, 2.27,17.304, 15.550, 15.282, 13.688, 13.702, 13.104, 13.012, 13.289, 13.527, 13.979, 14.164, 14.384, 14.515, 14.712, 14.857, 15.037, 15.215, 15.352, 15.400, 15.420, 15.450, 15.437, 15.312, 15.174, 15.036, 14.866, 14.795, 14.633, 14.453, 14.464, 14.265, 14.179, 14.136, 13.992, 14.011, 13.935, 13.928, 13.964, 13.955, 14.059, 14.141, 14.192, 14.424, 14.382, 14.685, 14.634, 14.802, 14.827, 14.807, 14.934, 14.758, 14.858, 14.898, 14.682, 14.829, 14.884, 14.704, 14.850, 14.989, 14.857, 14.908, 15.107, 15.062, 15.001, 15.201, 15.311, 15.040, 14.952, 15.134, 15.247, 15.112, 14.975, 15.080, 15.221, 15.115, 14.992, 15.034, 15.191, 15.186, 14.999, 14.860, 14.983, 15.216, 15.307, 15.195, 15.068, 15.113, 15.339, 15.564, 15.630, 15.523, 15.420, 15.449, 15.592, 15.757, 15.827, 15.756, 15.641, 15.539, 15.490, 15.496, 15.492, 15.414, 15.163, 14.584, 13.689, 12.930, 12.569, 12.439, 12.350, 12.301, 12.325, 12.546, 12.926, 13.375, 13.818, 14.147, 14.372, 14.514, 14.585, 14.645, 14.777, 14.963, 15.182, 15.413, 15.617, 15.758, 15.817, 15.802, 15.757, 15.699, 15.690, 15.682, 15.712, 15.756, 15.791, 15.820, 15.866, 15.857, 15.814, 15.733, 15.635, 15.535, 15.451, 15.421, 15.379, 15.151, 15.171, 15.158, 15.076, 14.912, 14.540, 13.729, 12.197, 10.085, 8.422, 7.617, 7.266, 7.179, 7.259, 7.493, 7.826, 8.221, 8.667, 9.115, 9.582, 10.023, 10.491, 10.900, 11.316, 11.709, 12.071, 12.413, 12.689, 12.928, 13.136, 13.303, 13.455, 13.584, 13.704, 13.817, 13.921, 14.037, 14.160, 14.294, 14.376, 14.377, 14.416, 14.501, 14.590, 14.530, 14.437, 14.361, 14.203, 13.997, 13.766, 13.484, 13.285, 13.030, 12.819, 12.672, 12.520, 12.517, 12.449, 12.365, 12.337, 12.248, 12.140, 12.067, 11.830, 11.648, 11.373, 11.054, 10.826, 10.527, 10.349, 16.3,1083252.0,1400961.0,836910.71,57774.07,3199.72,27561.92,604.82,34317.96,312.39,516.46,33.50,393.24,20.76,3583.57,35.87,2173.89,24.52,2167.55,65.95,85.86,7.37,100.67,17.59,863.77,18.74,32924.64,185.12,0.00,134.82,0.00,15.71,35.22,2.73,89.42,2.86,32.93,1.43,3.15,0.52,80.76,1.24,131.70,1.53,16.78,0.91,135.58,1.65,0.00,29.46,0.00,51.30,0.00,413.89,0.00,286.10,38.00,9.08,0.00,516.32,10.72,3.22,0.00,31.40,11.22,1.40,31.98,3.92,0.00,139.64,8.28,1.44,283825.58,95805.34,5306.02,52077.22,1142.78,73417.61,668.31,1183.40,76.76,981.88,51.84,4316.78,43.21,3041.72,34.31,3616.54,110.04,153.28,13.16,147.13,25.71,1241.10,26.93,47073.80,264.67,0.00,171.42,0.00,19.99,44.09,3.42,111.30,3.56,43.48,1.89,4.43,0.73,88.32,1.36,155.75,1.81,21.31,1.16,183.14,2.23,0.00,34.53,0.00,68.41,0.00,444.56,0.00,326.82,48.24,11.53,0.00,618.09,12.59,3.78,0.00,33.90,12.09,1.51,35.65,4.37,0.00,158.90,9.39,1.63
92.5,92.5,1,92.500,17/03/2026 17:28:45,28.234, , , , , , , , , , , , , , , , , , , , , , , , , , , , , , , , , , , , , , , , , , , , , , , , , , , , , , , , , , , , , , , , , , , , , , , , , , , , , , , , , , , , , , , , , , , , , , , , , , , , , , , , , , , , , , , , , , , , , , , , , , , , , , , , , , , , , , , , , , , , , , , , , , , , , , , , , , , , , , , , , , , , , , , , , , , , , , , , , , , , , , , , , , , , , , , , , , , , , , , , , , , , , , , , , , , , , , , , , , , , , , , , , , , , , , , , , , , , , , , , , , , , , , , , , , , , , , , , , , , , , , , , , , , , , , , , , , , , , , , , , , , , , , , , , , , , , , , , , , , , , , , , , , , , , , , , , , , , , , , , , , , , , , , , , , , , , , , , , , , , , , , , , , , , , , , , , , , , , , , , , , , , 
93.0,93.0,1,93.000,17/03/2026 17:29:11,27.507,,15.53, 16.75, 17.23,47.94, -2.29, 2.06,18.817, 17.058, 16.911, 15.822, 15.019, 14.827, 14.739, 14.830, 15.137, 15.513, 15.799, 16.033, 16.161, 16.332, 16.518, 16.679, 16.861, 17.002, 17.065, 17.072, 17.067, 17.029, 16.920, 16.759, 16.594, 16.421, 16.258, 16.080, 15.971, 15.817, 15.714, 15.569, 15.471, 15.357, 15.321, 15.240, 15.245, 15.208, 15.265, 15.263, 15.432, 15.388, 15.652, 15.609, 15.822, 15.927, 15.848, 16.083, 15.964, 15.931, 16.057, 15.881, 15.876, 15.969, 15.800, 15.798, 15.938, 15.874, 15.818, 15.954, 16.038, 15.978, 15.973, 16.116, 16.190, 16.154, 15.894, 15.913, 15.997, 16.020, 15.931, 15.859, 15.891, 15.970, 15.963, 15.817, 15.770, 15.875, 15.961, 15.855, 15.643, 15.585, 15.788, 16.042, 16.091, 15.881, 15.703, 15.750, 16.066, 16.397, 16.450, 16.218, 15.916, 15.835, 16.058, 16.439, 16.683, 16.586, 16.200, 15.794, 15.633, 15.783, 16.067, 16.195, 15.820, 14.882, 13.874, 13.245, 13.045, 13.142, 13.437, 13.767, 14.087, 14.276, 14.335, 14.370, 14.439, 14.652, 14.993, 15.372, 15.699, 15.903, 15.936, 15.853, 15.734, 15.632, 15.649, 15.800, 16.016, 16.268, 16.455, 16.537, 16.502, 16.346, 16.121, 15.891, 15.718, 15.669, 15.748, 15.877, 16.038, 16.173, 16.251, 16.247, 16.179, 16.015, 15.660, 15.469, 15.289, 15.136, 14.983, 14.751, 14.214, 13.048, 11.304, 9.880, 9.228, 8.982, 8.919, 8.976, 9.103, 9.271, 9.481, 9.740, 10.074, 10.447, 10.860, 11.313, 11.791, 12.254, 12.706, 13.107, 13.477, 13.757, 13.980, 14.117, 14.238, 14.283, 14.303, 14.306, 14.341, 14.375, 14.431, 14.532, 14.622, 14.726, 14.745, 14.819, 14.945, 15.050, 15.075, 15.085, 15.040, 14.961, 14.796, 14.591, 14.353, 14.175, 13.948, 13.720, 13.465, 13.335, 13.212, 13.042, 12.975, 12.865, 12.737, 12.631, 12.569, 12.418, 12.410, 12.360, 12.198, 12.183, 12.005, 11.930, 16.3,1065838.0,1390172.0,843524.25,49319.87,3177.28,26395.06,603.36,36335.87,327.57,521.45,34.36,643.69,22.93,3343.92,35.35,2112.42,24.80,2350.60,68.67,43.59,7.05,120.81,18.16,879.31,19.24,33847.36,191.81,0.00,140.06,0.00,16.27,78.38,3.49,73.43,2.70,43.85,1.59,0.00,4.59,98.73,1.38,122.15,1.49,14.43,0.94,116.69,1.59,0.00,29.79,0.00,51.34,0.00,435.72,0.00,300.54,0.00,507.26,0.00,535.93,0.00,57.03,0.00,28.15,14.14,1.44,0.00,130.24,0.00,144.66,0.00,67.53,273702.74,81785.95,5268.81,49872.48,1140.03,77734.59,700.78,1194.83,78.73,1607.23,57.25,4028.10,42.58,2955.71,34.70,3921.96,114.58,77.82,12.59,176.57,26.54,1263.43,27.64,48393.05,274.24,0.00,178.08,0.00,20.71,98.11,4.37,91.40,3.36,57.90,2.10,0.00,6.45,107.97,1.51,144.45,1.76,18.33,1.19,157.62,2.15,0.00,34.92,0.00,68.46,0.00,468.01,0.00,343.32,0.00,643.98,0.00,641.56,0.00,66.96,0.00,30.40,15.23,1.55,0.00,145.20,0.00,164.61,0.00,76.61
93.5,93.5,1,93.500,17/03/2026 17:29:45,28.765, , , , , , , , , , , , , , , , , , , , , , , , , , , , , , , , , , , , , , , , , , , , , , , , , , , , , , , , , , , , , , , , , , , , , , , , , , , , , , , , , , , , , , , , , , , , , , , , , , , , , , , , , , , , , , , , , , , , , , , , , , , , , , , , , , , , , , , , , , , , , , , , , , , , , , , , , , , , , , , , , , , , , , , , , , , , , , , , , , , , , , , , , , , , , , , , , , , , , , , , , , , , , , , , , , , , , , , , , , , , , , , , , , , , , , , , , , , , , , , , , , , , , , , , , , , , , , , , , , , , , , , , , , , , , , , , , , , , , , , , , , , , , , , , , , , , , , , , , , , , , , , , , , , , , , , , , , , , , , , , , , , , , , , , , , , , , , , , , , , , , , , , , , , , , , , , , , , , , , , , , , , , 
94.0,94.0,1,94.000,17/03/2026 17:30:11,26.451,,13.97, 15.09, 15.54,45.76, -2.32, 1.96,19.283, 14.678, 15.300, 14.138, 13.660, 13.398, 13.217, 13.205, 13.606, 14.048, 14.235, 14.462, 14.582, 14.746, 14.914, 15.066, 15.239, 15.353, 15.390, 15.408, 15.381, 15.329, 15.221, 15.092, 14.912, 14.754, 14.615, 14.445, 14.350, 14.196, 14.101, 13.981, 13.859, 13.804, 13.711, 13.705, 13.642, 13.676, 13.658, 13.730, 13.789, 13.867, 13.973, 14.076, 14.156, 14.289, 14.299, 14.347, 14.426, 14.312, 14.344, 14.397, 14.248, 14.273, 14.326, 14.207, 14.237, 14.330, 14.273, 14.259, 14.398, 14.390, 14.345, 14.412, 14.537, 14.510, 14.352, 14.376, 14.404, 14.383, 14.408, 14.391, 14.331, 14.292, 14.279, 14.339, 14.354, 14.270, 14.144, 14.127, 14.175, 14.243, 14.202, 14.152, 14.135, 14.216, 14.329, 14.374, 14.374, 14.371, 14.397, 14.481, 14.525, 14.508, 14.473, 14.451, 14.474, 14.520, 14.507, 14.423, 14.290, 14.152, 14.032, 13.896, 13.508, 12.825, 12.149, 11.719, 11.454, 11.269, 11.218, 11.332, 11.633, 12.052, 12.454, 12.760, 12.936, 13.028, 13.099, 13.176, 13.309, 13.508, 13.710, 13.892, 14.042, 14.108, 14.137, 14.132, 14.108, 14.094, 14.111, 14.149, 14.182, 14.194, 14.196, 14.163, 14.095, 14.065, 14.050, 13.999, 13.947, 13.884, 13.861, 13.816, 13.788, 13.751, 13.534, 13.531, 13.472, 13.404, 13.249, 12.935, 12.256, 10.919, 9.025, 7.482, 6.741, 6.458, 6.403, 6.514, 6.753, 7.046, 7.383, 7.753, 8.153, 8.544, 8.944, 9.346, 9.736, 10.107, 10.476, 10.793, 11.092, 11.336, 11.553, 11.695, 11.830, 11.938, 12.017, 12.090, 12.155, 12.247, 12.326, 12.451, 12.585, 12.682, 12.729, 12.759, 12.875, 12.878, 12.847, 12.772, 12.667, 12.482, 12.239, 11.988, 11.745, 11.595, 11.363, 11.149, 10.990, 10.836, 10.758, 10.678, 10.594, 10.521, 10.432, 10.345, 10.228, 10.191, 10.032, 9.950, 9.753, 9.557, 9.361, 9.180, 16.3,1099737.0,1382473.0,864765.32,39314.27,2995.84,26586.06,585.22,31820.34,294.05,504.94,32.66,735.96,22.59,2327.97,29.33,1438.17,20.20,1520.55,58.16,43.66,6.39,83.47,15.69,736.13,17.00,29513.50,162.67,0.00,128.20,0.00,14.80,32.55,2.59,116.28,3.07,27.75,1.52,0.00,5.22,73.32,1.13,121.82,1.42,10.58,0.83,102.59,1.43,4.50,1.02,0.00,49.49,0.00,422.30,0.00,295.27,0.00,476.81,48.16,9.53,0.00,51.47,0.00,24.16,30.74,1.60,41.43,3.65,0.00,133.93,0.00,60.44,238044.85,65193.90,4967.93,50233.37,1105.75,68074.36,629.07,1157.00,74.84,1837.62,56.41,2804.28,35.33,2012.30,28.26,2537.03,97.04,77.94,11.41,122.00,22.93,1057.70,24.43,42196.74,232.58,0.00,163.00,0.00,18.83,40.75,3.24,144.74,3.82,36.64,2.01,0.00,7.34,80.18,1.24,144.06,1.68,13.44,1.05,138.58,1.93,5.27,1.20,0.00,65.99,0.00,453.60,0.00,337.30,0.00,605.32,57.65,11.41,0.00,60.43,0.00,26.09,33.11,1.72,46.19,4.07,0.00,152.40,0.00,68.57
94.5,94.5,1,94.500,17/03/2026 17:30:54,25.595, , , , , , , , , , , , , , , , , , , , , , , , , , , , , , , , , , , , , , , , , , , , , , , , , , , , , , , , , , , , , , , , , , , , , , , , , , , , , , , , , , , , , , , , , , , , , , , , , , , , , , , , , , , , , , , , , , , , , , , , , , , , , , , , , , , , , , , , , , , , , , , , , , , , , , , , , , , , , , , , , , , , , , , , , , , , , , , , , , , , , , , , , , , , , , , , , , , , , , , , , , , , , , , , , , , , , , , , , , , , , , , , , , , , , , , , , , , , , , , , , , , , , , , , , , , , , , , , , , , , , , , , , , , , , , , , , , , , , , , , , , , , , , , , , , , , , , , , , , , , , , , , , , , , , , , , , , , , , , , , , , , , , , , , , , , , , , , , , , , , , , , , , , , , , , , , , , , , , , , , , , , , 
95.0,95.0,1,95.000,17/03/2026 17:31:12,24.801,,16.61, 17.84, 18.65,49.30, -1.94, 1.53,22.333, 20.319, 19.311, 17.853, 17.123, 16.511, 16.250, 16.263, 16.517, 16.867, 17.106, 17.274, 17.406, 17.558, 17.739, 17.858, 17.970, 18.100, 18.116, 18.113, 18.095, 18.039, 17.983, 17.917, 17.751, 17.487, 17.287, 17.210, 17.134, 16.959, 16.819, 16.764, 16.646, 16.526, 16.535, 16.436, 16.437, 16.451, 16.439, 16.552, 16.563, 16.725, 16.768, 16.949, 16.977, 17.188, 17.105, 17.301, 17.241, 17.226, 17.328, 17.149, 17.300, 17.202, 17.094, 17.319, 17.142, 17.144, 17.408, 17.213, 17.186, 17.504, 17.406, 17.193, 17.547, 17.726, 17.172, 17.015, 17.458, 17.581, 17.143, 17.034, 17.367, 17.431, 17.057, 16.905, 17.236, 17.471, 17.169, 16.763, 16.816, 17.229, 17.414, 17.124, 16.763, 16.861, 17.286, 17.551, 17.437, 17.121, 17.010, 17.274, 17.615, 17.697, 17.443, 17.138, 17.080, 17.321, 17.583, 17.607, 17.351, 16.945, 16.596, 16.456, 16.274, 15.817, 15.183, 14.561, 13.971, 13.542, 13.433, 13.737, 14.375, 15.087, 15.548, 15.711, 15.611, 15.450, 15.424, 15.631, 16.051, 16.564, 16.964, 17.151, 17.108, 16.928, 16.694, 16.577, 16.602, 16.804, 17.106, 17.395, 17.551, 17.517, 17.309, 17.026, 16.731, 16.572, 16.541, 16.596, 16.758, 16.958, 17.139, 17.179, 17.109, 16.912, 16.519, 16.299, 16.070, 15.904, 15.740, 15.502, 14.963, 13.759, 11.983, 10.534, 9.792, 9.388, 9.146, 9.030, 9.070, 9.243, 9.554, 9.976, 10.478, 11.065, 11.659, 12.261, 12.832, 13.318, 13.683, 13.930, 14.084, 14.135, 14.175, 14.213, 14.265, 14.380, 14.548, 14.761, 15.001, 15.292, 15.580, 15.883, 16.149, 16.339, 16.387, 16.313, 16.205, 16.007, 15.674, 15.353, 15.043, 14.778, 14.520, 14.363, 14.270, 14.316, 14.298, 14.333, 14.394, 14.457, 14.565, 14.637, 14.591, 14.483, 14.365, 14.093, 13.736, 13.311, 12.775, 12.400, 11.890, 11.622, 11.180, 10.933, 16.3,1067401.0,1363822.0,853086.24,55640.94,3232.49,24490.13,575.74,30742.30,293.48,544.20,33.67,672.67,22.65,2066.33,28.56,1475.03,20.53,2164.21,65.51,41.49,6.73,117.59,16.63,824.38,18.14,27648.05,157.80,0.00,122.28,0.00,15.64,22.89,2.42,84.21,2.63,35.29,1.33,0.00,4.63,70.53,1.13,108.05,1.34,15.31,0.86,99.32,1.41,0.00,28.02,0.00,49.69,0.00,420.35,0.00,291.73,0.00,484.82,0.00,513.99,0.00,39.88,0.00,23.49,5.18,1.18,39.78,3.61,0.00,134.70,5.86,1.33,256955.01,92268.02,5360.36,46273.19,1087.84,65768.07,627.85,1246.96,77.15,1679.59,56.55,2489.11,34.40,2063.87,28.73,3610.97,109.30,74.07,12.01,171.86,24.31,1184.50,26.06,39529.63,225.61,0.00,155.48,0.00,19.90,28.65,3.03,104.82,3.27,46.59,1.76,0.00,6.51,77.13,1.24,127.78,1.58,19.44,1.09,134.16,1.90,0.00,32.85,0.00,66.26,0.00,451.50,0.00,333.25,0.00,615.49,0.00,615.30,0.00,46.82,0.00,25.36,5.58,1.27,44.35,4.02,0.00,153.28,6.65,1.51
95.5,95.5,1,95.500,17/03/2026 17:31:55,26.655,1157877.380, , , , , , , , , , , , , , , , , , , , , , , , , , , , , , , , , , , , , , , , , , , , , , , , , , , , , , , , , , , , , , , , , , , , , , , , , , , , , , , , , , , , , , , , , , , , , , , , , , , , , , , , , , , , , , , , , , , , , , , , , , , , , , , , , , , , , , , , , , , , , , , , , , , , , , , , , , , , , , , , , , , , , , , , , , , , , , , , , , , , , , , , , , , , , , , , , , , , , , , , , , , , , , , , , , , , , , , , , , , , , , , , , , , , , , , , , , , , , , , , , , , , , , , , , , , , , , , , , , , , , , , , , , , , , , , , , , , , , , , , , , , , , , , , , , , , , , , , , , , , , , , , , , , , , , , , , , , , , , , , , , , , , , , , , , , , , , , , , , , , , , , , , , , , , , , , , , , , , , , , , , , 
96.0,96.0,1,96.000,17/03/2026 17:32:12,25.923,,15.92, 17.15, 17.87,48.45, -2.18, 1.62,20.841, 18.494, 17.626, 16.794, 15.827, 15.662, 15.311, 15.523, 15.782, 16.161, 16.406, 16.586, 16.699, 16.846, 17.012, 17.170, 17.325, 17.455, 17.499, 17.506, 17.487, 17.380, 17.201, 17.064, 16.997, 16.849, 16.567, 16.404, 16.435, 16.198, 16.031, 16.086, 15.797, 15.817, 15.757, 15.610, 15.754, 15.557, 15.784, 15.634, 15.908, 15.814, 16.067, 16.084, 16.201, 16.396, 16.252, 16.549, 16.364, 16.432, 16.491, 16.285, 16.474, 16.359, 16.213, 16.455, 16.333, 16.216, 16.498, 16.443, 16.258, 16.515, 16.627, 16.394, 16.444, 16.772, 16.597, 16.238, 16.320, 16.725, 16.633, 16.148, 16.148, 16.534, 16.621, 16.246, 16.005, 16.266, 16.573, 16.396, 15.934, 15.829, 16.210, 16.614, 16.526, 16.083, 15.834, 16.116, 16.664, 16.953, 16.708, 16.229, 16.006, 16.234, 16.729, 17.028, 16.894, 16.458, 16.025, 15.932, 16.163, 16.472, 16.547, 16.175, 15.281, 14.139, 13.363, 13.178, 13.299, 13.365, 13.285, 13.106, 13.075, 13.289, 13.745, 14.346, 14.900, 15.266, 15.408, 15.312, 15.139, 15.054, 15.140, 15.422, 15.835, 16.247, 16.532, 16.622, 16.490, 16.211, 15.908, 15.713, 15.675, 15.803, 16.040, 16.292, 16.461, 16.569, 16.528, 16.291, 15.950, 15.599, 15.342, 15.239, 15.304, 15.475, 15.462, 15.705, 15.874, 15.874, 15.685, 15.168, 14.177, 12.413, 10.102, 8.311, 7.555, 7.392, 7.558, 7.921, 8.401, 8.907, 9.383, 9.788, 10.127, 10.412, 10.616, 10.791, 10.988, 11.218, 11.513, 11.869, 12.298, 12.735, 13.186, 13.597, 13.958, 14.244, 14.451, 14.598, 14.665, 14.656, 14.584, 14.507, 14.395, 14.297, 14.158, 14.065, 14.112, 14.207, 14.268, 14.334, 14.392, 14.443, 14.397, 14.297, 14.174, 14.092, 13.851, 13.624, 13.346, 13.063, 12.802, 12.500, 12.254, 11.958, 11.754, 11.585, 11.387, 11.276, 11.220, 11.120, 11.031, 11.274, 11.289, 11.162, 16.3,1049513.0,1339085.0,848004.00,60323.26,3287.22,23321.50,567.48,31804.12,300.92,676.71,35.42,735.53,23.20,2132.11,29.06,1549.41,21.20,1968.37,63.85,0.00,20.77,77.47,15.35,815.79,18.10,28035.67,161.15,0.00,124.51,0.00,18.28,23.72,2.47,125.27,3.16,25.99,1.35,2.65,0.47,68.15,1.10,110.81,1.37,18.24,0.88,123.71,1.54,0.00,28.75,0.00,49.02,0.00,415.05,0.00,286.96,0.00,475.78,0.00,504.52,0.00,40.53,0.00,19.17,16.79,1.37,40.73,3.56,0.00,133.50,0.00,57.61,265597.21,100032.60,5451.12,44065.10,1072.23,68039.66,643.77,1550.59,81.16,1836.55,57.93,2568.35,35.01,2167.94,29.66,3284.21,106.53,0.00,37.08,113.23,22.43,1172.16,26.01,40083.83,230.40,0.00,158.31,0.00,23.26,29.69,3.09,155.93,3.93,34.32,1.78,3.72,0.66,74.53,1.20,131.04,1.62,23.16,1.12,167.10,2.08,0.00,33.70,0.00,65.37,0.00,445.81,0.00,327.80,0.00,604.01,0.00,603.96,0.00,47.58,0.00,20.70,18.09,1.48,45.41,3.97,0.00,151.91,0.00,65.35
96.5,96.5,1,96.500,17/03/2026 17:32:55,26.520, , , , , , , , , , , , , , , , , , , , , , , , , , , , , , , , , , , , , , , , , , , , , , , , , , , , , , , , , , , , , , , , , , , , , , , , , , , , , , , , , , , , , , , , , , , , , , , , , , , , , , , , , , , , , , , , , , , , , , , , , , , , , , , , , , , , , , , , , , , , , , , , , , , , , , , , , , , , , , , , , , , , , , , , , , , , , , , , , , , , , , , , , , , , , , , , , , , , , , , , , , , , , , , , , , , , , , , , , , , , , , , , , , , , , , , , , , , , , , , , , , , , , , , , , , , , , , , , , , , , , , , , , , , , , , , , , , , , , , , , , , , , , , , , , , , , , , , , , , , , , , , , , , , , , , , , , , , , , , , , , , , , , , , , , , , , , , , , , , , , , , , , , , , , , , , , , , , , , , , , , , , , 
97.0,97.0,1,97.000,17/03/2026 17:33:12,26.584,,15.81, 17.03, 17.91,48.30, -2.15, 1.28,22.464, 18.646, 18.403, 16.911, 16.067, 15.672, 15.516, 15.687, 15.866, 16.195, 16.410, 16.635, 16.724, 16.869, 17.010, 17.103, 17.225, 17.336, 17.348, 17.369, 17.375, 17.313, 17.131, 16.915, 16.775, 16.659, 16.468, 16.260, 16.203, 16.042, 15.887, 15.837, 15.653, 15.626, 15.522, 15.500, 15.457, 15.475, 15.450, 15.568, 15.541, 15.764, 15.697, 15.976, 15.937, 16.099, 16.184, 16.096, 16.285, 16.170, 16.105, 16.237, 16.099, 16.028, 16.133, 16.065, 15.985, 16.114, 16.133, 16.045, 16.133, 16.240, 16.162, 16.164, 16.314, 16.366, 16.082, 16.039, 16.165, 16.252, 16.097, 15.955, 16.024, 16.116, 16.025, 15.884, 15.903, 16.025, 16.037, 15.826, 15.640, 15.737, 15.968, 16.079, 15.912, 15.699, 15.705, 15.961, 16.252, 16.313, 16.128, 15.909, 15.853, 16.024, 16.312, 16.431, 16.336, 16.071, 15.832, 15.755, 15.856, 16.010, 16.033, 15.784, 15.151, 14.225, 13.495, 13.222, 13.226, 13.260, 13.247, 13.213, 13.273, 13.457, 13.746, 14.138, 14.541, 14.894, 15.116, 15.182, 15.142, 15.068, 15.033, 15.085, 15.258, 15.535, 15.838, 16.062, 16.150, 16.107, 15.939, 15.711, 15.491, 15.340, 15.308, 15.374, 15.522, 15.747, 15.971, 16.051, 15.987, 15.811, 15.548, 15.252, 15.003, 14.847, 14.601, 14.686, 14.841, 15.007, 15.103, 14.971, 14.404, 13.040, 10.988, 9.195, 8.230, 7.738, 7.534, 7.579, 7.837, 8.237, 8.758, 9.323, 9.920, 10.508, 11.021, 11.479, 11.845, 12.098, 12.276, 12.398, 12.490, 12.544, 12.626, 12.709, 12.849, 13.040, 13.287, 13.546, 13.854, 14.145, 14.434, 14.657, 14.825, 14.926, 14.893, 14.757, 14.631, 14.472, 14.181, 13.886, 13.638, 13.370, 13.095, 12.861, 12.705, 12.711, 12.730, 12.741, 12.803, 12.844, 12.931, 12.923, 13.016, 12.963, 12.824, 12.706, 12.441, 12.128, 11.857, 11.507, 11.099, 10.783, 10.486, 10.284, 16.3,1062827.0,1303004.0,863055.11,54540.80,3285.26,24856.63,584.77,25081.27,265.05,633.19,35.05,832.43,24.09,1136.75,24.61,858.77,17.61,1829.37,62.47,53.85,6.89,127.43,17.46,544.69,15.31,25904.13,150.39,0.00,119.81,0.00,15.73,17.64,2.31,111.13,2.98,21.20,1.34,0.00,4.83,79.31,1.18,129.25,1.47,15.18,0.87,108.71,1.48,0.00,28.87,0.00,51.30,0.00,418.61,28.82,6.06,0.00,483.04,0.00,511.77,0.00,46.42,0.00,23.93,22.05,1.44,12.26,3.70,0.00,141.78,0.00,64.42,238984.91,90443.69,5447.87,46965.67,1104.90,53657.24,567.03,1450.87,80.31,2078.50,60.15,1369.33,29.65,1201.60,24.64,3052.29,104.23,96.13,12.30,186.25,25.52,782.63,22.00,37036.27,215.02,0.00,152.34,0.00,20.02,22.08,2.89,138.33,3.71,27.99,1.77,0.00,6.79,86.73,1.29,152.85,1.74,19.28,1.10,146.84,2.00,0.00,33.84,0.00,68.41,0.00,449.63,32.92,6.92,0.00,613.23,0.00,612.64,0.00,54.50,0.00,25.84,23.75,1.55,13.67,4.12,0.00,161.33,0.00,73.08
97.5,97.5,1,97.500,17/03/2026 17:34:04,27.512, , , , , , , , , , , , , , , , , , , , , , , , , , , , , , , , , , , , , , , , , , , , , , , , , , , , , , , , , , , , , , , , , , , , , , , , , , , , , , , , , , , , , , , , , , , , , , , , , , , , , , , , , , , , , , , , , , , , , , , , , , , , , , , , , , , , , , , , , , , , , , , , , , , , , , , , , , , , , , , , , , , , , , , , , , , , , , , , , , , , , , , , , , , , , , , , , , , , , , , , , , , , , , , , , , , , , , , , , , , , , , , , , , , , , , , , , , , , , , , , , , , , , , , , , , , , , , , , , , , , , , , , , , , , , , , , , , , , , , , , , , , , , , , , , , , , , , , , , , , , , , , , , , , , , , , , , , , , , , , , , , , , , , , , , , , , , , , , , , , , , , , , , , , , , , , , , , , , , , , , , , , , 
98.0,98.0,1,98.000,17/03/2026 17:34:30,28.305,,15.19, 16.39, 17.19,47.48, -2.26, 1.35,19.309, 18.105, 17.586, 15.814, 15.633, 15.012, 14.915, 14.952, 15.219, 15.522, 15.765, 15.946, 16.074, 16.236, 16.372, 16.498, 16.609, 16.712, 16.740, 16.738, 16.702, 16.610, 16.457, 16.303, 16.153, 15.973, 15.810, 15.635, 15.529, 15.394, 15.252, 15.166, 15.032, 14.951, 14.900, 14.820, 14.827, 14.796, 14.827, 14.868, 14.952, 15.003, 15.168, 15.174, 15.405, 15.364, 15.517, 15.537, 15.488, 15.633, 15.429, 15.526, 15.563, 15.310, 15.465, 15.507, 15.282, 15.463, 15.574, 15.346, 15.463, 15.670, 15.514, 15.441, 15.725, 15.763, 15.352, 15.313, 15.587, 15.629, 15.365, 15.313, 15.456, 15.512, 15.330, 15.206, 15.339, 15.459, 15.337, 15.106, 15.035, 15.213, 15.406, 15.378, 15.206, 15.095, 15.199, 15.431, 15.592, 15.574, 15.452, 15.361, 15.383, 15.506, 15.624, 15.669, 15.619, 15.505, 15.373, 15.320, 15.304, 15.322, 15.283, 15.114, 14.648, 13.916, 13.256, 12.910, 12.770, 12.697, 12.654, 12.698, 12.880, 13.178, 13.522, 13.855, 14.107, 14.288, 14.393, 14.456, 14.483, 14.550, 14.646, 14.788, 14.946, 15.120, 15.254, 15.331, 15.331, 15.269, 15.186, 15.109, 15.032, 15.002, 15.021, 15.059, 15.095, 15.181, 15.236, 15.218, 15.119, 14.983, 14.837, 14.699, 14.617, 14.571, 14.414, 14.503, 14.569, 14.595, 14.516, 14.254, 13.618, 12.296, 10.376, 8.728, 7.927, 7.615, 7.564, 7.717, 7.999, 8.388, 8.796, 9.238, 9.667, 10.084, 10.445, 10.781, 11.071, 11.326, 11.574, 11.792, 12.033, 12.228, 12.464, 12.665, 12.876, 13.085, 13.256, 13.420, 13.572, 13.678, 13.768, 13.839, 13.884, 13.884, 13.818, 13.727, 13.720, 13.663, 13.566, 13.473, 13.400, 13.298, 13.129, 12.980, 12.839, 12.801, 12.752, 12.600, 12.477, 12.370, 12.289, 12.228, 12.077, 11.951, 11.855, 11.692, 11.518, 11.309, 11.116, 10.993, 10.750, 10.593, 10.517, 10.453, 16.3,1073317.0,1314607.0,851573.26,66322.46,3442.26,25335.53,592.68,25374.33,269.62,485.00,33.61,777.68,24.00,965.19,24.16,825.50,17.60,1114.25,55.40,101.56,7.32,66.36,17.01,648.83,16.49,25871.18,152.94,0.00,120.85,0.00,15.13,30.90,2.57,93.45,2.85,35.00,1.46,0.00,4.68,68.40,1.10,123.02,1.44,13.08,0.84,116.16,1.52,0.00,29.64,0.00,50.21,0.00,424.66,0.00,297.97,0.00,499.60,0.00,524.97,19.06,3.27,0.00,29.70,18.40,1.39,21.37,3.76,0.00,142.29,0.00,61.70,258226.35,109980.93,5708.22,47870.54,1119.85,54284.19,576.81,1111.31,77.01,1941.79,59.93,1162.67,29.10,1155.04,24.63,1859.12,92.43,181.30,13.07,96.99,24.86,932.26,23.69,36989.16,218.67,0.00,153.66,0.00,19.25,38.68,3.22,116.32,3.55,46.21,1.93,0.00,6.58,74.80,1.20,145.48,1.70,16.61,1.07,156.91,2.05,0.00,34.74,0.00,66.95,0.00,456.13,0.00,340.38,0.00,634.25,0.00,628.44,22.38,3.84,0.00,32.07,19.82,1.50,23.82,4.19,0.00,161.91,0.00,69.99
98.5,98.5,1,98.500,17/03/2026 17:35:05,29.630, , , , , , , , , , , , , , , , , , , , , , , , , , , , , , , , , , , , , , , , , , , , , , , , , , , , , , , , , , , , , , , , , , , , , , , , , , , , , , , , , , , , , , , , , , , , , , , , , , , , , , , , , , , , , , , , , , , , , , , , , , , , , , , , , , , , , , , , , , , , , , , , , , , , , , , , , , , , , , , , , , , , , , , , , , , , , , , , , , , , , , , , , , , , , , , , , , , , , , , , , , , , , , , , , , , , , , , , , , , , , , , , , , , , , , , , , , , , , , , , , , , , , , , , , , , , , , , , , , , , , , , , , , , , , , , , , , , , , , , , , , , , , , , , , , , , , , , , , , , , , , , , , , , , , , , , , , , , , , , , , , , , , , , , , , , , , , , , , , , , , , , , , , , , , , , , , , , , , , , , , , , , 
99.0,99.0,1,99.000,17/03/2026 17:35:31,29.032,,15.34, 16.54, 17.36,47.68, -2.25, 1.34,19.631, 18.519, 17.715, 16.220, 15.780, 15.354, 14.947, 15.091, 15.390, 15.684, 15.932, 16.110, 16.230, 16.379, 16.518, 16.649, 16.774, 16.888, 16.903, 16.893, 16.861, 16.783, 16.631, 16.455, 16.278, 16.098, 15.987, 15.833, 15.654, 15.534, 15.436, 15.302, 15.198, 15.102, 15.044, 14.995, 14.955, 14.976, 14.969, 15.041, 15.106, 15.175, 15.317, 15.368, 15.531, 15.582, 15.641, 15.741, 15.651, 15.798, 15.611, 15.733, 15.676, 15.549, 15.696, 15.554, 15.593, 15.690, 15.566, 15.684, 15.772, 15.649, 15.749, 15.878, 15.818, 15.823, 15.757, 15.695, 15.622, 15.741, 15.746, 15.637, 15.581, 15.646, 15.585, 15.555, 15.602, 15.637, 15.498, 15.376, 15.413, 15.551, 15.575, 15.476, 15.437, 15.529, 15.644, 15.641, 15.621, 15.709, 15.855, 15.900, 15.780, 15.621, 15.644, 15.872, 16.063, 16.052, 15.773, 15.456, 15.355, 15.491, 15.659, 15.617, 15.090, 14.133, 13.334, 13.020, 13.056, 13.141, 13.153, 13.089, 13.099, 13.275, 13.682, 14.181, 14.592, 14.831, 14.865, 14.750, 14.613, 14.620, 14.831, 15.162, 15.539, 15.785, 15.853, 15.754, 15.555, 15.343, 15.211, 15.271, 15.447, 15.657, 15.780, 15.799, 15.701, 15.549, 15.400, 15.219, 15.124, 15.132, 15.217, 15.319, 15.420, 15.430, 15.147, 15.059, 14.900, 14.739, 14.540, 14.244, 13.687, 12.561, 10.905, 9.535, 8.884, 8.581, 8.453, 8.446, 8.540, 8.721, 8.999, 9.345, 9.783, 10.267, 10.778, 11.300, 11.753, 12.136, 12.424, 12.616, 12.756, 12.832, 12.894, 12.972, 13.060, 13.198, 13.351, 13.574, 13.814, 14.065, 14.301, 14.543, 14.715, 14.774, 14.684, 14.547, 14.431, 14.280, 14.024, 13.820, 13.671, 13.534, 13.375, 13.238, 13.185, 13.250, 13.262, 13.269, 13.259, 13.285, 13.267, 13.218, 13.141, 12.914, 12.685, 12.440, 12.150, 11.889, 11.462, 11.311, 11.161, 11.000, 11.008, 11.090, 16.2,1045487.0,1315302.0,846864.24,73081.10,3561.82,24624.58,594.77,25612.13,275.48,642.09,36.17,712.28,24.15,750.61,23.69,545.32,16.44,1275.28,57.93,76.85,7.04,123.08,17.38,610.27,16.25,24516.53,148.72,0.00,118.01,0.00,15.70,39.07,2.72,113.02,3.08,26.98,1.44,0.00,4.84,71.77,1.14,113.08,1.39,10.26,0.83,114.52,1.51,0.00,29.71,0.00,51.43,0.00,428.32,0.00,300.35,0.00,506.05,0.00,532.99,0.00,59.00,0.00,26.28,23.13,1.48,53.81,3.61,0.00,136.54,0.00,64.38,266489.87,121188.62,5906.48,46527.22,1123.80,54792.92,589.34,1471.26,82.88,1778.49,60.30,904.19,28.54,763.02,23.00,2127.80,96.66,137.19,12.57,179.89,25.40,876.86,23.35,35052.36,212.63,0.00,150.05,0.00,19.98,48.91,3.40,140.68,3.83,35.62,1.90,0.00,6.80,78.49,1.25,133.73,1.64,13.03,1.05,154.69,2.04,0.00,34.83,0.00,68.58,0.00,460.06,0.00,343.10,0.00,642.44,0.00,638.04,0.00,69.27,0.00,28.38,24.92,1.59,59.99,4.02,0.00,155.37,0.00,73.03
99.5,99.5,1,99.500,17/03/2026 17:36:14,27.050, , , , , , , , , , , , , , , , , , , , , , , , , , , , , , , , , , , , , , , , , , , , , , , , , , , , , , , , , , , , , , , , , , , , , , , , , , , , , , , , , , , , , , , , , , , , , , , , , , , , , , , , , , , , , , , , , , , , , , , , , , , , , , , , , , , , , , , , , , , , , , , , , , , , , , , , , , , , , , , , , , , , , , , , , , , , , , , , , , , , , , , , , , , , , , , , , , , , , , , , , , , , , , , , , , , , , , , , , , , , , , , , , , , , , , , , , , , , , , , , , , , , , , , , , , , , , , , , , , , , , , , , , , , , , , , , , , , , , , , , , , , , , , , , , , , , , , , , , , , , , , , , , , , , , , , , , , , , , , , , , , , , , , , , , , , , , , , , , , , , , , , , , , , , , , , , , , , , , , , , , , , , 
100.0,100.0,1,100.000,17/03/2026 17:36:31,25.858,,14.84, 15.97, 16.65,46.93, -2.02, 1.56,19.726, 17.725, 16.895, 15.911, 15.205, 14.797, 14.521, 14.512, 14.731, 15.035, 15.256, 15.427, 15.568, 15.700, 15.848, 15.965, 16.126, 16.228, 16.239, 16.246, 16.238, 16.180, 16.068, 15.959, 15.808, 15.623, 15.500, 15.387, 15.262, 15.125, 15.041, 14.976, 14.828, 14.777, 14.762, 14.639, 14.725, 14.638, 14.731, 14.745, 14.845, 14.911, 15.039, 15.093, 15.281, 15.260, 15.442, 15.348, 15.508, 15.394, 15.406, 15.468, 15.315, 15.429, 15.330, 15.296, 15.467, 15.328, 15.354, 15.556, 15.435, 15.436, 15.641, 15.611, 15.563, 15.712, 15.597, 15.440, 15.481, 15.636, 15.601, 15.395, 15.427, 15.550, 15.477, 15.356, 15.431, 15.531, 15.452, 15.246, 15.220, 15.388, 15.550, 15.466, 15.307, 15.326, 15.515, 15.682, 15.684, 15.610, 15.621, 15.724, 15.801, 15.782, 15.709, 15.704, 15.818, 15.931, 15.877, 15.682, 15.455, 15.347, 15.378, 15.403, 15.075, 14.315, 13.472, 12.910, 12.679, 12.654, 12.811, 13.015, 13.260, 13.514, 13.718, 13.927, 14.163, 14.449, 14.712, 14.885, 14.959, 14.988, 15.005, 15.052, 15.201, 15.423, 15.658, 15.849, 15.889, 15.814, 15.650, 15.503, 15.372, 15.333, 15.415, 15.558, 15.722, 15.844, 15.906, 15.792, 15.595, 15.360, 15.145, 15.007, 14.994, 15.059, 15.016, 15.211, 15.323, 15.307, 15.130, 14.709, 13.885, 12.395, 10.371, 8.756, 8.030, 7.840, 7.938, 8.232, 8.613, 8.993, 9.365, 9.696, 9.969, 10.228, 10.490, 10.758, 11.060, 11.388, 11.753, 12.164, 12.593, 12.999, 13.350, 13.632, 13.803, 13.909, 13.944, 13.924, 13.918, 13.910, 13.911, 13.954, 14.024, 14.088, 14.147, 14.211, 14.416, 14.607, 14.653, 14.686, 14.642, 14.511, 14.243, 13.912, 13.590, 13.340, 13.056, 12.739, 12.529, 12.381, 12.299, 12.271, 12.241, 12.315, 12.347, 12.297, 12.305, 12.454, 12.277, 12.387, 12.107, 11.952, 11.768, 11.612, 16.2,1009744.0,1316979.0,848939.06,70850.18,3633.93,25339.32,619.02,27667.60,294.76,843.28,40.14,852.84,26.15,798.08,25.01,683.62,17.61,1392.46,61.31,0.00,20.29,102.23,17.66,567.57,16.29,21269.87,133.78,0.00,113.59,0.00,17.15,28.39,2.57,105.60,2.99,11.34,1.23,0.00,4.55,81.12,1.23,161.06,1.71,11.92,0.87,120.94,1.59,3.17,1.03,0.00,52.23,64.22,9.23,34.68,6.10,46.85,9.34,0.00,545.42,0.00,51.27,0.00,23.31,19.48,1.43,0.00,133.79,0.00,149.95,5.15,1.38,265073.66,117489.14,6026.06,47877.70,1169.62,59190.26,630.59,1932.26,91.98,2129.46,65.29,961.37,30.13,956.53,24.64,2323.31,102.30,0.00,36.22,149.41,25.81,815.51,23.41,30410.47,191.27,0.00,144.43,0.00,21.82,35.54,3.22,131.44,3.72,14.97,1.62,0.00,6.39,88.71,1.35,190.47,2.02,15.14,1.10,163.36,2.15,3.72,1.21,0.00,69.65,68.98,9.91,39.62,6.97,59.48,11.86,0.00,652.92,0.00,60.19,0.00,25.17,20.98,1.54,0.00,149.15,0.00,170.63,5.84,1.57
100.5,100.5,1,100.500,17/03/2026 17:37:14,26.522,1157877.511, , , , , , , , , , , , , , , , , , , , , , , , , , , , , , , , , , , , , , , , , , , , , , , , , , , , , , , , , , , , , , , , , , , , , , , , , , , , , , , , , , , , , , , , , , , , , , , , , , , , , , , , , , , , , , , , , , , , , , , , , , , , , , , , , , , , , , , , , , , , , , , , , , , , , , , , , , , , , , , , , , , , , , , , , , , , , , , , , , , , , , , , , , , , , , , , , , , , , , , , , , , , , , , , , , , , , , , , , , , , , , , , , , , , , , , , , , , , , , , , , , , , , , , , , , , , , , , , , , , , , , , , , , , , , , , , , , , , , , , , , , , , , , , , , , , , , , , , , , , , , , , , , , , , , , , , , , , , , , , , , , , , , , , , , , , , , , , , , , , , , , , , , , , , , , , , , , , , , , , , , , , 
101.0,101.0,1,101.000,17/03/2026 17:37:32,24.540,,14.37, 15.47, 15.97,46.28, -2.08, 1.90,20.173, 17.126, 16.126, 14.966, 14.310, 13.993, 13.645, 13.755, 14.084, 14.420, 14.655, 14.829, 14.944, 15.110, 15.266, 15.377, 15.566, 15.680, 15.733, 15.758, 15.772, 15.722, 15.615, 15.482, 15.320, 15.160, 15.060, 14.918, 14.796, 14.695, 14.578, 14.487, 14.394, 14.274, 14.303, 14.193, 14.215, 14.222, 14.204, 14.327, 14.329, 14.495, 14.528, 14.694, 14.754, 14.896, 14.896, 14.987, 14.989, 14.960, 14.993, 14.910, 14.969, 14.904, 14.864, 14.949, 14.896, 14.912, 14.990, 14.963, 15.000, 15.062, 15.052, 15.119, 15.211, 15.172, 15.007, 15.076, 15.067, 15.022, 15.089, 15.093, 14.970, 14.905, 15.010, 15.056, 14.980, 14.853, 14.880, 14.924, 14.835, 14.755, 14.810, 14.972, 15.023, 14.921, 14.817, 14.917, 15.168, 15.334, 15.293, 15.103, 14.981, 15.107, 15.340, 15.471, 15.400, 15.199, 14.990, 14.924, 14.969, 15.003, 14.933, 14.627, 13.967, 13.055, 12.337, 12.016, 11.893, 11.754, 11.671, 11.663, 11.884, 12.274, 12.751, 13.183, 13.459, 13.636, 13.749, 13.805, 13.893, 14.030, 14.246, 14.460, 14.658, 14.811, 14.912, 14.958, 14.940, 14.887, 14.832, 14.809, 14.787, 14.804, 14.822, 14.860, 14.913, 14.987, 15.009, 14.934, 14.811, 14.654, 14.487, 14.349, 14.272, 14.237, 14.102, 14.201, 14.319, 14.343, 14.226, 13.844, 13.006, 11.442, 9.342, 7.718, 6.938, 6.645, 6.649, 6.856, 7.216, 7.659, 8.120, 8.549, 8.938, 9.282, 9.563, 9.831, 10.051, 10.263, 10.492, 10.735, 11.031, 11.365, 11.742, 12.115, 12.482, 12.770, 12.996, 13.167, 13.279, 13.328, 13.339, 13.309, 13.239, 13.137, 12.989, 12.845, 12.835, 12.900, 12.927, 12.987, 13.078, 13.166, 13.136, 13.106, 12.981, 12.841, 12.657, 12.434, 12.164, 11.901, 11.709, 11.428, 11.113, 10.803, 10.565, 10.436, 10.135, 10.058, 10.034, 9.990, 10.139, 10.048, 10.023, 10.152, 16.3,1014421.0,1253893.0,856527.94,66725.36,3533.40,28708.83,639.00,26822.57,285.37,532.90,35.85,658.75,24.48,424.60,23.09,419.62,16.12,564.08,50.02,0.00,18.05,157.51,17.49,308.85,12.58,17582.43,110.43,0.00,98.25,0.00,14.02,9.26,2.06,84.53,2.62,14.74,1.12,0.00,5.29,68.91,1.08,121.56,1.40,14.21,0.82,105.22,1.42,6.29,1.00,0.00,50.73,0.00,428.03,0.00,295.67,32.42,8.38,62.93,9.27,0.00,55.32,0.00,26.56,11.37,1.22,35.14,3.52,0.00,141.10,0.00,67.85,253684.64,110649.05,5859.35,54244.26,1207.37,57382.46,610.50,1221.07,82.15,1644.84,61.12,511.48,27.81,587.13,22.56,941.16,83.46,0.00,32.22,230.21,25.56,443.77,18.08,25138.37,157.89,0.00,124.92,0.00,17.84,11.59,2.58,105.22,3.26,19.46,1.48,0.00,7.43,75.36,1.18,143.76,1.66,18.05,1.04,142.13,1.92,7.37,1.17,0.00,67.65,0.00,459.75,0.00,337.75,41.16,10.64,75.33,11.10,0.00,64.95,0.00,28.68,12.25,1.31,39.18,3.92,0.00,160.56,0.00,76.97
101.5,101.5,1,101.500,17/03/2026 17:38:15,28.772, , , , , , , , , , , , , , , , , , , , , , , , , , , , , , , , , , , , , , , , , , , , , , , , , , , , , , , , , , , , , , , , , , , , , , , , , , , , , , , , , , , , , , , , , , , , , , , , , , , , , , , , , , , , , , , , , , , , , , , , , , , , , , , , , , , , , , , , , , , , , , , , , , , , , , , , , , , , , , , , , , , , , , , , , , , , , , , , , , , , , , , , , , , , , , , , , , , , , , , , , , , , , , , , , , , , , , , , , , , , , , , , , , , , , , , , , , , , , , , , , , , , , , , , , , , , , , , , , , , , , , , , , , , , , , , , , , , , , , , , , , , , , , , , , , , , , , , , , , , , , , , , , , , , , , , , , , , , , , , , , , , , , , , , , , , , , , , , , , , , , , , , , , , , , , , , , , , , , , , , , , , , 
102.0,102.0,1,102.000,17/03/2026 17:38:32,26.850,,14.42, 15.47, 15.94,46.28, -1.75, 1.96,18.971, 17.144, 16.124, 15.107, 14.557, 13.992, 13.719, 13.884, 14.091, 14.421, 14.604, 14.786, 14.887, 15.047, 15.178, 15.330, 15.508, 15.617, 15.660, 15.692, 15.704, 15.691, 15.632, 15.562, 15.424, 15.244, 15.147, 15.063, 14.965, 14.849, 14.785, 14.703, 14.638, 14.587, 14.543, 14.553, 14.499, 14.573, 14.553, 14.682, 14.716, 14.844, 14.944, 15.042, 15.195, 15.255, 15.359, 15.409, 15.405, 15.479, 15.379, 15.449, 15.475, 15.320, 15.456, 15.451, 15.345, 15.530, 15.537, 15.434, 15.625, 15.685, 15.562, 15.709, 15.904, 15.815, 15.555, 15.657, 15.764, 15.712, 15.610, 15.717, 15.746, 15.668, 15.567, 15.629, 15.768, 15.764, 15.576, 15.429, 15.488, 15.710, 15.750, 15.625, 15.507, 15.618, 15.837, 15.944, 15.925, 15.854, 15.910, 16.040, 16.126, 16.091, 16.018, 16.011, 16.112, 16.196, 16.178, 15.989, 15.766, 15.642, 15.588, 15.474, 15.031, 14.152, 13.295, 12.769, 12.500, 12.330, 12.327, 12.487, 12.857, 13.306, 13.747, 14.086, 14.279, 14.421, 14.583, 14.752, 14.935, 15.162, 15.407, 15.598, 15.709, 15.788, 15.853, 15.900, 15.907, 15.953, 16.000, 16.055, 16.046, 16.021, 15.989, 15.942, 15.896, 15.888, 15.927, 15.917, 15.901, 15.824, 15.744, 15.621, 15.553, 15.501, 15.263, 15.265, 15.250, 15.233, 15.124, 14.786, 13.947, 12.284, 9.957, 8.138, 7.326, 7.057, 7.041, 7.210, 7.511, 7.883, 8.300, 8.767, 9.219, 9.660, 10.073, 10.487, 10.865, 11.232, 11.586, 11.903, 12.210, 12.491, 12.790, 13.080, 13.376, 13.673, 13.893, 14.093, 14.225, 14.339, 14.425, 14.495, 14.549, 14.524, 14.402, 14.253, 14.226, 14.217, 14.142, 14.123, 14.078, 14.063, 13.930, 13.772, 13.615, 13.495, 13.333, 13.120, 12.948, 12.732, 12.559, 12.328, 12.031, 11.820, 11.503, 11.347, 11.122, 10.986, 10.759, 10.739, 10.487, 10.466, 10.286, 10.365, 16.2,1081770.0,1331961.0,868153.61,60161.05,3365.10,21993.55,557.08,25010.04,264.76,677.92,35.53,795.60,23.93,554.27,21.91,479.80,15.32,397.99,45.82,0.00,16.36,211.69,17.35,494.62,14.53,20554.66,122.21,0.00,109.18,0.00,15.95,37.66,2.56,103.06,2.78,29.28,1.33,2.41,0.45,67.85,1.05,113.79,1.33,8.65,0.78,107.38,1.41,0.00,29.11,0.00,51.04,0.00,420.72,0.00,287.22,0.00,483.09,0.00,510.84,0.00,44.60,0.00,25.03,17.43,1.31,27.67,3.48,0.00,137.91,0.00,62.33,231407.29,99763.61,5580.26,41555.99,1052.58,53504.85,566.41,1553.36,81.41,1986.54,59.75,667.68,26.39,671.34,21.44,664.04,76.45,0.00,29.21,309.40,25.36,710.69,20.88,29387.90,174.73,0.00,138.82,0.00,20.30,47.14,3.20,128.28,3.46,38.66,1.76,3.39,0.63,74.20,1.15,134.57,1.57,10.98,0.99,145.05,1.90,0.00,34.12,0.00,68.06,0.00,451.90,0.00,328.10,0.00,613.29,0.00,611.53,0.00,52.36,0.00,27.03,18.78,1.41,30.85,3.88,0.00,156.93,0.00,70.71
102.5,102.5,1,102.500,17/03/2026 17:39:24,28.043, , , , , , , , , , , , , , , , , , , , , , , , , , , , , , , , , , , , , , , , , , , , , , , , , , , , , , , , , , , , , , , , , , , , , , , , , , , , , , , , , , , , , , , , , , , , , , , , , , , , , , , , , , , , , , , , , , , , , , , , , , , , , , , , , , , , , , , , , , , , , , , , , , , , , , , , , , , , , , , , , , , , , , , , , , , , , , , , , , , , , , , , , , , , , , , , , , , , , , , , , , , , , , , , , , , , , , , , , , , , , , , , , , , , , , , , , , , , , , , , , , , , , , , , , , , , , , , , , , , , , , , , , , , , , , , , , , , , , , , , , , , , , , , , , , , , , , , , , , , , , , , , , , , , , , , , , , , , , , , , , , , , , , , , , , , , , , , , , , , , , , , , , , , , , , , , , , , , , , , , , , , , 
103.0,103.0,1,103.000,17/03/2026 17:39:50,25.725,,15.17, 16.33, 16.97,47.41, -2.11, 1.70,19.430, 17.563, 16.917, 15.758, 15.361, 15.081, 14.718, 14.797, 14.977, 15.271, 15.575, 15.749, 15.857, 16.003, 16.169, 16.323, 16.465, 16.589, 16.630, 16.638, 16.624, 16.558, 16.447, 16.327, 16.184, 15.980, 15.818, 15.722, 15.625, 15.427, 15.339, 15.293, 15.116, 15.066, 15.040, 14.955, 14.967, 14.970, 14.951, 15.084, 15.063, 15.264, 15.260, 15.476, 15.493, 15.666, 15.677, 15.740, 15.793, 15.744, 15.765, 15.746, 15.740, 15.680, 15.717, 15.700, 15.676, 15.773, 15.733, 15.727, 15.890, 15.852, 15.777, 15.985, 16.063, 15.921, 15.734, 15.943, 15.872, 15.728, 15.888, 15.957, 15.756, 15.620, 15.780, 15.938, 15.792, 15.609, 15.662, 15.764, 15.672, 15.551, 15.608, 15.784, 15.846, 15.698, 15.599, 15.745, 16.033, 16.186, 16.070, 15.849, 15.811, 15.993, 16.202, 16.261, 16.127, 15.940, 15.844, 15.848, 15.877, 15.806, 15.618, 15.289, 14.700, 13.903, 13.258, 12.858, 12.561, 12.292, 12.165, 12.274, 12.681, 13.234, 13.727, 14.033, 14.136, 14.164, 14.262, 14.442, 14.731, 15.060, 15.329, 15.478, 15.499, 15.450, 15.427, 15.474, 15.594, 15.760, 15.892, 15.970, 15.946, 15.830, 15.650, 15.498, 15.398, 15.452, 15.602, 15.736, 15.803, 15.799, 15.703, 15.531, 15.327, 15.108, 14.766, 14.706, 14.721, 14.780, 14.787, 14.566, 13.882, 12.409, 10.311, 8.630, 7.739, 7.297, 7.139, 7.207, 7.458, 7.838, 8.312, 8.828, 9.366, 9.868, 10.322, 10.732, 11.055, 11.328, 11.573, 11.796, 12.018, 12.227, 12.444, 12.668, 12.922, 13.154, 13.399, 13.616, 13.824, 13.981, 14.109, 14.199, 14.265, 14.246, 14.193, 14.119, 14.139, 14.119, 14.046, 13.975, 13.912, 13.805, 13.670, 13.501, 13.310, 13.125, 12.968, 12.774, 12.592, 12.407, 12.304, 12.118, 11.975, 11.834, 11.667, 11.600, 11.474, 11.315, 11.165, 11.087, 10.914, 10.793, 10.654, 10.675, 16.2,1059798.0,1410603.0,843507.23,74831.38,3533.93,25340.54,603.41,26744.83,282.02,547.63,35.25,779.04,24.61,1164.44,25.67,876.68,18.12,990.12,55.07,28.98,6.36,156.07,17.84,602.89,16.28,23915.21,144.89,0.00,117.50,0.00,14.95,27.48,2.50,78.26,2.60,18.24,1.34,0.00,3.28,75.51,1.17,106.89,1.35,16.33,0.88,110.05,1.48,0.00,30.43,0.00,52.10,0.00,430.26,23.10,6.05,0.00,512.05,0.00,539.08,0.00,49.73,0.00,29.04,22.64,1.47,31.43,3.66,0.00,141.03,5.06,1.33,272633.12,124091.07,5860.23,47880.00,1140.12,57216.15,603.34,1254.82,80.77,1945.19,61.45,1402.69,30.92,1226.66,25.35,1652.01,91.88,51.73,11.35,228.11,26.07,866.26,23.39,34192.62,207.16,0.00,149.40,0.00,19.03,34.40,3.13,97.41,3.24,24.08,1.77,0.00,4.61,82.58,1.28,126.41,1.60,20.74,1.12,148.65,2.00,0.00,35.67,0.00,69.47,0.00,462.15,26.39,6.91,0.00,650.06,0.00,645.33,0.00,58.39,0.00,31.36,24.39,1.58,35.04,4.08,0.00,160.48,5.74,1.51
103.5,103.5,1,103.500,17/03/2026 17:40:33,26.916, , , , , , , , , , , , , , , , , , , , , , , , , , , , , , , , , , , , , , , , , , , , , , , , , , , , , , , , , , , , , , , , , , , , , , , , , , , , , , , , , , , , , , , , , , , , , , , , , , , , , , , , , , , , , , , , , , , , , , , , , , , , , , , , , , , , , , , , , , , , , , , , , , , , , , , , , , , , , , , , , , , , , , , , , , , , , , , , , , , , , , , , , , , , , , , , , , , , , , , , , , , , , , , , , , , , , , , , , , , , , , , , , , , , , , , , , , , , , , , , , , , , , , , , , , , , , , , , , , , , , , , , , , , , , , , , , , , , , , , , , , , , , , , , , , , , , , , , , , , , , , , , , , , , , , , , , , , , , , , , , , , , , , , , , , , , , , , , , , , , , , , , , , , , , , , , , , , , , , , , , , , , 
104.0,104.0,1,104.000,17/03/2026 17:40:50,26.524,,14.23, 15.39, 15.93,46.17, -2.45, 1.81,18.946, 15.995, 15.409, 14.647, 14.215, 13.678, 13.550, 13.613, 13.996, 14.370, 14.560, 14.791, 14.959, 15.146, 15.322, 15.427, 15.611, 15.715, 15.733, 15.731, 15.701, 15.625, 15.493, 15.354, 15.176, 14.999, 14.859, 14.671, 14.556, 14.426, 14.271, 14.204, 14.043, 13.996, 13.917, 13.866, 13.859, 13.857, 13.863, 13.968, 13.973, 14.171, 14.160, 14.411, 14.426, 14.583, 14.691, 14.632, 14.812, 14.721, 14.670, 14.804, 14.671, 14.624, 14.740, 14.655, 14.614, 14.754, 14.756, 14.677, 14.803, 14.902, 14.838, 14.832, 15.036, 15.100, 14.820, 14.759, 14.922, 15.041, 14.934, 14.803, 14.849, 14.973, 14.960, 14.838, 14.818, 14.890, 14.915, 14.805, 14.661, 14.678, 14.822, 14.948, 14.939, 14.851, 14.831, 14.945, 15.132, 15.271, 15.289, 15.204, 15.137, 15.150, 15.252, 15.392, 15.451, 15.388, 15.205, 14.999, 14.868, 14.842, 14.811, 14.627, 13.999, 12.982, 12.070, 11.561, 11.325, 11.230, 11.264, 11.400, 11.707, 12.111, 12.513, 12.887, 13.170, 13.384, 13.573, 13.741, 13.927, 14.131, 14.349, 14.538, 14.723, 14.867, 14.966, 15.015, 15.011, 14.998, 14.971, 14.969, 14.987, 15.023, 15.061, 15.087, 15.097, 15.088, 15.070, 14.954, 14.831, 14.682, 14.558, 14.463, 14.427, 14.440, 14.277, 14.337, 14.358, 14.303, 14.105, 13.622, 12.654, 10.916, 8.709, 7.073, 6.348, 6.102, 6.097, 6.266, 6.556, 6.938, 7.341, 7.771, 8.177, 8.570, 8.933, 9.272, 9.574, 9.881, 10.184, 10.471, 10.809, 11.141, 11.458, 11.761, 12.080, 12.355, 12.588, 12.789, 12.934, 13.081, 13.138, 13.195, 13.199, 13.158, 13.051, 12.919, 12.900, 12.886, 12.791, 12.729, 12.663, 12.632, 12.534, 12.423, 12.259, 12.191, 12.042, 11.871, 11.727, 11.605, 11.418, 11.272, 11.082, 10.818, 10.606, 10.304, 10.091, 9.829, 9.576, 9.313, 9.044, 8.944, 8.765, 8.651, 16.2,1076373.0,1388850.0,874463.50,50385.87,3231.53,25128.73,583.47,26017.48,269.75,660.62,35.45,859.97,24.39,295.30,21.01,366.20,14.72,857.26,51.78,0.00,17.65,117.38,15.96,472.56,14.25,19879.34,117.12,0.00,104.70,0.00,15.15,24.38,2.32,91.77,2.62,24.23,1.24,0.00,5.09,63.81,1.02,108.88,1.30,12.97,0.80,104.82,1.39,0.00,28.08,0.00,50.52,0.00,418.41,0.00,285.48,29.91,8.59,0.00,510.58,0.00,38.43,0.00,23.45,14.93,1.27,20.09,3.53,0.00,140.10,0.00,64.87,222535.70,83553.67,5358.77,47479.80,1102.44,55660.10,577.09,1513.72,81.23,2147.26,60.90,355.72,25.31,512.39,20.60,1430.33,86.39,0.00,31.51,171.56,23.33,678.99,20.47,28422.36,167.45,0.00,133.12,0.00,19.28,30.52,2.90,114.23,3.26,31.99,1.64,0.00,7.15,69.78,1.12,128.76,1.54,16.47,1.02,141.59,1.88,0.00,32.92,0.00,67.37,0.00,449.42,0.00,326.11,37.97,10.91,0.00,611.22,0.00,45.12,0.00,25.32,16.08,1.37,22.40,3.94,0.00,159.42,0.00,73.59
104.5,104.5,1,104.500,17/03/2026 17:41:34,26.257, , , , , , , , , , , , , , , , , , , , , , , , , , , , , , , , , , , , , , , , , , , , , , , , , , , , , , , , , , , , , , , , , , , , , , , , , , , , , , , , , , , , , , , , , , , , , , , , , , , , , , , , , , , , , , , , , , , , , , , , , , , , , , , , , , , , , , , , , , , , , , , , , , , , , , , , , , , , , , , , , , , , , , , , , , , , , , , , , , , , , , , , , , , , , , , , , , , , , , , , , , , , , , , , , , , , , , , , , , , , , , , , , , , , , , , , , , , , , , , , , , , , , , , , , , , , , , , , , , , , , , , , , , , , , , , , , , , , , , , , , , , , , , , , , , , , , , , , , , , , , , , , , , , , , , , , , , , , , , , , , , , , , , , , , , , , , , , , , , , , , , , , , , , , , , , , , , , , , , , , , , , , 
105.0,105.0,1,105.000,17/03/2026 17:41:51,25.264,,14.63, 15.78, 16.42,46.68, -2.21, 1.63,19.262, 17.053, 16.916, 15.108, 14.706, 14.487, 14.127, 14.270, 14.494, 14.808, 15.035, 15.228, 15.364, 15.546, 15.673, 15.833, 15.978, 16.068, 16.081, 16.075, 16.052, 16.016, 15.901, 15.734, 15.577, 15.440, 15.257, 15.099, 15.026, 14.837, 14.783, 14.641, 14.565, 14.482, 14.435, 14.380, 14.372, 14.358, 14.408, 14.424, 14.545, 14.593, 14.737, 14.840, 14.940, 15.059, 15.112, 15.162, 15.191, 15.195, 15.159, 15.157, 15.168, 15.107, 15.074, 15.150, 15.120, 15.088, 15.168, 15.252, 15.217, 15.203, 15.340, 15.409, 15.409, 15.367, 15.264, 15.343, 15.327, 15.232, 15.285, 15.350, 15.296, 15.232, 15.158, 15.217, 15.347, 15.291, 15.176, 15.064, 15.024, 15.194, 15.286, 15.270, 15.210, 15.142, 15.191, 15.386, 15.522, 15.553, 15.544, 15.474, 15.404, 15.471, 15.614, 15.704, 15.698, 15.672, 15.532, 15.344, 15.253, 15.279, 15.277, 15.097, 14.625, 13.812, 13.014, 12.507, 12.291, 12.225, 12.264, 12.357, 12.626, 13.019, 13.434, 13.755, 13.937, 14.083, 14.223, 14.368, 14.488, 14.590, 14.766, 14.994, 15.217, 15.361, 15.393, 15.375, 15.354, 15.356, 15.333, 15.287, 15.240, 15.254, 15.330, 15.425, 15.489, 15.490, 15.472, 15.346, 15.238, 15.124, 15.016, 14.908, 14.822, 14.764, 14.585, 14.683, 14.794, 14.832, 14.743, 14.392, 13.585, 12.018, 9.849, 8.098, 7.280, 6.967, 6.916, 7.073, 7.343, 7.715, 8.157, 8.656, 9.185, 9.660, 10.120, 10.516, 10.850, 11.156, 11.444, 11.724, 12.002, 12.244, 12.457, 12.612, 12.760, 12.889, 13.036, 13.218, 13.429, 13.649, 13.873, 14.094, 14.244, 14.310, 14.260, 14.183, 14.166, 14.094, 13.974, 13.855, 13.727, 13.551, 13.290, 13.042, 12.770, 12.627, 12.384, 12.158, 12.097, 12.061, 12.028, 12.054, 12.047, 12.050, 11.994, 11.879, 11.757, 11.543, 11.186, 10.912, 10.665, 10.445, 10.138, 10.128, 16.3,1056765.0,1267890.0,849358.52,78062.17,3565.63,24352.22,594.35,26576.46,281.37,604.51,36.02,752.17,24.64,541.44,22.97,434.20,15.64,478.28,48.83,37.03,6.54,71.94,16.86,435.95,14.19,17697.46,110.74,0.00,97.64,0.00,14.13,39.32,2.60,60.95,2.29,25.47,1.23,0.00,5.09,74.05,1.10,113.51,1.34,3.72,0.75,97.41,1.38,0.00,29.68,0.00,50.31,0.00,426.78,0.00,289.69,65.36,8.64,105.16,9.38,0.00,54.09,0.00,23.88,12.67,1.23,0.00,132.91,0.00,146.53,0.00,59.56,264471.40,129448.61,5912.80,46012.61,1123.00,56855.95,601.94,1385.15,82.53,1878.10,61.52,652.22,27.67,607.54,21.88,798.01,81.47,66.11,11.68,105.14,24.64,626.39,20.39,25302.83,158.33,0.00,124.15,0.00,17.98,49.22,3.25,75.87,2.85,33.63,1.62,0.00,7.15,80.98,1.20,134.24,1.58,4.72,0.95,131.58,1.86,0.00,34.79,0.00,67.09,0.00,458.41,0.00,330.92,82.98,10.97,125.89,11.23,0.00,63.50,0.00,25.78,13.65,1.32,0.00,148.17,0.00,166.74,0.00,67.57
105.5,105.5,1,105.500,17/03/2026 17:42:34,23.342,1157877.648, , , , , , , , , , , , , , , , , , , , , , , , , , , , , , , , , , , , , , , , , , , , , , , , , , , , , , , , , , , , , , , , , , , , , , , , , , , , , , , , , , , , , , , , , , , , , , , , , , , , , , , , , , , , , , , , , , , , , , , , , , , , , , , , , , , , , , , , , , , , , , , , , , , , , , , , , , , , , , , , , , , , , , , , , , , , , , , , , , , , , , , , , , , , , , , , , , , , , , , , , , , , , , , , , , , , , , , , , , , , , , , , , , , , , , , , , , , , , , , , , , , , , , , , , , , , , , , , , , , , , , , , , , , , , , , , , , , , , , , , , , , , , , , , , , , , , , , , , , , , , , , , , , , , , , , , , , , , , , , , , , , , , , , , , , , , , , , , , , , , , , , , , , , , , , , , , , , , , , , , , , , 
106.0,106.0,1,106.000,17/03/2026 17:43:00,24.992,,13.89, 14.96, 15.32,45.57, -2.03, 2.13,17.280, 15.700, 15.305, 14.024, 13.711, 13.072, 13.192, 13.141, 13.447, 13.829, 14.040, 14.226, 14.361, 14.533, 14.712, 14.845, 15.022, 15.123, 15.186, 15.219, 15.227, 15.200, 15.100, 14.964, 14.846, 14.726, 14.591, 14.451, 14.378, 14.247, 14.172, 14.093, 13.991, 13.948, 13.888, 13.865, 13.859, 13.873, 13.893, 13.982, 14.036, 14.165, 14.231, 14.375, 14.469, 14.563, 14.669, 14.658, 14.721, 14.746, 14.655, 14.720, 14.724, 14.617, 14.658, 14.723, 14.643, 14.675, 14.786, 14.786, 14.778, 14.833, 14.932, 14.905, 14.970, 15.007, 14.920, 14.838, 14.877, 14.914, 14.969, 14.903, 14.809, 14.789, 14.853, 14.929, 14.902, 14.810, 14.777, 14.755, 14.789, 14.777, 14.798, 14.839, 14.858, 14.877, 14.933, 14.964, 15.046, 15.162, 15.204, 15.205, 15.196, 15.155, 15.153, 15.275, 15.363, 15.355, 15.245, 15.097, 14.931, 14.823, 14.805, 14.695, 14.193, 13.288, 12.430, 11.912, 11.639, 11.495, 11.535, 11.706, 12.047, 12.464, 12.879, 13.228, 13.435, 13.544, 13.656, 13.816, 14.044, 14.278, 14.506, 14.708, 14.893, 15.006, 15.022, 14.976, 14.907, 14.896, 14.942, 15.012, 15.084, 15.140, 15.182, 15.199, 15.171, 15.127, 15.037, 14.890, 14.748, 14.653, 14.612, 14.609, 14.633, 14.671, 14.506, 14.573, 14.592, 14.525, 14.319, 13.839, 12.919, 11.259, 9.027, 7.279, 6.494, 6.230, 6.198, 6.371, 6.679, 7.065, 7.501, 7.982, 8.423, 8.865, 9.261, 9.620, 9.972, 10.312, 10.661, 10.996, 11.340, 11.676, 11.998, 12.284, 12.537, 12.765, 12.959, 13.154, 13.317, 13.451, 13.513, 13.597, 13.597, 13.553, 13.403, 13.317, 13.336, 13.366, 13.337, 13.289, 13.240, 13.157, 12.983, 12.793, 12.605, 12.454, 12.321, 12.094, 11.978, 11.869, 11.708, 11.554, 11.413, 11.141, 10.999, 10.776, 10.591, 10.324, 10.045, 9.895, 9.658, 9.405, 9.188, 9.132, 16.2,1025758.0,1319087.0,848805.85,65106.60,3501.56,27926.19,638.46,30471.82,307.47,778.65,39.03,710.00,24.89,1861.51,29.80,817.62,18.78,1216.37,59.13,28.72,6.64,171.66,18.68,530.49,15.80,20843.57,129.15,0.00,111.23,0.00,14.03,30.46,2.57,83.65,2.75,25.45,1.31,0.00,5.78,105.87,1.39,155.57,1.67,16.49,0.92,102.81,1.48,5.11,1.03,0.00,52.54,0.00,444.51,23.59,6.22,57.39,9.23,43.94,9.82,16.93,3.27,0.00,33.73,12.22,1.32,51.47,3.78,0.00,143.66,0.00,64.71,266642.10,107964.70,5806.55,52765.49,1206.35,65189.43,657.78,1784.17,89.43,1772.80,62.15,2242.38,35.90,1144.02,26.28,2029.51,98.66,51.27,11.85,250.89,27.30,762.23,22.70,29800.97,184.65,0.00,141.43,0.00,17.85,38.13,3.22,104.12,3.42,33.60,1.73,0.00,8.12,115.78,1.52,183.98,1.97,20.94,1.17,138.87,2.00,5.99,1.21,0.00,70.06,0.00,477.45,26.95,7.11,72.86,11.72,52.60,11.76,19.88,3.84,0.00,36.42,13.16,1.42,57.38,4.21,0.00,163.47,0.00,73.41
106.5,106.5,1,106.500,17/03/2026 17:43:35,27.113, , , , , , , , , , , , , , , , , , , , , , , , , , , , , , , , , , , , , , , , , , , , , , , , , , , , , , , , , , , , , , , , , , , , , , , , , , , , , , , , , , , , , , , , , , , , , , , , , , , , , , , , , , , , , , , , , , , , , , , , , , , , , , , , , , , , , , , , , , , , , , , , , , , , , , , , , , , , , , , , , , , , , , , , , , , , , , , , , , , , , , , , , , , , , , , , , , , , , , , , , , , , , , , , , , , , , , , , , , , , , , , , , , , , , , , , , , , , , , , , , , , , , , , , , , , , , , , , , , , , , , , , , , , , , , , , , , , , , , , , , , , , , , , , , , , , , , , , , , , , , , , , , , , , , , , , , , , , , , , , , , , , , , , , , , , , , , , , , , , , , , , , , , , , , , , , , , , , , , , , , , , , 
107.0,107.0,1,107.000,17/03/2026 17:44:00,27.439,,14.17, 15.28, 15.79,46.02, -2.16, 1.85,19.885, 16.047, 15.376, 14.461, 14.296, 13.693, 13.547, 13.644, 13.856, 14.274, 14.473, 14.667, 14.805, 14.949, 15.090, 15.242, 15.412, 15.539, 15.576, 15.566, 15.551, 15.501, 15.414, 15.285, 15.112, 14.964, 14.839, 14.686, 14.585, 14.445, 14.357, 14.234, 14.161, 14.059, 14.039, 13.958, 13.983, 13.945, 14.003, 14.022, 14.138, 14.197, 14.302, 14.431, 14.500, 14.615, 14.673, 14.670, 14.748, 14.728, 14.645, 14.715, 14.691, 14.573, 14.620, 14.672, 14.588, 14.589, 14.711, 14.716, 14.663, 14.717, 14.844, 14.833, 14.820, 14.854, 14.839, 14.804, 14.755, 14.769, 14.816, 14.813, 14.696, 14.622, 14.649, 14.723, 14.742, 14.683, 14.570, 14.504, 14.501, 14.588, 14.652, 14.647, 14.585, 14.557, 14.600, 14.728, 14.850, 14.921, 14.913, 14.840, 14.780, 14.812, 14.910, 15.026, 15.076, 15.022, 14.857, 14.665, 14.551, 14.556, 14.560, 14.465, 14.006, 13.151, 12.330, 11.819, 11.603, 11.513, 11.569, 11.729, 12.047, 12.417, 12.750, 13.004, 13.162, 13.282, 13.421, 13.570, 13.745, 13.955, 14.167, 14.346, 14.471, 14.529, 14.533, 14.520, 14.484, 14.471, 14.504, 14.541, 14.599, 14.663, 14.698, 14.697, 14.654, 14.594, 14.543, 14.440, 14.311, 14.200, 14.127, 14.104, 14.120, 14.169, 14.034, 14.106, 14.111, 14.046, 13.865, 13.461, 12.669, 11.164, 9.097, 7.442, 6.689, 6.450, 6.455, 6.657, 6.974, 7.370, 7.803, 8.228, 8.645, 9.017, 9.369, 9.700, 9.984, 10.265, 10.539, 10.806, 11.081, 11.335, 11.595, 11.858, 12.118, 12.353, 12.578, 12.765, 12.925, 13.061, 13.154, 13.237, 13.270, 13.259, 13.164, 13.071, 13.036, 12.986, 12.872, 12.760, 12.652, 12.540, 12.373, 12.232, 12.112, 12.059, 11.938, 11.831, 11.763, 11.702, 11.655, 11.553, 11.462, 11.293, 11.108, 10.963, 10.725, 10.522, 10.284, 9.964, 9.751, 9.586, 9.370, 9.259, 16.3,1062065.0,1306076.0,838702.01,80280.33,3553.77,24678.89,593.10,28430.68,290.38,525.63,34.72,733.80,24.14,1077.76,25.10,935.84,18.25,903.78,53.83,0.00,19.00,201.12,18.32,579.67,15.96,22432.69,136.42,0.00,110.99,0.00,15.25,18.74,2.31,96.25,2.82,13.75,1.25,0.00,5.30,79.23,1.19,124.56,1.44,10.17,0.83,109.70,1.47,0.00,29.04,0.00,50.36,0.00,436.59,0.00,299.59,0.00,498.61,0.00,531.31,0.00,55.51,3.47,1.04,20.55,1.43,29.83,3.64,0.00,141.34,11.56,1.40,281560.37,133126.93,5893.13,46629.84,1120.64,60822.75,621.22,1204.41,79.56,1832.23,60.28,1298.27,30.24,1309.43,25.54,1507.95,89.82,0.00,33.92,293.95,26.78,832.89,22.93,32073.00,195.05,0.00,141.12,0.00,19.41,23.46,2.89,119.80,3.51,18.15,1.65,0.00,7.45,86.65,1.30,147.30,1.70,12.92,1.05,148.18,1.99,0.00,34.04,0.00,67.15,0.00,468.95,0.00,342.23,0.00,632.99,0.00,636.03,0.00,65.17,3.75,1.12,22.14,1.54,33.26,4.06,0.00,160.83,13.11,1.59
107.5,107.5,1,107.500,17/03/2026 17:44:52,26.781, , , , , , , , , , , , , , , , , , , , , , , , , , , , , , , , , , , , , , , , , , , , , , , , , , , , , , , , , , , , , , , , , , , , , , , , , , , , , , , , , , , , , , , , , , , , , , , , , , , , , , , , , , , , , , , , , , , , , , , , , , , , , , , , , , , , , , , , , , , , , , , , , , , , , , , , , , , , , , , , , , , , , , , , , , , , , , , , , , , , , , , , , , , , , , , , , , , , , , , , , , , , , , , , , , , , , , , , , , , , , , , , , , , , , , , , , , , , , , , , , , , , , , , , , , , , , , , , , , , , , , , , , , , , , , , , , , , , , , , , , , , , , , , , , , , , , , , , , , , , , , , , , , , , , , , , , , , , , , , , , , , , , , , , , , , , , , , , , , , , , , , , , , , , , , , , , , , , , , , , , , , , 
108.0,108.0,1,108.000,17/03/2026 17:45:10,25.854,,14.80, 15.94, 16.58,46.90, -2.13, 1.64,21.666, 16.909, 16.875, 15.328, 14.755, 14.558, 14.164, 14.408, 14.655, 14.969, 15.216, 15.386, 15.525, 15.643, 15.817, 15.938, 16.104, 16.206, 16.241, 16.234, 16.223, 16.207, 16.081, 15.884, 15.764, 15.651, 15.427, 15.298, 15.222, 15.009, 14.993, 14.804, 14.774, 14.620, 14.635, 14.506, 14.574, 14.478, 14.591, 14.550, 14.690, 14.739, 14.824, 14.978, 15.000, 15.159, 15.180, 15.192, 15.280, 15.217, 15.186, 15.220, 15.169, 15.138, 15.124, 15.121, 15.144, 15.136, 15.139, 15.214, 15.252, 15.197, 15.234, 15.368, 15.410, 15.327, 15.136, 15.264, 15.313, 15.228, 15.118, 15.183, 15.245, 15.205, 15.056, 15.021, 15.149, 15.239, 15.138, 14.912, 14.808, 14.935, 15.158, 15.226, 15.073, 14.895, 14.889, 15.098, 15.361, 15.471, 15.375, 15.183, 15.069, 15.135, 15.349, 15.530, 15.566, 15.429, 15.180, 14.988, 14.922, 14.981, 15.046, 14.954, 14.457, 13.563, 12.732, 12.251, 12.064, 12.020, 12.093, 12.239, 12.502, 12.826, 13.133, 13.413, 13.614, 13.777, 13.920, 14.056, 14.204, 14.345, 14.511, 14.671, 14.808, 14.914, 14.985, 15.006, 14.996, 14.959, 14.922, 14.912, 14.918, 14.957, 14.990, 15.021, 15.035, 15.027, 15.033, 14.948, 14.824, 14.691, 14.583, 14.465, 14.451, 14.474, 14.298, 14.394, 14.441, 14.427, 14.319, 13.958, 13.209, 11.728, 9.668, 7.986, 7.190, 6.897, 6.861, 7.029, 7.334, 7.718, 8.139, 8.590, 9.060, 9.494, 9.889, 10.248, 10.554, 10.840, 11.090, 11.319, 11.559, 11.778, 11.982, 12.212, 12.440, 12.652, 12.855, 13.063, 13.218, 13.390, 13.541, 13.661, 13.738, 13.751, 13.702, 13.610, 13.584, 13.516, 13.375, 13.238, 13.114, 12.959, 12.773, 12.602, 12.443, 12.358, 12.235, 12.124, 12.051, 12.001, 11.956, 11.856, 11.795, 11.703, 11.595, 11.441, 11.273, 11.002, 10.796, 10.590, 10.362, 10.051, 9.928, 9.691, 16.2,1040050.0,1246692.0,853601.38,68849.66,3540.80,24881.47,600.99,26256.78,281.05,582.48,35.98,623.00,23.95,398.76,22.46,567.71,16.57,795.00,52.78,24.21,6.29,136.08,17.72,516.84,15.32,22279.43,136.34,0.00,112.19,0.00,13.55,11.11,2.16,84.63,2.65,39.54,1.42,0.00,4.16,74.21,1.13,117.72,1.41,16.90,0.87,103.60,1.45,4.78,1.01,0.00,51.81,0.00,439.98,0.00,303.21,0.00,504.10,0.00,533.37,0.00,46.98,3.13,1.02,12.40,1.25,19.24,3.70,0.00,144.70,0.00,56.28,256283.39,114171.72,5871.62,47012.61,1135.55,56172.05,601.26,1334.67,82.44,1555.57,59.80,480.35,27.06,794.34,23.18,1326.45,88.06,43.22,11.23,198.89,25.90,742.62,22.01,31853.88,194.93,0.00,142.65,0.00,17.24,13.91,2.70,105.34,3.30,52.21,1.87,0.00,5.85,81.16,1.24,139.22,1.67,21.46,1.10,139.94,1.96,5.60,1.18,0.00,69.09,0.00,472.59,0.00,346.37,0.00,639.96,0.00,638.50,0.00,55.16,3.38,1.10,13.36,1.35,21.45,4.12,0.00,164.65,0.00,63.85
108.5,108.5,1,108.500,17/03/2026 17:45:53,25.655, , , , , , , , , , , , , , , , , , , , , , , , , , , , , , , , , , , , , , , , , , , , , , , , , , , , , , , , , , , , , , , , , , , , , , , , , , , , , , , , , , , , , , , , , , , , , , , , , , , , , , , , , , , , , , , , , , , , , , , , , , , , , , , , , , , , , , , , , , , , , , , , , , , , , , , , , , , , , , , , , , , , , , , , , , , , , , , , , , , , , , , , , , , , , , , , , , , , , , , , , , , , , , , , , , , , , , , , , , , , , , , , , , , , , , , , , , , , , , , , , , , , , , , , , , , , , , , , , , , , , , , , , , , , , , , , , , , , , , , , , , , , , , , , , , , , , , , , , , , , , , , , , , , , , , , , , , , , , , , , , , , , , , , , , , , , , , , , , , , , , , , , , , , , , , , , , , , , , , , , , , , , 
109.0,109.0,1,109.000,17/03/2026 17:46:10,26.386,,14.55, 15.70, 16.28,46.57, -2.21, 1.73,19.753, 17.132, 16.918, 15.305, 14.699, 14.466, 14.093, 14.132, 14.338, 14.660, 14.892, 15.149, 15.232, 15.402, 15.585, 15.703, 15.866, 15.988, 16.022, 16.009, 15.975, 15.891, 15.794, 15.684, 15.514, 15.335, 15.213, 15.058, 14.947, 14.824, 14.715, 14.619, 14.509, 14.448, 14.379, 14.362, 14.323, 14.364, 14.363, 14.433, 14.540, 14.575, 14.795, 14.804, 14.991, 15.111, 15.078, 15.263, 15.245, 15.184, 15.299, 15.241, 15.162, 15.263, 15.217, 15.128, 15.246, 15.309, 15.231, 15.277, 15.414, 15.418, 15.367, 15.464, 15.619, 15.613, 15.343, 15.367, 15.476, 15.536, 15.489, 15.394, 15.410, 15.459, 15.490, 15.437, 15.397, 15.388, 15.394, 15.394, 15.345, 15.336, 15.382, 15.439, 15.484, 15.509, 15.527, 15.571, 15.644, 15.752, 15.805, 15.819, 15.803, 15.796, 15.825, 15.881, 15.942, 15.958, 15.870, 15.750, 15.641, 15.572, 15.499, 15.333, 14.833, 14.000, 13.226, 12.810, 12.607, 12.490, 12.456, 12.515, 12.756, 13.159, 13.589, 14.003, 14.316, 14.528, 14.662, 14.747, 14.814, 14.917, 15.062, 15.251, 15.453, 15.649, 15.820, 15.927, 15.943, 15.914, 15.814, 15.732, 15.651, 15.613, 15.614, 15.650, 15.716, 15.804, 15.901, 15.926, 15.877, 15.740, 15.593, 15.428, 15.291, 15.173, 14.935, 14.946, 14.974, 14.985, 14.912, 14.633, 13.909, 12.400, 10.227, 8.484, 7.629, 7.287, 7.164, 7.205, 7.406, 7.707, 8.060, 8.509, 8.977, 9.487, 10.017, 10.521, 11.005, 11.453, 11.859, 12.216, 12.509, 12.742, 12.940, 13.079, 13.214, 13.286, 13.366, 13.461, 13.553, 13.663, 13.780, 13.939, 14.114, 14.253, 14.323, 14.391, 14.525, 14.595, 14.566, 14.487, 14.380, 14.216, 13.956, 13.684, 13.329, 13.099, 12.810, 12.521, 12.301, 12.061, 11.948, 11.784, 11.720, 11.624, 11.578, 11.541, 11.473, 11.455, 11.272, 11.237, 10.936, 11.016, 10.762, 10.807, 16.2,1041851.0,1226760.0,862856.14,62924.66,3453.92,21562.64,561.35,25241.45,270.86,485.38,33.97,573.99,23.07,375.36,21.57,591.30,16.02,1033.62,54.57,35.23,6.33,97.37,16.26,563.48,15.54,23084.14,138.73,0.00,116.71,0.00,15.86,30.65,2.54,92.60,2.78,20.69,1.30,1.54,0.44,70.33,1.11,117.43,1.40,16.40,0.86,119.42,1.52,0.00,29.43,0.00,50.31,26.84,8.76,25.03,6.03,0.00,498.53,0.00,524.35,0.00,56.60,0.00,24.39,19.11,1.39,35.19,3.57,0.00,138.37,0.00,64.57,239355.15,104346.44,5727.55,40741.80,1060.65,53999.91,579.46,1112.18,77.84,1433.20,57.60,452.16,25.98,827.35,22.42,1724.59,91.05,62.89,11.30,142.31,23.76,809.63,22.33,33004.41,198.35,0.00,148.39,0.00,20.18,38.37,3.18,115.26,3.46,27.32,1.72,2.16,0.62,76.91,1.21,138.87,1.66,20.83,1.09,161.31,2.05,0.00,34.50,0.00,67.09,28.83,9.41,28.59,6.89,0.00,632.89,0.00,627.70,0.00,66.45,0.00,26.34,20.59,1.50,39.23,3.98,0.00,157.45,0.00,73.25
109.5,109.5,1,109.500,17/03/2026 17:46:53,26.117, , , , , , , , , , , , , , , , , , , , , , , , , , , , , , , , , , , , , , , , , , , , , , , , , , , , , , , , , , , , , , , , , , , , , , , , , , , , , , , , , , , , , , , , , , , , , , , , , , , , , , , , , , , , , , , , , , , , , , , , , , , , , , , , , , , , , , , , , , , , , , , , , , , , , , , , , , , , , , , , , , , , , , , , , , , , , , , , , , , , , , , , , , , , , , , , , , , , , , , , , , , , , , , , , , , , , , , , , , , , , , , , , , , , , , , , , , , , , , , , , , , , , , , , , , , , , , , , , , , , , , , , , , , , , , , , , , , , , , , , , , , , , , , , , , , , , , , , , , , , , , , , , , , , , , , , , , , , , , , , , , , , , , , , , , , , , , , , , , , , , , , , , , , , , , , , , , , , , , , , , , , , 
110.0,110.0,1,110.000,17/03/2026 17:47:19,25.723,,14.59, 15.71, 16.30,46.59, -2.07, 1.71,19.476, 17.729, 16.206, 15.118, 14.534, 14.264, 13.977, 14.143, 14.396, 14.709, 14.936, 15.148, 15.240, 15.413, 15.556, 15.683, 15.847, 15.951, 15.980, 15.986, 15.980, 15.948, 15.850, 15.687, 15.522, 15.405, 15.287, 15.069, 15.016, 14.921, 14.726, 14.755, 14.526, 14.549, 14.435, 14.426, 14.395, 14.427, 14.404, 14.539, 14.506, 14.731, 14.682, 14.940, 14.932, 15.075, 15.172, 15.097, 15.279, 15.192, 15.114, 15.269, 15.147, 15.081, 15.196, 15.136, 15.083, 15.209, 15.212, 15.161, 15.254, 15.338, 15.307, 15.331, 15.477, 15.463, 15.272, 15.264, 15.354, 15.427, 15.342, 15.251, 15.302, 15.329, 15.300, 15.254, 15.246, 15.296, 15.288, 15.168, 15.093, 15.123, 15.265, 15.356, 15.297, 15.237, 15.215, 15.334, 15.534, 15.638, 15.625, 15.528, 15.455, 15.472, 15.602, 15.758, 15.805, 15.717, 15.539, 15.377, 15.289, 15.313, 15.333, 15.204, 14.684, 13.775, 12.968, 12.521, 12.362, 12.302, 12.348, 12.444, 12.675, 12.993, 13.343, 13.678, 13.943, 14.170, 14.369, 14.525, 14.644, 14.726, 14.816, 14.939, 15.085, 15.240, 15.366, 15.489, 15.550, 15.581, 15.562, 15.487, 15.390, 15.324, 15.298, 15.300, 15.331, 15.397, 15.464, 15.495, 15.457, 15.372, 15.260, 15.101, 14.983, 14.899, 14.651, 14.686, 14.718, 14.699, 14.619, 14.319, 13.620, 12.161, 10.031, 8.283, 7.433, 7.113, 7.053, 7.192, 7.459, 7.825, 8.249, 8.706, 9.161, 9.617, 10.063, 10.473, 10.840, 11.206, 11.533, 11.814, 12.093, 12.335, 12.567, 12.766, 12.985, 13.151, 13.339, 13.501, 13.654, 13.802, 13.908, 14.022, 14.115, 14.134, 14.103, 14.034, 14.033, 14.019, 13.919, 13.810, 13.714, 13.599, 13.430, 13.256, 13.114, 12.998, 12.842, 12.723, 12.616, 12.535, 12.451, 12.376, 12.259, 12.093, 11.927, 11.701, 11.504, 11.226, 10.901, 10.702, 10.527, 10.241, 10.085, 10.101, 16.2,1021082.0,1260724.0,872688.14,46417.72,3373.68,22317.49,580.93,28010.51,291.03,807.24,38.88,724.96,24.73,877.90,24.60,894.92,18.26,1302.52,58.92,27.70,6.65,86.66,17.69,511.23,15.43,24773.24,148.78,0.00,121.70,0.00,13.13,21.35,2.43,100.54,2.99,34.76,1.39,0.00,5.14,91.84,1.30,145.74,1.62,19.91,0.95,122.08,1.61,0.00,28.57,0.00,50.63,0.00,443.55,0.00,306.32,0.00,513.44,0.00,540.49,13.09,3.22,0.00,29.77,10.46,1.29,0.00,136.53,0.00,152.79,0.00,69.32,224225.51,76973.38,5594.49,42168.06,1097.65,59923.86,622.61,1849.68,89.09,1810.16,61.75,1057.52,29.63,1252.18,25.55,2173.25,98.31,49.45,11.87,126.66,25.85,734.56,22.17,35419.39,212.72,0.00,154.74,0.00,16.71,26.73,3.04,125.14,3.72,45.89,1.84,0.00,7.22,100.44,1.42,172.35,1.92,25.28,1.21,164.90,2.17,0.00,33.49,0.00,67.51,0.00,476.42,0.00,349.92,0.00,651.82,0.00,647.02,15.37,3.78,0.00,32.14,11.27,1.39,0.00,152.21,0.00,173.86,0.00,78.64
110.5,110.5,1,110.500,17/03/2026 17:48:02,25.528,1157877.643, , , , , , , , , , , , , , , , , , , , , , , , , , , , , , , , , , , , , , , , , , , , , , , , , , , , , , , , , , , , , , , , , , , , , , , , , , , , , , , , , , , , , , , , , , , , , , , , , , , , , , , , , , , , , , , , , , , , , , , , , , , , , , , , , , , , , , , , , , , , , , , , , , , , , , , , , , , , , , , , , , , , , , , , , , , , , , , , , , , , , , , , , , , , , , , , , , , , , , , , , , , , , , , , , , , , , , , , , , , , , , , , , , , , , , , , , , , , , , , , , , , , , , , , , , , , , , , , , , , , , , , , , , , , , , , , , , , , , , , , , , , , , , , , , , , , , , , , , , , , , , , , , , , , , , , , , , , , , , , , , , , , , , , , , , , , , , , , , , , , , , , , , , , , , , , , , , , , , , , , , , , 
111.0,111.0,1,111.000,17/03/2026 17:48:20,24.275,,14.96, 16.07, 16.59,47.07, -1.90, 1.91,19.170, 17.854, 16.922, 15.654, 15.224, 14.502, 14.329, 14.336, 14.650, 14.987, 15.219, 15.387, 15.537, 15.659, 15.818, 15.965, 16.125, 16.269, 16.315, 16.337, 16.326, 16.293, 16.218, 16.112, 15.955, 15.805, 15.720, 15.566, 15.452, 15.407, 15.251, 15.215, 15.106, 15.044, 15.012, 14.959, 14.961, 14.983, 14.972, 15.100, 15.101, 15.262, 15.329, 15.430, 15.589, 15.620, 15.728, 15.762, 15.749, 15.814, 15.766, 15.750, 15.803, 15.739, 15.690, 15.779, 15.797, 15.735, 15.800, 15.910, 15.887, 15.861, 15.943, 16.058, 16.045, 16.062, 15.915, 16.008, 15.939, 15.927, 16.000, 15.995, 15.893, 15.847, 15.862, 15.975, 15.995, 15.878, 15.778, 15.749, 15.816, 15.887, 15.882, 15.838, 15.815, 15.868, 15.987, 16.078, 16.116, 16.122, 16.121, 16.154, 16.185, 16.233, 16.261, 16.279, 16.281, 16.257, 16.182, 16.085, 15.995, 15.924, 15.847, 15.654, 15.126, 14.238, 13.420, 12.966, 12.761, 12.638, 12.625, 12.724, 13.019, 13.425, 13.831, 14.193, 14.433, 14.609, 14.749, 14.880, 15.048, 15.251, 15.462, 15.628, 15.789, 15.876, 15.945, 15.953, 15.943, 15.933, 15.963, 16.016, 16.069, 16.113, 16.124, 16.103, 16.055, 16.012, 15.962, 15.876, 15.785, 15.704, 15.661, 15.645, 15.677, 15.696, 15.485, 15.517, 15.465, 15.371, 15.159, 14.732, 13.878, 12.258, 10.028, 8.268, 7.469, 7.193, 7.209, 7.402, 7.727, 8.122, 8.544, 8.985, 9.410, 9.816, 10.201, 10.565, 10.936, 11.291, 11.666, 12.020, 12.403, 12.777, 13.109, 13.415, 13.689, 13.905, 14.069, 14.202, 14.275, 14.342, 14.378, 14.405, 14.419, 14.417, 14.322, 14.282, 14.344, 14.388, 14.386, 14.347, 14.373, 14.335, 14.229, 14.080, 13.933, 13.803, 13.605, 13.368, 13.173, 12.933, 12.771, 12.568, 12.375, 12.172, 11.938, 11.735, 11.469, 11.209, 11.038, 10.910, 10.581, 10.555, 10.334, 10.277, 16.3,1052560.0,1298046.0,849076.39,58248.46,3362.80,22487.09,575.72,33289.51,315.97,686.17,36.68,502.68,22.53,2497.57,31.66,1536.83,21.51,2101.45,66.91,69.59,7.30,118.47,17.87,644.91,16.83,28127.46,165.43,0.00,130.14,0.00,14.23,31.59,2.65,89.14,2.85,29.92,1.47,1.53,0.47,78.81,1.22,133.39,1.55,15.99,0.91,133.83,1.65,5.31,1.06,0.00,52.09,0.00,439.06,0.00,304.35,0.00,504.03,40.07,10.02,0.00,59.57,0.00,30.89,19.78,1.48,34.06,3.76,0.00,140.63,0.00,69.44,263980.24,96592.01,5576.45,42488.52,1087.80,71217.41,675.97,1572.27,84.05,1255.14,56.26,3008.58,38.14,2150.34,30.10,3506.26,111.64,124.23,13.03,173.15,26.12,926.63,24.18,40215.06,236.52,0.00,165.47,0.00,18.11,39.54,3.32,110.95,3.55,39.50,1.94,2.15,0.66,86.19,1.33,157.75,1.83,20.31,1.16,180.77,2.23,6.22,1.24,0.00,69.46,0.00,471.60,0.00,347.67,0.00,639.88,47.97,11.99,0.00,69.94,0.00,33.35,21.31,1.59,37.97,4.19,0.00,160.02,0.00,78.77
111.5,111.5,1,111.500,17/03/2026 17:49:03,27.384, , , , , , , , , , , , , , , , , , , , , , , , , , , , , , , , , , , , , , , , , , , , , , , , , , , , , , , , , , , , , , , , , , , , , , , , , , , , , , , , , , , , , , , , , , , , , , , , , , , , , , , , , , , , , , , , , , , , , , , , , , , , , , , , , , , , , , , , , , , , , , , , , , , , , , , , , , , , , , , , , , , , , , , , , , , , , , , , , , , , , , , , , , , , , , , , , , , , , , , , , , , , , , , , , , , , , , , , , , , , , , , , , , , , , , , , , , , , , , , , , , , , , , , , , , , , , , , , , , , , , , , , , , , , , , , , , , , , , , , , , , , , , , , , , , , , , , , , , , , , , , , , , , , , , , , , , , , , , , , , , , , , , , , , , , , , , , , , , , , , , , , , , , , , , , , , , , , , , , , , , , , , 
112.0,112.0,1,112.000,17/03/2026 17:49:20,31.611,,14.62, 15.73, 16.19,46.62, -1.99, 2.02,19.956, 16.939, 16.168, 14.635, 14.597, 13.985, 13.994, 13.991, 14.262, 14.588, 14.830, 15.025, 15.160, 15.335, 15.498, 15.638, 15.805, 15.912, 15.964, 15.999, 16.028, 15.948, 15.863, 15.762, 15.607, 15.489, 15.342, 15.221, 15.111, 15.022, 14.922, 14.836, 14.736, 14.685, 14.619, 14.631, 14.566, 14.633, 14.623, 14.691, 14.821, 14.839, 15.009, 15.130, 15.171, 15.345, 15.408, 15.374, 15.479, 15.501, 15.386, 15.426, 15.504, 15.404, 15.330, 15.439, 15.513, 15.418, 15.409, 15.565, 15.645, 15.571, 15.551, 15.692, 15.842, 15.813, 15.607, 15.583, 15.699, 15.788, 15.717, 15.584, 15.486, 15.557, 15.673, 15.700, 15.625, 15.507, 15.458, 15.514, 15.581, 15.638, 15.602, 15.513, 15.491, 15.564, 15.727, 15.877, 15.941, 15.904, 15.823, 15.794, 15.840, 15.981, 16.127, 16.189, 16.153, 16.017, 15.828, 15.689, 15.671, 15.749, 15.799, 15.651, 15.052, 14.019, 13.077, 12.570, 12.394, 12.373, 12.492, 12.701, 13.024, 13.377, 13.684, 13.933, 14.104, 14.263, 14.432, 14.629, 14.870, 15.147, 15.405, 15.613, 15.735, 15.787, 15.773, 15.743, 15.703, 15.666, 15.676, 15.728, 15.813, 15.952, 16.066, 16.156, 16.182, 16.131, 16.022, 15.865, 15.676, 15.496, 15.337, 15.249, 15.261, 15.302, 15.190, 15.344, 15.437, 15.457, 15.342, 14.936, 14.054, 12.357, 10.070, 8.245, 7.386, 7.043, 6.993, 7.172, 7.508, 7.944, 8.458, 9.002, 9.552, 10.082, 10.562, 10.994, 11.357, 11.677, 11.928, 12.141, 12.330, 12.489, 12.651, 12.792, 12.973, 13.166, 13.351, 13.560, 13.776, 14.014, 14.244, 14.470, 14.698, 14.832, 14.887, 14.896, 14.940, 14.936, 14.815, 14.670, 14.486, 14.295, 14.025, 13.752, 13.454, 13.138, 12.852, 12.608, 12.473, 12.368, 12.318, 12.285, 12.195, 12.238, 12.150, 12.138, 12.063, 11.969, 11.886, 11.708, 11.680, 11.343, 11.122, 11.229, 16.2,1064781.0,1302330.0,846079.64,44121.97,3113.85,26235.74,601.25,41451.17,351.94,465.53,33.69,500.56,21.95,4344.46,40.02,2094.95,24.74,2382.95,69.20,66.86,7.37,92.33,17.68,901.83,19.43,30603.80,173.07,0.00,133.97,0.00,15.37,31.78,2.68,100.12,2.99,20.52,1.46,0.00,4.83,97.68,1.35,158.04,1.70,13.07,0.92,133.78,1.67,4.75,1.06,0.00,51.32,0.00,438.41,0.00,301.31,42.42,9.24,0.00,526.00,0.00,54.36,0.00,28.40,27.41,1.62,28.63,3.93,0.00,142.93,0.00,64.45,271981.96,73166.39,5163.62,49571.45,1136.04,88677.93,752.92,1066.70,77.20,1249.85,54.81,5233.36,48.21,2931.27,34.62,3975.94,115.46,119.36,13.16,134.95,25.84,1295.78,27.92,43755.59,247.45,0.00,170.34,0.00,19.56,39.78,3.35,124.62,3.72,27.09,1.93,0.00,6.79,106.82,1.48,186.90,2.01,16.60,1.17,180.71,2.26,5.57,1.24,0.00,68.43,0.00,470.90,0.00,344.20,53.85,11.73,0.00,629.68,0.00,63.82,0.00,30.67,29.53,1.75,31.92,4.38,0.00,162.64,0.00,73.11
112.5,112.5,1,112.500,17/03/2026 17:50:12,32.338, , , , , , , , , , , , , , , , , , , , , , , , , , , , , , , , , , , , , , , , , , , , , , , , , , , , , , , , , , , , , , , , , , , , , , , , , , , , , , , , , , , , , , , , , , , , , , , , , , , , , , , , , , , , , , , , , , , , , , , , , , , , , , , , , , , , , , , , , , , , , , , , , , , , , , , , , , , , , , , , , , , , , , , , , , , , , , , , , , , , , , , , , , , , , , , , , , , , , , , , , , , , , , , , , , , , , , , , , , , , , , , , , , , , , , , , , , , , , , , , , , , , , , , , , , , , , , , , , , , , , , , , , , , , , , , , , , , , , , , , , , , , , , , , , , , , , , , , , , , , , , , , , , , , , , , , , , , , , , , , , , , , , , , , , , , , , , , , , , , , , , , , , , , , , , , , , , , , , , , , , , , , 
113.0,113.0,1,113.000,17/03/2026 17:50:38,35.319,,13.21, 14.26, 14.65,44.60, -2.21, 2.00,16.797, 15.680, 14.613, 13.471, 13.153, 12.868, 12.607, 12.643, 12.877, 13.215, 13.378, 13.588, 13.715, 13.910, 14.070, 14.224, 14.365, 14.468, 14.545, 14.539, 14.513, 14.508, 14.340, 14.282, 14.120, 13.941, 13.860, 13.662, 13.620, 13.438, 13.392, 13.270, 13.157, 13.147, 12.997, 13.065, 12.983, 12.996, 13.078, 13.061, 13.175, 13.303, 13.357, 13.494, 13.643, 13.707, 13.753, 13.830, 13.868, 13.847, 13.811, 13.837, 13.850, 13.798, 13.750, 13.793, 13.874, 13.866, 13.827, 13.880, 14.016, 14.069, 14.057, 14.031, 14.124, 14.247, 14.202, 14.132, 14.061, 14.076, 14.151, 14.253, 14.184, 14.087, 13.975, 14.041, 14.174, 14.258, 14.209, 14.082, 13.954, 13.985, 14.111, 14.261, 14.348, 14.350, 14.322, 14.316, 14.373, 14.477, 14.580, 14.675, 14.716, 14.749, 14.752, 14.737, 14.728, 14.696, 14.644, 14.593, 14.594, 14.604, 14.558, 14.348, 13.726, 12.760, 11.889, 11.452, 11.310, 11.277, 11.360, 11.517, 11.807, 12.156, 12.497, 12.784, 12.995, 13.175, 13.358, 13.529, 13.730, 13.966, 14.195, 14.411, 14.587, 14.694, 14.764, 14.786, 14.762, 14.733, 14.709, 14.708, 14.732, 14.786, 14.879, 14.973, 15.052, 15.094, 15.044, 14.975, 14.860, 14.699, 14.553, 14.447, 14.395, 14.367, 14.205, 14.259, 14.288, 14.265, 14.136, 13.774, 12.960, 11.377, 9.251, 7.604, 6.857, 6.547, 6.476, 6.583, 6.809, 7.122, 7.512, 7.939, 8.379, 8.833, 9.270, 9.691, 10.098, 10.470, 10.818, 11.129, 11.428, 11.699, 11.929, 12.143, 12.320, 12.488, 12.649, 12.797, 12.937, 13.078, 13.198, 13.341, 13.452, 13.538, 13.522, 13.505, 13.584, 13.652, 13.604, 13.588, 13.545, 13.497, 13.387, 13.234, 13.076, 12.730, 12.504, 12.251, 12.052, 11.908, 11.803, 11.646, 11.373, 11.274, 11.090, 10.831, 10.621, 10.436, 10.168, 10.137, 9.875, 9.772, 9.533, 9.517, 16.3,1046986.0,1272662.0,839427.95,46949.23,3111.86,27238.37,611.29,41397.12,351.94,314.79,31.92,355.92,21.00,4816.14,42.35,2443.18,26.85,2465.13,70.03,0.00,22.17,109.08,16.79,769.25,18.11,33080.90,186.15,0.00,141.19,0.00,15.24,38.33,2.84,85.03,2.88,30.25,1.36,0.00,5.27,92.14,1.32,149.18,1.66,16.56,0.94,137.65,1.69,5.20,1.07,0.00,50.78,0.00,432.85,0.00,301.03,0.00,498.61,0.00,526.77,20.59,3.46,0.00,30.28,7.53,1.30,50.53,3.82,0.00,136.54,0.00,60.70,282160.61,77854.77,5160.32,51465.88,1155.01,88562.30,752.92,721.30,73.14,888.70,52.43,5801.54,51.01,3418.51,37.57,4113.05,116.84,0.00,39.58,159.43,24.54,1105.29,26.02,47297.21,266.15,0.00,179.52,0.00,19.39,47.98,3.56,105.84,3.58,39.94,1.80,0.00,7.41,100.76,1.44,176.42,1.96,21.03,1.19,185.93,2.28,6.10,1.25,0.00,67.71,0.00,464.93,0.00,343.88,0.00,632.99,0.00,630.60,24.17,4.06,0.00,32.70,8.11,1.40,56.33,4.26,0.00,155.37,0.00,68.86
113.5,113.5,1,113.500,17/03/2026 17:51:12,29.628, , , , , , , , , , , , , , , , , , , , , , , , , , , , , , , , , , , , , , , , , , , , , , , , , , , , , , , , , , , , , , , , , , , , , , , , , , , , , , , , , , , , , , , , , , , , , , , , , , , , , , , , , , , , , , , , , , , , , , , , , , , , , , , , , , , , , , , , , , , , , , , , , , , , , , , , , , , , , , , , , , , , , , , , , , , , , , , , , , , , , , , , , , , , , , , , , , , , , , , , , , , , , , , , , , , , , , , , , , , , , , , , , , , , , , , , , , , , , , , , , , , , , , , , , , , , , , , , , , , , , , , , , , , , , , , , , , , , , , , , , , , , , , , , , , , , , , , , , , , , , , , , , , , , , , , , , , , , , , , , , , , , , , , , , , , , , , , , , , , , , , , , , , , , , , , , , , , , , , , , , , , , 
114.0,114.0,1,114.000,17/03/2026 17:51:38,23.346,,13.31, 14.32, 14.82,44.69, -1.94, 1.76,16.214, 15.308, 14.616, 13.489, 13.403, 13.105, 12.802, 12.826, 13.034, 13.446, 13.558, 13.743, 13.869, 13.978, 14.158, 14.229, 14.386, 14.508, 14.573, 14.584, 14.557, 14.522, 14.438, 14.328, 14.206, 14.074, 13.914, 13.835, 13.692, 13.644, 13.486, 13.443, 13.293, 13.277, 13.181, 13.183, 13.154, 13.139, 13.200, 13.188, 13.295, 13.360, 13.406, 13.562, 13.632, 13.669, 13.773, 13.793, 13.764, 13.797, 13.784, 13.731, 13.723, 13.739, 13.690, 13.676, 13.712, 13.734, 13.725, 13.743, 13.831, 13.842, 13.848, 13.855, 13.954, 13.980, 13.842, 13.805, 13.792, 13.842, 13.912, 13.871, 13.753, 13.648, 13.695, 13.780, 13.853, 13.788, 13.644, 13.544, 13.567, 13.687, 13.811, 13.833, 13.748, 13.657, 13.639, 13.744, 13.906, 14.026, 14.059, 13.981, 13.881, 13.823, 13.866, 13.984, 14.093, 14.149, 14.086, 13.962, 13.819, 13.721, 13.661, 13.591, 13.290, 12.774, 12.265, 11.966, 11.808, 11.661, 11.579, 11.586, 11.744, 12.023, 12.338, 12.658, 12.888, 13.048, 13.174, 13.218, 13.263, 13.303, 13.357, 13.432, 13.529, 13.636, 13.748, 13.855, 13.921, 13.940, 13.946, 13.930, 13.907, 13.875, 13.847, 13.835, 13.842, 13.824, 13.795, 13.778, 13.754, 13.724, 13.693, 13.679, 13.656, 13.659, 13.487, 13.506, 13.490, 13.436, 13.300, 13.012, 12.453, 11.344, 9.768, 8.479, 7.853, 7.612, 7.589, 7.741, 7.977, 8.287, 8.626, 8.978, 9.325, 9.656, 9.961, 10.220, 10.483, 10.703, 10.902, 11.102, 11.293, 11.460, 11.627, 11.790, 11.963, 12.126, 12.276, 12.429, 12.574, 12.711, 12.836, 12.971, 13.055, 13.086, 13.047, 13.020, 13.047, 13.020, 12.952, 12.888, 12.852, 12.785, 12.720, 12.637, 12.480, 12.306, 12.114, 12.000, 11.884, 11.849, 11.890, 11.823, 11.791, 11.704, 11.667, 11.601, 11.429, 11.399, 11.173, 11.239, 10.956, 10.873, 10.631, 10.532, 16.2,1050259.0,1245357.0,836285.55,64712.83,3336.30,27192.49,609.76,34467.84,318.34,536.05,34.37,469.63,21.83,3112.21,34.27,1637.29,22.23,1722.09,62.60,40.51,6.72,68.28,16.27,778.79,18.03,28284.48,164.13,0.00,128.42,0.00,14.14,28.71,2.56,102.38,2.96,42.85,1.53,0.00,4.93,75.91,1.18,144.35,1.60,9.04,0.84,124.00,1.59,0.00,29.61,0.00,50.01,0.00,431.70,26.70,6.13,53.21,9.06,37.78,9.51,0.00,51.63,0.00,24.48,14.74,1.37,32.31,3.70,0.00,138.51,0.00,66.97,286321.75,107311.72,5532.51,51379.19,1152.12,73738.25,681.04,1228.29,78.75,1172.62,54.51,3748.98,41.28,2290.91,31.10,2873.30,104.45,72.32,12.00,99.80,23.78,1119.00,25.91,40439.56,234.66,0.00,163.28,0.00,17.99,35.94,3.20,127.43,3.68,56.58,2.02,0.00,6.93,83.02,1.29,170.71,1.89,11.48,1.07,167.50,2.15,0.00,34.71,0.00,66.69,0.00,463.69,30.50,7.00,67.55,11.50,45.23,11.38,0.00,60.62,0.00,26.43,15.88,1.48,36.02,4.12,0.00,157.61,0.00,75.97
114.5,114.5,1,114.500,17/03/2026 17:52:22,24.734, , , , , , , , , , , , , , , , , , , , , , , , , , , , , , , , , , , , , , , , , , , , , , , , , , , , , , , , , , , , , , , , , , , , , , , , , , , , , , , , , , , , , , , , , , , , , , , , , , , , , , , , , , , , , , , , , , , , , , , , , , , , , , , , , , , , , , , , , , , , , , , , , , , , , , , , , , , , , , , , , , , , , , , , , , , , , , , , , , , , , , , , , , , , , , , , , , , , , , , , , , , , , , , , , , , , , , , , , , , , , , , , , , , , , , , , , , , , , , , , , , , , , , , , , , , , , , , , , , , , , , , , , , , , , , , , , , , , , , , , , , , , , , , , , , , , , , , , , , , , , , , , , , , , , , , , , , , , , , , , , , , , , , , , , , , , , , , , , , , , , , , , , , , , , , , , , , , , , , , , , , , , 
115.0,115.0,1,115.000,17/03/2026 17:52:39,24.012,,12.99, 13.96, 14.24,44.18, -1.83, 2.24,16.359, 14.636, 13.878, 13.063, 12.877, 12.310, 12.156, 12.229, 12.478, 12.872, 13.067, 13.225, 13.348, 13.467, 13.634, 13.762, 13.950, 14.080, 14.143, 14.215, 14.211, 14.149, 14.143, 14.013, 13.939, 13.780, 13.697, 13.556, 13.507, 13.376, 13.352, 13.196, 13.194, 13.065, 13.088, 13.040, 13.028, 13.058, 13.083, 13.113, 13.216, 13.296, 13.349, 13.501, 13.589, 13.617, 13.715, 13.765, 13.751, 13.756, 13.758, 13.757, 13.726, 13.694, 13.699, 13.741, 13.735, 13.700, 13.763, 13.856, 13.887, 13.821, 13.864, 13.971, 14.068, 14.013, 13.814, 13.857, 13.903, 13.933, 13.930, 13.844, 13.807, 13.799, 13.846, 13.873, 13.868, 13.845, 13.779, 13.742, 13.737, 13.770, 13.837, 13.879, 13.901, 13.879, 13.865, 13.896, 13.973, 14.052, 14.117, 14.138, 14.124, 14.110, 14.100, 14.116, 14.141, 14.147, 14.139, 14.097, 14.063, 14.044, 13.990, 13.855, 13.492, 12.882, 12.304, 12.014, 11.926, 11.865, 11.872, 11.950, 12.135, 12.381, 12.626, 12.838, 12.986, 13.098, 13.189, 13.277, 13.374, 13.496, 13.624, 13.777, 13.903, 14.003, 14.071, 14.095, 14.063, 14.031, 13.971, 13.930, 13.892, 13.922, 13.971, 14.044, 14.132, 14.183, 14.198, 14.216, 14.162, 14.086, 13.974, 13.864, 13.761, 13.693, 13.507, 13.517, 13.510, 13.497, 13.444, 13.253, 12.792, 11.777, 10.275, 9.005, 8.369, 8.110, 8.057, 8.132, 8.320, 8.559, 8.830, 9.112, 9.410, 9.702, 9.993, 10.294, 10.575, 10.862, 11.147, 11.419, 11.700, 11.945, 12.166, 12.372, 12.560, 12.713, 12.849, 12.961, 13.050, 13.111, 13.168, 13.206, 13.235, 13.215, 13.110, 13.031, 13.054, 13.085, 13.040, 13.038, 13.024, 13.031, 12.968, 12.944, 12.841, 12.684, 12.558, 12.441, 12.398, 12.378, 12.396, 12.328, 12.280, 12.160, 12.036, 11.953, 11.811, 11.683, 11.618, 11.390, 11.194, 11.137, 10.857, 10.833, 16.3,1058817.0,1204826.0,867923.81,49673.75,3230.54,20614.04,546.55,29420.46,288.14,534.70,33.74,452.68,21.55,1959.25,28.13,1021.40,18.39,1309.70,56.82,21.82,6.08,120.93,16.09,594.34,15.71,25781.80,148.68,0.00,122.36,0.00,14.32,28.23,2.49,100.07,2.86,29.74,1.37,0.00,4.89,75.90,1.16,120.09,1.41,14.45,0.86,114.36,1.49,0.00,28.95,0.00,50.56,0.00,417.21,28.12,6.03,0.00,485.62,0.00,517.27,0.00,49.68,0.00,25.71,15.76,1.34,44.58,3.53,0.00,134.03,0.00,65.25,231219.29,82372.78,5357.13,38949.46,1032.69,62940.22,616.43,1225.19,77.31,1130.30,53.81,2360.12,33.89,1429.15,25.73,2185.23,94.80,38.95,10.85,176.75,23.52,853.97,22.57,36861.37,212.57,0.00,155.58,0.00,18.22,35.34,3.12,124.56,3.56,39.27,1.81,0.00,6.87,83.00,1.27,142.02,1.67,18.35,1.09,154.47,2.01,0.00,33.94,0.00,67.42,0.00,448.13,32.12,6.89,0.00,616.50,0.00,619.22,0.00,58.33,0.00,27.76,16.98,1.44,49.70,3.94,0.00,152.51,0.00,74.02
115.5,115.5,1,115.500,17/03/2026 17:53:22,22.358,1157877.247, , , , , , , , , , , , , , , , , , , , , , , , , , , , , , , , , , , , , , , , , , , , , , , , , , , , , , , , , , , , , , , , , , , , , , , , , , , , , , , , , , , , , , , , , , , , , , , , , , , , , , , , , , , , , , , , , , , , , , , , , , , , , , , , , , , , , , , , , , , , , , , , , , , , , , , , , , , , , , , , , , , , , , , , , , , , , , , , , , , , , , , , , , , , , , , , , , , , , , , , , , , , , , , , , , , , , , , , , , , , , , , , , , , , , , , , , , , , , , , , , , , , , , , , , , , , , , , , , , , , , , , , , , , , , , , , , , , , , , , , , , , , , , , , , , , , , , , , , , , , , , , , , , , , , , , , , , , , , , , , , , , , , , , , , , , , , , , , , , , , , , , , , , , , , , , , , , , , , , , , , , , 
116.0,116.0,1,116.000,17/03/2026 17:53:39,22.092,,12.32, 13.29, 13.45,43.20, -2.14, 2.47,14.735, 12.987, 13.061, 12.434, 11.746, 11.465, 11.449, 11.482, 11.751, 12.110, 12.262, 12.507, 12.631, 12.826, 13.021, 13.123, 13.318, 13.467, 13.507, 13.537, 13.541, 13.519, 13.418, 13.344, 13.207, 13.072, 12.980, 12.843, 12.775, 12.651, 12.589, 12.472, 12.414, 12.333, 12.314, 12.289, 12.274, 12.311, 12.326, 12.393, 12.483, 12.559, 12.669, 12.787, 12.891, 12.975, 13.057, 13.116, 13.122, 13.130, 13.147, 13.126, 13.085, 13.104, 13.108, 13.087, 13.081, 13.122, 13.186, 13.207, 13.194, 13.245, 13.337, 13.404, 13.394, 13.387, 13.314, 13.391, 13.406, 13.400, 13.337, 13.306, 13.332, 13.361, 13.357, 13.316, 13.295, 13.291, 13.326, 13.345, 13.339, 13.312, 13.295, 13.288, 13.313, 13.397, 13.486, 13.566, 13.588, 13.573, 13.545, 13.561, 13.619, 13.724, 13.809, 13.870, 13.845, 13.748, 13.615, 13.506, 13.497, 13.569, 13.610, 13.519, 13.083, 12.305, 11.553, 11.113, 10.924, 10.845, 10.896, 11.048, 11.339, 11.694, 12.009, 12.249, 12.375, 12.443, 12.513, 12.598, 12.734, 12.909, 13.136, 13.356, 13.544, 13.677, 13.745, 13.749, 13.682, 13.593, 13.508, 13.461, 13.447, 13.487, 13.574, 13.701, 13.836, 13.910, 13.914, 13.886, 13.802, 13.636, 13.471, 13.310, 13.193, 13.115, 12.941, 12.962, 13.011, 13.020, 12.964, 12.729, 12.140, 10.926, 9.202, 7.836, 7.174, 6.901, 6.816, 6.881, 7.048, 7.291, 7.556, 7.872, 8.201, 8.546, 8.890, 9.242, 9.596, 9.947, 10.278, 10.594, 10.904, 11.164, 11.392, 11.591, 11.766, 11.902, 12.029, 12.122, 12.190, 12.223, 12.264, 12.297, 12.320, 12.301, 12.227, 12.169, 12.228, 12.288, 12.282, 12.300, 12.350, 12.363, 12.367, 12.307, 12.229, 12.035, 11.866, 11.760, 11.620, 11.536, 11.436, 11.297, 11.208, 11.053, 10.803, 10.651, 10.394, 10.268, 9.920, 9.674, 9.684, 9.355, 9.201, 8.935, 16.3,1061092.0,1250677.0,857286.38,45060.21,3119.84,23318.71,577.02,35317.46,318.92,352.05,31.80,267.27,20.26,3928.84,37.62,1709.11,22.36,1727.82,61.79,23.79,6.46,267.69,19.79,977.04,19.94,29164.90,165.01,0.00,126.50,0.00,15.50,31.13,2.63,115.19,3.15,49.31,1.59,0.00,4.51,81.21,1.21,132.87,1.52,16.12,0.90,106.76,1.50,0.00,28.99,0.00,51.48,0.00,426.29,0.00,296.42,32.68,9.32,0.00,522.51,0.00,60.95,0.00,30.70,15.07,1.36,18.39,3.82,0.00,141.57,0.00,58.54,250091.13,74722.26,5173.56,44059.83,1090.26,75555.87,682.28,806.68,72.87,667.35,50.59,4732.70,45.32,2391.40,31.29,2882.86,103.10,42.47,11.53,391.24,28.92,1403.85,28.65,41698.34,235.92,0.00,160.84,0.00,19.73,38.97,3.29,143.38,3.92,65.11,2.10,0.00,6.34,88.81,1.32,157.13,1.80,20.47,1.14,144.21,2.03,0.00,33.98,0.00,68.65,0.00,457.88,0.00,338.61,41.49,11.83,0.00,625.50,0.00,71.56,0.00,33.15,16.23,1.47,20.50,4.26,0.00,161.09,0.00,66.41
116.5,116.5,1,116.500,17/03/2026 17:54:23,23.878, , , , , , , , , , , , , , , , , , , , , , , , , , , , , , , , , , , , , , , , , , , , , , , , , , , , , , , , , , , , , , , , , , , , , , , , , , , , , , , , , , , , , , , , , , , , , , , , , , , , , , , , , , , , , , , , , , , , , , , , , , , , , , , , , , , , , , , , , , , , , , , , , , , , , , , , , , , , , , , , , , , , , , , , , , , , , , , , , , , , , , , , , , , , , , , , , , , , , , , , , , , , , , , , , , , , , , , , , , , , , , , , , , , , , , , , , , , , , , , , , , , , , , , , , , , , , , , , , , , , , , , , , , , , , , , , , , , , , , , , , , , , , , , , , , , , , , , , , , , , , , , , , , , , , , , , , , , , , , , , , , , , , , , , , , , , , , , , , , , , , , , , , , , , , , , , , , , , , , , , , , , , 
117.0,117.0,1,117.000,17/03/2026 17:54:48,22.089,,11.81, 12.78, 12.88,42.43, -2.35, 2.55,13.403, 11.190, 11.645, 10.789, 11.257, 10.641, 10.734, 10.831, 11.187, 11.591, 11.754, 11.985, 12.156, 12.377, 12.556, 12.690, 12.840, 12.975, 13.016, 13.044, 13.050, 12.992, 12.902, 12.801, 12.674, 12.533, 12.430, 12.285, 12.201, 12.087, 12.005, 11.904, 11.841, 11.757, 11.747, 11.686, 11.713, 11.710, 11.741, 11.834, 11.882, 12.010, 12.123, 12.212, 12.365, 12.460, 12.506, 12.589, 12.632, 12.613, 12.614, 12.635, 12.602, 12.566, 12.581, 12.595, 12.588, 12.594, 12.656, 12.704, 12.708, 12.738, 12.810, 12.900, 12.888, 12.883, 12.842, 12.883, 12.931, 12.906, 12.872, 12.881, 12.886, 12.874, 12.884, 12.869, 12.877, 12.880, 12.879, 12.853, 12.827, 12.838, 12.873, 12.905, 12.937, 12.972, 12.997, 13.047, 13.115, 13.160, 13.202, 13.240, 13.253, 13.283, 13.296, 13.330, 13.350, 13.350, 13.296, 13.250, 13.199, 13.172, 13.109, 12.931, 12.435, 11.644, 10.958, 10.590, 10.462, 10.402, 10.415, 10.489, 10.686, 10.965, 11.264, 11.544, 11.764, 11.964, 12.147, 12.310, 12.458, 12.597, 12.725, 12.836, 12.922, 12.993, 13.044, 13.096, 13.130, 13.152, 13.177, 13.217, 13.247, 13.279, 13.297, 13.305, 13.322, 13.274, 13.209, 13.136, 13.040, 12.952, 12.861, 12.809, 12.795, 12.823, 12.707, 12.764, 12.773, 12.723, 12.578, 12.210, 11.490, 10.103, 8.242, 6.781, 6.097, 5.842, 5.809, 5.932, 6.197, 6.512, 6.878, 7.269, 7.674, 8.060, 8.412, 8.744, 9.050, 9.325, 9.580, 9.815, 10.034, 10.240, 10.444, 10.625, 10.821, 10.993, 11.186, 11.357, 11.520, 11.662, 11.801, 11.930, 12.027, 12.065, 12.038, 11.977, 12.001, 12.019, 11.925, 11.867, 11.791, 11.673, 11.562, 11.423, 11.280, 11.013, 10.793, 10.630, 10.538, 10.418, 10.338, 10.312, 10.230, 10.118, 10.011, 9.810, 9.737, 9.611, 9.423, 9.269, 9.013, 8.881, 8.630, 8.466, 16.3,1049088.0,1266379.0,841259.92,52427.59,3250.75,27552.32,621.25,36714.91,333.69,411.66,33.77,387.72,21.77,3746.18,37.96,2238.02,26.02,1956.30,65.91,74.71,7.37,87.95,17.85,1126.78,21.78,31397.99,181.62,0.00,138.60,0.00,17.15,0.00,12.63,86.56,2.82,36.52,1.61,0.00,5.47,85.19,1.29,157.08,1.72,19.36,0.96,136.82,1.71,6.56,1.09,0.00,51.40,0.00,440.56,29.66,6.51,0.00,520.70,0.00,544.74,0.00,47.37,0.00,27.90,22.29,1.58,37.91,3.96,0.00,142.81,0.00,67.49,277887.65,86939.40,5390.64,52059.08,1173.83,78545.49,713.87,943.26,77.38,968.10,54.36,4512.67,45.73,3131.45,36.41,3264.07,109.97,133.37,13.16,128.54,26.09,1619.00,31.29,44891.08,259.67,0.00,176.23,0.00,21.82,0.00,15.81,107.74,3.51,48.22,2.13,0.00,7.69,93.16,1.41,185.76,2.03,24.59,1.22,184.81,2.31,7.69,1.28,0.00,68.54,0.00,473.21,33.88,7.44,0.00,661.04,0.00,652.11,0.00,55.62,0.00,30.13,24.01,1.70,42.26,4.41,0.00,162.50,0.00,76.56
117.5,117.5,1,117.500,17/03/2026 17:55:40,25.991, , , , , , , , , , , , , , , , , , , , , , , , , , , , , , , , , , , , , , , , , , , , , , , , , , , , , , , , , , , , , , , , , , , , , , , , , , , , , , , , , , , , , , , , , , , , , , , , , , , , , , , , , , , , , , , , , , , , , , , , , , , , , , , , , , , , , , , , , , , , , , , , , , , , , , , , , , , , , , , , , , , , , , , , , , , , , , , , , , , , , , , , , , , , , , , , , , , , , , , , , , , , , , , , , , , , , , , , , , , , , , , , , , , , , , , , , , , , , , , , , , , , , , , , , , , , , , , , , , , , , , , , , , , , , , , , , , , , , , , , , , , , , , , , , , , , , , , , , , , , , , , , , , , , , , , , , , , , , , , , , , , , , , , , , , , , , , , , , , , , , , , , , , , , , , , , , , , , , , , , , , , , 
118.0,118.0,1,118.000,17/03/2026 17:55:58,24.935,,11.27, 12.16, 12.27,41.48, -2.11, 2.50,13.786, 12.664, 11.510, 10.834, 10.476, 10.363, 10.293, 10.440, 10.698, 11.041, 11.232, 11.382, 11.535, 11.710, 11.914, 12.032, 12.170, 12.330, 12.365, 12.393, 12.404, 12.365, 12.296, 12.195, 12.102, 11.980, 11.865, 11.775, 11.665, 11.606, 11.509, 11.452, 11.373, 11.335, 11.303, 11.296, 11.273, 11.330, 11.332, 11.434, 11.511, 11.592, 11.754, 11.825, 11.954, 12.092, 12.113, 12.200, 12.265, 12.228, 12.238, 12.290, 12.248, 12.203, 12.249, 12.265, 12.226, 12.253, 12.349, 12.385, 12.373, 12.417, 12.510, 12.585, 12.564, 12.593, 12.518, 12.579, 12.584, 12.532, 12.573, 12.610, 12.630, 12.570, 12.514, 12.547, 12.622, 12.668, 12.628, 12.512, 12.465, 12.528, 12.656, 12.755, 12.728, 12.662, 12.629, 12.696, 12.852, 13.010, 13.068, 13.034, 12.944, 12.881, 12.933, 13.063, 13.190, 13.243, 13.198, 13.045, 12.895, 12.803, 12.755, 12.690, 12.384, 11.754, 11.137, 10.762, 10.556, 10.389, 10.341, 10.392, 10.635, 10.994, 11.380, 11.716, 11.938, 12.070, 12.139, 12.166, 12.201, 12.279, 12.420, 12.602, 12.801, 12.976, 13.104, 13.176, 13.186, 13.120, 13.026, 12.943, 12.877, 12.864, 12.898, 12.990, 13.105, 13.184, 13.213, 13.212, 13.151, 13.048, 12.917, 12.786, 12.676, 12.593, 12.389, 12.391, 12.408, 12.396, 12.340, 12.115, 11.547, 10.343, 8.610, 7.190, 6.516, 6.233, 6.176, 6.255, 6.433, 6.682, 6.989, 7.311, 7.672, 8.029, 8.402, 8.755, 9.110, 9.446, 9.787, 10.060, 10.337, 10.573, 10.775, 10.946, 11.111, 11.214, 11.303, 11.377, 11.428, 11.482, 11.542, 11.610, 11.673, 11.721, 11.698, 11.702, 11.793, 11.877, 11.859, 11.893, 11.916, 11.885, 11.826, 11.753, 11.617, 11.392, 11.189, 11.003, 10.838, 10.710, 10.597, 10.445, 10.319, 10.176, 10.001, 9.771, 9.603, 9.511, 9.388, 9.172, 8.955, 8.957, 8.741, 8.681, 16.3,1102565.0,1244920.0,871221.01,51740.20,3167.66,22025.62,542.67,23139.22,246.49,409.47,30.87,359.76,20.09,1178.62,23.69,821.39,16.59,1739.22,59.70,31.22,6.24,176.00,16.78,716.15,16.65,25892.00,146.49,0.00,116.69,0.00,15.02,39.54,2.63,91.71,2.68,21.94,1.29,0.00,4.31,78.78,1.15,134.38,1.47,10.18,0.81,113.20,1.46,0.00,28.49,0.00,48.19,0.00,405.78,0.00,283.01,0.00,479.47,0.00,503.67,0.00,42.82,0.00,23.49,18.08,1.35,42.31,3.52,0.00,132.79,0.00,62.63,223257.18,85799.52,5252.85,41616.59,1025.35,49502.54,527.32,938.25,70.73,898.29,50.16,1419.77,28.54,1149.29,23.21,2901.88,99.61,55.73,11.14,257.23,24.52,1028.99,23.92,37018.93,209.44,0.00,148.37,0.00,19.11,49.50,3.29,114.15,3.34,28.97,1.70,0.00,6.06,86.15,1.26,158.92,1.74,12.93,1.03,152.91,1.97,0.00,33.40,0.00,64.26,0.00,435.85,0.00,323.29,0.00,608.70,0.00,602.94,0.00,50.27,0.00,25.36,19.48,1.45,47.17,3.92,0.00,151.10,0.00,71.05
118.5,118.5,1,118.500,17/03/2026 17:56:41,27.182, , , , , , , , , , , , , , , , , , , , , , , , , , , , , , , , , , , , , , , , , , , , , , , , , , , , , , , , , , , , , , , , , , , , , , , , , , , , , , , , , , , , , , , , , , , , , , , , , , , , , , , , , , , , , , , , , , , , , , , , , , , , , , , , , , , , , , , , , , , , , , , , , , , , , , , , , , , , , , , , , , , , , , , , , , , , , , , , , , , , , , , , , , , , , , , , , , , , , , , , , , , , , , , , , , , , , , , , , , , , , , , , , , , , , , , , , , , , , , , , , , , , , , , , , , , , , , , , , , , , , , , , , , , , , , , , , , , , , , , , , , , , , , , , , , , , , , , , , , , , , , , , , , , , , , , , , , , , , , , , , , , , , , , , , , , , , , , , , , , , , , , , , , , , , , , , , , , , , , , , , , , , 
119.0,119.0,1,119.000,17/03/2026 17:56:58,28.966,,13.05, 14.07, 14.34,44.34, -2.10, 2.28,13.806, 12.968, 13.837, 12.514, 12.457, 12.012, 12.070, 12.230, 12.557, 12.927, 13.127, 13.341, 13.455, 13.629, 13.810, 13.928, 14.101, 14.239, 14.316, 14.329, 14.335, 14.316, 14.204, 14.116, 13.997, 13.822, 13.740, 13.569, 13.507, 13.369, 13.307, 13.181, 13.131, 13.026, 13.001, 12.960, 12.936, 12.984, 12.974, 13.052, 13.151, 13.202, 13.336, 13.462, 13.530, 13.641, 13.738, 13.732, 13.752, 13.802, 13.751, 13.707, 13.731, 13.729, 13.664, 13.647, 13.713, 13.728, 13.716, 13.733, 13.820, 13.867, 13.891, 13.901, 13.951, 13.977, 13.865, 13.856, 13.823, 13.864, 13.880, 13.859, 13.829, 13.804, 13.765, 13.792, 13.839, 13.841, 13.803, 13.756, 13.733, 13.791, 13.852, 13.894, 13.889, 13.897, 13.925, 13.972, 14.061, 14.117, 14.150, 14.151, 14.146, 14.162, 14.213, 14.264, 14.301, 14.301, 14.244, 14.172, 14.134, 14.145, 14.159, 14.110, 13.822, 13.288, 12.751, 12.450, 12.340, 12.277, 12.298, 12.378, 12.565, 12.809, 13.037, 13.241, 13.369, 13.453, 13.531, 13.597, 13.682, 13.786, 13.909, 14.027, 14.136, 14.205, 14.251, 14.267, 14.265, 14.229, 14.195, 14.189, 14.200, 14.222, 14.277, 14.348, 14.420, 14.431, 14.413, 14.369, 14.299, 14.198, 14.098, 14.035, 13.986, 13.954, 13.806, 13.854, 13.876, 13.879, 13.830, 13.644, 13.200, 12.213, 10.681, 9.340, 8.630, 8.340, 8.259, 8.345, 8.568, 8.850, 9.174, 9.528, 9.880, 10.229, 10.567, 10.873, 11.162, 11.433, 11.700, 11.923, 12.130, 12.312, 12.482, 12.605, 12.751, 12.859, 12.970, 13.068, 13.151, 13.247, 13.312, 13.398, 13.470, 13.474, 13.409, 13.368, 13.447, 13.516, 13.494, 13.484, 13.525, 13.490, 13.477, 13.418, 13.318, 13.116, 12.964, 12.799, 12.754, 12.669, 12.689, 12.651, 12.564, 12.485, 12.435, 12.282, 12.139, 11.986, 11.848, 11.818, 11.662, 11.494, 11.277, 11.147, 16.3,1108755.0,1427943.0,841332.93,44849.05,2968.61,26563.30,588.21,40561.56,338.88,537.88,33.46,530.29,21.32,4561.84,40.04,2574.23,26.71,3142.99,74.77,36.97,7.18,0.00,66.20,861.32,18.68,33832.83,185.16,0.00,138.72,0.00,13.90,38.36,2.79,86.15,2.87,25.23,1.45,0.00,4.91,102.82,1.38,155.78,1.67,16.25,0.95,133.71,1.66,7.80,1.08,0.00,50.88,0.00,429.85,0.00,295.34,0.00,493.48,0.00,527.26,26.41,3.55,0.00,30.94,22.27,1.54,0.00,130.15,0.00,144.43,0.00,61.25,278661.41,74372.09,4922.77,50190.36,1111.40,86774.76,724.98,1232.48,76.67,1324.08,53.23,5495.21,48.23,3601.88,37.37,5244.06,124.75,66.00,12.82,0.00,96.76,1237.58,26.84,48372.28,264.73,0.00,176.38,0.00,17.69,48.02,3.49,107.23,3.57,33.31,1.91,0.00,6.90,112.44,1.51,184.23,1.97,20.64,1.21,180.61,2.24,9.14,1.27,0.00,67.85,0.00,461.71,0.00,337.38,0.00,626.48,0.00,631.18,31.01,4.17,0.00,33.41,23.99,1.66,0.00,145.10,0.00,164.35,0.00,69.48
119.5,119.5,1,119.500,17/03/2026 17:57:41,28.303, , , , , , , , , , , , , , , , , , , , , , , , , , , , , , , , , , , , , , , , , , , , , , , , , , , , , , , , , , , , , , , , , , , , , , , , , , , , , , , , , , , , , , , , , , , , , , , , , , , , , , , , , , , , , , , , , , , , , , , , , , , , , , , , , , , , , , , , , , , , , , , , , , , , , , , , , , , , , , , , , , , , , , , , , , , , , , , , , , , , , , , , , , , , , , , , , , , , , , , , , , , , , , , , , , , , , , , , , , , , , , , , , , , , , , , , , , , , , , , , , , , , , , , , , , , , , , , , , , , , , , , , , , , , , , , , , , , , , , , , , , , , , , , , , , , , , , , , , , , , , , , , , , , , , , , , , , , , , , , , , , , , , , , , , , , , , , , , , , , , , , , , , , , , , , , , , , , , , , , , , , , , 
120.0,120.0,1,120.000,17/03/2026 17:57:59,27.978,,14.32, 15.46, 15.97,46.25, -2.25, 1.86,19.416, 17.139, 16.093, 14.478, 14.363, 13.979, 13.772, 13.744, 14.021, 14.422, 14.650, 14.826, 14.947, 15.112, 15.294, 15.426, 15.612, 15.712, 15.747, 15.767, 15.760, 15.681, 15.584, 15.465, 15.283, 15.139, 14.960, 14.835, 14.676, 14.579, 14.420, 14.333, 14.176, 14.130, 14.029, 13.995, 13.964, 13.932, 13.987, 13.980, 14.074, 14.167, 14.209, 14.354, 14.456, 14.480, 14.573, 14.619, 14.571, 14.570, 14.581, 14.533, 14.456, 14.458, 14.449, 14.401, 14.374, 14.412, 14.460, 14.465, 14.466, 14.492, 14.570, 14.616, 14.620, 14.584, 14.450, 14.469, 14.506, 14.470, 14.422, 14.407, 14.373, 14.363, 14.349, 14.342, 14.307, 14.281, 14.251, 14.233, 14.249, 14.275, 14.298, 14.303, 14.296, 14.311, 14.366, 14.441, 14.502, 14.533, 14.510, 14.486, 14.465, 14.524, 14.598, 14.682, 14.708, 14.671, 14.579, 14.465, 14.418, 14.441, 14.495, 14.507, 14.305, 13.848, 13.352, 13.034, 12.885, 12.794, 12.790, 12.896, 13.109, 13.369, 13.612, 13.782, 13.868, 13.878, 13.885, 13.892, 13.936, 14.028, 14.156, 14.309, 14.448, 14.553, 14.605, 14.615, 14.561, 14.488, 14.410, 14.355, 14.332, 14.363, 14.412, 14.509, 14.615, 14.695, 14.706, 14.688, 14.638, 14.545, 14.420, 14.303, 14.217, 14.154, 13.931, 13.970, 13.996, 14.010, 13.994, 13.868, 13.523, 12.711, 11.380, 10.160, 9.496, 9.201, 9.099, 9.177, 9.338, 9.576, 9.845, 10.144, 10.448, 10.743, 11.035, 11.317, 11.592, 11.855, 12.111, 12.335, 12.557, 12.735, 12.905, 13.028, 13.165, 13.269, 13.360, 13.421, 13.470, 13.512, 13.554, 13.611, 13.662, 13.651, 13.593, 13.517, 13.589, 13.617, 13.622, 13.661, 13.668, 13.714, 13.743, 13.740, 13.672, 13.517, 13.400, 13.309, 13.234, 13.232, 13.225, 13.186, 13.164, 13.118, 12.965, 12.796, 12.626, 12.578, 12.467, 12.339, 12.050, 12.035, 11.826, 11.796, 16.3,1108106.0,1433275.0,821958.16,47586.75,2831.07,30532.67,595.95,51029.26,378.14,656.70,33.88,386.69,19.60,4988.60,40.96,2871.63,27.78,2997.76,72.17,83.26,7.55,247.57,19.89,852.78,18.46,35229.97,184.83,0.00,134.13,0.00,16.35,37.84,2.75,94.02,2.84,23.50,1.45,1.42,0.47,84.12,1.22,132.23,1.49,14.81,0.89,133.42,1.61,0.00,27.98,0.00,48.31,0.00,400.08,24.37,5.99,0.00,467.44,0.00,498.92,0.00,49.23,4.92,1.11,27.52,1.58,0.00,122.62,0.00,137.59,0.00,58.99,316083.50,78911.96,4694.69,57690.34,1126.03,109168.68,808.97,1504.74,77.63,965.53,48.94,6009.29,49.34,4018.00,38.87,5001.74,120.42,148.63,13.48,361.84,29.07,1225.31,26.52,50369.83,264.26,0.00,170.54,0.00,20.81,47.37,3.44,117.03,3.53,31.03,1.91,2.00,0.66,91.99,1.33,156.38,1.76,18.81,1.13,180.22,2.17,0.00,32.80,0.00,64.42,0.00,429.73,27.84,6.84,0.00,593.42,0.00,597.26,0.00,57.80,5.31,1.20,29.65,1.70,0.00,136.70,0.00,156.56,0.00,66.92
120.5,120.5,1,120.500,17/03/2026 17:58:42,30.094,1157877.380, , , , , , , , , , , , , , , , , , , , , , , , , , , , , , , , , , , , , , , , , , , , , , , , , , , , , , , , , , , , , , , , , , , , , , , , , , , , , , , , , , , , , , , , , , , , , , , , , , , , , , , , , , , , , , , , , , , , , , , , , , , , , , , , , , , , , , , , , , , , , , , , , , , , , , , , , , , , , , , , , , , , , , , , , , , , , , , , , , , , , , , , , , , , , , , , , , , , , , , , , , , , , , , , , , , , , , , , , , , , , , , , , , , , , , , , , , , , , , , , , , , , , , , , , , , , , , , , , , , , , , , , , , , , , , , , , , , , , , , , , , , , , , , , , , , , , , , , , , , , , , , , , , , , , , , , , , , , , , , , , , , , , , , , , , , , , , , , , , , , , , , , , , , , , , , , , , , , , , , , , , , 
121.0,121.0,1,121.000,17/03/2026 17:58:59,30.553,,14.66, 15.80, 16.52,46.71, -2.20, 1.46,17.086, 15.923, 16.147, 15.154, 14.878, 14.268, 14.123, 14.343, 14.571, 14.953, 15.144, 15.346, 15.461, 15.577, 15.732, 15.829, 16.006, 16.121, 16.167, 16.126, 16.042, 16.012, 15.942, 15.721, 15.599, 15.469, 15.224, 15.170, 14.970, 14.873, 14.752, 14.607, 14.530, 14.388, 14.362, 14.295, 14.220, 14.309, 14.169, 14.371, 14.320, 14.415, 14.588, 14.531, 14.746, 14.823, 14.738, 14.913, 14.914, 14.761, 14.847, 14.879, 14.689, 14.678, 14.785, 14.700, 14.590, 14.696, 14.804, 14.725, 14.674, 14.798, 14.916, 14.872, 14.801, 14.848, 14.939, 14.895, 14.782, 14.715, 14.753, 14.845, 14.755, 14.593, 14.498, 14.580, 14.734, 14.730, 14.573, 14.414, 14.388, 14.520, 14.704, 14.756, 14.662, 14.519, 14.464, 14.566, 14.765, 14.913, 14.938, 14.824, 14.670, 14.603, 14.678, 14.854, 14.992, 15.039, 14.941, 14.768, 14.609, 14.566, 14.587, 14.650, 14.562, 14.226, 13.797, 13.475, 13.263, 13.089, 13.016, 13.079, 13.308, 13.622, 13.911, 14.138, 14.226, 14.214, 14.165, 14.104, 14.078, 14.136, 14.267, 14.443, 14.622, 14.772, 14.848, 14.862, 14.823, 14.707, 14.609, 14.516, 14.462, 14.468, 14.530, 14.657, 14.793, 14.889, 14.911, 14.922, 14.872, 14.762, 14.615, 14.493, 14.386, 14.303, 14.046, 14.109, 14.147, 14.194, 14.217, 14.126, 13.833, 13.071, 11.812, 10.637, 9.956, 9.638, 9.512, 9.544, 9.704, 9.925, 10.200, 10.502, 10.824, 11.148, 11.459, 11.779, 12.056, 12.323, 12.550, 12.756, 12.936, 13.076, 13.180, 13.284, 13.347, 13.395, 13.438, 13.490, 13.526, 13.567, 13.644, 13.722, 13.793, 13.859, 13.850, 13.844, 13.942, 14.022, 14.061, 14.073, 14.107, 14.170, 14.175, 14.149, 14.040, 13.837, 13.659, 13.549, 13.409, 13.351, 13.344, 13.287, 13.242, 13.155, 13.071, 12.994, 12.928, 12.859, 12.813, 12.830, 12.759, 12.528, 12.501, 12.603, 16.3,1018530.0,1300396.0,821650.39,48103.56,3090.09,30552.90,641.65,49937.01,399.22,479.87,35.00,226.15,20.73,5584.99,47.06,2782.35,29.55,2786.29,74.82,90.34,7.94,0.00,68.07,802.56,18.91,36404.18,204.75,0.00,148.87,0.00,15.88,19.64,2.59,107.23,3.20,31.36,1.47,0.00,4.72,77.46,1.26,148.69,1.70,11.14,0.91,144.63,1.78,8.49,1.13,0.00,50.90,0.00,435.93,0.00,301.77,0.00,504.26,0.00,541.44,0.00,53.00,4.58,1.19,11.37,1.42,34.83,3.97,0.00,140.99,0.00,65.84,315362.02,79768.97,5124.22,57728.56,1212.37,106831.99,854.07,1099.56,80.20,564.67,51.76,6727.70,56.69,3893.08,41.35,4648.91,124.84,161.27,14.17,0.00,99.49,1153.15,27.17,52048.65,292.74,0.00,189.29,0.00,20.21,24.58,3.24,133.47,3.98,41.41,1.94,0.00,6.63,84.71,1.38,175.84,2.01,14.15,1.16,195.36,2.40,9.95,1.32,0.00,67.87,0.00,468.24,0.00,344.72,0.00,640.17,0.00,648.16,0.00,62.23,4.95,1.28,12.25,1.53,38.83,4.43,0.00,160.43,0.00,74.69
121.5,121.5,1,121.500,17/03/2026 17:59:42,29.691, , , , , , , , , , , , , , , , , , , , , , , , , , , , , , , , , , , , , , , , , , , , , , , , , , , , , , , , , , , , , , , , , , , , , , , , , , , , , , , , , , , , , , , , , , , , , , , , , , , , , , , , , , , , , , , , , , , , , , , , , , , , , , , , , , , , , , , , , , , , , , , , , , , , , , , , , , , , , , , , , , , , , , , , , , , , , , , , , , , , , , , , , , , , , , , , , , , , , , , , , , , , , , , , , , , , , , , , , , , , , , , , , , , , , , , , , , , , , , , , , , , , , , , , , , , , , , , , , , , , , , , , , , , , , , , , , , , , , , , , , , , , , , , , , , , , , , , , , , , , , , , , , , , , , , , , , , , , , , , , , , , , , , , , , , , , , , , , , , , , , , , , , , , , , , , , , , , , , , , , , , , , 
122.0,122.0,1,122.000,17/03/2026 18:13:23*,27.448,,11.35, 12.28, 12.54,41.66, -2.31, 2.11,13.645, 11.297, 11.471, 10.854, 10.764, 10.626, 10.488, 10.744, 10.949, 11.298, 11.458, 11.661, 11.783, 11.933, 12.120, 12.232, 12.386, 12.500, 12.539, 12.547, 12.544, 12.486, 12.387, 12.271, 12.134, 12.001, 11.886, 11.755, 11.657, 11.548, 11.457, 11.363, 11.283, 11.218, 11.173, 11.127, 11.115, 11.121, 11.140, 11.194, 11.259, 11.347, 11.439, 11.530, 11.633, 11.710, 11.755, 11.798, 11.815, 11.808, 11.782, 11.771, 11.746, 11.721, 11.702, 11.703, 11.710, 11.710, 11.745, 11.775, 11.818, 11.826, 11.863, 11.907, 11.938, 11.934, 11.851, 11.852, 11.858, 11.846, 11.868, 11.829, 11.764, 11.745, 11.746, 11.769, 11.817, 11.807, 11.773, 11.730, 11.724, 11.783, 11.845, 11.865, 11.839, 11.827, 11.838, 11.910, 12.015, 12.111, 12.120, 12.084, 12.074, 12.073, 12.108, 12.190, 12.259, 12.280, 12.241, 12.176, 12.110, 12.104, 12.079, 12.039, 11.786, 11.306, 10.821, 10.540, 10.421, 10.334, 10.316, 10.374, 10.557, 10.795, 11.025, 11.227, 11.356, 11.438, 11.479, 11.528, 11.574, 11.651, 11.760, 11.867, 11.974, 12.052, 12.104, 12.134, 12.123, 12.102, 12.064, 12.038, 12.034, 12.039, 12.066, 12.113, 12.161, 12.181, 12.163, 12.129, 12.075, 11.984, 11.910, 11.833, 11.792, 11.745, 11.699, 11.738, 11.754, 11.734, 11.675, 11.513, 11.096, 10.190, 8.877, 7.719, 7.114, 6.855, 6.802, 6.898, 7.082, 7.339, 7.626, 7.917, 8.219, 8.529, 8.805, 9.059, 9.314, 9.549, 9.756, 9.948, 10.141, 10.305, 10.445, 10.587, 10.708, 10.826, 10.912, 11.014, 11.098, 11.174, 11.231, 11.304, 11.379, 11.373, 11.316, 11.261, 11.329, 11.341, 11.314, 11.282, 11.296, 11.274, 11.259, 11.166, 11.078, 10.905, 10.769, 10.615, 10.557, 10.522, 10.515, 10.456, 10.394, 10.350, 10.270, 10.123, 9.919, 9.920, 9.798, 9.697, 9.610, 9.386, 9.327, 9.276, 16.4,778239.0,938085.0,856974.56,37298.58,3873.62,25057.18,706.36,42175.62,423.86,0.00,444.43,0.00,383.97,3577.50,45.03,1779.96,28.38,2103.18,78.27,47.68,8.24,0.00,73.51,740.46,20.90,29683.99,202.47,0.00,157.45,0.00,20.48,9.85,2.72,89.37,3.33,18.38,1.65,2.45,0.58,83.30,1.48,131.19,1.80,18.80,1.10,120.36,1.87,0.00,35.22,0.00,63.48,0.00,505.75,42.62,7.54,0.00,590.37,0.00,634.74,0.00,63.17,0.00,31.63,24.30,1.84,20.60,4.47,0.00,167.19,0.00,82.50,254004.20,61851.33,6423.53,47344.61,1334.64,90227.77,906.78,0.00,1018.35,0.00,958.74,4309.47,54.24,2490.53,39.71,3509.14,130.59,85.12,14.71,0.00,107.44,1063.92,30.03,42440.50,289.48,0.00,200.20,0.00,26.06,12.33,3.40,111.24,4.14,24.27,2.18,3.44,0.82,91.10,1.62,155.15,2.13,23.87,1.40,162.58,2.53,0.00,41.29,0.00,84.65,0.00,543.23,48.69,8.61,0.00,749.49,0.00,759.85,0.00,74.17,0.00,34.15,26.18,1.98,22.97,4.98,0.00,190.25,0.00,93.59
