Exported at 18/03/2026 10:41:42, , , , , , , , , , , , , , , , , , , , , , , , , , , , , , , , , , , , , , , , , , , , , , , , , , , , , , , , , , , , , , , , , , , , , , , , , , , , , , , , , , , , , , , , , , , , , , , , , , , , , , , , , , , , , , , , , , , , , , , , , , , , , , , , , , , , , , , , , , , , , , , , , , , , , , , , , , , , , , , , , , , , , , , , , , , , , , , , , , , , , , , , , , , , , , , , , , , , , , , , , , , , , , , , , , , , , , , , , , , , , , , , , , , , , , , , , , , , , , , , , , , , , , , , , , , , , , , , , , , , , , , , , , , , , , , , , , , , , , , , , , , , , , , , , , , , , , , , , , , , , , , , , , , , , , , , , , , , , , , , , , , , , , , , , , , , , , , , , , , , , , , , , , , , , , , , , , , , , , , , , , , , , , , , , 
Core ID:,WAN1m19Mar26V2, , , , , , , , , , , , , , , , , , , , , , , , , , , , , , , , , , , , , , , , , , , , , , , , , , , , , , , , , , , , , , , , , , , , , , , , , , , , , , , , , , , , , , , , , , , , , , , , , , , , , , , , , , , , , , , , , , , , , , , , , , , , , , , , , , , , , , , , , , , , , , , , , , , , , , , , , , , , , , , , , , , , , , , , , , , , , , , , , , , , , , , , , , , , , , , , , , , , , , , , , , , , , , , , , , , , , , , , , , , , , , , , , , , , , , , , , , , , , , , , , , , , , , , , , , , , , , , , , , , , , , , , , , , , , , , , , , , , , , , , , , , , , , , , , , , , , , , , , , , , , , , , , , , , , , , , , , , , , , , , , , , , , , , , , , , , , , , , , , , , , , , , , , , , , , , , , , , , , , , , , , , , , , , , 
Comments:,, , , , , , , , , , , , , , , , , , , , , , , , , , , , , , , , , , , , , , , , , , , , , , , , , , , , , , , , , , , , , , , , , , , , , , , , , , , , , , , , , , , , , , , , , , , , , , , , , , , , , , , , , , , , , , , , , , , , , , , , , , , , , , , , , , , , , , , , , , , , , , , , , , , , , , , , , , , , , , , , , , , , , , , , , , , , , , , , , , , , , , , , , , , , , , , , , , , , , , , , , , , , , , , , , , , , , , , , , , , , , , , , , , , , , , , , , , , , , , , , , , , , , , , , , , , , , , , , , , , , , , , , , , , , , , , , , , , , , , , , , , , , , , , , , , , , , , , , , , , , , , , , , , , , , , , , , , , , , , , , , , , , , , , , , , , , , , , , , , , , , , , , , , , , , , , , , , , , , , , , , , , , , , , , 
XRF Measurement Mode:,Geochem(2), , , , , , , , , , , , , , , , , , , , , , , , , , , , , , , , , , , , , , , , , , , , , , , , , , , , , , , , , , , , , , , , , , , , , , , , , , , , , , , , , , , , , , , , , , , , , , , , , , , , , , , , , , , , , , , , , , , , , , , , , , , , , , , , , , , , , , , , , , , , , , , , , , , , , , , , , , , , , , , , , , , , , , , , , , , , , , , , , , , , , , , , , , , , , , , , , , , , , , , , , , , , , , , , , , , , , , , , , , , , , , , , , , , , , , , , , , , , , , , , , , , , , , , , , , , , , , , , , , , , , , , , , , , , , , , , , , , , , , , , , , , , , , , , , , , , , , , , , , , , , , , , , , , , , , , , , , , , , , , , , , , , , , , , , , , , , , , , , , , , , , , , , , , , , , , , , , , , , , , , , , , , , , , , 
Depth,Depth In Core,Section,Section Depth,Time Stamp,Magnetic Susceptibility,Mag Sus in Air,CIE XYZ Colour Space, , ,CIE L*a*b* Colour Space, , ,Reflectance (nm), , , , , , , , , , , , , , , , , , , , , , , , , , , , , , , , , , , , , , , , , , , , , , , , , , , , , , , , , , , , , , , , , , , , , , , , , , , , , , , , , , , , , , , , , , , , , , , , , , , , , , , , , , , , , , , , , , , , , , , , , , , , , , , , , , , , , , , , , , , , , , , , , , , , , , , , , , , , , , , , , , , , , , , , , , , , , , , , , , , , , , , , , , , , , , , , , , , , , , , , , , , , , , , , , , , , , , , ,XRF Total Live Time,XRF Total Counts,,XRF Elements(ppm), , , , , , , , , , , , , , , , , , , , , , , , , , , , , , , , , , , , , , , , , , , , , , , , , , , , , , , , , , , , , , , , , , , , ,XRF Oxides(ppm), , , , , , , , , , , , , , , , , , , , , , , , , , , , , , , , , , , , , , , , , , , , , , , , , , , , , , , , , , , , , , , , , , , , 
cm,cm,,cm,,x10^-5 SI,x10^-5 SI,X, Y, Z,L*, a*, b*,350,360,370,380,390,400,410,420,430,440,450,460,470,480,490,500,510,520,530,540,550,560,570,580,590,600,610,620,630,640,650,660,670,680,690,700,710,720,730,740,750,760,770,780,790,800,810,820,830,840,850,860,870,880,890,900,910,920,930,940,950,960,970,980,990,1000,1010,1020,1030,1040,1050,1060,1070,1080,1090,1100,1110,1120,1130,1140,1150,1160,1170,1180,1190,1200,1210,1220,1230,1240,1250,1260,1270,1280,1290,1300,1310,1320,1330,1340,1350,1360,1370,1380,1390,1400,1410,1420,1430,1440,1450,1460,1470,1480,1490,1500,1510,1520,1530,1540,1550,1560,1570,1580,1590,1600,1610,1620,1630,1640,1650,1660,1670,1680,1690,1700,1710,1720,1730,1740,1750,1760,1770,1780,1790,1800,1810,1820,1830,1840,1850,1860,1870,1880,1890,1900,1910,1920,1930,1940,1950,1960,1970,1980,1990,2000,2010,2020,2030,2040,2050,2060,2070,2080,2090,2100,2110,2120,2130,2140,2150,2160,2170,2180,2190,2200,2210,2220,2230,2240,2250,2260,2270,2280,2290,2300,2310,2320,2330,2340,2350,2360,2370,2380,2390,2400,2410,2420,2430,2440,2450,2460,2470,2480,2490,2500,Seconds,Beam 1,Beam 2,LE (Value),Mg (Value),Mg (Error),Al (Value),Al (Error),Si (Value),Si (Error),P (Value),P (Error),S (Value),S (Error),K (Value),K (Error),Ca (Value),Ca (Error),Ti (Value),Ti (Error),V (Value),V (Error),Cr (Value),Cr (Error),Mn (Value),Mn (Error),Fe (Value),Fe (Error),Co (Value),Co (Error),Ni (Value),Ni (Error),Cu (Value),Cu (Error),Zn (Value),Zn (Error),As (Value),As (Error),Se (Value),Se (Error),Rb (Value),Rb (Error),Sr (Value),Sr (Error),Y (Value),Y (Error),Zr (Value),Zr (Error),Nb (Value),Nb (Error),Mo (Value),Mo (Error),Ag (Value),Ag (Error),Cd (Value),Cd (Error),Sn (Value),Sn (Error),Sb (Value),Sb (Error),W (Value),W (Error),Hg (Value),Hg (Error),Pb (Value),Pb (Error),Bi (Value),Bi (Error),Th (Value),Th (Error),U (Value),U (Error),LE (Value),MgO (Value),MgO (Error),Al2O3 (Value),Al2O3 (Error),SiO2 (Value),SiO2 (Error),P2O5 (Value),P2O5 (Error),SO3 (Value),SO3 (Error),K2O (Value),K2O (Error),CaO (Value),CaO (Error),TiO2 (Value),TiO2 (Error),V2O5 (Value),V2O5 (Error),Cr2O3 (Value),Cr2O3 (Error),Mn2O3 (Value),Mn2O3 (Error),Fe2O3 (Value),Fe2O3 (Error),CoO (Value),CoO (Error),NiO (Value),NiO (Error),CuO (Value),CuO (Error),ZnO (Value),ZnO (Error),As2O3 (Value),As2O3 (Error),SeO2 (Value),SeO2 (Error),Rb2O (Value),Rb2O (Error),SrO (Value),SrO (Error),Y2O3 (Value),Y2O3 (Error),ZrO2 (Value),ZrO2 (Error),NbO (Value),NbO (Error),MoO2 (Value),MoO2 (Error),Ag2O (Value),Ag2O (Error),CdO (Value),CdO (Error),SnO2 (Value),SnO2 (Error),Sb2O3 (Value),Sb2O3 (Error),WO2 (Value),WO2 (Error),HgO (Value),HgO (Error),PbO (Value),PbO (Error),Bi2O3 (Value),Bi2O3 (Error),ThO2 (Value),ThO2 (Error),UO2 (Value),UO2 (Error)
2.5,2.5,1,2.500,18/03/2026 04:01:03,15.738,1157879.430, , , , , , , , , , , , , , , , , , , , , , , , , , , , , , , , , , , , , , , , , , , , , , , , , , , , , , , , , , , , , , , , , , , , , , , , , , , , , , , , , , , , , , , , , , , , , , , , , , , , , , , , , , , , , , , , , , , , , , , , , , , , , , , , , , , , , , , , , , , , , , , , , , , , , , , , , , , , , , , , , , , , , , , , , , , , , , , , , , , , , , , , , , , , , , , , , , , , , , , , , , , , , , , , , , , , , , , , , , , , , , , , , , , , , , , , , , , , , , , , , , , , , , , , , , , , , , , , , , , , , , , , , , , , , , , , , , , , , , , , , , , , , , , , , , , , , , , , , , , , , , , , , , , , , , , , , , , , , , , , , , , , , , , , , , , , , , , , , , , , , , , , , , , , , , , , , , , , , , , , , , , 
3.0,3.0,1,3.000,18/03/2026 04:01:03,16.536,,9.04, 9.69, 7.73,37.28, -1.42, 9.04,6.129, 5.811, 6.230, 5.512, 5.574, 5.848, 5.768, 5.954, 6.243, 6.691, 6.949, 7.299, 7.495, 7.753, 8.075, 8.413, 8.792, 9.156, 9.477, 9.729, 9.948, 10.076, 10.139, 10.214, 10.256, 10.193, 10.177, 10.200, 10.152, 10.153, 10.134, 10.008, 9.984, 9.956, 10.093, 10.102, 10.234, 10.250, 10.399, 10.434, 10.606, 10.659, 10.814, 10.917, 11.003, 11.159, 11.152, 11.255, 11.300, 11.253, 11.324, 11.318, 11.262, 11.333, 11.314, 11.263, 11.353, 11.389, 11.325, 11.373, 11.490, 11.439, 11.406, 11.520, 11.630, 11.577, 11.537, 11.636, 11.734, 11.706, 11.618, 11.599, 11.676, 11.687, 11.622, 11.560, 11.623, 11.708, 11.681, 11.544, 11.428, 11.466, 11.612, 11.696, 11.651, 11.537, 11.495, 11.592, 11.768, 11.890, 11.870, 11.776, 11.683, 11.678, 11.782, 11.910, 11.960, 11.890, 11.704, 11.501, 11.392, 11.378, 11.359, 11.182, 10.588, 9.644, 8.833, 8.375, 8.195, 8.166, 8.232, 8.362, 8.581, 8.855, 9.119, 9.368, 9.587, 9.793, 10.013, 10.217, 10.402, 10.571, 10.699, 10.803, 10.887, 10.959, 11.013, 11.083, 11.150, 11.204, 11.246, 11.285, 11.270, 11.241, 11.221, 11.186, 11.157, 11.109, 11.055, 11.029, 10.983, 10.921, 10.859, 10.795, 10.734, 10.694, 10.585, 10.514, 10.439, 10.311, 10.112, 9.720, 8.961, 7.661, 6.094, 5.038, 4.608, 4.471, 4.450, 4.529, 4.644, 4.803, 4.981, 5.190, 5.428, 5.678, 5.940, 6.237, 6.527, 6.824, 7.142, 7.438, 7.709, 7.978, 8.205, 8.406, 8.572, 8.703, 8.802, 8.877, 8.938, 8.981, 9.024, 9.061, 9.100, 9.113, 9.116, 9.118, 9.168, 9.212, 9.200, 9.200, 9.194, 9.166, 9.112, 9.013, 8.853, 8.636, 8.456, 8.266, 8.040, 7.881, 7.741, 7.606, 7.381, 7.215, 7.054, 6.850, 6.852, 6.629, 6.588, 6.434, 6.441, 6.386, 6.438, 6.309, 16.3,1192780.0,1237272.0,877470.17,40951.63,2709.44,19622.70,481.13,29168.71,258.53,359.48,27.39,424.01,18.31,2291.17,26.37,1358.29,18.07,1229.99,51.20,0.00,17.87,155.66,14.77,483.65,13.29,26053.52,134.12,0.00,111.77,0.00,13.60,12.96,2.02,47.12,1.98,47.44,1.32,0.00,4.17,45.07,0.83,75.30,1.02,4.86,0.68,62.16,1.10,0.00,26.92,0.00,45.37,52.18,8.16,32.49,5.50,0.00,440.66,0.00,457.95,8.84,2.62,0.00,24.69,4.05,1.03,38.56,3.31,0.00,124.65,0.00,51.80,214671.39,67909.10,4493.00,37076.36,909.08,62401.64,553.08,823.70,62.76,1058.71,45.72,2759.95,31.77,1900.53,25.28,2052.23,85.43,0.00,31.90,227.51,21.59,694.93,19.10,37249.86,191.76,0.00,142.11,0.00,17.31,16.22,2.53,58.65,2.46,62.64,1.74,0.00,5.86,49.29,0.91,89.05,1.21,6.17,0.86,83.96,1.49,0.00,31.56,0.00,60.50,56.05,8.76,37.11,6.28,0.00,559.43,0.00,548.21,10.38,3.08,0.00,26.66,4.36,1.11,42.99,3.69,0.00,141.84,0.00,58.76
3.5,3.5,1,3.500,18/03/2026 04:01:03,16.270, , , , , , , , , , , , , , , , , , , , , , , , , , , , , , , , , , , , , , , , , , , , , , , , , , , , , , , , , , , , , , , , , , , , , , , , , , , , , , , , , , , , , , , , , , , , , , , , , , , , , , , , , , , , , , , , , , , , , , , , , , , , , , , , , , , , , , , , , , , , , , , , , , , , , , , , , , , , , , , , , , , , , , , , , , , , , , , , , , , , , , , , , , , , , , , , , , , , , , , , , , , , , , , , , , , , , , , , , , , , , , , , , , , , , , , , , , , , , , , , , , , , , , , , , , , , , , , , , , , , , , , , , , , , , , , , , , , , , , , , , , , , , , , , , , , , , , , , , , , , , , , , , , , , , , , , , , , , , , , , , , , , , , , , , , , , , , , , , , , , , , , , , , , , , , , , , , , , , , , , , , , , 
4.0,4.0,1,4.000,18/03/2026 04:01:03,17.594,,10.17, 10.89, 8.97,39.39, -1.33, 8.47,7.452, 7.457, 7.719, 7.159, 6.763, 6.724, 6.901, 6.980, 7.299, 7.784, 8.146, 8.459, 8.678, 8.891, 9.211, 9.570, 9.940, 10.335, 10.647, 10.897, 11.146, 11.339, 11.412, 11.405, 11.388, 11.446, 11.456, 11.304, 11.378, 11.430, 11.189, 11.309, 11.073, 11.164, 11.272, 11.243, 11.454, 11.374, 11.603, 11.598, 11.754, 11.898, 11.882, 12.225, 12.051, 12.426, 12.321, 12.370, 12.610, 12.343, 12.523, 12.588, 12.339, 12.551, 12.564, 12.337, 12.544, 12.656, 12.415, 12.506, 12.756, 12.616, 12.483, 12.734, 12.894, 12.684, 12.559, 12.788, 12.964, 12.772, 12.612, 12.759, 12.934, 12.858, 12.643, 12.643, 12.859, 12.974, 12.804, 12.526, 12.455, 12.671, 12.906, 12.872, 12.652, 12.508, 12.631, 12.899, 13.084, 13.052, 12.877, 12.736, 12.783, 12.971, 13.145, 13.161, 13.027, 12.817, 12.659, 12.616, 12.675, 12.707, 12.598, 12.234, 11.436, 10.417, 9.667, 9.403, 9.357, 9.346, 9.290, 9.230, 9.303, 9.535, 9.919, 10.394, 10.838, 11.175, 11.392, 11.478, 11.486, 11.479, 11.531, 11.676, 11.913, 12.191, 12.459, 12.638, 12.685, 12.622, 12.463, 12.290, 12.147, 12.095, 12.138, 12.286, 12.486, 12.649, 12.703, 12.686, 12.539, 12.310, 12.031, 11.743, 11.542, 11.434, 11.404, 11.483, 11.592, 11.666, 11.625, 11.303, 10.482, 9.008, 7.159, 5.817, 5.150, 4.821, 4.690, 4.719, 4.930, 5.226, 5.599, 6.034, 6.481, 6.915, 7.310, 7.644, 7.905, 8.116, 8.282, 8.405, 8.504, 8.632, 8.760, 8.923, 9.118, 9.335, 9.579, 9.844, 10.108, 10.350, 10.575, 10.739, 10.879, 10.914, 10.871, 10.748, 10.663, 10.523, 10.290, 10.114, 9.950, 9.813, 9.683, 9.570, 9.448, 9.320, 9.234, 9.181, 9.166, 9.202, 9.265, 9.146, 9.158, 9.095, 8.859, 8.709, 8.503, 8.176, 7.932, 7.605, 7.211, 7.084, 6.693, 6.643, 16.3,1206529.0,1264563.0,866583.63,53427.64,2848.12,18715.48,472.60,28413.92,254.78,370.39,27.42,441.22,18.27,2361.38,26.55,1696.52,19.44,1761.67,56.37,0.00,17.11,227.63,15.91,315.39,11.45,25366.96,132.19,0.00,109.19,0.00,13.60,20.43,2.13,45.84,1.92,30.13,1.16,0.00,4.07,48.67,0.86,85.28,1.08,6.19,0.69,59.54,1.09,0.00,26.99,0.00,46.09,0.00,383.46,0.00,268.41,0.00,438.24,0.00,454.51,0.00,46.83,0.00,22.64,8.03,1.08,14.05,3.31,0.00,128.11,0.00,57.05,232298.08,88597.76,4722.97,35362.20,892.96,60786.89,545.06,848.70,62.83,1101.68,45.62,2844.53,31.98,2373.78,27.20,2939.34,94.05,0.00,30.54,332.69,23.25,453.16,16.45,36268.25,189.00,0.00,138.83,0.00,17.31,25.57,2.67,57.06,2.39,39.78,1.53,0.00,5.72,53.23,0.94,100.85,1.28,7.86,0.88,80.42,1.47,0.00,31.64,0.00,61.46,0.00,411.88,0.00,306.61,0.00,556.35,0.00,544.09,0.00,54.98,0.00,24.45,8.65,1.16,15.66,3.69,0.00,145.78,0.00,64.72
4.5,4.5,1,4.500,18/03/2026 04:01:03,19.246, , , , , , , , , , , , , , , , , , , , , , , , , , , , , , , , , , , , , , , , , , , , , , , , , , , , , , , , , , , , , , , , , , , , , , , , , , , , , , , , , , , , , , , , , , , , , , , , , , , , , , , , , , , , , , , , , , , , , , , , , , , , , , , , , , , , , , , , , , , , , , , , , , , , , , , , , , , , , , , , , , , , , , , , , , , , , , , , , , , , , , , , , , , , , , , , , , , , , , , , , , , , , , , , , , , , , , , , , , , , , , , , , , , , , , , , , , , , , , , , , , , , , , , , , , , , , , , , , , , , , , , , , , , , , , , , , , , , , , , , , , , , , , , , , , , , , , , , , , , , , , , , , , , , , , , , , , , , , , , , , , , , , , , , , , , , , , , , , , , , , , , , , , , , , , , , , , , , , , , , , , , , 
5.0,5.0,1,5.000,18/03/2026 04:01:03,20.372,,8.91, 9.59, 7.99,37.10, -1.77, 7.81,6.326, 5.872, 6.219, 5.898, 5.727, 5.889, 5.954, 6.180, 6.480, 6.937, 7.239, 7.536, 7.744, 8.009, 8.280, 8.594, 8.927, 9.242, 9.478, 9.668, 9.835, 9.941, 9.997, 9.997, 9.992, 9.947, 9.906, 9.883, 9.845, 9.833, 9.772, 9.697, 9.622, 9.634, 9.701, 9.751, 9.812, 9.888, 9.942, 10.068, 10.145, 10.277, 10.393, 10.500, 10.650, 10.728, 10.811, 10.899, 10.918, 10.948, 10.989, 10.981, 10.980, 11.013, 10.996, 10.996, 11.045, 11.075, 11.085, 11.108, 11.191, 11.206, 11.226, 11.282, 11.351, 11.391, 11.409, 11.435, 11.490, 11.569, 11.559, 11.537, 11.502, 11.521, 11.573, 11.602, 11.615, 11.572, 11.546, 11.526, 11.527, 11.551, 11.588, 11.605, 11.616, 11.652, 11.694, 11.755, 11.826, 11.879, 11.914, 11.933, 11.940, 11.950, 11.974, 12.013, 12.040, 12.027, 11.961, 11.862, 11.774, 11.689, 11.590, 11.346, 10.744, 9.841, 9.098, 8.711, 8.556, 8.461, 8.440, 8.491, 8.701, 9.024, 9.392, 9.752, 10.060, 10.304, 10.484, 10.626, 10.754, 10.875, 11.014, 11.158, 11.312, 11.463, 11.595, 11.681, 11.742, 11.750, 11.738, 11.708, 11.672, 11.649, 11.649, 11.672, 11.722, 11.730, 11.694, 11.673, 11.609, 11.486, 11.371, 11.247, 11.163, 11.100, 11.018, 10.995, 10.937, 10.856, 10.671, 10.273, 9.461, 8.038, 6.322, 5.123, 4.618, 4.435, 4.409, 4.488, 4.643, 4.845, 5.080, 5.348, 5.634, 5.948, 6.239, 6.564, 6.866, 7.180, 7.467, 7.767, 8.039, 8.297, 8.540, 8.753, 8.933, 9.092, 9.240, 9.359, 9.467, 9.541, 9.620, 9.678, 9.734, 9.749, 9.710, 9.674, 9.707, 9.725, 9.652, 9.619, 9.613, 9.556, 9.504, 9.416, 9.260, 9.034, 8.845, 8.686, 8.541, 8.383, 8.223, 8.092, 7.926, 7.777, 7.577, 7.292, 7.188, 6.978, 6.796, 6.640, 6.513, 6.306, 6.097, 6.162, 16.3,1195695.0,1246509.0,873858.57,39605.19,2707.77,21773.03,502.88,29280.20,259.82,264.28,26.35,426.92,18.32,2777.36,28.62,1612.52,19.48,1280.75,51.95,0.00,17.92,113.50,14.16,298.72,11.21,28334.45,145.11,0.00,115.69,0.00,11.58,36.52,2.43,49.93,2.04,35.85,1.33,0.00,3.37,45.80,0.85,85.44,1.10,10.28,0.73,69.98,1.16,0.00,26.20,0.00,46.43,0.00,385.19,0.00,266.11,0.00,445.31,0.00,466.88,0.00,48.74,0.00,24.22,15.21,1.24,25.45,3.37,0.00,126.82,0.00,54.48,220430.91,65676.33,4490.23,41139.33,950.17,62640.15,555.84,605.56,60.38,1065.98,45.74,3345.62,34.48,2256.25,27.26,2136.92,86.68,0.00,31.99,165.89,20.70,429.21,16.11,40511.00,207.47,0.00,147.10,0.00,14.74,45.71,3.04,62.15,2.54,47.33,1.76,0.00,4.74,50.09,0.93,101.04,1.30,13.05,0.93,94.53,1.57,0.00,30.71,0.00,61.91,0.00,413.74,0.00,303.99,0.00,565.33,0.00,558.90,0.00,57.22,0.00,26.15,16.38,1.34,28.37,3.76,0.00,144.31,0.00,61.80
5.5,5.5,1,5.500,18/03/2026 04:01:03,19.112, , , , , , , , , , , , , , , , , , , , , , , , , , , , , , , , , , , , , , , , , , , , , , , , , , , , , , , , , , , , , , , , , , , , , , , , , , , , , , , , , , , , , , , , , , , , , , , , , , , , , , , , , , , , , , , , , , , , , , , , , , , , , , , , , , , , , , , , , , , , , , , , , , , , , , , , , , , , , , , , , , , , , , , , , , , , , , , , , , , , , , , , , , , , , , , , , , , , , , , , , , , , , , , , , , , , , , , , , , , , , , , , , , , , , , , , , , , , , , , , , , , , , , , , , , , , , , , , , , , , , , , , , , , , , , , , , , , , , , , , , , , , , , , , , , , , , , , , , , , , , , , , , , , , , , , , , , , , , , , , , , , , , , , , , , , , , , , , , , , , , , , , , , , , , , , , , , , , , , , , , , , , 
6.0,6.0,1,6.000,18/03/2026 04:01:03,18.714,,9.85, 10.59, 8.97,38.89, -1.69, 7.62,8.111, 7.544, 7.671, 6.443, 6.641, 6.706, 6.837, 7.049, 7.309, 7.817, 8.144, 8.461, 8.655, 8.877, 9.212, 9.518, 9.858, 10.194, 10.475, 10.694, 10.845, 10.940, 11.039, 11.042, 10.994, 11.005, 10.902, 10.910, 10.870, 10.832, 10.806, 10.673, 10.625, 10.618, 10.694, 10.785, 10.763, 10.963, 10.889, 11.111, 11.176, 11.215, 11.487, 11.474, 11.604, 11.838, 11.762, 11.844, 12.027, 11.910, 11.863, 12.050, 12.008, 11.846, 11.955, 12.106, 11.986, 11.889, 12.067, 12.231, 12.120, 12.005, 12.174, 12.398, 12.368, 12.209, 12.231, 12.423, 12.589, 12.498, 12.328, 12.307, 12.450, 12.587, 12.562, 12.417, 12.309, 12.363, 12.498, 12.560, 12.475, 12.348, 12.282, 12.344, 12.491, 12.643, 12.703, 12.663, 12.574, 12.544, 12.607, 12.742, 12.881, 12.947, 12.948, 12.852, 12.753, 12.658, 12.630, 12.651, 12.699, 12.715, 12.631, 12.359, 11.697, 10.755, 10.007, 9.686, 9.657, 9.703, 9.794, 9.878, 10.029, 10.218, 10.413, 10.631, 10.858, 11.100, 11.371, 11.637, 11.874, 12.075, 12.216, 12.292, 12.321, 12.313, 12.299, 12.298, 12.335, 12.402, 12.501, 12.613, 12.721, 12.817, 12.855, 12.873, 12.835, 12.720, 12.536, 12.377, 12.218, 12.088, 12.015, 12.011, 12.066, 12.154, 12.167, 12.235, 12.272, 12.185, 11.973, 11.524, 10.644, 9.153, 7.325, 5.975, 5.387, 5.199, 5.204, 5.385, 5.686, 6.037, 6.431, 6.832, 7.209, 7.569, 7.881, 8.171, 8.386, 8.569, 8.725, 8.865, 9.019, 9.140, 9.297, 9.444, 9.636, 9.813, 10.034, 10.258, 10.477, 10.684, 10.901, 11.091, 11.243, 11.331, 11.349, 11.308, 11.302, 11.247, 11.097, 10.955, 10.843, 10.648, 10.486, 10.286, 10.066, 9.814, 9.574, 9.375, 9.290, 9.224, 9.194, 9.163, 9.189, 9.217, 9.095, 9.043, 9.035, 8.996, 8.879, 8.793, 8.688, 8.518, 8.199, 8.291, 16.3,1202788.0,1228098.0,863967.06,46169.30,2775.48,20709.95,495.19,33187.30,279.98,240.46,26.33,410.35,18.32,3073.86,30.08,1737.38,19.99,1377.14,53.26,34.60,5.91,79.58,14.19,349.46,11.86,28259.22,145.46,0.00,115.39,0.00,11.67,36.35,2.43,51.76,2.07,32.46,1.22,0.00,4.59,63.67,0.97,94.95,1.16,0.00,16.21,64.69,1.14,0.00,26.78,0.00,46.39,0.00,389.67,0.00,267.13,29.95,8.18,0.00,467.99,0.00,49.15,0.00,26.60,9.49,1.12,21.05,3.36,0.00,126.86,0.00,46.19,238275.37,76561.43,4602.51,39130.68,935.64,70998.75,598.97,550.98,60.33,1024.60,45.74,3702.79,36.23,2430.95,27.97,2297.75,88.86,61.77,10.55,116.31,20.74,502.12,17.04,40403.45,207.97,0.00,146.72,0.00,14.85,45.50,3.04,64.43,2.58,42.86,1.61,0.00,6.45,69.63,1.06,112.29,1.37,0.00,20.59,87.38,1.54,0.00,31.39,0.00,61.86,0.00,418.55,0.00,305.15,38.02,10.38,0.00,560.23,0.00,57.70,0.00,28.72,10.22,1.21,23.47,3.75,0.00,144.35,0.00,52.40
6.5,6.5,1,6.500,18/03/2026 04:01:03,21.293, , , , , , , , , , , , , , , , , , , , , , , , , , , , , , , , , , , , , , , , , , , , , , , , , , , , , , , , , , , , , , , , , , , , , , , , , , , , , , , , , , , , , , , , , , , , , , , , , , , , , , , , , , , , , , , , , , , , , , , , , , , , , , , , , , , , , , , , , , , , , , , , , , , , , , , , , , , , , , , , , , , , , , , , , , , , , , , , , , , , , , , , , , , , , , , , , , , , , , , , , , , , , , , , , , , , , , , , , , , , , , , , , , , , , , , , , , , , , , , , , , , , , , , , , , , , , , , , , , , , , , , , , , , , , , , , , , , , , , , , , , , , , , , , , , , , , , , , , , , , , , , , , , , , , , , , , , , , , , , , , , , , , , , , , , , , , , , , , , , , , , , , , , , , , , , , , , , , , , , , , , , , 
7.0,7.0,1,7.000,18/03/2026 04:01:03,21.360,,10.47, 11.23, 9.64,39.97, -1.58, 7.36,8.104, 7.762, 8.501, 8.129, 7.394, 7.533, 7.507, 7.640, 7.941, 8.446, 8.760, 9.057, 9.236, 9.495, 9.824, 10.164, 10.520, 10.818, 11.052, 11.311, 11.527, 11.565, 11.642, 11.742, 11.601, 11.677, 11.565, 11.553, 11.542, 11.478, 11.481, 11.335, 11.272, 11.310, 11.313, 11.512, 11.384, 11.677, 11.602, 11.719, 11.984, 11.854, 12.142, 12.320, 12.198, 12.509, 12.645, 12.444, 12.625, 12.843, 12.591, 12.544, 12.838, 12.807, 12.521, 12.623, 12.926, 12.853, 12.601, 12.705, 13.033, 13.065, 12.821, 12.767, 13.036, 13.250, 13.154, 12.880, 12.832, 13.095, 13.358, 13.316, 13.023, 12.815, 12.937, 13.268, 13.437, 13.309, 12.986, 12.759, 12.842, 13.142, 13.423, 13.416, 13.171, 12.927, 12.893, 13.110, 13.457, 13.720, 13.730, 13.516, 13.248, 13.112, 13.191, 13.453, 13.736, 13.850, 13.736, 13.451, 13.120, 12.881, 12.761, 12.689, 12.357, 11.722, 11.102, 10.686, 10.355, 10.043, 9.833, 9.798, 10.034, 10.501, 11.056, 11.601, 11.998, 12.237, 12.310, 12.289, 12.213, 12.175, 12.206, 12.359, 12.589, 12.883, 13.191, 13.437, 13.569, 13.607, 13.533, 13.383, 13.194, 13.019, 12.885, 12.819, 12.867, 12.937, 13.017, 13.152, 13.251, 13.280, 13.280, 13.229, 13.103, 12.984, 12.780, 12.603, 12.403, 12.176, 11.905, 11.488, 10.700, 9.359, 7.710, 6.576, 6.198, 6.140, 6.230, 6.407, 6.629, 6.839, 7.043, 7.237, 7.414, 7.596, 7.779, 7.956, 8.160, 8.385, 8.647, 8.963, 9.303, 9.661, 10.023, 10.389, 10.728, 11.047, 11.308, 11.530, 11.697, 11.793, 11.855, 11.897, 11.866, 11.759, 11.597, 11.371, 11.254, 11.101, 10.952, 10.842, 10.751, 10.695, 10.685, 10.678, 10.623, 10.558, 10.481, 10.497, 10.462, 10.539, 10.561, 10.539, 10.560, 10.350, 10.285, 10.092, 9.834, 9.638, 9.352, 9.055, 8.757, 8.356, 8.137, 7.769, 16.3,1185487.0,1210948.0,875813.52,35282.47,2649.86,19845.15,486.13,33186.25,278.61,235.89,26.19,458.07,18.57,2985.22,29.52,1860.57,20.36,1756.04,56.89,46.82,6.21,135.06,15.39,420.23,12.77,27546.40,141.04,0.00,115.12,0.00,15.46,20.59,2.21,56.52,2.11,39.01,1.31,0.00,3.85,53.10,0.90,93.18,1.15,13.43,0.76,62.94,1.14,0.00,27.05,0.00,45.95,0.00,387.72,0.00,267.16,53.34,8.38,0.00,470.53,0.00,43.76,0.00,21.43,11.08,1.16,25.08,3.39,0.00,127.51,0.00,48.48,218609.44,58508.07,4394.20,37496.67,918.52,70996.50,596.04,540.51,60.01,1143.76,46.37,3596.01,35.56,2603.32,28.49,2929.94,94.92,83.58,11.09,197.40,22.49,603.80,18.35,39384.30,201.65,0.00,146.37,0.00,19.67,25.77,2.77,70.35,2.63,51.51,1.73,0.00,5.41,58.07,0.98,110.19,1.36,17.06,0.97,85.02,1.54,0.00,31.71,0.00,61.27,0.00,416.46,0.00,305.18,67.72,10.64,0.00,563.27,0.00,51.38,0.00,23.14,11.94,1.25,27.96,3.78,0.00,145.09,0.00,55.00
7.5,7.5,1,7.500,18/03/2026 04:01:03,21.166,1157879.759, , , , , , , , , , , , , , , , , , , , , , , , , , , , , , , , , , , , , , , , , , , , , , , , , , , , , , , , , , , , , , , , , , , , , , , , , , , , , , , , , , , , , , , , , , , , , , , , , , , , , , , , , , , , , , , , , , , , , , , , , , , , , , , , , , , , , , , , , , , , , , , , , , , , , , , , , , , , , , , , , , , , , , , , , , , , , , , , , , , , , , , , , , , , , , , , , , , , , , , , , , , , , , , , , , , , , , , , , , , , , , , , , , , , , , , , , , , , , , , , , , , , , , , , , , , , , , , , , , , , , , , , , , , , , , , , , , , , , , , , , , , , , , , , , , , , , , , , , , , , , , , , , , , , , , , , , , , , , , , , , , , , , , , , , , , , , , , , , , , , , , , , , , , , , , , , , , , , , , , , , , , 
8.0,8.0,1,8.000,18/03/2026 04:01:03,18.518,,10.89, 11.69, 10.23,40.71, -1.64, 6.87,10.854, 9.490, 9.341, 8.086, 8.357, 8.094, 7.993, 8.290, 8.510, 8.958, 9.305, 9.619, 9.756, 10.034, 10.348, 10.655, 10.999, 11.330, 11.589, 11.780, 11.937, 12.056, 12.080, 12.121, 12.099, 12.021, 12.011, 11.922, 11.943, 11.838, 11.859, 11.679, 11.677, 11.591, 11.757, 11.713, 11.831, 11.905, 11.896, 12.141, 12.093, 12.276, 12.473, 12.414, 12.693, 12.825, 12.711, 12.947, 13.055, 12.859, 12.955, 13.147, 12.976, 12.874, 13.095, 13.150, 12.960, 12.962, 13.223, 13.271, 13.086, 13.079, 13.342, 13.482, 13.337, 13.202, 13.304, 13.608, 13.647, 13.422, 13.340, 13.426, 13.642, 13.697, 13.551, 13.382, 13.384, 13.545, 13.690, 13.641, 13.443, 13.314, 13.358, 13.523, 13.722, 13.802, 13.750, 13.631, 13.569, 13.637, 13.810, 13.975, 14.068, 14.046, 13.940, 13.835, 13.781, 13.777, 13.827, 13.881, 13.878, 13.823, 13.667, 13.314, 12.629, 11.702, 11.002, 10.723, 10.706, 10.730, 10.754, 10.780, 10.889, 11.080, 11.313, 11.602, 11.914, 12.233, 12.561, 12.842, 13.072, 13.232, 13.325, 13.375, 13.379, 13.353, 13.364, 13.413, 13.507, 13.631, 13.778, 13.918, 14.011, 14.084, 14.118, 14.074, 14.000, 13.857, 13.653, 13.478, 13.335, 13.209, 13.174, 13.195, 13.294, 13.439, 13.456, 13.531, 13.545, 13.442, 13.190, 12.677, 11.693, 10.075, 8.080, 6.656, 6.028, 5.826, 5.868, 6.068, 6.388, 6.777, 7.225, 7.669, 8.088, 8.493, 8.848, 9.136, 9.366, 9.550, 9.701, 9.833, 9.941, 10.048, 10.203, 10.363, 10.547, 10.778, 11.024, 11.295, 11.562, 11.823, 12.085, 12.338, 12.531, 12.661, 12.708, 12.678, 12.671, 12.599, 12.433, 12.246, 12.072, 11.849, 11.645, 11.410, 11.146, 10.786, 10.554, 10.330, 10.194, 10.125, 10.162, 10.166, 10.191, 10.196, 10.175, 10.221, 10.200, 10.186, 10.116, 10.014, 9.831, 9.750, 9.562, 9.521, 16.3,1159598.0,1250971.0,882725.37,25745.88,2540.91,20954.98,499.25,32380.24,275.35,323.66,27.48,389.26,18.27,3142.54,30.32,1839.63,20.67,1649.95,55.84,0.00,20.12,162.66,16.04,330.57,11.87,29945.80,151.53,0.00,119.64,0.00,14.88,14.89,2.13,50.99,2.06,43.85,1.44,0.00,4.56,62.85,0.99,82.36,1.10,11.83,0.78,70.57,1.20,0.00,27.08,0.00,46.59,54.90,8.45,0.00,266.83,0.00,440.18,0.00,467.30,0.00,43.31,0.00,23.00,17.19,1.30,0.00,118.93,0.00,133.34,0.00,56.44,206407.14,42693.77,4213.53,39593.65,943.31,69272.18,589.07,741.62,62.97,971.94,45.62,3785.52,36.52,2574.02,28.92,2752.93,93.17,0.00,35.92,237.74,23.44,474.98,17.06,42814.82,216.65,0.00,152.12,0.00,18.94,18.64,2.67,63.47,2.56,57.90,1.90,0.00,6.41,68.73,1.08,97.40,1.30,15.02,0.99,95.32,1.62,0.00,31.74,0.00,62.13,58.97,9.08,0.00,304.81,0.00,558.82,0.00,559.41,0.00,50.85,0.00,24.83,18.52,1.40,0.00,132.59,0.00,151.73,0.00,64.03
8.5,8.5,1,8.500,18/03/2026 04:01:03,19.049, , , , , , , , , , , , , , , , , , , , , , , , , , , , , , , , , , , , , , , , , , , , , , , , , , , , , , , , , , , , , , , , , , , , , , , , , , , , , , , , , , , , , , , , , , , , , , , , , , , , , , , , , , , , , , , , , , , , , , , , , , , , , , , , , , , , , , , , , , , , , , , , , , , , , , , , , , , , , , , , , , , , , , , , , , , , , , , , , , , , , , , , , , , , , , , , , , , , , , , , , , , , , , , , , , , , , , , , , , , , , , , , , , , , , , , , , , , , , , , , , , , , , , , , , , , , , , , , , , , , , , , , , , , , , , , , , , , , , , , , , , , , , , , , , , , , , , , , , , , , , , , , , , , , , , , , , , , , , , , , , , , , , , , , , , , , , , , , , , , , , , , , , , , , , , , , , , , , , , , , , , , , 
9.0,9.0,1,9.000,18/03/2026 04:01:03,18.585,,9.85, 10.58, 9.02,38.87, -1.66, 7.40,7.001, 7.620, 7.768, 7.209, 7.085, 6.960, 6.863, 7.111, 7.378, 7.860, 8.221, 8.495, 8.700, 8.929, 9.241, 9.558, 9.884, 10.194, 10.446, 10.660, 10.847, 10.951, 10.973, 11.031, 11.015, 10.928, 10.930, 10.867, 10.840, 10.827, 10.741, 10.690, 10.559, 10.621, 10.645, 10.734, 10.772, 10.854, 10.937, 11.006, 11.156, 11.219, 11.359, 11.495, 11.566, 11.713, 11.782, 11.807, 11.899, 11.917, 11.868, 11.938, 11.959, 11.892, 11.907, 11.989, 11.972, 11.938, 12.011, 12.109, 12.087, 12.056, 12.155, 12.263, 12.274, 12.217, 12.271, 12.352, 12.416, 12.369, 12.299, 12.355, 12.438, 12.439, 12.369, 12.320, 12.360, 12.439, 12.462, 12.344, 12.228, 12.208, 12.322, 12.462, 12.517, 12.476, 12.405, 12.389, 12.486, 12.631, 12.764, 12.781, 12.713, 12.616, 12.590, 12.633, 12.749, 12.824, 12.789, 12.670, 12.485, 12.323, 12.163, 11.954, 11.455, 10.683, 10.020, 9.641, 9.412, 9.229, 9.127, 9.141, 9.358, 9.748, 10.201, 10.637, 10.964, 11.188, 11.302, 11.360, 11.393, 11.457, 11.583, 11.764, 11.987, 12.227, 12.416, 12.540, 12.579, 12.547, 12.456, 12.343, 12.246, 12.189, 12.188, 12.244, 12.353, 12.452, 12.504, 12.517, 12.476, 12.369, 12.203, 12.032, 11.880, 11.737, 11.599, 11.533, 11.488, 11.432, 11.313, 11.001, 10.279, 8.950, 7.281, 6.095, 5.575, 5.365, 5.276, 5.288, 5.371, 5.509, 5.693, 5.925, 6.213, 6.546, 6.887, 7.255, 7.615, 8.003, 8.363, 8.696, 9.018, 9.306, 9.541, 9.743, 9.891, 9.997, 10.086, 10.124, 10.160, 10.191, 10.210, 10.248, 10.308, 10.319, 10.327, 10.349, 10.442, 10.531, 10.546, 10.596, 10.659, 10.633, 10.628, 10.571, 10.434, 10.215, 9.992, 9.773, 9.535, 9.364, 9.177, 8.990, 8.756, 8.578, 8.303, 8.096, 7.916, 7.595, 7.495, 7.479, 7.394, 7.273, 7.174, 7.205, 16.3,1193712.0,1263054.0,872509.54,41232.42,2722.78,20493.99,492.22,31805.30,272.24,354.96,27.60,445.67,18.50,2870.50,29.04,1626.70,19.58,1540.61,54.66,34.86,5.95,55.81,13.54,362.19,11.91,26266.06,135.24,0.00,109.91,0.00,14.41,7.02,1.91,69.04,2.26,24.12,1.22,0.00,4.24,43.91,0.83,92.23,1.13,10.74,0.72,59.83,1.11,4.37,0.93,0.00,45.98,38.81,8.34,0.00,266.60,0.00,438.63,0.00,469.13,0.00,46.25,0.00,20.07,16.46,1.25,34.83,3.37,0.00,126.87,0.00,54.78,224069.51,68374.72,4515.12,38722.63,930.03,68042.19,582.41,813.34,63.24,1112.80,46.19,3457.82,34.98,2276.09,27.40,2570.50,91.20,62.23,10.62,81.57,19.79,520.41,17.11,37553.74,193.36,0.00,139.75,0.00,18.34,8.79,2.39,85.94,2.81,31.85,1.61,0.00,5.96,48.02,0.91,109.07,1.34,13.64,0.91,80.82,1.50,5.12,1.09,0.00,61.31,41.69,8.96,0.00,304.55,0.00,556.85,0.00,561.60,0.00,54.30,0.00,21.67,17.73,1.35,38.83,3.76,0.00,144.37,0.00,62.14
9.5,9.5,1,9.500,18/03/2026 04:01:03,18.320, , , , , , , , , , , , , , , , , , , , , , , , , , , , , , , , , , , , , , , , , , , , , , , , , , , , , , , , , , , , , , , , , , , , , , , , , , , , , , , , , , , , , , , , , , , , , , , , , , , , , , , , , , , , , , , , , , , , , , , , , , , , , , , , , , , , , , , , , , , , , , , , , , , , , , , , , , , , , , , , , , , , , , , , , , , , , , , , , , , , , , , , , , , , , , , , , , , , , , , , , , , , , , , , , , , , , , , , , , , , , , , , , , , , , , , , , , , , , , , , , , , , , , , , , , , , , , , , , , , , , , , , , , , , , , , , , , , , , , , , , , , , , , , , , , , , , , , , , , , , , , , , , , , , , , , , , , , , , , , , , , , , , , , , , , , , , , , , , , , , , , , , , , , , , , , , , , , , , , , , , , , , 
10.0,10.0,1,10.000,18/03/2026 04:01:03,18.720,,11.10, 11.88, 10.20,41.02, -1.42, 7.49,10.881, 9.547, 9.262, 8.169, 8.396, 8.080, 8.104, 8.140, 8.448, 8.983, 9.265, 9.575, 9.734, 9.987, 10.317, 10.669, 11.040, 11.467, 11.752, 11.916, 12.065, 12.270, 12.421, 12.338, 12.353, 12.427, 12.234, 12.297, 12.273, 12.176, 12.247, 11.997, 12.055, 11.923, 12.170, 12.083, 12.298, 12.265, 12.409, 12.516, 12.539, 12.782, 12.742, 12.961, 13.088, 13.050, 13.285, 13.275, 13.203, 13.397, 13.324, 13.195, 13.364, 13.363, 13.157, 13.269, 13.454, 13.299, 13.204, 13.424, 13.547, 13.358, 13.294, 13.543, 13.706, 13.542, 13.375, 13.498, 13.746, 13.726, 13.516, 13.379, 13.509, 13.696, 13.704, 13.502, 13.344, 13.416, 13.588, 13.631, 13.450, 13.262, 13.217, 13.379, 13.608, 13.722, 13.634, 13.468, 13.386, 13.481, 13.706, 13.892, 13.933, 13.797, 13.608, 13.488, 13.493, 13.615, 13.736, 13.739, 13.616, 13.374, 13.075, 12.680, 12.039, 11.248, 10.681, 10.470, 10.364, 10.198, 9.987, 9.833, 9.898, 10.189, 10.663, 11.228, 11.723, 12.114, 12.330, 12.391, 12.339, 12.274, 12.241, 12.304, 12.485, 12.750, 13.084, 13.379, 13.569, 13.640, 13.588, 13.427, 13.211, 12.981, 12.836, 12.777, 12.841, 12.961, 13.098, 13.273, 13.392, 13.409, 13.350, 13.203, 13.013, 12.767, 12.487, 12.257, 12.070, 11.904, 11.726, 11.400, 10.725, 9.464, 7.922, 6.897, 6.509, 6.387, 6.350, 6.349, 6.374, 6.398, 6.455, 6.557, 6.715, 6.931, 7.206, 7.547, 7.948, 8.373, 8.846, 9.301, 9.761, 10.154, 10.501, 10.782, 10.989, 11.112, 11.166, 11.159, 11.132, 11.047, 10.971, 10.897, 10.834, 10.764, 10.734, 10.709, 10.794, 10.920, 11.027, 11.155, 11.313, 11.436, 11.549, 11.592, 11.574, 11.395, 11.234, 11.049, 10.773, 10.607, 10.317, 10.051, 9.678, 9.377, 9.055, 8.732, 8.436, 8.175, 7.809, 7.719, 7.662, 7.556, 7.607, 7.722, 16.3,1211806.0,1248837.0,870909.65,46157.72,2749.77,18887.16,474.19,31361.10,268.05,404.34,27.85,390.58,17.92,2795.49,28.38,1739.72,19.77,1475.17,53.66,51.16,6.19,200.42,16.49,478.77,13.29,24786.70,127.89,0.00,106.74,0.00,11.74,22.41,2.14,51.15,1.99,27.77,1.12,0.00,4.05,50.15,0.85,93.94,1.12,8.50,0.70,65.51,1.12,0.00,25.69,0.00,46.02,35.11,8.26,0.00,265.40,0.00,438.76,0.00,458.25,0.00,45.41,0.00,24.34,7.48,1.06,0.00,115.71,0.00,129.41,0.00,51.04,226435.62,76542.23,4559.88,35686.58,895.96,67091.90,573.45,926.49,63.81,975.24,44.74,3367.46,34.19,2434.23,27.66,2461.31,89.53,91.33,11.05,292.93,24.10,687.92,19.10,35438.63,182.85,0.00,135.72,0.00,14.94,28.05,2.68,63.67,2.48,36.67,1.48,0.00,5.69,54.84,0.93,111.09,1.32,10.79,0.89,88.49,1.51,0.00,30.11,0.00,61.37,37.71,8.87,0.00,303.17,0.00,557.01,0.00,548.57,0.00,53.31,0.00,26.28,8.06,1.14,0.00,129.00,0.00,147.26,0.00,57.90
10.5,10.5,1,10.500,18/03/2026 04:01:03,21.030, , , , , , , , , , , , , , , , , , , , , , , , , , , , , , , , , , , , , , , , , , , , , , , , , , , , , , , , , , , , , , , , , , , , , , , , , , , , , , , , , , , , , , , , , , , , , , , , , , , , , , , , , , , , , , , , , , , , , , , , , , , , , , , , , , , , , , , , , , , , , , , , , , , , , , , , , , , , , , , , , , , , , , , , , , , , , , , , , , , , , , , , , , , , , , , , , , , , , , , , , , , , , , , , , , , , , , , , , , , , , , , , , , , , , , , , , , , , , , , , , , , , , , , , , , , , , , , , , , , , , , , , , , , , , , , , , , , , , , , , , , , , , , , , , , , , , , , , , , , , , , , , , , , , , , , , , , , , , , , , , , , , , , , , , , , , , , , , , , , , , , , , , , , , , , , , , , , , , , , , , , , , 
11.0,11.0,1,11.000,18/03/2026 04:01:03,20.041,,9.96, 10.70, 9.06,39.08, -1.65, 7.65,8.221, 6.695, 7.711, 7.143, 6.977, 6.991, 6.933, 7.137, 7.372, 7.908, 8.211, 8.537, 8.734, 8.982, 9.299, 9.639, 9.970, 10.294, 10.563, 10.772, 10.961, 11.086, 11.118, 11.164, 11.149, 11.082, 11.074, 11.002, 11.012, 10.980, 10.930, 10.835, 10.736, 10.766, 10.851, 10.895, 10.991, 11.034, 11.153, 11.231, 11.353, 11.491, 11.576, 11.748, 11.850, 11.937, 12.055, 12.090, 12.118, 12.178, 12.178, 12.157, 12.184, 12.200, 12.154, 12.178, 12.242, 12.253, 12.241, 12.298, 12.376, 12.404, 12.394, 12.456, 12.539, 12.597, 12.597, 12.556, 12.612, 12.714, 12.730, 12.670, 12.592, 12.590, 12.661, 12.732, 12.730, 12.654, 12.586, 12.577, 12.593, 12.676, 12.701, 12.683, 12.654, 12.663, 12.763, 12.888, 12.976, 13.000, 12.965, 12.930, 12.954, 13.017, 13.114, 13.194, 13.192, 13.108, 12.960, 12.828, 12.756, 12.743, 12.715, 12.517, 11.898, 10.900, 10.026, 9.549, 9.360, 9.299, 9.356, 9.504, 9.779, 10.145, 10.493, 10.801, 11.032, 11.202, 11.376, 11.555, 11.748, 11.975, 12.186, 12.391, 12.557, 12.665, 12.719, 12.726, 12.696, 12.670, 12.652, 12.656, 12.700, 12.775, 12.861, 12.945, 13.013, 12.998, 12.913, 12.800, 12.643, 12.451, 12.273, 12.142, 12.081, 12.093, 12.069, 12.132, 12.166, 12.147, 11.994, 11.579, 10.695, 9.111, 7.154, 5.725, 5.078, 4.819, 4.758, 4.850, 5.058, 5.341, 5.678, 6.062, 6.470, 6.887, 7.265, 7.651, 7.987, 8.294, 8.573, 8.828, 9.066, 9.268, 9.456, 9.637, 9.793, 9.966, 10.102, 10.272, 10.407, 10.551, 10.702, 10.850, 10.974, 11.032, 11.064, 11.054, 11.107, 11.128, 11.057, 10.998, 10.916, 10.826, 10.664, 10.524, 10.316, 10.041, 9.772, 9.558, 9.364, 9.217, 9.113, 8.954, 8.850, 8.719, 8.537, 8.463, 8.302, 8.192, 8.055, 7.896, 7.701, 7.656, 7.435, 7.474, 16.3,1193780.0,1235975.0,883972.32,32847.14,2595.00,21908.86,500.71,28435.19,253.36,326.30,26.93,512.77,18.78,2563.64,27.41,1469.29,18.65,1531.65,54.09,34.69,5.92,103.79,14.38,421.00,12.55,25429.55,129.50,0.00,108.28,0.00,13.62,23.48,2.19,41.79,1.88,43.71,1.22,0.00,4.55,48.36,0.85,87.12,1.09,9.38,0.71,61.88,1.11,0.00,26.34,0.00,46.28,55.63,8.02,51.36,5.45,0.00,435.58,0.00,460.21,0.00,48.21,0.00,25.60,0.00,30.14,21.10,3.32,0.00,127.01,0.00,54.76,204134.31,54469.62,4303.23,41395.97,946.07,60832.39,542.02,747.67,61.71,1280.34,46.89,3088.17,33.02,2055.84,26.10,2555.55,90.25,61.93,10.57,151.69,21.02,604.91,18.03,36357.74,185.15,0.00,137.68,0.00,17.33,29.39,2.74,52.02,2.34,57.71,1.61,0.00,6.39,52.89,0.93,103.03,1.29,11.91,0.90,83.59,1.50,0.00,30.88,0.00,61.71,59.75,8.61,58.67,6.23,0.00,552.98,0.00,550.92,0.00,56.60,0.00,27.64,0.00,32.47,23.52,3.70,0.00,144.53,0.00,62.12
11.5,11.5,1,11.500,18/03/2026 04:01:03,21.492, , , , , , , , , , , , , , , , , , , , , , , , , , , , , , , , , , , , , , , , , , , , , , , , , , , , , , , , , , , , , , , , , , , , , , , , , , , , , , , , , , , , , , , , , , , , , , , , , , , , , , , , , , , , , , , , , , , , , , , , , , , , , , , , , , , , , , , , , , , , , , , , , , , , , , , , , , , , , , , , , , , , , , , , , , , , , , , , , , , , , , , , , , , , , , , , , , , , , , , , , , , , , , , , , , , , , , , , , , , , , , , , , , , , , , , , , , , , , , , , , , , , , , , , , , , , , , , , , , , , , , , , , , , , , , , , , , , , , , , , , , , , , , , , , , , , , , , , , , , , , , , , , , , , , , , , , , , , , , , , , , , , , , , , , , , , , , , , , , , , , , , , , , , , , , , , , , , , , , , , , , , , 
12.0,12.0,1,12.000,18/03/2026 04:01:03,20.965,,9.77, 10.50, 9.15,38.72, -1.60, 6.75,10.203, 7.174, 7.848, 7.498, 7.092, 7.301, 7.142, 7.318, 7.617, 8.027, 8.286, 8.579, 8.776, 8.967, 9.271, 9.564, 9.873, 10.162, 10.413, 10.590, 10.720, 10.816, 10.881, 10.867, 10.856, 10.837, 10.738, 10.774, 10.672, 10.716, 10.610, 10.565, 10.430, 10.514, 10.514, 10.659, 10.637, 10.781, 10.844, 10.913, 11.111, 11.156, 11.291, 11.517, 11.533, 11.690, 11.878, 11.800, 11.891, 12.064, 11.928, 11.913, 12.105, 12.050, 11.899, 12.048, 12.180, 12.085, 12.048, 12.229, 12.340, 12.273, 12.246, 12.414, 12.536, 12.524, 12.517, 12.530, 12.656, 12.699, 12.690, 12.678, 12.642, 12.686, 12.705, 12.764, 12.800, 12.794, 12.746, 12.696, 12.682, 12.776, 12.856, 12.891, 12.878, 12.855, 12.889, 13.005, 13.153, 13.256, 13.274, 13.228, 13.188, 13.218, 13.310, 13.435, 13.506, 13.493, 13.372, 13.220, 13.095, 13.039, 13.001, 12.831, 12.274, 11.358, 10.533, 10.069, 9.843, 9.731, 9.736, 9.864, 10.165, 10.574, 10.964, 11.319, 11.576, 11.763, 11.915, 12.062, 12.219, 12.411, 12.622, 12.836, 13.046, 13.200, 13.303, 13.335, 13.329, 13.289, 13.261, 13.276, 13.296, 13.342, 13.419, 13.500, 13.588, 13.599, 13.531, 13.439, 13.290, 13.103, 12.935, 12.819, 12.740, 12.730, 12.734, 12.778, 12.806, 12.772, 12.611, 12.184, 11.276, 9.665, 7.696, 6.293, 5.661, 5.414, 5.354, 5.461, 5.692, 5.997, 6.353, 6.748, 7.154, 7.551, 7.939, 8.281, 8.606, 8.881, 9.124, 9.352, 9.552, 9.744, 9.926, 10.122, 10.320, 10.518, 10.713, 10.919, 11.142, 11.318, 11.502, 11.684, 11.834, 11.892, 11.892, 11.852, 11.866, 11.812, 11.688, 11.570, 11.422, 11.281, 11.127, 10.928, 10.720, 10.464, 10.244, 10.049, 9.946, 9.873, 9.840, 9.779, 9.709, 9.613, 9.556, 9.468, 9.404, 9.280, 9.122, 8.948, 8.705, 8.541, 8.261, 8.159, 16.3,1165901.0,1213608.0,877394.26,44193.64,2861.78,19153.51,490.95,27356.22,255.52,384.93,28.63,400.20,18.80,2409.87,27.61,1474.21,18.76,1095.60,51.12,0.00,18.47,52.14,14.14,377.30,12.37,25335.73,134.63,0.00,108.74,0.00,11.89,9.35,1.96,54.89,2.11,26.54,1.25,1.41,0.43,53.90,0.91,93.30,1.15,7.43,0.73,72.95,1.20,0.00,27.13,0.00,47.90,0.00,394.44,0.00,273.82,0.00,449.96,34.64,8.80,0.00,50.50,0.00,26.70,17.99,1.29,0.00,122.36,0.00,136.98,0.00,57.42,213971.22,73285.24,4745.62,36189.84,927.63,58524.12,546.64,882.02,65.60,999.26,46.94,2902.94,33.26,2062.72,26.25,1828.00,85.29,0.00,32.97,76.21,20.67,542.12,17.77,36223.60,192.49,0.00,138.26,0.00,15.13,11.70,2.45,68.32,2.63,35.04,1.65,1.98,0.60,58.94,1.00,110.34,1.36,9.44,0.93,98.54,1.62,0.00,31.80,0.00,63.87,0.00,423.67,0.00,312.79,0.00,571.23,41.47,10.53,0.00,59.29,0.00,28.83,19.38,1.39,0.00,136.41,0.00,155.87,0.00,65.14
12.5,12.5,1,12.500,18/03/2026 04:01:03,21.091,1157879.697, , , , , , , , , , , , , , , , , , , , , , , , , , , , , , , , , , , , , , , , , , , , , , , , , , , , , , , , , , , , , , , , , , , , , , , , , , , , , , , , , , , , , , , , , , , , , , , , , , , , , , , , , , , , , , , , , , , , , , , , , , , , , , , , , , , , , , , , , , , , , , , , , , , , , , , , , , , , , , , , , , , , , , , , , , , , , , , , , , , , , , , , , , , , , , , , , , , , , , , , , , , , , , , , , , , , , , , , , , , , , , , , , , , , , , , , , , , , , , , , , , , , , , , , , , , , , , , , , , , , , , , , , , , , , , , , , , , , , , , , , , , , , , , , , , , , , , , , , , , , , , , , , , , , , , , , , , , , , , , , , , , , , , , , , , , , , , , , , , , , , , , , , , , , , , , , , , , , , , , , , , , 
13.0,13.0,1,13.000,18/03/2026 04:01:03,22.282,,11.17, 11.99, 10.77,41.19, -1.59, 6.12,10.598, 9.868, 10.145, 9.162, 8.702, 8.716, 8.592, 8.803, 9.075, 9.507, 9.820, 10.058, 10.233, 10.479, 10.816, 11.096, 11.390, 11.690, 11.876, 12.076, 12.247, 12.330, 12.332, 12.363, 12.348, 12.266, 12.225, 12.196, 12.140, 12.146, 12.065, 11.993, 11.896, 11.912, 11.989, 12.030, 12.114, 12.170, 12.268, 12.379, 12.466, 12.653, 12.725, 12.904, 13.069, 13.107, 13.281, 13.355, 13.330, 13.457, 13.473, 13.396, 13.483, 13.542, 13.439, 13.479, 13.623, 13.611, 13.564, 13.684, 13.836, 13.786, 13.756, 13.896, 14.074, 14.042, 13.969, 14.041, 14.211, 14.320, 14.218, 14.099, 14.104, 14.281, 14.406, 14.337, 14.196, 14.156, 14.261, 14.388, 14.392, 14.301, 14.227, 14.242, 14.417, 14.605, 14.695, 14.664, 14.584, 14.587, 14.683, 14.871, 15.030, 15.070, 15.009, 14.909, 14.842, 14.854, 14.928, 14.991, 15.007, 14.936, 14.742, 14.374, 13.688, 12.775, 12.095, 11.851, 11.837, 11.796, 11.721, 11.670, 11.753, 11.983, 12.348, 12.807, 13.267, 13.677, 13.980, 14.173, 14.244, 14.265, 14.247, 14.278, 14.385, 14.550, 14.799, 15.065, 15.285, 15.412, 15.470, 15.424, 15.299, 15.129, 14.997, 14.904, 14.897, 14.924, 14.975, 15.080, 15.176, 15.226, 15.237, 15.186, 15.072, 14.951, 14.705, 14.541, 14.350, 14.146, 13.868, 13.441, 12.620, 11.177, 9.365, 8.104, 7.655, 7.551, 7.580, 7.687, 7.852, 8.017, 8.175, 8.352, 8.547, 8.773, 9.031, 9.330, 9.691, 10.076, 10.506, 10.967, 11.431, 11.870, 12.276, 12.619, 12.921, 13.165, 13.324, 13.422, 13.440, 13.428, 13.373, 13.310, 13.226, 13.106, 12.963, 12.861, 12.897, 12.952, 12.968, 13.067, 13.190, 13.328, 13.435, 13.491, 13.503, 13.369, 13.228, 13.058, 12.911, 12.710, 12.561, 12.308, 12.001, 11.654, 11.359, 10.973, 10.604, 10.353, 9.959, 9.760, 9.489, 9.377, 9.229, 9.393, 16.3,1179326.0,1236021.0,874454.04,42375.32,2843.65,20235.98,500.18,27947.47,259.98,425.36,29.16,496.47,19.53,2096.05,26.41,1070.97,17.26,1068.23,50.78,0.00,19.20,231.77,17.03,419.90,13.04,28755.93,151.75,0.00,120.91,0.00,14.60,21.70,2.27,72.79,2.35,51.23,1.49,1.61,0.43,61.83,1.00,92.46,1.17,8.45,0.76,78.29,1.24,0.00,27.12,0.00,48.15,0.00,401.06,0.00,275.84,0.00,463.10,0.00,487.25,0.00,37.23,0.00,18.63,13.39,1.26,20.72,3.50,0.00,131.07,0.00,57.97,218888.46,70269.97,4715.56,38235.13,945.07,59789.00,556.18,974.66,66.82,1239.64,48.76,2524.91,31.81,1498.51,24.15,1782.33,84.73,0.00,34.28,338.74,24.89,603.33,18.74,41113.61,216.96,0.00,153.74,0.00,18.58,27.16,2.84,90.60,2.93,67.64,1.97,2.26,0.60,67.62,1.09,109.34,1.38,10.73,0.97,105.75,1.67,0.00,31.79,0.00,64.21,0.00,430.78,0.00,315.10,0.00,587.91,0.00,583.29,0.00,43.71,0.00,20.12,14.42,1.36,23.10,3.90,0.00,149.15,0.00,65.76
13.5,13.5,1,13.500,18/03/2026 04:01:03,22.813, , , , , , , , , , , , , , , , , , , , , , , , , , , , , , , , , , , , , , , , , , , , , , , , , , , , , , , , , , , , , , , , , , , , , , , , , , , , , , , , , , , , , , , , , , , , , , , , , , , , , , , , , , , , , , , , , , , , , , , , , , , , , , , , , , , , , , , , , , , , , , , , , , , , , , , , , , , , , , , , , , , , , , , , , , , , , , , , , , , , , , , , , , , , , , , , , , , , , , , , , , , , , , , , , , , , , , , , , , , , , , , , , , , , , , , , , , , , , , , , , , , , , , , , , , , , , , , , , , , , , , , , , , , , , , , , , , , , , , , , , , , , , , , , , , , , , , , , , , , , , , , , , , , , , , , , , , , , , , , , , , , , , , , , , , , , , , , , , , , , , , , , , , , , , , , , , , , , , , , , , , , , 
14.0,14.0,1,14.000,18/03/2026 04:01:03,21.424,,11.05, 11.87, 10.57,41.01, -1.70, 6.37,10.477, 9.626, 9.361, 8.572, 8.742, 8.394, 8.381, 8.642, 8.833, 9.346, 9.593, 9.901, 10.085, 10.343, 10.637, 10.963, 11.252, 11.548, 11.800, 12.033, 12.101, 12.225, 12.257, 12.264, 12.202, 12.175, 12.109, 12.054, 12.035, 11.979, 11.937, 11.822, 11.771, 11.757, 11.822, 11.895, 11.906, 12.008, 12.103, 12.131, 12.312, 12.430, 12.504, 12.673, 12.826, 12.926, 12.969, 13.058, 13.175, 13.146, 13.072, 13.171, 13.245, 13.150, 13.096, 13.206, 13.292, 13.255, 13.250, 13.321, 13.411, 13.455, 13.487, 13.536, 13.588, 13.600, 13.680, 13.710, 13.711, 13.713, 13.716, 13.754, 13.789, 13.750, 13.723, 13.741, 13.804, 13.854, 13.853, 13.768, 13.688, 13.735, 13.855, 13.949, 13.985, 13.951, 13.962, 14.002, 14.123, 14.272, 14.362, 14.383, 14.359, 14.337, 14.367, 14.442, 14.522, 14.543, 14.468, 14.340, 14.215, 14.159, 14.106, 13.922, 13.345, 12.388, 11.525, 11.024, 10.776, 10.637, 10.629, 10.760, 11.110, 11.590, 12.075, 12.489, 12.757, 12.918, 12.990, 13.042, 13.134, 13.294, 13.518, 13.801, 14.106, 14.373, 14.589, 14.685, 14.688, 14.601, 14.480, 14.351, 14.256, 14.215, 14.239, 14.338, 14.493, 14.608, 14.660, 14.699, 14.652, 14.541, 14.371, 14.198, 14.036, 13.905, 13.799, 13.747, 13.683, 13.600, 13.439, 13.057, 12.217, 10.636, 8.638, 7.190, 6.583, 6.356, 6.309, 6.405, 6.579, 6.834, 7.119, 7.449, 7.823, 8.204, 8.604, 9.003, 9.394, 9.762, 10.129, 10.476, 10.786, 11.063, 11.325, 11.544, 11.727, 11.898, 12.050, 12.190, 12.306, 12.435, 12.538, 12.653, 12.763, 12.809, 12.814, 12.803, 12.931, 12.999, 12.968, 12.992, 12.980, 12.876, 12.806, 12.648, 12.435, 12.123, 11.820, 11.573, 11.278, 11.135, 10.967, 10.797, 10.589, 10.391, 10.268, 10.028, 9.827, 9.763, 9.512, 9.596, 9.376, 9.178, 9.322, 9.357, 16.3,1160617.0,1202501.0,873785.10,45681.88,2880.38,20723.88,506.99,25000.99,244.44,215.73,26.59,434.61,19.08,2309.28,27.30,1453.48,18.77,1516.01,55.38,89.03,6.68,93.35,15.21,461.07,13.36,27744.58,147.57,0.00,115.48,0.00,12.70,19.71,2.20,76.81,2.40,38.85,1.28,0.00,4.49,67.12,1.03,95.41,1.19,4.94,0.73,74.33,1.21,0.00,26.39,0.00,46.35,0.00,391.39,24.13,5.75,49.49,8.35,0.00,480.76,0.00,37.98,0.00,21.73,4.95,1.08,35.22,3.37,0.00,126.46,0.00,54.26,218545.05,75753.16,4776.46,39157.00,957.94,53485.49,522.94,494.32,60.93,1085.18,47.64,2781.77,32.89,2033.72,26.26,2529.45,92.40,158.94,11.93,136.44,22.23,662.48,19.20,39667.64,210.99,0.00,146.83,0.00,16.16,24.67,2.75,95.61,2.99,51.29,1.69,0.00,6.31,73.40,1.13,112.83,1.41,6.27,0.93,100.40,1.63,0.00,30.93,0.00,61.81,0.00,420.40,27.56,6.57,62.83,10.60,0.00,575.52,0.00,44.59,0.00,23.46,5.33,1.16,39.26,3.76,0.00,143.90,0.00,61.55
14.5,14.5,1,14.500,18/03/2026 04:01:03,24.862, , , , , , , , , , , , , , , , , , , , , , , , , , , , , , , , , , , , , , , , , , , , , , , , , , , , , , , , , , , , , , , , , , , , , , , , , , , , , , , , , , , , , , , , , , , , , , , , , , , , , , , , , , , , , , , , , , , , , , , , , , , , , , , , , , , , , , , , , , , , , , , , , , , , , , , , , , , , , , , , , , , , , , , , , , , , , , , , , , , , , , , , , , , , , , , , , , , , , , , , , , , , , , , , , , , , , , , , , , , , , , , , , , , , , , , , , , , , , , , , , , , , , , , , , , , , , , , , , , , , , , , , , , , , , , , , , , , , , , , , , , , , , , , , , , , , , , , , , , , , , , , , , , , , , , , , , , , , , , , , , , , , , , , , , , , , , , , , , , , , , , , , , , , , , , , , , , , , , , , , , , , , 
15.0,15.0,1,15.000,18/03/2026 04:01:29,22.219,,11.51, 12.35, 10.98,41.76, -1.59, 6.51,10.716, 8.941, 10.067, 9.250, 8.647, 8.942, 8.822, 8.841, 9.165, 9.725, 10.032, 10.265, 10.451, 10.691, 11.017, 11.320, 11.685, 12.028, 12.244, 12.411, 12.623, 12.752, 12.706, 12.793, 12.770, 12.623, 12.702, 12.520, 12.606, 12.474, 12.501, 12.332, 12.334, 12.231, 12.429, 12.293, 12.547, 12.439, 12.603, 12.735, 12.693, 12.998, 12.996, 13.085, 13.371, 13.313, 13.377, 13.588, 13.495, 13.456, 13.614, 13.579, 13.436, 13.520, 13.613, 13.526, 13.477, 13.611, 13.712, 13.628, 13.606, 13.713, 13.847, 13.833, 13.785, 13.834, 14.010, 14.078, 14.022, 13.927, 13.966, 14.064, 14.074, 13.978, 13.883, 13.880, 13.982, 14.067, 14.011, 13.880, 13.759, 13.776, 13.916, 14.040, 14.077, 14.035, 13.980, 13.989, 14.086, 14.233, 14.341, 14.380, 14.346, 14.276, 14.241, 14.280, 14.333, 14.371, 14.323, 14.239, 14.106, 13.989, 13.840, 13.565, 12.908, 11.936, 11.150, 10.773, 10.636, 10.538, 10.505, 10.542, 10.733, 11.076, 11.456, 11.846, 12.198, 12.499, 12.749, 12.944, 13.081, 13.203, 13.327, 13.433, 13.555, 13.668, 13.772, 13.887, 13.982, 14.054, 14.099, 14.118, 14.125, 14.108, 14.097, 14.086, 14.085, 14.034, 13.926, 13.865, 13.796, 13.704, 13.648, 13.613, 13.618, 13.618, 13.525, 13.511, 13.458, 13.342, 13.076, 12.566, 11.598, 9.936, 7.910, 6.479, 5.883, 5.727, 5.769, 5.966, 6.262, 6.582, 6.956, 7.339, 7.705, 8.063, 8.395, 8.692, 8.964, 9.212, 9.452, 9.684, 9.941, 10.178, 10.464, 10.715, 10.985, 11.250, 11.484, 11.717, 11.931, 12.100, 12.264, 12.402, 12.514, 12.552, 12.494, 12.406, 12.370, 12.333, 12.157, 12.037, 11.939, 11.788, 11.638, 11.492, 11.306, 11.067, 10.910, 10.773, 10.629, 10.597, 10.589, 10.546, 10.438, 10.382, 10.277, 10.172, 10.015, 9.865, 9.640, 9.560, 9.286, 8.981, 8.848, 8.617, 16.3,1152054.0,1238706.0,876163.33,33065.21,2694.93,22030.02,517.67,32930.16,282.68,439.13,29.56,478.21,19.33,3477.90,32.50,1879.73,21.44,1725.88,58.00,79.13,6.83,77.33,15.71,465.46,13.57,26778.83,140.02,0.00,116.89,0.00,16.11,21.90,2.28,79.15,2.48,27.95,1.31,1.47,0.43,65.86,1.02,105.44,1.24,8.47,0.77,80.48,1.26,0.00,27.06,0.00,47.43,0.00,398.34,0.00,277.05,0.00,460.48,0.00,494.03,0.00,51.15,0.00,25.92,18.97,1.34,0.00,122.42,0.00,136.08,0.00,59.53,218515.73,54831.24,4468.94,41624.90,978.12,70448.64,604.75,1006.21,67.73,1194.04,48.27,4189.49,39.15,2630.13,30.00,2879.62,96.77,141.26,12.19,113.02,22.96,668.79,19.50,38286.87,200.19,0.00,148.62,0.00,20.50,27.41,2.85,98.52,3.09,36.90,1.73,2.07,0.60,72.02,1.12,124.69,1.47,10.76,0.98,108.71,1.70,0.00,31.72,0.00,63.25,0.00,427.86,0.00,316.48,0.00,584.59,0.00,591.40,0.00,60.05,0.00,27.99,20.43,1.44,0.00,136.48,0.00,154.85,0.00,67.53
15.5,15.5,1,15.500,18/03/2026 04:01:46,23.673, , , , , , , , , , , , , , , , , , , , , , , , , , , , , , , , , , , , , , , , , , , , , , , , , , , , , , , , , , , , , , , , , , , , , , , , , , , , , , , , , , , , , , , , , , , , , , , , , , , , , , , , , , , , , , , , , , , , , , , , , , , , , , , , , , , , , , , , , , , , , , , , , , , , , , , , , , , , , , , , , , , , , , , , , , , , , , , , , , , , , , , , , , , , , , , , , , , , , , , , , , , , , , , , , , , , , , , , , , , , , , , , , , , , , , , , , , , , , , , , , , , , , , , , , , , , , , , , , , , , , , , , , , , , , , , , , , , , , , , , , , , , , , , , , , , , , , , , , , , , , , , , , , , , , , , , , , , , , , , , , , , , , , , , , , , , , , , , , , , , , , , , , , , , , , , , , , , , , , , , , , , , 
16.0,16.0,1,16.000,18/03/2026 04:02:12,27.972,,12.83, 13.75, 12.80,43.87, -1.55, 5.25,12.874, 12.209, 12.387, 11.427, 10.692, 10.638, 10.551, 10.606, 10.929, 11.412, 11.674, 11.935, 12.143, 12.353, 12.567, 12.771, 13.177, 13.558, 13.647, 13.857, 14.066, 14.046, 14.161, 14.060, 14.100, 13.955, 13.937, 13.825, 13.844, 13.703, 13.762, 13.531, 13.594, 13.445, 13.557, 13.562, 13.541, 13.681, 13.658, 13.768, 13.930, 13.947, 14.085, 14.303, 14.276, 14.407, 14.624, 14.513, 14.503, 14.715, 14.649, 14.483, 14.584, 14.699, 14.595, 14.513, 14.613, 14.725, 14.739, 14.688, 14.711, 14.798, 14.909, 14.952, 14.937, 14.925, 14.964, 15.063, 15.065, 15.066, 15.068, 15.087, 15.089, 15.045, 15.038, 15.097, 15.173, 15.175, 15.075, 14.934, 14.886, 14.966, 15.162, 15.300, 15.293, 15.190, 15.106, 15.111, 15.247, 15.445, 15.628, 15.697, 15.649, 15.557, 15.467, 15.437, 15.451, 15.507, 15.563, 15.563, 15.536, 15.485, 15.348, 15.016, 14.293, 13.294, 12.499, 12.187, 12.195, 12.278, 12.434, 12.579, 12.794, 13.019, 13.209, 13.351, 13.469, 13.641, 13.875, 14.196, 14.562, 14.938, 15.260, 15.510, 15.656, 15.669, 15.575, 15.416, 15.256, 15.118, 15.064, 15.116, 15.255, 15.468, 15.732, 15.996, 16.218, 16.323, 16.273, 16.161, 15.921, 15.615, 15.286, 15.014, 14.803, 14.680, 14.563, 14.613, 14.702, 14.787, 14.802, 14.564, 13.876, 12.438, 10.517, 9.072, 8.369, 8.054, 7.902, 7.894, 7.988, 8.133, 8.368, 8.621, 8.958, 9.314, 9.700, 10.105, 10.527, 10.959, 11.392, 11.808, 12.216, 12.586, 12.921, 13.213, 13.470, 13.679, 13.818, 13.941, 14.004, 14.033, 14.066, 14.098, 14.096, 13.981, 13.880, 13.734, 13.739, 13.736, 13.671, 13.654, 13.681, 13.674, 13.676, 13.684, 13.545, 13.430, 13.301, 13.219, 13.160, 13.130, 13.133, 13.083, 13.020, 12.883, 12.689, 12.477, 12.208, 12.048, 11.815, 11.512, 11.305, 11.063, 10.720, 10.512, 16.3,1118410.0,1297698.0,833626.63,52458.89,3042.80,26833.53,589.59,40654.09,339.93,355.37,31.07,404.10,20.51,5066.15,42.66,2075.78,24.76,2387.77,68.27,0.00,23.29,128.33,17.85,576.59,15.97,34845.38,191.58,0.00,141.93,0.00,17.94,48.77,3.01,110.66,3.14,59.08,1.63,2.59,0.52,114.58,1.47,120.77,1.46,18.34,0.97,94.97,1.46,3.52,1.06,0.00,50.58,0.00,436.24,0.00,305.28,0.00,510.96,0.00,531.23,0.00,56.30,0.00,27.06,0.00,38.39,14.12,4.08,0.00,143.76,0.00,63.86,291035.38,86991.31,5045.80,50700.95,1114.01,86972.71,727.22,814.28,71.19,1009.00,51.21,6102.71,51.39,2904.44,34.64,3983.98,113.91,0.00,41.58,187.56,26.09,828.47,22.95,49819.97,273.91,0.00,180.46,0.00,22.83,61.05,3.77,137.74,3.91,78.00,2.15,3.64,0.73,125.30,1.61,142.82,1.73,23.29,1.23,128.28,1.97,4.13,1.24,0.00,67.45,0.00,468.57,0.00,348.73,0.00,648.67,0.00,635.94,0.00,66.10,0.00,29.22,0.00,41.35,15.74,4.55,0.00,163.59,0.00,72.44
16.5,16.5,1,16.500,18/03/2026 04:02:29,28.434, , , , , , , , , , , , , , , , , , , , , , , , , , , , , , , , , , , , , , , , , , , , , , , , , , , , , , , , , , , , , , , , , , , , , , , , , , , , , , , , , , , , , , , , , , , , , , , , , , , , , , , , , , , , , , , , , , , , , , , , , , , , , , , , , , , , , , , , , , , , , , , , , , , , , , , , , , , , , , , , , , , , , , , , , , , , , , , , , , , , , , , , , , , , , , , , , , , , , , , , , , , , , , , , , , , , , , , , , , , , , , , , , , , , , , , , , , , , , , , , , , , , , , , , , , , , , , , , , , , , , , , , , , , , , , , , , , , , , , , , , , , , , , , , , , , , , , , , , , , , , , , , , , , , , , , , , , , , , , , , , , , , , , , , , , , , , , , , , , , , , , , , , , , , , , , , , , , , , , , , , , , , 
17.0,17.0,1,17.000,18/03/2026 04:02:55,31.347,,10.69, 11.50, 10.42,40.40, -1.78, 5.78,9.860, 8.421, 9.327, 8.194, 8.203, 8.147, 8.230, 8.450, 8.765, 9.212, 9.508, 9.780, 9.900, 10.137, 10.436, 10.683, 10.994, 11.292, 11.459, 11.620, 11.761, 11.815, 11.815, 11.845, 11.772, 11.712, 11.645, 11.588, 11.546, 11.492, 11.441, 11.365, 11.280, 11.302, 11.299, 11.365, 11.375, 11.457, 11.539, 11.617, 11.772, 11.885, 12.009, 12.184, 12.311, 12.433, 12.547, 12.610, 12.661, 12.698, 12.705, 12.728, 12.745, 12.733, 12.756, 12.802, 12.839, 12.861, 12.935, 13.031, 13.088, 13.093, 13.190, 13.324, 13.385, 13.391, 13.356, 13.448, 13.559, 13.608, 13.591, 13.561, 13.595, 13.658, 13.728, 13.766, 13.764, 13.751, 13.758, 13.784, 13.827, 13.882, 13.940, 13.968, 14.000, 14.085, 14.194, 14.324, 14.430, 14.501, 14.516, 14.557, 14.609, 14.698, 14.831, 14.924, 14.954, 14.913, 14.804, 14.711, 14.669, 14.689, 14.682, 14.507, 13.903, 12.891, 12.010, 11.549, 11.408, 11.373, 11.437, 11.590, 11.904, 12.305, 12.706, 13.057, 13.341, 13.569, 13.768, 13.976, 14.198, 14.433, 14.663, 14.882, 15.079, 15.219, 15.315, 15.368, 15.387, 15.396, 15.410, 15.443, 15.491, 15.559, 15.654, 15.749, 15.826, 15.846, 15.781, 15.699, 15.573, 15.416, 15.255, 15.152, 15.099, 15.087, 15.062, 15.108, 15.126, 15.084, 14.909, 14.469, 13.501, 11.739, 9.485, 7.823, 7.055, 6.772, 6.726, 6.852, 7.098, 7.427, 7.810, 8.235, 8.692, 9.145, 9.591, 10.027, 10.426, 10.814, 11.171, 11.520, 11.822, 12.097, 12.381, 12.614, 12.831, 13.047, 13.240, 13.420, 13.604, 13.748, 13.905, 14.030, 14.139, 14.171, 14.107, 14.036, 14.132, 14.175, 14.123, 14.073, 14.043, 13.975, 13.880, 13.727, 13.507, 13.231, 12.975, 12.703, 12.513, 12.395, 12.319, 12.194, 12.014, 11.871, 11.665, 11.527, 11.354, 11.038, 10.984, 10.708, 10.499, 10.371, 10.227, 9.914, 16.3,1070781.0,1291797.0,849899.90,46381.14,2973.93,23378.40,553.55,35798.48,312.40,477.36,32.04,391.92,20.14,3632.18,35.26,2149.69,24.07,2154.38,64.65,87.43,7.35,219.36,19.69,562.25,15.62,34246.61,186.62,0.00,135.62,0.00,15.89,44.88,2.88,75.23,2.64,41.84,1.54,0.00,4.95,91.00,1.28,114.83,1.41,4.59,0.84,91.96,1.43,5.23,1.04,0.00,50.09,61.17,9.11,73.47,6.18,0.00,473.72,0.00,497.01,0.00,54.13,0.00,27.67,16.66,1.43,0.00,128.72,0.00,142.49,0.00,59.85,261712.99,76912.72,4931.60,44172.61,1045.91,76584.94,668.33,1093.81,73.42,978.59,50.29,4375.34,42.47,3007.86,33.68,3594.57,107.87,156.08,13.12,320.61,28.78,807.86,22.44,48963.88,266.82,0.00,172.44,0.00,20.22,56.18,3.61,93.64,3.29,55.24,2.03,0.00,6.96,99.52,1.40,135.80,1.67,5.83,1.07,124.22,1.93,6.13,1.22,0.00,66.79,65.70,9.79,83.93,7.06,0.00,601.40,0.00,594.97,0.00,63.55,0.00,29.88,17.95,1.54,0.00,143.50,0.00,162.14,0.00,67.90
17.5,17.5,1,17.500,18/03/2026 04:03:12,32.406,1157879.825, , , , , , , , , , , , , , , , , , , , , , , , , , , , , , , , , , , , , , , , , , , , , , , , , , , , , , , , , , , , , , , , , , , , , , , , , , , , , , , , , , , , , , , , , , , , , , , , , , , , , , , , , , , , , , , , , , , , , , , , , , , , , , , , , , , , , , , , , , , , , , , , , , , , , , , , , , , , , , , , , , , , , , , , , , , , , , , , , , , , , , , , , , , , , , , , , , , , , , , , , , , , , , , , , , , , , , , , , , , , , , , , , , , , , , , , , , , , , , , , , , , , , , , , , , , , , , , , , , , , , , , , , , , , , , , , , , , , , , , , , , , , , , , , , , , , , , , , , , , , , , , , , , , , , , , , , , , , , , , , , , , , , , , , , , , , , , , , , , , , , , , , , , , , , , , , , , , , , , , , , , , 
18.0,18.0,1,18.000,18/03/2026 04:03:38,32.143,,12.92, 13.86, 13.43,44.03, -1.63, 3.95,16.089, 13.183, 13.111, 12.404, 11.545, 11.421, 11.277, 11.371, 11.663, 12.111, 12.284, 12.467, 12.592, 12.794, 13.057, 13.252, 13.512, 13.768, 13.931, 14.022, 14.089, 14.170, 14.132, 14.062, 14.048, 13.920, 13.836, 13.796, 13.667, 13.683, 13.549, 13.560, 13.409, 13.479, 13.359, 13.480, 13.381, 13.521, 13.548, 13.589, 13.850, 13.800, 14.039, 14.238, 14.189, 14.476, 14.584, 14.446, 14.657, 14.764, 14.524, 14.585, 14.820, 14.662, 14.497, 14.739, 14.925, 14.762, 14.694, 14.993, 15.205, 15.076, 14.983, 15.212, 15.491, 15.508, 15.312, 15.257, 15.493, 15.745, 15.713, 15.486, 15.353, 15.530, 15.804, 15.908, 15.796, 15.597, 15.573, 15.733, 15.964, 16.095, 16.052, 15.933, 15.899, 16.046, 16.317, 16.558, 16.675, 16.647, 16.542, 16.516, 16.623, 16.850, 17.094, 17.260, 17.278, 17.157, 16.982, 16.894, 16.925, 17.055, 17.204, 17.182, 16.750, 15.874, 14.993, 14.538, 14.419, 14.434, 14.578, 14.811, 15.163, 15.552, 15.876, 16.120, 16.267, 16.381, 16.529, 16.749, 16.999, 17.277, 17.534, 17.775, 17.939, 18.029, 18.068, 18.036, 18.010, 17.974, 18.008, 18.102, 18.244, 18.401, 18.548, 18.682, 18.779, 18.773, 18.674, 18.555, 18.370, 18.182, 18.044, 17.963, 17.980, 18.069, 18.138, 18.268, 18.355, 18.366, 18.251, 17.884, 17.036, 15.410, 13.146, 11.319, 10.396, 10.016, 9.946, 10.106, 10.460, 10.920, 11.450, 12.000, 12.561, 13.089, 13.594, 14.052, 14.418, 14.750, 15.059, 15.305, 15.533, 15.734, 15.906, 16.054, 16.218, 16.425, 16.631, 16.876, 17.111, 17.367, 17.619, 17.852, 18.063, 18.136, 18.073, 18.024, 18.160, 18.243, 18.139, 18.083, 18.033, 17.879, 17.731, 17.536, 17.257, 16.868, 16.525, 16.221, 16.078, 16.004, 16.014, 16.088, 16.060, 16.039, 16.043, 15.997, 15.963, 15.893, 15.842, 15.681, 15.582, 15.451, 15.401, 15.274, 16.3,1008280.0,1302756.0,826052.17,46529.75,3081.18,30019.89,637.36,46094.33,379.33,347.61,32.98,267.89,20.83,6087.31,49.47,2587.65,28.42,2276.54,69.78,62.61,7.44,298.61,22.02,675.09,17.87,38003.70,213.73,0.00,152.37,0.00,15.51,51.95,3.20,107.43,3.24,24.54,1.57,0.00,4.83,123.02,1.59,115.10,1.49,14.31,1.01,121.17,1.66,0.00,29.23,0.00,52.10,33.43,9.71,20.31,6.65,0.00,506.40,34.84,10.46,0.00,53.99,0.00,27.18,25.92,1.70,24.83,4.17,0.00,143.46,0.00,60.36,305402.90,77159.16,5109.45,56721.46,1204.27,98611.21,811.51,796.50,75.57,668.90,52.01,7332.80,59.59,3620.66,39.77,3798.39,116.43,111.77,13.28,436.44,32.18,970.00,25.68,54335.56,305.58,0.00,193.74,0.00,19.74,65.03,4.01,133.72,4.03,32.40,2.07,0.00,6.79,134.53,1.74,136.12,1.76,18.17,1.28,163.67,2.24,0.00,34.26,0.00,69.47,35.91,10.43,23.20,7.60,0.00,642.88,41.71,12.52,0.00,63.39,0.00,29.35,27.92,1.83,27.68,4.65,0.00,163.24,0.00,68.47
18.5,18.5,1,18.500,18/03/2026 04:03:56,32.076, , , , , , , , , , , , , , , , , , , , , , , , , , , , , , , , , , , , , , , , , , , , , , , , , , , , , , , , , , , , , , , , , , , , , , , , , , , , , , , , , , , , , , , , , , , , , , , , , , , , , , , , , , , , , , , , , , , , , , , , , , , , , , , , , , , , , , , , , , , , , , , , , , , , , , , , , , , , , , , , , , , , , , , , , , , , , , , , , , , , , , , , , , , , , , , , , , , , , , , , , , , , , , , , , , , , , , , , , , , , , , , , , , , , , , , , , , , , , , , , , , , , , , , , , , , , , , , , , , , , , , , , , , , , , , , , , , , , , , , , , , , , , , , , , , , , , , , , , , , , , , , , , , , , , , , , , , , , , , , , , , , , , , , , , , , , , , , , , , , , , , , , , , , , , , , , , , , , , , , , , , , , 
19.0,19.0,1,19.000,18/03/2026 04:04:13,33.997,,12.05, 12.94, 12.65,42.67, -1.73, 3.57,13.342, 12.054, 12.393, 11.159, 10.942, 10.656, 10.663, 10.714, 11.010, 11.403, 11.550, 11.740, 11.867, 12.057, 12.268, 12.462, 12.698, 12.923, 13.033, 13.099, 13.181, 13.228, 13.143, 13.107, 13.052, 12.917, 12.883, 12.771, 12.703, 12.646, 12.555, 12.526, 12.439, 12.433, 12.387, 12.399, 12.420, 12.436, 12.522, 12.572, 12.715, 12.817, 12.935, 13.109, 13.207, 13.311, 13.437, 13.473, 13.511, 13.555, 13.534, 13.528, 13.562, 13.535, 13.526, 13.590, 13.653, 13.643, 13.722, 13.847, 13.928, 13.931, 14.027, 14.153, 14.253, 14.225, 14.268, 14.389, 14.525, 14.565, 14.497, 14.410, 14.457, 14.575, 14.667, 14.663, 14.634, 14.600, 14.682, 14.799, 14.872, 14.910, 14.901, 14.902, 14.996, 15.154, 15.329, 15.467, 15.532, 15.545, 15.569, 15.674, 15.796, 15.974, 16.130, 16.223, 16.218, 16.149, 16.082, 16.068, 16.124, 16.234, 16.297, 16.173, 15.587, 14.586, 13.678, 13.258, 13.196, 13.214, 13.333, 13.537, 13.872, 14.258, 14.608, 14.920, 15.130, 15.314, 15.512, 15.737, 15.981, 16.256, 16.524, 16.780, 16.971, 17.095, 17.169, 17.178, 17.172, 17.175, 17.215, 17.272, 17.354, 17.468, 17.619, 17.762, 17.868, 17.889, 17.823, 17.709, 17.556, 17.381, 17.236, 17.128, 17.099, 17.110, 17.121, 17.178, 17.245, 17.235, 17.106, 16.693, 15.779, 14.054, 11.788, 10.050, 9.224, 8.896, 8.838, 8.979, 9.271, 9.629, 10.053, 10.522, 10.997, 11.459, 11.933, 12.374, 12.788, 13.191, 13.575, 13.913, 14.242, 14.539, 14.822, 15.079, 15.305, 15.530, 15.751, 15.978, 16.172, 16.338, 16.529, 16.673, 16.762, 16.712, 16.565, 16.412, 16.534, 16.649, 16.559, 16.514, 16.513, 16.457, 16.348, 16.199, 15.985, 15.625, 15.362, 15.155, 14.972, 14.929, 14.960, 14.862, 14.788, 14.710, 14.541, 14.321, 14.163, 13.885, 13.771, 13.532, 13.250, 13.164, 12.966, 12.695, 16.3,993309.0,1287091.0,842900.62,29370.91,2893.09,28637.33,633.72,45789.26,377.82,347.26,33.21,251.94,20.89,7302.91,55.47,2379.26,28.16,2671.70,74.08,89.61,8.04,0.00,79.39,498.20,15.92,39168.65,219.02,0.00,155.56,0.00,20.10,58.26,3.42,87.16,3.07,19.94,1.44,0.00,5.43,131.40,1.68,110.45,1.49,17.57,1.07,129.92,1.74,8.83,1.18,0.00,53.32,0.00,455.64,0.00,309.42,0.00,508.06,0.00,545.17,12.59,3.55,0.00,33.01,16.22,1.60,0.00,137.95,0.00,151.88,0.00,70.93,276380.88,48705.07,4797.54,54109.17,1197.39,97958.56,808.28,795.70,76.10,629.07,52.16,8797.12,66.82,3329.08,39.40,4457.71,123.60,159.97,14.35,0.00,116.03,715.83,22.87,56001.14,313.14,0.00,197.79,0.00,25.58,72.93,4.28,108.49,3.82,26.33,1.90,0.00,7.63,143.70,1.84,130.62,1.76,22.31,1.36,175.49,2.35,10.35,1.38,0.00,71.10,0.00,489.41,0.00,353.46,0.00,644.99,0.00,652.62,14.78,4.17,0.00,35.64,17.47,1.72,0.00,153.79,0.00,172.82,0.00,80.47
19.5,19.5,1,19.500,18/03/2026 04:04:48,32.211, , , , , , , , , , , , , , , , , , , , , , , , , , , , , , , , , , , , , , , , , , , , , , , , , , , , , , , , , , , , , , , , , , , , , , , , , , , , , , , , , , , , , , , , , , , , , , , , , , , , , , , , , , , , , , , , , , , , , , , , , , , , , , , , , , , , , , , , , , , , , , , , , , , , , , , , , , , , , , , , , , , , , , , , , , , , , , , , , , , , , , , , , , , , , , , , , , , , , , , , , , , , , , , , , , , , , , , , , , , , , , , , , , , , , , , , , , , , , , , , , , , , , , , , , , , , , , , , , , , , , , , , , , , , , , , , , , , , , , , , , , , , , , , , , , , , , , , , , , , , , , , , , , , , , , , , , , , , , , , , , , , , , , , , , , , , , , , , , , , , , , , , , , , , , , , , , , , , , , , , , , , , 
20.0,20.0,1,20.000,18/03/2026 04:05:13,29.960,,11.95, 12.82, 12.33,42.49, -1.60, 4.08,13.193, 11.842, 11.563, 10.963, 10.394, 10.361, 10.251, 10.463, 10.698, 11.069, 11.272, 11.454, 11.560, 11.774, 12.064, 12.268, 12.450, 12.678, 12.869, 12.991, 13.019, 13.105, 13.105, 12.990, 13.027, 12.869, 12.857, 12.761, 12.705, 12.659, 12.599, 12.521, 12.527, 12.406, 12.523, 12.400, 12.525, 12.561, 12.547, 12.780, 12.796, 12.916, 13.170, 13.207, 13.345, 13.576, 13.586, 13.597, 13.763, 13.785, 13.669, 13.724, 13.832, 13.771, 13.684, 13.794, 13.938, 13.937, 13.897, 14.002, 14.205, 14.253, 14.246, 14.272, 14.441, 14.568, 14.596, 14.556, 14.495, 14.609, 14.776, 14.819, 14.759, 14.640, 14.647, 14.792, 14.988, 15.060, 14.994, 14.862, 14.813, 14.945, 15.166, 15.343, 15.426, 15.398, 15.341, 15.385, 15.557, 15.802, 15.970, 16.107, 16.112, 16.085, 16.061, 16.092, 16.201, 16.321, 16.390, 16.409, 16.390, 16.373, 16.285, 16.026, 15.390, 14.450, 13.660, 13.356, 13.356, 13.381, 13.446, 13.566, 13.798, 14.103, 14.417, 14.736, 15.027, 15.334, 15.628, 15.914, 16.174, 16.437, 16.672, 16.864, 16.982, 17.044, 17.051, 17.052, 17.069, 17.113, 17.198, 17.313, 17.447, 17.593, 17.743, 17.891, 17.993, 17.993, 17.886, 17.732, 17.513, 17.288, 17.084, 16.959, 16.944, 17.018, 17.086, 17.227, 17.327, 17.370, 17.294, 16.932, 16.053, 14.287, 11.883, 9.984, 9.034, 8.620, 8.471, 8.544, 8.795, 9.156, 9.603, 10.114, 10.686, 11.269, 11.859, 12.421, 12.941, 13.430, 13.868, 14.261, 14.614, 14.904, 15.147, 15.330, 15.478, 15.581, 15.687, 15.785, 15.876, 15.963, 16.077, 16.197, 16.310, 16.338, 16.310, 16.280, 16.529, 16.742, 16.784, 16.877, 16.981, 16.978, 16.969, 16.856, 16.639, 16.333, 15.989, 15.674, 15.428, 15.239, 15.118, 14.930, 14.629, 14.351, 14.075, 13.747, 13.519, 13.364, 13.133, 12.997, 12.690, 12.632, 12.626, 12.598, 16.3,1010009.0,1273316.0,842341.23,31798.38,2869.14,32033.97,650.18,42832.71,358.38,434.16,33.47,229.97,20.33,6924.08,52.96,1682.41,24.48,2176.67,68.12,76.19,7.46,110.95,18.65,574.42,16.44,38158.20,210.56,0.00,152.08,0.00,18.04,36.47,2.95,103.34,3.18,32.79,1.46,1.82,0.51,125.53,1.60,99.53,1.38,13.85,1.00,127.32,1.67,8.36,1.13,0.00,51.86,0.00,432.14,0.00,300.83,0.00,503.40,41.39,10.32,0.00,54.91,0.00,30.40,8.87,1.40,27.39,4.05,0.00,141.04,0.00,60.57,277230.69,52730.48,4757.83,60526.99,1228.49,91633.51,766.69,994.82,76.69,574.21,50.76,8340.78,63.80,2354.04,34.25,3631.76,113.66,136.01,13.32,162.16,27.26,825.35,23.62,54556.45,301.05,0.00,193.37,0.00,22.96,45.65,3.69,128.63,3.96,43.29,1.93,2.56,0.72,137.28,1.75,117.70,1.63,17.59,1.27,171.98,2.26,9.80,1.32,0.00,69.15,0.00,464.17,0.00,343.65,0.00,639.08,49.55,12.35,0.00,64.47,0.00,32.82,9.55,1.51,30.54,4.52,0.00,160.49,0.00,68.71
20.5,20.5,1,20.500,18/03/2026 04:05:31,25.263, , , , , , , , , , , , , , , , , , , , , , , , , , , , , , , , , , , , , , , , , , , , , , , , , , , , , , , , , , , , , , , , , , , , , , , , , , , , , , , , , , , , , , , , , , , , , , , , , , , , , , , , , , , , , , , , , , , , , , , , , , , , , , , , , , , , , , , , , , , , , , , , , , , , , , , , , , , , , , , , , , , , , , , , , , , , , , , , , , , , , , , , , , , , , , , , , , , , , , , , , , , , , , , , , , , , , , , , , , , , , , , , , , , , , , , , , , , , , , , , , , , , , , , , , , , , , , , , , , , , , , , , , , , , , , , , , , , , , , , , , , , , , , , , , , , , , , , , , , , , , , , , , , , , , , , , , , , , , , , , , , , , , , , , , , , , , , , , , , , , , , , , , , , , , , , , , , , , , , , , , , , , 
21.0,21.0,1,21.000,18/03/2026 04:05:48,17.128,,8.33, 8.96, 7.92,35.91, -1.67, 6.03,7.548, 7.130, 6.973, 6.579, 6.343, 6.168, 6.289, 6.361, 6.648, 6.947, 7.178, 7.414, 7.570, 7.788, 8.016, 8.257, 8.501, 8.758, 8.927, 9.047, 9.159, 9.242, 9.227, 9.268, 9.208, 9.170, 9.149, 9.084, 9.093, 9.039, 9.027, 8.932, 8.870, 8.896, 8.936, 9.034, 9.052, 9.170, 9.251, 9.308, 9.496, 9.584, 9.688, 9.908, 10.011, 10.088, 10.266, 10.357, 10.337, 10.425, 10.525, 10.497, 10.451, 10.534, 10.614, 10.583, 10.547, 10.652, 10.789, 10.807, 10.776, 10.815, 10.990, 11.113, 11.120, 11.100, 11.058, 11.218, 11.398, 11.401, 11.363, 11.316, 11.362, 11.496, 11.597, 11.640, 11.602, 11.550, 11.558, 11.619, 11.700, 11.775, 11.794, 11.752, 11.698, 11.731, 11.876, 12.096, 12.266, 12.345, 12.311, 12.245, 12.205, 12.263, 12.415, 12.610, 12.750, 12.748, 12.616, 12.414, 12.211, 12.108, 12.024, 11.789, 11.108, 10.077, 9.213, 8.736, 8.476, 8.304, 8.224, 8.281, 8.552, 8.987, 9.498, 10.013, 10.442, 10.779, 11.024, 11.202, 11.338, 11.464, 11.605, 11.773, 11.971, 12.169, 12.391, 12.583, 12.726, 12.839, 12.895, 12.911, 12.881, 12.841, 12.802, 12.751, 12.712, 12.646, 12.548, 12.467, 12.376, 12.247, 12.163, 12.120, 12.103, 12.131, 12.202, 12.193, 12.119, 11.964, 11.620, 10.977, 9.835, 8.012, 6.050, 4.788, 4.286, 4.136, 4.169, 4.340, 4.587, 4.893, 5.230, 5.596, 5.959, 6.311, 6.648, 6.967, 7.256, 7.507, 7.752, 7.973, 8.189, 8.399, 8.628, 8.821, 9.034, 9.255, 9.453, 9.670, 9.886, 10.082, 10.280, 10.459, 10.599, 10.672, 10.700, 10.673, 10.718, 10.710, 10.619, 10.516, 10.404, 10.249, 10.088, 9.855, 9.629, 9.270, 8.968, 8.666, 8.424, 8.244, 8.061, 7.905, 7.738, 7.562, 7.462, 7.302, 7.135, 7.045, 6.915, 6.825, 6.684, 6.707, 6.601, 6.506, 16.3,1090121.0,1160038.0,882303.54,48051.03,2952.22,17292.79,473.48,20924.15,223.96,376.92,28.54,147.78,17.52,997.12,21.50,616.05,14.44,1224.70,52.20,0.00,18.83,171.24,15.73,427.14,13.04,27112.66,146.40,0.00,118.39,0.00,15.05,15.94,2.15,37.50,1.85,102.24,1.82,0.00,4.49,42.06,0.85,62.32,0.98,9.52,0.73,53.35,1.10,0.00,26.87,0.00,46.60,0.00,384.93,0.00,262.37,0.00,435.05,0.00,460.58,0.00,43.51,0.00,20.15,0.00,31.06,32.00,3.46,0.00,129.49,0.00,60.85,202528.19,79681.86,4895.59,32674.08,894.62,44763.76,479.13,863.66,65.40,368.99,43.75,1201.14,25.90,861.98,20.20,2043.40,87.10,0.00,33.62,250.28,22.99,613.73,18.74,38764.16,209.31,0.00,150.53,0.00,19.15,19.95,2.69,46.68,2.30,134.99,2.40,0.00,6.31,46.00,0.93,73.70,1.16,12.09,0.93,72.06,1.49,0.00,31.50,0.00,62.14,0.00,413.46,0.00,299.71,0.00,552.30,0.00,551.36,0.00,51.08,0.00,21.76,0.00,33.46,35.67,3.86,0.00,147.35,0.00,69.03
21.5,21.5,1,21.500,18/03/2026 04:06:14,17.067, , , , , , , , , , , , , , , , , , , , , , , , , , , , , , , , , , , , , , , , , , , , , , , , , , , , , , , , , , , , , , , , , , , , , , , , , , , , , , , , , , , , , , , , , , , , , , , , , , , , , , , , , , , , , , , , , , , , , , , , , , , , , , , , , , , , , , , , , , , , , , , , , , , , , , , , , , , , , , , , , , , , , , , , , , , , , , , , , , , , , , , , , , , , , , , , , , , , , , , , , , , , , , , , , , , , , , , , , , , , , , , , , , , , , , , , , , , , , , , , , , , , , , , , , , , , , , , , , , , , , , , , , , , , , , , , , , , , , , , , , , , , , , , , , , , , , , , , , , , , , , , , , , , , , , , , , , , , , , , , , , , , , , , , , , , , , , , , , , , , , , , , , , , , , , , , , , , , , , , , , , , , 
22.0,22.0,1,22.000,18/03/2026 04:06:31,16.665,,8.67, 9.34, 7.88,36.63, -1.82, 7.40,5.119, 5.721, 6.277, 5.909, 5.799, 5.871, 5.898, 6.165, 6.410, 6.825, 7.107, 7.419, 7.637, 7.915, 8.165, 8.467, 8.758, 9.040, 9.259, 9.411, 9.543, 9.662, 9.694, 9.711, 9.722, 9.618, 9.620, 9.552, 9.575, 9.539, 9.510, 9.376, 9.276, 9.325, 9.436, 9.524, 9.627, 9.715, 9.838, 9.955, 10.063, 10.233, 10.370, 10.486, 10.669, 10.809, 10.861, 10.995, 11.107, 11.097, 11.112, 11.198, 11.242, 11.182, 11.182, 11.288, 11.343, 11.298, 11.288, 11.394, 11.501, 11.471, 11.450, 11.513, 11.669, 11.750, 11.708, 11.683, 11.728, 11.871, 11.961, 11.962, 11.916, 11.828, 11.887, 12.013, 12.079, 12.071, 11.975, 11.835, 11.802, 11.892, 11.997, 12.043, 12.031, 11.972, 11.974, 12.101, 12.242, 12.323, 12.376, 12.378, 12.314, 12.295, 12.357, 12.466, 12.496, 12.428, 12.300, 12.126, 11.960, 11.820, 11.689, 11.379, 10.566, 9.364, 8.374, 7.863, 7.632, 7.521, 7.508, 7.596, 7.907, 8.358, 8.837, 9.260, 9.581, 9.835, 10.070, 10.274, 10.453, 10.626, 10.823, 11.064, 11.343, 11.588, 11.781, 11.859, 11.877, 11.850, 11.817, 11.779, 11.761, 11.710, 11.683, 11.685, 11.741, 11.787, 11.799, 11.789, 11.680, 11.506, 11.317, 11.122, 10.997, 10.932, 10.842, 10.773, 10.679, 10.506, 10.215, 9.642, 8.600, 6.944, 5.195, 4.116, 3.697, 3.576, 3.571, 3.641, 3.757, 3.922, 4.130, 4.372, 4.633, 4.913, 5.172, 5.442, 5.717, 5.973, 6.270, 6.566, 6.880, 7.204, 7.531, 7.831, 8.095, 8.317, 8.512, 8.665, 8.794, 8.898, 8.982, 9.057, 9.115, 9.134, 9.111, 9.030, 8.997, 8.886, 8.765, 8.650, 8.544, 8.462, 8.371, 8.288, 8.143, 7.990, 7.805, 7.685, 7.549, 7.411, 7.290, 7.161, 6.949, 6.772, 6.530, 6.361, 6.228, 5.987, 5.877, 5.621, 5.494, 5.311, 5.223, 5.053, 16.3,1283797.0,1089200.0,912761.15,36552.93,2596.28,14713.38,407.49,16915.05,184.34,343.54,24.90,433.68,17.13,120.56,15.21,245.16,10.45,705.65,42.79,0.00,12.33,227.59,13.88,264.05,9.91,16341.74,84.31,0.00,80.77,0.00,10.90,11.32,1.72,40.79,1.64,25.32,0.97,0.00,3.48,35.86,0.67,61.09,0.83,3.98,0.59,36.37,0.88,0.00,24.70,0.00,41.74,45.40,7.11,50.36,4.79,0.00,394.93,40.51,7.73,0.00,41.08,0.00,23.89,6.14,0.91,18.37,2.97,0.00,120.01,0.00,50.61,152660.27,60614.84,4305.35,27800.38,769.94,36186.96,394.36,787.18,57.05,1082.86,42.77,145.23,18.32,343.03,14.62,1177.37,71.39,0.00,22.01,332.64,20.29,379.40,14.24,23364.50,120.54,0.00,102.70,0.00,13.87,14.17,2.15,50.77,2.04,33.43,1.28,0.00,4.89,39.22,0.73,72.24,0.98,5.05,0.75,49.13,1.19,0.00,28.95,0.00,55.66,48.76,7.64,57.53,5.47,0.00,501.37,48.49,9.25,0.00,48.23,0.00,25.80,6.61,0.98,20.48,3.31,0.00,136.56,0.00,57.41
22.5,22.5,1,22.500,18/03/2026 04:06:57,17.524,1157879.760, , , , , , , , , , , , , , , , , , , , , , , , , , , , , , , , , , , , , , , , , , , , , , , , , , , , , , , , , , , , , , , , , , , , , , , , , , , , , , , , , , , , , , , , , , , , , , , , , , , , , , , , , , , , , , , , , , , , , , , , , , , , , , , , , , , , , , , , , , , , , , , , , , , , , , , , , , , , , , , , , , , , , , , , , , , , , , , , , , , , , , , , , , , , , , , , , , , , , , , , , , , , , , , , , , , , , , , , , , , , , , , , , , , , , , , , , , , , , , , , , , , , , , , , , , , , , , , , , , , , , , , , , , , , , , , , , , , , , , , , , , , , , , , , , , , , , , , , , , , , , , , , , , , , , , , , , , , , , , , , , , , , , , , , , , , , , , , , , , , , , , , , , , , , , , , , , , , , , , , , , , , 
23.0,23.0,1,23.000,18/03/2026 04:07:14,17.923,,8.47, 9.12, 7.56,36.21, -1.71, 7.82,4.855, 5.589, 6.242, 5.452, 5.646, 5.570, 5.755, 5.846, 6.081, 6.510, 6.814, 7.135, 7.344, 7.619, 7.900, 8.211, 8.466, 8.740, 8.996, 9.194, 9.295, 9.423, 9.527, 9.481, 9.560, 9.436, 9.446, 9.396, 9.408, 9.393, 9.362, 9.197, 9.168, 9.099, 9.379, 9.313, 9.511, 9.614, 9.595, 9.899, 9.912, 9.999, 10.306, 10.318, 10.409, 10.713, 10.721, 10.700, 10.920, 10.995, 10.864, 10.910, 11.100, 11.042, 10.906, 10.994, 11.184, 11.148, 11.038, 11.077, 11.284, 11.333, 11.269, 11.212, 11.355, 11.527, 11.557, 11.509, 11.424, 11.523, 11.708, 11.777, 11.716, 11.562, 11.507, 11.642, 11.843, 11.871, 11.761, 11.570, 11.389, 11.450, 11.663, 11.820, 11.833, 11.773, 11.687, 11.640, 11.729, 11.940, 12.119, 12.178, 12.155, 12.082, 12.001, 11.933, 11.916, 11.969, 11.974, 11.904, 11.773, 11.649, 11.436, 10.949, 9.948, 8.689, 7.801, 7.430, 7.326, 7.311, 7.333, 7.406, 7.614, 7.907, 8.214, 8.544, 8.885, 9.251, 9.644, 10.007, 10.290, 10.535, 10.754, 10.936, 11.076, 11.145, 11.166, 11.147, 11.136, 11.190, 11.295, 11.417, 11.535, 11.616, 11.666, 11.695, 11.719, 11.677, 11.533, 11.351, 11.086, 10.786, 10.543, 10.360, 10.309, 10.357, 10.433, 10.537, 10.572, 10.513, 10.269, 9.691, 8.583, 6.850, 4.980, 3.787, 3.279, 3.046, 2.953, 2.978, 3.093, 3.273, 3.533, 3.847, 4.214, 4.613, 5.002, 5.364, 5.716, 6.033, 6.318, 6.600, 6.852, 7.104, 7.319, 7.513, 7.670, 7.791, 7.890, 7.954, 8.008, 8.067, 8.145, 8.240, 8.379, 8.497, 8.590, 8.689, 8.769, 8.806, 8.771, 8.748, 8.691, 8.573, 8.473, 8.346, 8.143, 7.895, 7.650, 7.414, 7.203, 7.012, 6.815, 6.531, 6.249, 6.034, 5.742, 5.512, 5.290, 5.062, 4.909, 4.720, 4.566, 4.704, 4.571, 4.516, 16.3,1266413.0,1058387.0,914360.66,31744.22,2567.62,17935.07,442.96,17905.07,192.07,284.25,24.72,494.12,17.88,0.00,902.50,178.06,10.57,377.83,39.45,0.00,14.79,138.50,13.03,205.44,9.13,16034.77,83.26,0.00,80.50,0.00,11.56,5.89,1.64,37.84,1.60,32.34,1.06,0.00,4.30,30.61,0.64,52.95,0.79,5.71,0.60,38.06,0.88,0.00,24.41,0.00,42.93,41.21,7.16,31.31,4.83,0.00,399.71,40.74,7.64,0.00,39.45,0.00,17.17,7.03,0.93,18.33,2.95,0.00,120.44,0.00,51.91,151429.86,52640.67,4257.82,33887.64,836.96,38304.94,410.90,651.32,56.64,1233.77,44.64,0.00,1087.16,249.14,14.79,630.41,65.82,0.00,26.40,202.43,19.04,295.18,13.12,22925.61,119.04,0.00,102.35,0.00,14.71,7.37,2.05,47.10,1.99,42.70,1.40,0.00,6.04,33.48,0.70,62.62,0.93,7.25,0.76,51.41,1.19,0.00,28.61,0.00,57.25,44.26,7.69,35.77,5.52,0.00,507.44,48.77,9.15,0.00,46.32,0.00,18.54,7.57,1.00,20.43,3.29,0.00,137.05,0.00,58.89
23.5,23.5,1,23.500,18/03/2026 04:07:40,18.257, , , , , , , , , , , , , , , , , , , , , , , , , , , , , , , , , , , , , , , , , , , , , , , , , , , , , , , , , , , , , , , , , , , , , , , , , , , , , , , , , , , , , , , , , , , , , , , , , , , , , , , , , , , , , , , , , , , , , , , , , , , , , , , , , , , , , , , , , , , , , , , , , , , , , , , , , , , , , , , , , , , , , , , , , , , , , , , , , , , , , , , , , , , , , , , , , , , , , , , , , , , , , , , , , , , , , , , , , , , , , , , , , , , , , , , , , , , , , , , , , , , , , , , , , , , , , , , , , , , , , , , , , , , , , , , , , , , , , , , , , , , , , , , , , , , , , , , , , , , , , , , , , , , , , , , , , , , , , , , , , , , , , , , , , , , , , , , , , , , , , , , , , , , , , , , , , , , , , , , , , , , , 
24.0,24.0,1,24.000,18/03/2026 04:07:58,19.244,,10.10, 10.84, 9.03,39.31, -1.54, 8.15,7.746, 7.349, 7.004, 7.100, 6.758, 6.689, 6.887, 6.990, 7.296, 7.811, 8.141, 8.538, 8.781, 9.023, 9.387, 9.718, 10.037, 10.365, 10.646, 10.898, 11.049, 11.174, 11.328, 11.321, 11.328, 11.342, 11.207, 11.296, 11.212, 11.325, 11.167, 11.123, 10.881, 11.077, 11.118, 11.332, 11.381, 11.508, 11.679, 11.730, 11.946, 12.040, 12.166, 12.379, 12.457, 12.592, 12.739, 12.764, 12.824, 12.894, 12.880, 12.881, 12.933, 12.921, 12.883, 12.929, 12.993, 12.982, 12.981, 13.057, 13.111, 13.097, 13.097, 13.180, 13.262, 13.269, 13.240, 13.258, 13.315, 13.383, 13.392, 13.356, 13.296, 13.280, 13.324, 13.383, 13.363, 13.300, 13.218, 13.158, 13.144, 13.197, 13.237, 13.227, 13.191, 13.178, 13.229, 13.370, 13.494, 13.534, 13.519, 13.470, 13.416, 13.432, 13.519, 13.615, 13.633, 13.552, 13.365, 13.173, 12.991, 12.870, 12.747, 12.453, 11.655, 10.455, 9.446, 8.905, 8.649, 8.522, 8.493, 8.583, 8.888, 9.354, 9.846, 10.294, 10.643, 10.919, 11.153, 11.344, 11.509, 11.669, 11.829, 12.041, 12.286, 12.516, 12.693, 12.778, 12.813, 12.817, 12.809, 12.783, 12.743, 12.682, 12.651, 12.645, 12.688, 12.723, 12.732, 12.707, 12.625, 12.466, 12.291, 12.162, 12.079, 12.046, 11.948, 11.880, 11.773, 11.580, 11.289, 10.716, 9.673, 7.926, 5.903, 4.598, 4.073, 3.932, 3.952, 4.085, 4.287, 4.547, 4.853, 5.154, 5.468, 5.779, 6.063, 6.346, 6.615, 6.917, 7.209, 7.541, 7.898, 8.249, 8.605, 8.909, 9.202, 9.442, 9.644, 9.827, 9.988, 10.120, 10.235, 10.358, 10.426, 10.460, 10.392, 10.264, 10.191, 10.050, 9.861, 9.725, 9.631, 9.556, 9.485, 9.407, 9.339, 9.168, 9.041, 8.868, 8.727, 8.588, 8.448, 8.375, 8.146, 8.064, 7.830, 7.701, 7.470, 7.273, 7.083, 6.792, 6.517, 6.281, 6.126, 5.890, 16.3,1275659.0,1148653.0,900815.96,42477.56,2673.01,17110.56,435.91,18194.15,193.43,162.42,23.03,565.89,18.16,377.88,16.74,513.58,12.21,605.25,42.29,0.00,15.95,98.31,12.79,319.63,10.66,18442.64,94.98,0.00,86.36,0.00,12.74,12.26,1.80,41.91,1.69,29.77,1.09,0.00,4.59,38.62,0.71,74.18,0.93,0.00,14.14,51.14,0.97,0.00,25.26,0.00,42.32,0.00,358.87,0.00,246.54,0.00,409.77,56.48,7.80,0.00,40.81,0.00,21.43,11.82,1.03,0.00,110.00,0.00,123.63,0.00,50.10,173018.84,70439.51,4432.59,32329.76,823.64,38923.38,413.81,372.16,52.77,1412.97,45.34,455.20,20.17,718.60,17.08,1009.86,70.56,0.00,28.47,143.69,18.69,459.26,15.32,26368.25,135.80,0.00,109.81,0.00,16.21,15.35,2.25,52.17,2.10,39.31,1.44,0.00,6.45,42.23,0.78,87.73,1.10,0.00,17.96,69.08,1.31,0.00,29.61,0.00,56.43,0.00,385.47,0.00,281.63,0.00,520.21,67.61,9.34,0.00,47.91,0.00,23.14,12.73,1.11,0.00,122.63,0.00,140.68,0.00,56.84
24.5,24.5,1,24.500,18/03/2026 04:08:32,21.298, , , , , , , , , , , , , , , , , , , , , , , , , , , , , , , , , , , , , , , , , , , , , , , , , , , , , , , , , , , , , , , , , , , , , , , , , , , , , , , , , , , , , , , , , , , , , , , , , , , , , , , , , , , , , , , , , , , , , , , , , , , , , , , , , , , , , , , , , , , , , , , , , , , , , , , , , , , , , , , , , , , , , , , , , , , , , , , , , , , , , , , , , , , , , , , , , , , , , , , , , , , , , , , , , , , , , , , , , , , , , , , , , , , , , , , , , , , , , , , , , , , , , , , , , , , , , , , , , , , , , , , , , , , , , , , , , , , , , , , , , , , , , , , , , , , , , , , , , , , , , , , , , , , , , , , , , , , , , , , , , , , , , , , , , , , , , , , , , , , , , , , , , , , , , , , , , , , , , , , , , , , , 
25.0,25.0,1,25.000,18/03/2026 04:09:33,23.676,,10.89, 11.68, 10.09,40.70, -1.59, 7.25,10.150, 8.105, 8.459, 8.306, 7.859, 7.827, 7.903, 8.041, 8.342, 8.766, 9.148, 9.502, 9.710, 10.010, 10.347, 10.639, 10.946, 11.270, 11.544, 11.762, 11.882, 12.044, 12.127, 12.092, 12.197, 12.028, 12.057, 11.990, 11.996, 11.994, 11.924, 11.798, 11.720, 11.672, 11.932, 11.823, 12.103, 12.074, 12.185, 12.422, 12.367, 12.630, 12.800, 12.793, 13.071, 13.225, 13.168, 13.340, 13.480, 13.375, 13.388, 13.530, 13.503, 13.414, 13.443, 13.578, 13.552, 13.505, 13.556, 13.703, 13.720, 13.681, 13.713, 13.839, 13.948, 13.951, 13.999, 13.973, 14.061, 14.109, 14.129, 14.133, 14.048, 14.049, 14.128, 14.151, 14.200, 14.144, 14.018, 13.966, 13.974, 14.038, 14.172, 14.189, 14.126, 14.110, 14.203, 14.293, 14.422, 14.558, 14.593, 14.493, 14.429, 14.503, 14.598, 14.671, 14.740, 14.734, 14.593, 14.342, 14.155, 14.100, 14.034, 13.771, 13.049, 11.947, 11.028, 10.488, 10.177, 10.010, 10.017, 10.173, 10.507, 10.961, 11.447, 11.926, 12.326, 12.596, 12.759, 12.874, 13.009, 13.220, 13.474, 13.716, 13.946, 14.135, 14.322, 14.467, 14.564, 14.553, 14.457, 14.329, 14.256, 14.250, 14.317, 14.405, 14.505, 14.527, 14.500, 14.500, 14.454, 14.368, 14.236, 14.078, 13.918, 13.770, 13.514, 13.452, 13.403, 13.321, 13.124, 12.627, 11.588, 9.773, 7.604, 6.155, 5.609, 5.434, 5.418, 5.505, 5.661, 5.878, 6.118, 6.376, 6.710, 7.084, 7.470, 7.873, 8.263, 8.646, 9.034, 9.403, 9.759, 10.140, 10.533, 10.877, 11.209, 11.498, 11.760, 11.917, 12.060, 12.095, 12.125, 12.128, 12.113, 12.079, 11.984, 11.916, 11.897, 11.880, 11.801, 11.742, 11.701, 11.608, 11.558, 11.511, 11.374, 11.208, 11.084, 11.020, 10.939, 10.800, 10.765, 10.606, 10.396, 10.144, 9.878, 9.572, 9.202, 8.859, 8.535, 8.199, 7.924, 7.574, 7.378, 7.216, 16.3,1219065.0,1229387.0,883840.18,43838.70,2753.71,18577.12,464.91,23193.93,226.44,280.64,25.86,549.71,18.80,1264.02,21.44,1093.99,16.11,1085.39,48.91,26.74,5.50,222.88,15.69,353.42,11.67,25255.56,130.25,0.00,107.60,0.00,11.22,29.22,2.23,75.95,2.30,29.85,1.25,0.00,3.55,52.90,0.88,85.42,1.07,5.86,0.69,59.29,1.08,0.00,25.34,0.00,44.98,0.00,378.63,30.11,5.41,0.00,437.82,0.00,453.60,0.00,42.34,0.00,20.51,17.64,1.22,31.46,3.18,0.00,122.32,0.00,52.33,201792.63,72696.65,4566.41,35100.77,878.43,49619.58,484.43,643.05,59.25,1372.57,46.94,1522.64,25.83,1530.72,22.54,1810.97,81.61,47.74,9.82,325.75,22.93,507.81,16.77,36108.98,186.22,0.00,136.81,0.00,14.28,36.58,2.79,94.54,2.86,39.41,1.65,0.00,4.99,57.85,0.96,101.02,1.27,7.44,0.88,80.09,1.46,0.00,29.70,0.00,59.98,0.00,406.69,34.40,6.18,0.00,555.82,0.00,543.01,0.00,49.71,0.00,22.15,19.00,1.31,35.07,3.55,0.00,139.19,0.00,59.36
25.5,25.5,1,25.500,18/03/2026 04:09:59,24.930, , , , , , , , , , , , , , , , , , , , , , , , , , , , , , , , , , , , , , , , , , , , , , , , , , , , , , , , , , , , , , , , , , , , , , , , , , , , , , , , , , , , , , , , , , , , , , , , , , , , , , , , , , , , , , , , , , , , , , , , , , , , , , , , , , , , , , , , , , , , , , , , , , , , , , , , , , , , , , , , , , , , , , , , , , , , , , , , , , , , , , , , , , , , , , , , , , , , , , , , , , , , , , , , , , , , , , , , , , , , , , , , , , , , , , , , , , , , , , , , , , , , , , , , , , , , , , , , , , , , , , , , , , , , , , , , , , , , , , , , , , , , , , , , , , , , , , , , , , , , , , , , , , , , , , , , , , , , , , , , , , , , , , , , , , , , , , , , , , , , , , , , , , , , , , , , , , , , , , , , , , , , 
26.0,26.0,1,26.000,18/03/2026 04:10:24,31.946,,10.44, 11.24, 9.80,39.97, -1.83, 6.89,7.934, 8.438, 8.520, 7.949, 7.270, 7.601, 7.668, 7.789, 8.102, 8.560, 8.875, 9.224, 9.423, 9.682, 10.028, 10.312, 10.634, 10.943, 11.152, 11.335, 11.472, 11.584, 11.627, 11.624, 11.610, 11.531, 11.480, 11.441, 11.413, 11.390, 11.317, 11.217, 11.105, 11.126, 11.201, 11.250, 11.331, 11.398, 11.497, 11.601, 11.711, 11.874, 12.017, 12.145, 12.324, 12.463, 12.524, 12.643, 12.701, 12.692, 12.724, 12.756, 12.765, 12.713, 12.756, 12.799, 12.816, 12.811, 12.889, 12.960, 13.019, 13.004, 13.099, 13.198, 13.266, 13.278, 13.370, 13.424, 13.472, 13.534, 13.521, 13.489, 13.520, 13.528, 13.545, 13.593, 13.596, 13.568, 13.595, 13.586, 13.547, 13.608, 13.685, 13.674, 13.703, 13.793, 13.877, 13.970, 14.110, 14.205, 14.198, 14.179, 14.251, 14.350, 14.414, 14.497, 14.576, 14.554, 14.387, 14.219, 14.136, 14.138, 14.095, 13.809, 13.046, 11.902, 10.905, 10.346, 10.078, 9.974, 10.038, 10.201, 10.531, 10.982, 11.466, 11.936, 12.318, 12.586, 12.783, 12.969, 13.158, 13.419, 13.685, 13.925, 14.131, 14.305, 14.468, 14.573, 14.643, 14.648, 14.597, 14.550, 14.525, 14.544, 14.621, 14.710, 14.798, 14.815, 14.766, 14.700, 14.604, 14.455, 14.311, 14.168, 14.062, 13.987, 13.856, 13.827, 13.791, 13.711, 13.503, 12.986, 11.885, 9.881, 7.441, 5.716, 5.008, 4.790, 4.770, 4.918, 5.172, 5.491, 5.861, 6.253, 6.675, 7.104, 7.538, 7.972, 8.392, 8.812, 9.222, 9.617, 9.993, 10.346, 10.697, 11.007, 11.273, 11.548, 11.774, 11.980, 12.148, 12.293, 12.428, 12.494, 12.566, 12.560, 12.475, 12.377, 12.380, 12.336, 12.239, 12.179, 12.128, 12.048, 11.946, 11.835, 11.636, 11.387, 11.132, 10.905, 10.715, 10.564, 10.415, 10.250, 10.010, 9.803, 9.585, 9.329, 9.034, 8.740, 8.514, 8.158, 7.901, 7.647, 7.422, 7.148, 16.3,1113622.0,1140972.0,872829.82,56808.68,3143.24,19960.47,510.92,21756.61,234.78,317.84,29.06,501.02,20.58,674.39,20.97,779.58,15.79,771.79,48.78,0.00,17.75,160.43,15.97,417.46,13.20,24559.76,137.83,0.00,113.50,0.00,14.28,29.18,2.40,74.50,2.44,35.04,1.32,0.00,4.29,61.03,1.00,76.63,1.08,6.63,0.75,81.10,1.25,2.93,0.96,0.00,48.31,30.89,8.57,22.54,5.70,0.00,475.50,0.00,493.39,0.00,51.65,4.35,1.02,12.16,1.21,25.19,3.47,0.00,133.60,0.00,60.41,220141.44,94204.46,5212.36,37714.56,965.36,46544.67,502.27,728.29,66.59,1251.00,51.39,812.37,25.26,1090.79,22.09,1287.73,81.39,0.00,31.69,234.48,23.34,599.82,18.97,35114.17,197.06,0.00,144.31,0.00,18.17,36.53,3.00,92.73,3.04,46.26,1.74,0.00,6.03,66.74,1.09,90.62,1.28,8.42,0.95,109.55,1.69,3.43,1.13,0.00,64.42,33.18,9.21,25.75,6.51,0.00,603.66,0.00,590.64,0.00,60.64,4.70,1.10,13.10,1.30,28.08,3.87,0.00,152.02,0.00,68.53
26.5,26.5,1,26.500,18/03/2026 04:10:42,27.384, , , , , , , , , , , , , , , , , , , , , , , , , , , , , , , , , , , , , , , , , , , , , , , , , , , , , , , , , , , , , , , , , , , , , , , , , , , , , , , , , , , , , , , , , , , , , , , , , , , , , , , , , , , , , , , , , , , , , , , , , , , , , , , , , , , , , , , , , , , , , , , , , , , , , , , , , , , , , , , , , , , , , , , , , , , , , , , , , , , , , , , , , , , , , , , , , , , , , , , , , , , , , , , , , , , , , , , , , , , , , , , , , , , , , , , , , , , , , , , , , , , , , , , , , , , , , , , , , , , , , , , , , , , , , , , , , , , , , , , , , , , , , , , , , , , , , , , , , , , , , , , , , , , , , , , , , , , , , , , , , , , , , , , , , , , , , , , , , , , , , , , , , , , , , , , , , , , , , , , , , , , , 
27.0,27.0,1,27.000,18/03/2026 04:11:08,19.441,,8.34, 8.97, 7.80,35.92, -1.64, 6.46,7.574, 6.690, 6.244, 6.014, 6.408, 5.901, 6.167, 6.217, 6.481, 6.802, 7.064, 7.298, 7.508, 7.735, 7.958, 8.209, 8.452, 8.713, 8.898, 9.041, 9.158, 9.252, 9.270, 9.286, 9.261, 9.212, 9.195, 9.141, 9.143, 9.109, 9.071, 8.986, 8.900, 8.936, 8.980, 9.062, 9.123, 9.174, 9.298, 9.382, 9.497, 9.654, 9.771, 9.901, 10.084, 10.197, 10.262, 10.399, 10.460, 10.477, 10.490, 10.564, 10.576, 10.547, 10.557, 10.649, 10.684, 10.698, 10.705, 10.814, 10.892, 10.913, 10.956, 11.000, 11.127, 11.214, 11.293, 11.311, 11.360, 11.413, 11.491, 11.530, 11.518, 11.504, 11.490, 11.561, 11.696, 11.733, 11.698, 11.648, 11.585, 11.598, 11.731, 11.860, 11.903, 11.906, 11.971, 12.058, 12.144, 12.227, 12.348, 12.463, 12.491, 12.508, 12.578, 12.664, 12.682, 12.622, 12.534, 12.462, 12.427, 12.391, 12.268, 11.921, 11.079, 9.850, 8.830, 8.289, 8.078, 8.025, 8.115, 8.271, 8.570, 8.985, 9.439, 9.884, 10.261, 10.544, 10.779, 10.988, 11.220, 11.498, 11.806, 12.100, 12.344, 12.511, 12.652, 12.744, 12.821, 12.851, 12.849, 12.819, 12.777, 12.764, 12.808, 12.899, 13.003, 13.053, 13.007, 12.919, 12.768, 12.560, 12.365, 12.221, 12.132, 12.114, 12.065, 12.023, 11.936, 11.768, 11.471, 10.869, 9.732, 7.850, 5.761, 4.399, 3.837, 3.660, 3.642, 3.737, 3.926, 4.169, 4.465, 4.791, 5.159, 5.513, 5.885, 6.229, 6.563, 6.884, 7.199, 7.527, 7.872, 8.209, 8.543, 8.867, 9.155, 9.415, 9.648, 9.840, 10.003, 10.140, 10.247, 10.345, 10.428, 10.469, 10.449, 10.398, 10.404, 10.376, 10.256, 10.162, 10.057, 9.884, 9.720, 9.550, 9.319, 9.016, 8.782, 8.566, 8.392, 8.256, 8.162, 7.960, 7.805, 7.641, 7.449, 7.208, 6.986, 6.740, 6.502, 6.270, 5.977, 5.855, 5.732, 5.778, 16.3,1159647.0,1139977.0,907336.35,22911.09,2513.95,18175.14,463.89,20017.91,209.84,212.82,25.08,440.50,18.28,913.27,19.94,806.16,14.42,914.14,46.80,0.00,17.12,0.00,48.91,347.13,11.48,27559.75,139.10,0.00,117.07,0.00,13.45,0.00,10.61,32.00,1.72,66.72,1.53,0.00,4.48,29.61,0.72,57.15,0.91,2.03,0.64,48.53,1.05,0.00,25.88,0.00,45.86,54.12,8.13,63.51,5.43,0.00,417.45,0.00,436.09,0.00,45.48,0.00,19.90,8.17,1.11,0.00,114.94,0.00,129.44,3.90,1.14,160842.13,37992.91,4168.82,34341.25,876.50,42825.01,448.92,487.65,57.47,1099.89,45.64,1100.13,24.02,1127.98,20.18,1525.24,78.09,0.00,30.56,0.00,71.48,498.77,16.49,39403.38,198.88,0.00,148.85,0.00,17.12,0.00,13.28,39.83,2.14,88.09,2.02,0.00,6.30,32.38,0.79,67.59,1.08,2.58,0.81,65.55,1.42,0.00,30.34,0.00,61.15,58.13,8.73,72.55,6.20,0.00,529.96,0.00,522.04,0.00,53.40,0.00,21.49,8.80,1.20,0.00,128.14,0.00,147.29,4.42,1.29
27.5,27.5,1,27.500,18/03/2026 04:11:25,19.905,1157879.895, , , , , , , , , , , , , , , , , , , , , , , , , , , , , , , , , , , , , , , , , , , , , , , , , , , , , , , , , , , , , , , , , , , , , , , , , , , , , , , , , , , , , , , , , , , , , , , , , , , , , , , , , , , , , , , , , , , , , , , , , , , , , , , , , , , , , , , , , , , , , , , , , , , , , , , , , , , , , , , , , , , , , , , , , , , , , , , , , , , , , , , , , , , , , , , , , , , , , , , , , , , , , , , , , , , , , , , , , , , , , , , , , , , , , , , , , , , , , , , , , , , , , , , , , , , , , , , , , , , , , , , , , , , , , , , , , , , , , , , , , , , , , , , , , , , , , , , , , , , , , , , , , , , , , , , , , , , , , , , , , , , , , , , , , , , , , , , , , , , , , , , , , , , , , , , , , , , , , , , , , , , 
28.0,28.0,1,28.000,18/03/2026 04:11:51,20.566,,9.72, 10.41, 9.54,38.56, -1.38, 5.26,11.322, 9.733, 10.068, 8.869, 8.684, 8.351, 7.996, 8.113, 8.189, 8.447, 8.611, 8.860, 9.025, 9.217, 9.473, 9.688, 9.910, 10.174, 10.385, 10.486, 10.585, 10.704, 10.691, 10.682, 10.695, 10.592, 10.630, 10.510, 10.585, 10.500, 10.519, 10.330, 10.341, 10.277, 10.465, 10.483, 10.568, 10.715, 10.700, 10.904, 11.004, 11.053, 11.295, 11.389, 11.455, 11.693, 11.770, 11.757, 11.907, 12.018, 11.936, 11.940, 12.082, 12.097, 11.993, 12.020, 12.173, 12.207, 12.130, 12.157, 12.296, 12.384, 12.360, 12.334, 12.418, 12.577, 12.694, 12.664, 12.610, 12.648, 12.769, 12.855, 12.828, 12.730, 12.686, 12.749, 12.899, 13.012, 12.980, 12.847, 12.708, 12.702, 12.824, 12.976, 13.031, 13.005, 12.970, 12.974, 13.044, 13.176, 13.300, 13.414, 13.435, 13.405, 13.371, 13.357, 13.370, 13.375, 13.346, 13.301, 13.239, 13.172, 12.991, 12.550, 11.592, 10.303, 9.326, 8.860, 8.711, 8.693, 8.750, 8.866, 9.099, 9.440, 9.798, 10.172, 10.498, 10.822, 11.129, 11.444, 11.761, 12.055, 12.311, 12.516, 12.670, 12.782, 12.837, 12.865, 12.877, 12.870, 12.904, 12.952, 13.026, 13.134, 13.224, 13.304, 13.358, 13.307, 13.160, 12.968, 12.730, 12.469, 12.229, 12.021, 11.927, 11.894, 11.940, 12.005, 12.039, 12.000, 11.784, 11.212, 10.084, 8.212, 6.199, 4.873, 4.295, 4.057, 3.965, 4.005, 4.154, 4.348, 4.623, 4.934, 5.301, 5.689, 6.089, 6.505, 6.891, 7.257, 7.593, 7.925, 8.199, 8.466, 8.696, 8.893, 9.067, 9.227, 9.359, 9.474, 9.568, 9.643, 9.714, 9.804, 9.884, 9.939, 9.983, 9.994, 10.032, 10.059, 10.027, 10.005, 9.956, 9.892, 9.785, 9.650, 9.450, 9.145, 8.873, 8.626, 8.340, 8.136, 7.885, 7.665, 7.392, 7.160, 6.932, 6.663, 6.426, 6.129, 5.912, 5.694, 5.551, 5.477, 5.359, 5.244, 16.3,1236438.0,1194214.0,888085.25,40466.78,2609.94,15850.67,427.27,22217.70,214.05,255.75,24.27,384.18,16.82,1703.53,22.23,1311.15,16.19,1337.65,49.68,0.00,17.41,112.24,12.94,385.05,11.58,27568.95,136.27,0.00,107.17,0.00,12.68,15.64,1.98,42.18,1.79,45.24,1.30,0.00,3.50,26.66,0.66,56.59,0.87,3.49,0.62,35.91,0.94,0.00,24.69,0.00,43.54,0.00,359.44,19.86,5.16,38.68,7.65,0.00,430.17,0.00,38.35,0.00,17.58,9.60,1.07,27.25,3.11,0.00,118.12,0.00,50.34,192776.39,67105.08,4328.00,29949.25,807.31,47531.10,457.92,586.02,55.61,959.26,42.00,2052.08,26.78,1834.57,22.65,2231.86,82.89,0.00,31.08,164.05,18.91,553.26,16.64,39416.54,194.83,0.00,136.26,0.00,16.14,19.58,2.48,52.50,2.23,59.73,1.72,0.00,4.92,29.16,0.72,66.92,1.03,4.43,0.79,48.51,1.27,0.00,28.94,0.00,58.06,0.00,386.08,22.69,5.89,49.10,9.71,0.00,514.96,0.00,45.03,0.00,18.98,10.34,1.15,30.38,3.47,0.00,134.41,0.00,57.11
28.5,28.5,1,28.500,18/03/2026 04:12:17,17.722, , , , , , , , , , , , , , , , , , , , , , , , , , , , , , , , , , , , , , , , , , , , , , , , , , , , , , , , , , , , , , , , , , , , , , , , , , , , , , , , , , , , , , , , , , , , , , , , , , , , , , , , , , , , , , , , , , , , , , , , , , , , , , , , , , , , , , , , , , , , , , , , , , , , , , , , , , , , , , , , , , , , , , , , , , , , , , , , , , , , , , , , , , , , , , , , , , , , , , , , , , , , , , , , , , , , , , , , , , , , , , , , , , , , , , , , , , , , , , , , , , , , , , , , , , , , , , , , , , , , , , , , , , , , , , , , , , , , , , , , , , , , , , , , , , , , , , , , , , , , , , , , , , , , , , , , , , , , , , , , , , , , , , , , , , , , , , , , , , , , , , , , , , , , , , , , , , , , , , , , , , , , 
29.0,29.0,1,29.000,18/03/2026 04:12:34,19.704,,8.01, 8.62, 7.06,35.24, -1.63, 7.99,7.755, 5.935, 6.200, 5.460, 5.209, 5.334, 5.350, 5.496, 5.678, 6.091, 6.342, 6.656, 6.871, 7.125, 7.403, 7.670, 7.961, 8.263, 8.464, 8.657, 8.831, 8.948, 8.999, 9.040, 9.034, 8.988, 8.929, 8.914, 8.926, 8.937, 8.877, 8.747, 8.619, 8.688, 8.847, 8.939, 9.068, 9.164, 9.275, 9.425, 9.545, 9.683, 9.850, 9.982, 10.127, 10.287, 10.381, 10.462, 10.558, 10.610, 10.620, 10.657, 10.711, 10.711, 10.703, 10.740, 10.808, 10.833, 10.853, 10.896, 10.973, 11.004, 11.061, 11.113, 11.167, 11.248, 11.258, 11.330, 11.317, 11.377, 11.432, 11.492, 11.466, 11.460, 11.451, 11.514, 11.572, 11.581, 11.543, 11.462, 11.399, 11.450, 11.547, 11.605, 11.617, 11.612, 11.634, 11.714, 11.820, 11.917, 11.986, 12.003, 11.994, 12.011, 12.040, 12.090, 12.124, 12.094, 11.995, 11.851, 11.734, 11.636, 11.488, 11.126, 10.260, 9.069, 8.140, 7.678, 7.488, 7.416, 7.430, 7.525, 7.774, 8.150, 8.560, 8.965, 9.328, 9.654, 9.936, 10.191, 10.423, 10.653, 10.863, 11.062, 11.241, 11.380, 11.497, 11.571, 11.610, 11.652, 11.666, 11.696, 11.725, 11.762, 11.811, 11.855, 11.872, 11.831, 11.726, 11.596, 11.425, 11.233, 11.046, 10.907, 10.823, 10.806, 10.797, 10.809, 10.779, 10.692, 10.436, 9.859, 8.749, 6.974, 5.050, 3.843, 3.348, 3.168, 3.131, 3.192, 3.349, 3.563, 3.819, 4.113, 4.444, 4.791, 5.143, 5.479, 5.814, 6.127, 6.421, 6.721, 6.988, 7.244, 7.475, 7.694, 7.880, 8.063, 8.231, 8.378, 8.504, 8.611, 8.739, 8.846, 8.945, 8.998, 9.010, 9.010, 9.026, 9.052, 8.965, 8.918, 8.834, 8.755, 8.681, 8.516, 8.325, 8.067, 7.837, 7.583, 7.387, 7.178, 7.020, 6.821, 6.630, 6.456, 6.223, 5.994, 5.808, 5.584, 5.456, 5.328, 5.032, 5.020, 4.801, 4.928, 16.3,1274578.0,1165897.0,894137.57,41558.55,2655.70,16070.02,428.81,20978.31,207.99,178.92,23.36,496.79,17.66,1317.13,20.65,1234.22,15.96,938.04,45.88,0.00,16.09,202.73,14.72,295.47,10.59,22168.39,111.89,0.00,94.78,0.00,12.62,11.57,1.84,46.74,1.79,42.35,1.13,0.00,3.69,34.28,0.69,73.94,0.95,4.87,0.62,48.81,0.98,0.00,24.71,0.00,43.77,83.66,7.55,66.62,5.05,0.00,414.68,0.00,426.44,0.00,37.76,0.00,16.14,0.00,28.23,11.01,3.16,0.00,123.40,0.00,46.71,183607.76,68915.54,4403.88,30363.70,810.22,44879.63,444.96,409.97,53.53,1240.44,44.10,1586.62,24.88,1726.93,22.33,1565.11,76.55,0.00,28.72,296.30,21.51,424.54,15.22,31695.12,159.97,0.00,120.51,0.00,16.06,14.48,2.30,58.18,2.23,55.92,1.49,0.00,5.19,37.49,0.75,87.44,1.12,6.18,0.79,65.93,1.32,0.00,28.97,0.00,58.37,89.86,8.11,76.10,5.77,0.00,526.44,0.00,510.49,0.00,44.33,0.00,17.43,0.00,30.41,12.27,3.52,0.00,140.42,0.00,52.99
29.5,29.5,1,29.500,18/03/2026 04:13:09,22.812, , , , , , , , , , , , , , , , , , , , , , , , , , , , , , , , , , , , , , , , , , , , , , , , , , , , , , , , , , , , , , , , , , , , , , , , , , , , , , , , , , , , , , , , , , , , , , , , , , , , , , , , , , , , , , , , , , , , , , , , , , , , , , , , , , , , , , , , , , , , , , , , , , , , , , , , , , , , , , , , , , , , , , , , , , , , , , , , , , , , , , , , , , , , , , , , , , , , , , , , , , , , , , , , , , , , , , , , , , , , , , , , , , , , , , , , , , , , , , , , , , , , , , , , , , , , , , , , , , , , , , , , , , , , , , , , , , , , , , , , , , , , , , , , , , , , , , , , , , , , , , , , , , , , , , , , , , , , , , , , , , , , , , , , , , , , , , , , , , , , , , , , , , , , , , , , , , , , , , , , , , , , 
30.0,30.0,1,30.000,18/03/2026 04:13:35,22.547,,9.67, 10.39, 8.99,38.54, -1.64, 6.93,8.162, 6.951, 8.437, 7.675, 7.126, 7.276, 7.034, 7.174, 7.383, 7.840, 8.139, 8.459, 8.668, 8.900, 9.211, 9.479, 9.774, 10.056, 10.272, 10.455, 10.622, 10.712, 10.771, 10.801, 10.771, 10.732, 10.659, 10.638, 10.627, 10.628, 10.552, 10.428, 10.279, 10.350, 10.461, 10.565, 10.661, 10.757, 10.863, 10.976, 11.119, 11.253, 11.389, 11.546, 11.693, 11.820, 11.928, 12.017, 12.068, 12.110, 12.134, 12.154, 12.165, 12.175, 12.180, 12.206, 12.234, 12.263, 12.297, 12.355, 12.387, 12.406, 12.468, 12.538, 12.599, 12.621, 12.747, 12.791, 12.821, 12.851, 12.858, 12.849, 12.857, 12.855, 12.889, 12.895, 12.901, 12.910, 12.877, 12.833, 12.795, 12.823, 12.864, 12.896, 12.910, 12.939, 13.014, 13.117, 13.225, 13.282, 13.309, 13.312, 13.312, 13.369, 13.449, 13.526, 13.542, 13.463, 13.309, 13.135, 13.010, 12.942, 12.839, 12.497, 11.611, 10.319, 9.277, 8.716, 8.470, 8.371, 8.405, 8.547, 8.878, 9.323, 9.798, 10.240, 10.582, 10.868, 11.107, 11.330, 11.561, 11.813, 12.070, 12.342, 12.570, 12.765, 12.925, 12.996, 13.018, 13.010, 12.976, 12.955, 12.950, 12.973, 13.025, 13.098, 13.162, 13.179, 13.118, 13.036, 12.883, 12.683, 12.464, 12.281, 12.161, 12.086, 11.997, 11.970, 11.923, 11.813, 11.562, 10.986, 9.846, 7.959, 5.885, 4.572, 4.049, 3.863, 3.830, 3.902, 4.047, 4.268, 4.512, 4.805, 5.128, 5.476, 5.834, 6.207, 6.558, 6.915, 7.277, 7.633, 7.952, 8.278, 8.583, 8.856, 9.096, 9.335, 9.513, 9.688, 9.815, 9.921, 10.007, 10.101, 10.163, 10.179, 10.134, 10.074, 10.089, 10.074, 9.967, 9.898, 9.863, 9.766, 9.656, 9.535, 9.360, 9.077, 8.850, 8.641, 8.455, 8.285, 8.111, 7.926, 7.711, 7.469, 7.295, 6.986, 6.756, 6.493, 6.332, 6.113, 5.854, 5.601, 5.377, 5.528, 16.3,1233509.0,1201449.0,900997.92,26956.56,2523.74,17830.48,454.66,23159.07,221.71,235.56,24.81,450.45,17.72,1941.58,23.79,1543.42,17.90,1267.17,49.93,0.00,16.90,185.52,14.56,320.54,11.08,24782.86,124.06,0.00,107.34,0.00,14.02,8.47,1.87,51.90,1.98,41.56,1.20,0.00,4.50,40.26,0.76,71.74,0.97,4.93,0.65,49.62,1.01,0.00,24.95,0.00,44.11,0.00,371.22,27.55,5.29,0.00,425.57,0.00,450.33,7.98,2.53,0.00,24.12,3.64,0.96,21.24,3.18,0.00,122.82,0.00,46.31,172779.11,44701.41,4185.06,33690.03,859.06,49545.01,474.31,539.75,56.85,1124.73,44.25,2338.84,28.66,2159.56,25.05,2114.27,83.31,0.00,30.17,271.15,21.28,460.56,15.92,35433.14,177.37,0.00,136.48,0.00,17.84,10.60,2.34,64.60,2.46,54.87,1.58,0.00,6.32,44.03,0.83,84.84,1.15,6.26,0.83,67.03,1.36,0.00,29.25,0.00,58.82,0.00,398.73,31.47,6.04,0.00,540.27,0.00,539.09,9.37,2.97,0.00,26.04,3.92,1.03,23.68,3.55,0.00,139.76,0.00,52.54
30.5,30.5,1,30.500,18/03/2026 04:13:52,30.487, , , , , , , , , , , , , , , , , , , , , , , , , , , , , , , , , , , , , , , , , , , , , , , , , , , , , , , , , , , , , , , , , , , , , , , , , , , , , , , , , , , , , , , , , , , , , , , , , , , , , , , , , , , , , , , , , , , , , , , , , , , , , , , , , , , , , , , , , , , , , , , , , , , , , , , , , , , , , , , , , , , , , , , , , , , , , , , , , , , , , , , , , , , , , , , , , , , , , , , , , , , , , , , , , , , , , , , , , , , , , , , , , , , , , , , , , , , , , , , , , , , , , , , , , , , , , , , , , , , , , , , , , , , , , , , , , , , , , , , , , , , , , , , , , , , , , , , , , , , , , , , , , , , , , , , , , , , , , , , , , , , , , , , , , , , , , , , , , , , , , , , , , , , , , , , , , , , , , , , , , , , , 
31.0,31.0,1,31.000,18/03/2026 04:14:18,32.866,,11.25, 12.09, 10.93,41.36, -1.78, 5.96,10.741, 10.031, 10.803, 9.187, 9.144, 9.001, 8.874, 8.932, 9.159, 9.636, 9.908, 10.226, 10.434, 10.683, 10.958, 11.252, 11.621, 11.922, 11.972, 12.131, 12.454, 12.379, 12.374, 12.577, 12.279, 12.426, 12.204, 12.229, 12.179, 12.149, 12.070, 11.984, 11.753, 11.964, 11.784, 12.155, 11.938, 12.179, 12.302, 12.179, 12.612, 12.570, 12.619, 13.060, 13.001, 13.044, 13.427, 13.379, 13.230, 13.511, 13.583, 13.326, 13.355, 13.613, 13.543, 13.325, 13.442, 13.716, 13.720, 13.516, 13.562, 13.825, 13.996, 13.887, 13.785, 13.899, 14.236, 14.363, 14.263, 14.023, 14.086, 14.319, 14.460, 14.381, 14.189, 14.062, 14.169, 14.382, 14.489, 14.406, 14.182, 14.053, 14.104, 14.329, 14.582, 14.700, 14.715, 14.638, 14.570, 14.617, 14.769, 14.978, 15.161, 15.279, 15.275, 15.187, 15.049, 14.918, 14.853, 14.863, 14.921, 14.995, 14.933, 14.552, 13.583, 12.182, 11.047, 10.524, 10.423, 10.515, 10.730, 10.992, 11.351, 11.727, 12.052, 12.316, 12.529, 12.734, 13.002, 13.337, 13.724, 14.151, 14.555, 14.886, 15.112, 15.214, 15.231, 15.143, 15.025, 14.927, 14.876, 14.916, 15.040, 15.240, 15.479, 15.730, 15.933, 15.998, 15.915, 15.749, 15.464, 15.114, 14.767, 14.469, 14.288, 14.217, 14.134, 14.213, 14.324, 14.379, 14.322, 13.907, 12.861, 10.948, 8.615, 6.968, 6.187, 5.792, 5.598, 5.541, 5.629, 5.806, 6.081, 6.456, 6.915, 7.431, 7.981, 8.536, 9.107, 9.667, 10.182, 10.669, 11.092, 11.441, 11.746, 11.989, 12.171, 12.291, 12.371, 12.410, 12.428, 12.440, 12.447, 12.473, 12.518, 12.539, 12.516, 12.515, 12.644, 12.781, 12.824, 12.936, 13.070, 13.146, 13.209, 13.154, 13.029, 12.732, 12.460, 12.211, 11.926, 11.686, 11.433, 11.113, 10.747, 10.395, 9.973, 9.561, 9.204, 8.763, 8.508, 8.266, 7.865, 7.745, 7.596, 7.682, 16.3,1071648.0,1262597.0,839429.17,46960.07,3137.99,26153.76,601.18,35292.97,321.62,359.67,32.48,571.28,22.38,4690.86,42.13,3212.21,30.65,2437.95,70.14,81.35,7.65,67.77,18.44,719.98,17.97,39428.69,223.08,0.00,154.12,0.00,17.81,52.69,3.24,98.26,3.15,24.47,1.44,0.00,4.53,98.26,1.42,129.25,1.59,4.16,0.90,137.17,1.76,6.54,1.12,0.00,52.37,0.00,440.83,27.30,6.89,0.00,523.03,0.00,551.14,0.00,60.39,0.00,31.13,16.14,1.53,0.00,133.30,0.00,148.63,0.00,62.97,277635.61,77872.75,5203.65,49416.55,1135.91,75503.48,688.05,824.14,74.42,1426.43,55.88,5650.63,50.75,4494.54,42.89,4067.70,117.03,145.22,13.66,99.05,26.95,1034.50,25.82,56372.93,318.95,0.00,195.96,0.00,22.66,65.96,4.06,122.31,3.92,32.31,1.90,0.00,6.37,107.46,1.55,152.85,1.88,5.28,1.14,185.29,2.38,7.67,1.31,0.00,69.83,0.00,473.50,31.19,7.87,0.00,664.00,0.00,659.77,0.00,70.90,0.00,33.61,17.39,1.65,0.00,148.61,0.00,169.13,0.00,71.44
31.5,31.5,1,31.500,18/03/2026 04:14:35,26.980, , , , , , , , , , , , , , , , , , , , , , , , , , , , , , , , , , , , , , , , , , , , , , , , , , , , , , , , , , , , , , , , , , , , , , , , , , , , , , , , , , , , , , , , , , , , , , , , , , , , , , , , , , , , , , , , , , , , , , , , , , , , , , , , , , , , , , , , , , , , , , , , , , , , , , , , , , , , , , , , , , , , , , , , , , , , , , , , , , , , , , , , , , , , , , , , , , , , , , , , , , , , , , , , , , , , , , , , , , , , , , , , , , , , , , , , , , , , , , , , , , , , , , , , , , , , , , , , , , , , , , , , , , , , , , , , , , , , , , , , , , , , , , , , , , , , , , , , , , , , , , , , , , , , , , , , , , , , , , , , , , , , , , , , , , , , , , , , , , , , , , , , , , , , , , , , , , , , , , , , , , , , 
32.0,32.0,1,32.000,18/03/2026 04:15:01,24.599,,9.95, 10.71, 9.37,39.09, -1.78, 6.67,8.256, 8.827, 8.423, 7.325, 7.357, 7.272, 7.292, 7.444, 7.774, 8.196, 8.483, 8.814, 9.012, 9.276, 9.590, 9.834, 10.153, 10.446, 10.593, 10.777, 11.014, 10.977, 11.056, 11.143, 10.994, 11.040, 10.915, 10.901, 10.900, 10.832, 10.832, 10.631, 10.615, 10.542, 10.725, 10.755, 10.810, 10.971, 10.964, 11.163, 11.265, 11.380, 11.567, 11.691, 11.878, 11.994, 12.082, 12.250, 12.274, 12.252, 12.374, 12.436, 12.337, 12.343, 12.490, 12.511, 12.425, 12.466, 12.631, 12.716, 12.662, 12.642, 12.787, 12.966, 12.996, 12.965, 13.014, 13.132, 13.212, 13.269, 13.320, 13.324, 13.251, 13.269, 13.329, 13.435, 13.504, 13.496, 13.398, 13.278, 13.254, 13.401, 13.586, 13.669, 13.652, 13.564, 13.549, 13.663, 13.885, 14.114, 14.230, 14.250, 14.161, 14.077, 14.098, 14.198, 14.339, 14.429, 14.400, 14.277, 14.088, 13.903, 13.686, 13.310, 12.461, 11.286, 10.383, 9.955, 9.787, 9.671, 9.617, 9.644, 9.864, 10.264, 10.748, 11.271, 11.758, 12.191, 12.548, 12.828, 13.049, 13.236, 13.388, 13.539, 13.704, 13.864, 14.039, 14.215, 14.362, 14.488, 14.594, 14.644, 14.663, 14.660, 14.636, 14.620, 14.582, 14.504, 14.371, 14.264, 14.159, 14.040, 13.943, 13.899, 13.895, 13.930, 13.884, 13.872, 13.810, 13.621, 13.266, 12.543, 11.257, 9.161, 6.879, 5.421, 4.876, 4.730, 4.772, 4.969, 5.246, 5.578, 5.944, 6.327, 6.720, 7.099, 7.453, 7.796, 8.100, 8.392, 8.681, 8.953, 9.221, 9.508, 9.800, 10.086, 10.371, 10.667, 10.943, 11.241, 11.512, 11.764, 11.970, 12.172, 12.327, 12.395, 12.385, 12.343, 12.313, 12.243, 12.074, 11.917, 11.774, 11.593, 11.401, 11.178, 10.916, 10.541, 10.247, 10.006, 9.775, 9.643, 9.583, 9.428, 9.317, 9.200, 9.050, 8.984, 8.749, 8.646, 8.508, 8.263, 8.114, 7.990, 7.628, 7.495, 16.3,1154716.0,1208834.0,879485.17,40751.30,2779.63,19646.05,488.25,26142.86,246.63,294.10,27.07,525.57,19.26,2068.81,25.73,1470.62,18.64,1474.62,54.14,0.00,17.17,227.17,15.96,356.49,12.09,27192.02,142.08,0.00,113.28,0.00,12.25,14.10,2.05,72.78,2.32,39.71,1.28,0.00,4.69,52.31,0.91,78.33,1.06,8.89,0.73,68.24,1.16,0.00,27.62,0.00,46.25,0.00,387.60,0.00,268.11,0.00,444.27,0.00,462.62,0.00,40.43,0.00,17.92,6.21,1.09,24.62,3.32,0.00,127.21,0.00,58.30,209792.06,67576.89,4609.39,37120.48,922.53,55928.33,527.62,673.89,62.03,1312.30,48.09,2492.10,30.99,2057.70,26.08,2460.39,90.33,0.00,30.65,332.02,23.33,512.22,17.37,38877.62,203.14,0.00,144.03,0.00,15.59,17.65,2.57,90.59,2.89,52.43,1.69,0.00,6.59,57.21,1.00,92.63,1.25,11.29,0.93,92.18,1.57,0.00,32.38,0.00,61.67,0.00,416.33,0.00,306.27,0.00,564.01,0.00,553.80,0.00,47.47,0.00,19.35,6.69,1.17,27.45,3.70,0.00,144.75,0.00,66.14
32.5,32.5,1,32.500,18/03/2026 04:15:27,22.749,1157879.826, , , , , , , , , , , , , , , , , , , , , , , , , , , , , , , , , , , , , , , , , , , , , , , , , , , , , , , , , , , , , , , , , , , , , , , , , , , , , , , , , , , , , , , , , , , , , , , , , , , , , , , , , , , , , , , , , , , , , , , , , , , , , , , , , , , , , , , , , , , , , , , , , , , , , , , , , , , , , , , , , , , , , , , , , , , , , , , , , , , , , , , , , , , , , , , , , , , , , , , , , , , , , , , , , , , , , , , , , , , , , , , , , , , , , , , , , , , , , , , , , , , , , , , , , , , , , , , , , , , , , , , , , , , , , , , , , , , , , , , , , , , , , , , , , , , , , , , , , , , , , , , , , , , , , , , , , , , , , , , , , , , , , , , , , , , , , , , , , , , , , , , , , , , , , , , , , , , , , , , , , , , 
33.0,33.0,1,33.000,18/03/2026 04:15:44,21.756,,9.54, 10.27, 8.70,38.32, -1.76, 7.51,7.292, 7.076, 6.996, 6.922, 6.685, 6.708, 6.650, 6.803, 7.061, 7.513, 7.872, 8.220, 8.454, 8.710, 9.008, 9.308, 9.617, 9.906, 10.157, 10.324, 10.487, 10.617, 10.647, 10.692, 10.696, 10.613, 10.586, 10.520, 10.555, 10.499, 10.484, 10.310, 10.235, 10.244, 10.371, 10.467, 10.507, 10.667, 10.709, 10.842, 11.024, 11.071, 11.259, 11.460, 11.508, 11.686, 11.855, 11.842, 11.898, 12.047, 12.020, 11.961, 12.051, 12.121, 12.037, 12.001, 12.128, 12.232, 12.194, 12.155, 12.250, 12.389, 12.422, 12.392, 12.418, 12.549, 12.694, 12.718, 12.668, 12.646, 12.739, 12.845, 12.863, 12.784, 12.719, 12.736, 12.831, 12.929, 12.918, 12.801, 12.676, 12.667, 12.788, 12.921, 13.008, 13.031, 13.016, 13.016, 13.068, 13.174, 13.283, 13.377, 13.426, 13.450, 13.441, 13.434, 13.411, 13.379, 13.315, 13.255, 13.195, 13.153, 13.033, 12.678, 11.834, 10.632, 9.665, 9.197, 9.046, 9.021, 9.094, 9.227, 9.500, 9.861, 10.222, 10.584, 10.880, 11.160, 11.429, 11.701, 11.969, 12.253, 12.510, 12.744, 12.932, 13.046, 13.132, 13.134, 13.121, 13.106, 13.104, 13.136, 13.188, 13.280, 13.387, 13.493, 13.580, 13.585, 13.487, 13.352, 13.160, 12.931, 12.701, 12.523, 12.403, 12.357, 12.295, 12.314, 12.339, 12.319, 12.123, 11.634, 10.591, 8.809, 6.715, 5.315, 4.700, 4.450, 4.361, 4.399, 4.530, 4.742, 5.008, 5.337, 5.709, 6.100, 6.517, 6.926, 7.330, 7.718, 8.100, 8.462, 8.794, 9.092, 9.375, 9.598, 9.794, 9.971, 10.097, 10.221, 10.316, 10.386, 10.447, 10.515, 10.587, 10.612, 10.637, 10.611, 10.674, 10.713, 10.659, 10.667, 10.657, 10.615, 10.587, 10.491, 10.319, 10.056, 9.860, 9.618, 9.399, 9.214, 9.016, 8.778, 8.553, 8.325, 8.065, 7.760, 7.545, 7.264, 7.044, 6.798, 6.633, 6.538, 6.383, 6.392, 16.3,1197355.0,1178740.0,893599.24,28092.45,2576.50,18349.13,467.95,25859.55,239.77,350.93,26.97,521.04,18.68,2161.29,25.40,1502.55,18.28,1727.91,55.35,0.00,17.71,182.41,15.12,364.16,11.92,26968.77,136.66,0.00,111.26,0.00,12.91,7.40,1.90,41.80,1.89,62.20,1.52,0.00,3.92,39.50,0.79,75.23,1.02,9.13,0.71,54.91,1.08,5.48,0.94,0.00,46.95,0.00,385.11,0.00,263.59,0.00,434.75,0.00,462.92,0.00,49.03,0.00,23.59,12.43,1.17,12.46,3.38,0.00,128.68,0.00,55.81,186014.57,46585.03,4272.55,34670.00,884.17,55322.24,512.95,804.11,61.80,1300.99,46.64,2603.50,30.60,2102.38,25.58,2883.01,92.35,0.00,31.62,266.60,22.10,523.24,17.13,38558.43,195.39,0.00,141.47,0.00,16.43,9.26,2.38,52.03,2.35,82.12,2.01,0.00,5.51,43.20,0.86,88.97,1.21,11.59,0.90,74.17,1.46,6.42,1.10,0.00,62.61,0.00,413.65,0.00,301.11,0.00,551.92,0.00,554.16,0.00,57.56,0.00,25.47,13.39,1.26,13.89,3.77,0.00,146.43,0.00,63.31
33.5,33.5,1,33.500,18/03/2026 04:16:10,20.902, , , , , , , , , , , , , , , , , , , , , , , , , , , , , , , , , , , , , , , , , , , , , , , , , , , , , , , , , , , , , , , , , , , , , , , , , , , , , , , , , , , , , , , , , , , , , , , , , , , , , , , , , , , , , , , , , , , , , , , , , , , , , , , , , , , , , , , , , , , , , , , , , , , , , , , , , , , , , , , , , , , , , , , , , , , , , , , , , , , , , , , , , , , , , , , , , , , , , , , , , , , , , , , , , , , , , , , , , , , , , , , , , , , , , , , , , , , , , , , , , , , , , , , , , , , , , , , , , , , , , , , , , , , , , , , , , , , , , , , , , , , , , , , , , , , , , , , , , , , , , , , , , , , , , , , , , , , , , , , , , , , , , , , , , , , , , , , , , , , , , , , , , , , , , , , , , , , , , , , , , , , , 
34.0,34.0,1,34.000,18/03/2026 04:16:27,20.768,,8.99, 9.67, 8.18,37.25, -1.74, 7.41,7.975, 7.283, 6.899, 6.430, 6.466, 6.164, 6.345, 6.381, 6.654, 7.092, 7.383, 7.698, 7.935, 8.186, 8.481, 8.797, 9.077, 9.337, 9.507, 9.703, 9.961, 9.987, 9.973, 10.141, 10.045, 9.954, 10.041, 9.832, 10.010, 9.847, 9.918, 9.673, 9.686, 9.604, 9.877, 9.785, 10.071, 10.001, 10.196, 10.337, 10.350, 10.658, 10.679, 10.834, 11.109, 11.108, 11.246, 11.449, 11.397, 11.442, 11.583, 11.567, 11.515, 11.608, 11.649, 11.606, 11.629, 11.724, 11.779, 11.768, 11.812, 11.877, 11.944, 12.003, 12.035, 12.118, 12.141, 12.222, 12.297, 12.293, 12.344, 12.363, 12.365, 12.365, 12.412, 12.425, 12.437, 12.439, 12.427, 12.411, 12.382, 12.386, 12.401, 12.436, 12.484, 12.546, 12.623, 12.726, 12.760, 12.798, 12.820, 12.873, 12.933, 13.021, 13.079, 13.095, 13.067, 12.961, 12.831, 12.720, 12.663, 12.648, 12.554, 12.177, 11.247, 9.971, 8.966, 8.477, 8.313, 8.297, 8.391, 8.535, 8.793, 9.139, 9.483, 9.819, 10.142, 10.458, 10.772, 11.090, 11.408, 11.693, 11.940, 12.132, 12.261, 12.326, 12.385, 12.408, 12.441, 12.498, 12.584, 12.664, 12.764, 12.858, 12.924, 12.947, 12.935, 12.821, 12.645, 12.447, 12.241, 12.022, 11.860, 11.770, 11.769, 11.816, 11.838, 11.900, 11.936, 11.823, 11.540, 10.910, 9.712, 7.810, 5.789, 4.477, 3.948, 3.764, 3.741, 3.864, 4.086, 4.370, 4.727, 5.093, 5.485, 5.864, 6.228, 6.542, 6.843, 7.096, 7.310, 7.524, 7.711, 7.905, 8.100, 8.304, 8.491, 8.728, 8.938, 9.176, 9.402, 9.643, 9.839, 10.058, 10.237, 10.365, 10.406, 10.394, 10.380, 10.306, 10.160, 10.008, 9.825, 9.620, 9.386, 9.179, 8.911, 8.608, 8.321, 8.092, 7.880, 7.741, 7.639, 7.560, 7.504, 7.445, 7.266, 7.202, 7.119, 7.055, 6.944, 6.864, 6.761, 6.623, 6.282, 6.283, 16.3,1235690.0,1203729.0,895263.60,30174.48,2504.28,17928.79,450.20,25404.82,231.44,244.84,24.66,576.40,18.34,1815.06,23.08,1275.75,16.63,856.51,45.40,25.47,5.37,45.06,12.58,379.56,11.58,25693.82,126.72,0.00,106.31,0.00,10.60,8.46,1.82,33.44,1.66,52.49,1.28,0.00,4.71,33.23,0.71,71.79,0.96,0.00,14.68,49.96,1.02,0.00,24.85,0.00,44.85,66.48,7.76,0.00,250.47,0.00,412.62,0.00,438.87,0.00,41.66,0.00,20.55,0.00,30.48,0.00,112.13,0.00,125.52,0.00,53.02,183437.51,50037.61,4152.79,33875.78,850.64,54349.42,495.13,561.02,56.51,1439.22,45.79,2186.43,27.80,1785.04,23.27,1429.08,75.75,45.47,9.59,65.86,18.39,545.37,16.64,36735.58,181.18,0.00,135.17,0.00,13.49,10.59,2.28,41.62,2.07,69.30,1.69,0.00,6.62,36.34,0.78,84.90,1.14,0.00,18.64,67.48,1.38,0.00,29.13,0.00,59.81,71.41,8.34,0.00,286.12,0.00,523.83,0.00,525.37,0.00,48.91,0.00,22.19,0.00,32.83,0.00,125.01,0.00,142.83,0.00,60.15
34.5,34.5,1,34.500,18/03/2026 04:17:02,18.648, , , , , , , , , , , , , , , , , , , , , , , , , , , , , , , , , , , , , , , , , , , , , , , , , , , , , , , , , , , , , , , , , , , , , , , , , , , , , , , , , , , , , , , , , , , , , , , , , , , , , , , , , , , , , , , , , , , , , , , , , , , , , , , , , , , , , , , , , , , , , , , , , , , , , , , , , , , , , , , , , , , , , , , , , , , , , , , , , , , , , , , , , , , , , , , , , , , , , , , , , , , , , , , , , , , , , , , , , , , , , , , , , , , , , , , , , , , , , , , , , , , , , , , , , , , , , , , , , , , , , , , , , , , , , , , , , , , , , , , , , , , , , , , , , , , , , , , , , , , , , , , , , , , , , , , , , , , , , , , , , , , , , , , , , , , , , , , , , , , , , , , , , , , , , , , , , , , , , , , , , , , , 
35.0,35.0,1,35.000,18/03/2026 04:17:28,18.979,,8.94, 9.62, 8.03,37.15, -1.73, 7.75,7.364, 6.547, 7.006, 6.027, 5.944, 5.879, 6.149, 6.190, 6.482, 6.929, 7.239, 7.576, 7.837, 8.090, 8.395, 8.665, 8.960, 9.263, 9.505, 9.679, 9.818, 9.933, 10.026, 10.033, 10.015, 10.010, 9.902, 9.911, 9.925, 9.910, 9.904, 9.717, 9.674, 9.667, 9.863, 9.927, 10.027, 10.164, 10.179, 10.467, 10.487, 10.685, 10.852, 10.882, 11.210, 11.277, 11.272, 11.562, 11.559, 11.480, 11.696, 11.708, 11.591, 11.668, 11.801, 11.733, 11.651, 11.863, 11.917, 11.852, 11.801, 12.012, 12.092, 12.065, 11.992, 12.181, 12.363, 12.336, 12.275, 12.202, 12.435, 12.581, 12.472, 12.362, 12.243, 12.426, 12.644, 12.605, 12.463, 12.228, 12.118, 12.335, 12.576, 12.577, 12.482, 12.354, 12.277, 12.468, 12.806, 12.948, 12.916, 12.827, 12.663, 12.552, 12.691, 12.977, 13.119, 13.040, 12.825, 12.555, 12.243, 12.042, 11.975, 11.822, 11.088, 9.858, 8.817, 8.231, 7.885, 7.658, 7.583, 7.740, 8.179, 8.767, 9.296, 9.710, 10.033, 10.272, 10.424, 10.515, 10.629, 10.850, 11.200, 11.606, 11.956, 12.172, 12.302, 12.346, 12.348, 12.278, 12.153, 12.004, 11.907, 11.935, 12.067, 12.288, 12.466, 12.538, 12.477, 12.357, 12.176, 11.962, 11.717, 11.440, 11.228, 11.058, 10.919, 10.910, 10.969, 11.011, 10.899, 10.420, 9.351, 7.524, 5.529, 4.225, 3.679, 3.470, 3.394, 3.411, 3.510, 3.665, 3.872, 4.154, 4.498, 4.913, 5.351, 5.802, 6.224, 6.594, 6.926, 7.240, 7.525, 7.788, 8.033, 8.265, 8.441, 8.580, 8.670, 8.730, 8.770, 8.806, 8.871, 8.988, 9.129, 9.282, 9.405, 9.493, 9.615, 9.662, 9.618, 9.563, 9.475, 9.348, 9.221, 9.064, 8.839, 8.588, 8.321, 8.048, 7.756, 7.503, 7.266, 6.998, 6.720, 6.512, 6.250, 6.108, 5.938, 5.788, 5.678, 5.551, 5.423, 5.421, 5.338, 5.399, 16.3,1243269.0,1189989.0,895110.40,34531.95,2628.31,17543.35,453.23,23531.32,225.49,340.49,26.37,604.93,18.91,1534.30,22.32,1280.07,16.56,1171.99,49.30,0.00,17.61,117.97,13.67,359.81,11.51,23540.48,119.68,0.00,103.12,0.00,11.69,25.44,2.13,42.63,1.80,41.30,1.19,2.32,0.41,33.82,0.71,69.69,0.95,4.81,0.64,51.72,1.02,0.00,25.74,0.00,45.16,0.00,375.84,0.00,263.97,0.00,424.59,37.70,8.28,0.00,40.98,0.00,21.16,2.96,0.95,20.61,3.18,0.00,123.91,0.00,48.75,183393.41,57263.50,4358.46,33147.50,856.36,50341.37,482.40,780.19,60.42,1510.45,47.22,1848.22,26.89,1791.08,23.17,1955.46,82.26,0.00,31.44,172.42,19.98,516.99,16.54,33656.86,171.11,0.00,131.12,0.00,14.88,31.85,2.67,53.06,2.24,54.53,1.57,3.26,0.58,36.99,0.78,82.42,1.12,6.11,0.81,69.86,1.38,0.00,30.17,0.00,60.22,0.00,403.69,0.00,301.54,0.00,539.03,45.13,9.91,0.00,48.11,0.00,22.85,3.19,1.02,22.98,3.55,0.00,141.00,0.00,55.30
35.5,35.5,1,35.500,18/03/2026 04:18:02,17.991, , , , , , , , , , , , , , , , , , , , , , , , , , , , , , , , , , , , , , , , , , , , , , , , , , , , , , , , , , , , , , , , , , , , , , , , , , , , , , , , , , , , , , , , , , , , , , , , , , , , , , , , , , , , , , , , , , , , , , , , , , , , , , , , , , , , , , , , , , , , , , , , , , , , , , , , , , , , , , , , , , , , , , , , , , , , , , , , , , , , , , , , , , , , , , , , , , , , , , , , , , , , , , , , , , , , , , , , , , , , , , , , , , , , , , , , , , , , , , , , , , , , , , , , , , , , , , , , , , , , , , , , , , , , , , , , , , , , , , , , , , , , , , , , , , , , , , , , , , , , , , , , , , , , , , , , , , , , , , , , , , , , , , , , , , , , , , , , , , , , , , , , , , , , , , , , , , , , , , , , , , , , 
36.0,36.0,1,36.000,18/03/2026 04:18:28,18.918,,9.07, 9.74, 8.35,37.38, -1.58, 7.07,8.197, 6.861, 6.954, 6.588, 6.323, 6.487, 6.371, 6.585, 6.887, 7.246, 7.524, 7.862, 8.089, 8.307, 8.571, 8.844, 9.124, 9.418, 9.664, 9.807, 9.923, 10.025, 10.131, 10.121, 10.090, 10.116, 10.008, 10.041, 10.033, 9.998, 9.986, 9.810, 9.772, 9.765, 9.932, 10.009, 10.095, 10.235, 10.229, 10.435, 10.474, 10.656, 10.860, 10.855, 11.086, 11.256, 11.226, 11.413, 11.520, 11.414, 11.533, 11.658, 11.503, 11.580, 11.673, 11.691, 11.583, 11.709, 11.844, 11.794, 11.721, 11.850, 11.994, 12.019, 11.887, 12.027, 12.180, 12.298, 12.190, 12.110, 12.259, 12.360, 12.445, 12.277, 12.091, 12.224, 12.374, 12.479, 12.437, 12.112, 11.985, 12.134, 12.303, 12.461, 12.490, 12.270, 12.125, 12.281, 12.506, 12.696, 12.850, 12.813, 12.554, 12.397, 12.494, 12.679, 12.799, 12.878, 12.828, 12.569, 12.180, 11.943, 11.853, 11.657, 10.948, 9.891, 9.048, 8.552, 8.172, 7.861, 7.741, 7.855, 8.244, 8.770, 9.318, 9.844, 10.256, 10.518, 10.596, 10.582, 10.632, 10.818, 11.124, 11.474, 11.789, 12.054, 12.289, 12.450, 12.486, 12.378, 12.170, 11.945, 11.810, 11.820, 11.940, 12.130, 12.300, 12.409, 12.415, 12.422, 12.344, 12.167, 11.916, 11.592, 11.274, 11.037, 10.901, 10.886, 10.935, 10.971, 10.867, 10.446, 9.492, 7.832, 5.965, 4.759, 4.244, 4.022, 3.900, 3.849, 3.864, 3.954, 4.111, 4.348, 4.671, 5.077, 5.502, 5.967, 6.428, 6.842, 7.261, 7.655, 7.998, 8.317, 8.585, 8.810, 8.959, 9.032, 9.049, 9.025, 8.989, 8.960, 8.985, 9.082, 9.217, 9.359, 9.489, 9.596, 9.746, 9.840, 9.868, 9.899, 9.883, 9.842, 9.799, 9.667, 9.517, 9.232, 8.961, 8.633, 8.298, 7.980, 7.640, 7.304, 7.017, 6.663, 6.400, 6.264, 6.068, 5.937, 5.860, 5.805, 5.747, 5.811, 5.681, 5.805, 16.3,1218319.0,1186092.0,883243.94,46662.23,2837.88,17378.07,459.51,22818.14,226.64,172.74,24.77,624.17,19.54,1427.33,22.39,1097.29,16.05,883.21,47.14,0.00,17.48,102.05,13.62,384.32,12.00,24860.79,129.99,0.00,106.60,0.00,12.42,13.83,1.99,38.38,1.78,53.54,1.32,1.20,0.39,42.27,0.80,70.65,0.98,4.57,0.66,65.41,1.11,0.00,26.99,0.00,45.11,0.00,388.07,0.00,264.25,0.00,434.41,26.38,8.36,0.00,43.42,0.00,19.80,0.00,30.83,29.49,3.26,0.00,125.19,0.00,54.04,202384.11,77378.85,4705.99,32835.21,868.23,48815.64,484.86,395.81,56.76,1558.49,48.79,1719.37,26.97,1535.33,22.46,1473.63,78.65,0.00,31.21,149.15,19.91,552.21,17.24,35544.56,185.85,0.00,135.54,0.00,15.81,17.31,2.49,47.77,2.22,70.69,1.74,1.69,0.55,46.23,0.87,83.55,1.16,5.80,0.84,88.35,1.50,0.00,31.64,0.00,60.15,0.00,416.83,0.00,301.86,0.00,551.49,31.58,10.01,0.00,50.98,0.00,21.38,0.00,33.21,32.88,3.63,0.00,142.45,0.00,61.30
36.5,36.5,1,36.500,18/03/2026 04:19:03,18.651, , , , , , , , , , , , , , , , , , , , , , , , , , , , , , , , , , , , , , , , , , , , , , , , , , , , , , , , , , , , , , , , , , , , , , , , , , , , , , , , , , , , , , , , , , , , , , , , , , , , , , , , , , , , , , , , , , , , , , , , , , , , , , , , , , , , , , , , , , , , , , , , , , , , , , , , , , , , , , , , , , , , , , , , , , , , , , , , , , , , , , , , , , , , , , , , , , , , , , , , , , , , , , , , , , , , , , , , , , , , , , , , , , , , , , , , , , , , , , , , , , , , , , , , , , , , , , , , , , , , , , , , , , , , , , , , , , , , , , , , , , , , , , , , , , , , , , , , , , , , , , , , , , , , , , , , , , , , , , , , , , , , , , , , , , , , , , , , , , , , , , , , , , , , , , , , , , , , , , , , , , , , 
37.0,37.0,1,37.000,18/03/2026 04:19:29,19.378,,8.84, 9.49, 8.09,36.91, -1.49, 7.12,7.975, 6.148, 6.946, 6.534, 6.094, 6.181, 6.268, 6.446, 6.576, 7.043, 7.329, 7.619, 7.821, 8.064, 8.338, 8.594, 8.858, 9.138, 9.359, 9.530, 9.688, 9.770, 9.849, 9.894, 9.850, 9.842, 9.802, 9.769, 9.812, 9.769, 9.770, 9.607, 9.564, 9.563, 9.742, 9.766, 9.911, 9.972, 10.061, 10.219, 10.262, 10.459, 10.550, 10.660, 10.876, 10.914, 11.011, 11.176, 11.152, 11.186, 11.302, 11.276, 11.234, 11.328, 11.360, 11.279, 11.314, 11.433, 11.445, 11.371, 11.421, 11.525, 11.553, 11.503, 11.529, 11.669, 11.833, 11.806, 11.736, 11.782, 11.936, 11.972, 11.882, 11.748, 11.778, 11.904, 12.048, 12.000, 11.818, 11.652, 11.598, 11.722, 11.885, 11.889, 11.747, 11.650, 11.673, 11.842, 12.067, 12.212, 12.180, 12.050, 11.921, 11.915, 12.006, 12.168, 12.287, 12.218, 11.964, 11.652, 11.415, 11.270, 11.136, 10.807, 9.928, 8.650, 7.609, 6.990, 6.675, 6.521, 6.538, 6.694, 7.058, 7.560, 8.055, 8.480, 8.773, 9.001, 9.186, 9.385, 9.600, 9.853, 10.154, 10.482, 10.795, 11.047, 11.193, 11.218, 11.190, 11.113, 11.043, 10.992, 10.966, 10.994, 11.076, 11.190, 11.323, 11.370, 11.337, 11.204, 10.977, 10.667, 10.392, 10.169, 10.007, 9.926, 9.886, 9.895, 9.902, 9.867, 9.689, 9.183, 8.134, 6.434, 4.669, 3.607, 3.142, 2.944, 2.847, 2.843, 2.907, 3.042, 3.241, 3.490, 3.794, 4.138, 4.500, 4.883, 5.261, 5.613, 5.925, 6.219, 6.462, 6.674, 6.853, 7.012, 7.163, 7.300, 7.416, 7.529, 7.608, 7.690, 7.787, 7.885, 8.010, 8.108, 8.177, 8.255, 8.359, 8.404, 8.416, 8.364, 8.284, 8.157, 7.988, 7.765, 7.560, 7.218, 6.938, 6.655, 6.416, 6.191, 5.954, 5.744, 5.489, 5.330, 5.082, 4.983, 4.811, 4.732, 4.639, 4.525, 4.544, 4.419, 4.452, 4.520, 16.4,1193434.0,1178659.0,883524.78,44952.80,2874.39,17411.25,464.87,21942.71,224.44,399.81,28.03,672.53,20.10,1200.57,21.65,968.42,15.74,633.65,44.74,0.00,17.45,142.76,14.91,359.19,11.93,27501.86,144.14,0.00,115.27,0.00,15.31,11.26,2.01,35.50,1.74,64.08,1.52,0.00,3.68,37.85,0.77,66.24,0.98,4.65,0.68,49.27,1.06,0.00,24.78,0.00,46.93,0.00,386.46,0.00,264.35,0.00,447.80,0.00,464.64,0.00,36.96,0.00,18.60,9.22,1.12,11.57,3.44,0.00,129.73,0.00,49.51,201241.95,74544.14,4766.53,32897.91,878.35,46942.80,480.15,916.11,64.23,1679.24,50.19,1446.21,26.08,1355.02,22.02,1057.24,74.65,0.00,31.15,208.65,21.79,516.10,17.14,39320.61,206.08,0.00,146.56,0.00,19.48,14.09,2.52,44.19,2.17,84.61,2.01,0.00,5.17,41.39,0.84,78.34,1.16,5.91,0.86,66.55,1.43,0.00,29.05,0.00,62.58,0.00,415.10,0.00,301.97,0.00,568.49,0.00,556.22,0.00,43.39,0.00,20.08,9.93,1.21,12.90,3.84,0.00,147.62,0.00,56.17
37.5,37.5,1,37.500,18/03/2026 04:20:03,17.655,1157879.830, , , , , , , , , , , , , , , , , , , , , , , , , , , , , , , , , , , , , , , , , , , , , , , , , , , , , , , , , , , , , , , , , , , , , , , , , , , , , , , , , , , , , , , , , , , , , , , , , , , , , , , , , , , , , , , , , , , , , , , , , , , , , , , , , , , , , , , , , , , , , , , , , , , , , , , , , , , , , , , , , , , , , , , , , , , , , , , , , , , , , , , , , , , , , , , , , , , , , , , , , , , , , , , , , , , , , , , , , , , , , , , , , , , , , , , , , , , , , , , , , , , , , , , , , , , , , , , , , , , , , , , , , , , , , , , , , , , , , , , , , , , , , , , , , , , , , , , , , , , , , , , , , , , , , , , , , , , , , , , , , , , , , , , , , , , , , , , , , , , , , , , , , , , , , , , , , , , , , , , , , , , 
38.0,38.0,1,38.000,18/03/2026 04:20:29,17.721,,9.99, 10.69, 9.48,39.06, -1.33, 6.27,9.933, 9.626, 9.197, 8.082, 8.145, 7.849, 7.658, 7.765, 7.950, 8.361, 8.573, 8.901, 9.047, 9.250, 9.559, 9.795, 10.072, 10.350, 10.547, 10.726, 10.896, 11.033, 11.045, 11.047, 11.075, 11.040, 10.954, 10.975, 10.988, 10.948, 10.959, 10.773, 10.712, 10.723, 10.906, 10.960, 11.108, 11.145, 11.301, 11.352, 11.538, 11.619, 11.774, 11.928, 11.998, 12.190, 12.246, 12.304, 12.429, 12.413, 12.422, 12.517, 12.497, 12.453, 12.534, 12.567, 12.509, 12.565, 12.648, 12.641, 12.605, 12.672, 12.739, 12.754, 12.759, 12.834, 12.925, 12.920, 12.874, 12.968, 13.016, 13.044, 12.923, 12.871, 12.979, 13.042, 13.113, 12.989, 12.849, 12.854, 12.852, 12.880, 12.897, 12.792, 12.775, 12.863, 12.941, 13.038, 13.098, 13.035, 13.023, 13.112, 13.155, 13.183, 13.235, 13.208, 13.075, 12.985, 12.935, 12.838, 12.700, 12.618, 12.431, 11.905, 10.818, 9.531, 8.637, 8.169, 7.940, 7.864, 7.881, 7.910, 8.056, 8.398, 8.891, 9.437, 9.881, 10.214, 10.514, 10.791, 10.996, 11.103, 11.180, 11.341, 11.595, 11.876, 12.087, 12.202, 12.250, 12.298, 12.331, 12.284, 12.157, 12.013, 11.952, 12.002, 12.119, 12.196, 12.159, 12.059, 11.920, 11.754, 11.612, 11.452, 11.281, 11.097, 10.944, 10.846, 10.824, 10.813, 10.645, 10.133, 9.012, 7.181, 5.237, 4.051, 3.593, 3.441, 3.378, 3.399, 3.469, 3.607, 3.812, 4.099, 4.461, 4.851, 5.249, 5.618, 5.947, 6.240, 6.539, 6.841, 7.153, 7.461, 7.727, 7.929, 8.082, 8.176, 8.236, 8.301, 8.407, 8.558, 8.744, 8.960, 9.130, 9.263, 9.286, 9.257, 9.208, 9.142, 9.023, 8.962, 8.908, 8.815, 8.672, 8.437, 8.211, 7.873, 7.509, 7.204, 6.923, 6.666, 6.538, 6.372, 6.248, 6.192, 6.087, 6.015, 5.843, 5.665, 5.526, 5.214, 5.079, 4.858, 4.652, 4.650, 16.3,1207138.0,1152591.0,906323.93,32278.66,2661.58,17698.02,456.17,20451.45,210.77,256.35,25.44,630.28,19.33,799.86,19.33,810.95,14.46,640.67,43.73,0.00,16.55,126.49,13.91,230.01,9.86,19478.12,101.53,0.00,91.64,0.00,12.08,17.44,1.94,54.85,1.92,33.34,1.16,0.00,4.24,32.65,0.68,67.21,0.92,3.86,0.62,44.82,0.97,0.00,25.25,0.00,44.10,0.00,365.62,0.00,257.26,0.00,418.93,0.00,444.27,0.00,39.18,0.00,20.36,11.05,1.05,9.99,3.17,0.00,126.95,0.00,50.41,164749.34,53526.92,4413.63,33439.75,861.92,43752.50,450.91,587.39,58.29,1573.75,48.27,963.51,23.29,1134.69,20.23,1068.95,72.96,0.00,29.54,184.87,20.33,330.49,14.17,27848.72,145.16,0.00,116.52,0.00,15.37,21.83,2.43,68.27,2.39,44.02,1.53,0.00,5.96,35.71,0.74,79.48,1.09,4.90,0.79,60.54,1.31,0.00,29.60,0.00,58.81,0.00,392.72,0.00,293.88,0.00,531.84,0.00,531.84,0.00,46.00,0.00,21.98,11.90,1.13,11.14,3.53,0.00,144.46,0.00,57.19
38.5,38.5,1,38.500,18/03/2026 04:21:04,19.110, , , , , , , , , , , , , , , , , , , , , , , , , , , , , , , , , , , , , , , , , , , , , , , , , , , , , , , , , , , , , , , , , , , , , , , , , , , , , , , , , , , , , , , , , , , , , , , , , , , , , , , , , , , , , , , , , , , , , , , , , , , , , , , , , , , , , , , , , , , , , , , , , , , , , , , , , , , , , , , , , , , , , , , , , , , , , , , , , , , , , , , , , , , , , , , , , , , , , , , , , , , , , , , , , , , , , , , , , , , , , , , , , , , , , , , , , , , , , , , , , , , , , , , , , , , , , , , , , , , , , , , , , , , , , , , , , , , , , , , , , , , , , , , , , , , , , , , , , , , , , , , , , , , , , , , , , , , , , , , , , , , , , , , , , , , , , , , , , , , , , , , , , , , , , , , , , , , , , , , , , , , , 
39.0,39.0,1,39.000,18/03/2026 04:21:30,19.240,,9.59, 10.29, 8.66,38.36, -1.56, 7.70,7.882, 7.372, 6.947, 6.575, 6.622, 6.710, 6.660, 6.733, 7.062, 7.499, 7.825, 8.180, 8.413, 8.645, 8.947, 9.248, 9.570, 9.896, 10.158, 10.345, 10.492, 10.592, 10.689, 10.793, 10.740, 10.648, 10.702, 10.635, 10.601, 10.718, 10.545, 10.516, 10.313, 10.408, 10.540, 10.644, 10.742, 10.866, 10.924, 11.138, 11.142, 11.425, 11.415, 11.639, 11.786, 11.826, 12.063, 12.037, 12.085, 12.256, 12.142, 12.173, 12.320, 12.195, 12.170, 12.338, 12.302, 12.236, 12.335, 12.449, 12.363, 12.333, 12.502, 12.565, 12.511, 12.520, 12.624, 12.710, 12.672, 12.611, 12.695, 12.811, 12.736, 12.638, 12.575, 12.718, 12.848, 12.773, 12.642, 12.487, 12.468, 12.630, 12.688, 12.628, 12.512, 12.465, 12.602, 12.812, 12.896, 12.890, 12.809, 12.736, 12.757, 12.895, 13.015, 13.025, 12.941, 12.790, 12.596, 12.468, 12.453, 12.449, 12.293, 11.882, 10.918, 9.617, 8.586, 8.110, 7.973, 7.979, 8.007, 8.069, 8.291, 8.607, 8.960, 9.353, 9.768, 10.181, 10.552, 10.805, 10.981, 11.121, 11.240, 11.353, 11.463, 11.585, 11.756, 11.956, 12.132, 12.217, 12.219, 12.137, 12.069, 11.998, 11.919, 11.864, 11.827, 11.809, 11.832, 11.873, 11.861, 11.753, 11.590, 11.402, 11.257, 11.151, 11.054, 10.945, 10.819, 10.656, 10.414, 9.929, 8.966, 7.310, 5.375, 4.105, 3.583, 3.402, 3.369, 3.425, 3.570, 3.759, 3.972, 4.211, 4.492, 4.809, 5.158, 5.555, 5.974, 6.409, 6.810, 7.191, 7.488, 7.746, 7.986, 8.185, 8.350, 8.530, 8.638, 8.737, 8.777, 8.823, 8.860, 8.919, 9.001, 9.099, 9.226, 9.324, 9.450, 9.519, 9.470, 9.424, 9.302, 9.148, 8.950, 8.763, 8.523, 8.270, 7.979, 7.756, 7.484, 7.215, 7.036, 6.761, 6.497, 6.306, 6.187, 5.910, 5.856, 5.755, 5.705, 5.527, 5.496, 5.321, 5.165, 5.081, 16.3,1204637.0,1149728.0,882366.41,54620.93,2962.64,18881.69,474.81,22327.21,225.67,416.39,28.15,695.22,20.23,720.62,19.58,739.18,14.37,563.85,43.82,0.00,16.02,66.62,12.79,196.99,9.47,18077.68,98.68,0.00,89.43,0.00,11.04,14.60,1.89,47.28,1.81,33.02,1.23,0.00,3.86,30.62,0.67,63.32,0.90,6.66,0.64,44.97,0.97,0.00,25.73,0.00,45.57,27.86,7.66,0.00,258.04,0.00,426.99,24.53,7.96,0.00,35.20,0.00,17.86,18.97,1.17,15.38,3.13,0.00,126.57,0.00,52.71,206173.33,90576.57,4912.87,35676.25,897.14,47765.38,482.78,954.10,64.50,1735.90,50.51,868.06,23.59,1034.27,20.11,940.78,73.11,0.00,28.60,97.37,18.69,283.04,13.61,25846.45,141.09,0.00,113.71,0.00,14.05,18.28,2.37,58.85,2.25,43.60,1.62,0.00,5.42,33.49,0.73,74.88,1.06,8.46,0.81,60.74,1.31,0.00,30.16,0.00,60.77,29.92,8.23,0.00,294.77,0.00,542.07,29.36,9.53,0.00,41.33,0.00,19.28,20.43,1.26,17.15,3.49,0.00,144.02,0.00,59.80
39.5,39.5,1,39.500,18/03/2026 04:22:22,20.037, , , , , , , , , , , , , , , , , , , , , , , , , , , , , , , , , , , , , , , , , , , , , , , , , , , , , , , , , , , , , , , , , , , , , , , , , , , , , , , , , , , , , , , , , , , , , , , , , , , , , , , , , , , , , , , , , , , , , , , , , , , , , , , , , , , , , , , , , , , , , , , , , , , , , , , , , , , , , , , , , , , , , , , , , , , , , , , , , , , , , , , , , , , , , , , , , , , , , , , , , , , , , , , , , , , , , , , , , , , , , , , , , , , , , , , , , , , , , , , , , , , , , , , , , , , , , , , , , , , , , , , , , , , , , , , , , , , , , , , , , , , , , , , , , , , , , , , , , , , , , , , , , , , , , , , , , , , , , , , , , , , , , , , , , , , , , , , , , , , , , , , , , , , , , , , , , , , , , , , , , , , , 
40.0,40.0,1,40.000,18/03/2026 04:22:39,19.371,,9.09, 9.78, 8.39,37.45, -1.71, 7.06,7.608, 6.158, 7.029, 6.495, 6.403, 6.389, 6.513, 6.670, 6.891, 7.264, 7.572, 7.899, 8.114, 8.357, 8.628, 8.917, 9.199, 9.475, 9.680, 9.847, 9.999, 10.090, 10.146, 10.157, 10.147, 10.094, 10.049, 10.007, 10.022, 10.006, 9.937, 9.826, 9.681, 9.745, 9.836, 9.935, 9.998, 10.105, 10.190, 10.295, 10.417, 10.492, 10.681, 10.797, 10.929, 11.069, 11.109, 11.245, 11.304, 11.282, 11.358, 11.395, 11.367, 11.378, 11.438, 11.434, 11.383, 11.500, 11.520, 11.521, 11.514, 11.623, 11.645, 11.671, 11.672, 11.815, 11.928, 11.902, 11.866, 11.942, 12.084, 12.033, 11.963, 11.871, 11.939, 12.098, 12.101, 12.072, 11.910, 11.842, 11.915, 11.986, 12.011, 12.004, 11.890, 11.863, 12.051, 12.189, 12.227, 12.299, 12.252, 12.157, 12.194, 12.346, 12.409, 12.427, 12.444, 12.350, 12.118, 11.954, 11.944, 11.959, 11.827, 11.471, 10.670, 9.493, 8.481, 7.938, 7.772, 7.793, 7.858, 7.945, 8.178, 8.559, 8.940, 9.249, 9.506, 9.807, 10.164, 10.491, 10.714, 10.896, 11.051, 11.238, 11.394, 11.483, 11.496, 11.502, 11.597, 11.730, 11.871, 11.907, 11.879, 11.844, 11.844, 11.870, 11.879, 11.791, 11.605, 11.434, 11.285, 11.208, 11.192, 11.179, 11.145, 11.092, 10.968, 10.926, 10.873, 10.773, 10.517, 9.916, 8.795, 7.000, 5.080, 3.869, 3.427, 3.321, 3.345, 3.486, 3.679, 3.914, 4.168, 4.442, 4.757, 5.085, 5.406, 5.692, 5.940, 6.165, 6.391, 6.631, 6.920, 7.248, 7.621, 7.961, 8.265, 8.526, 8.703, 8.843, 8.939, 9.012, 9.113, 9.213, 9.311, 9.342, 9.312, 9.224, 9.126, 8.981, 8.797, 8.659, 8.556, 8.490, 8.440, 8.392, 8.343, 8.215, 8.054, 7.876, 7.728, 7.524, 7.339, 7.114, 6.926, 6.722, 6.545, 6.350, 6.191, 5.925, 5.771, 5.527, 5.303, 5.042, 4.735, 4.603, 16.3,1199120.0,1178422.0,880503.85,50980.68,2900.78,18314.48,466.61,22053.85,223.31,179.62,24.80,529.40,18.98,774.73,19.57,747.53,14.45,507.58,42.81,27.12,5.39,51.21,12.95,329.67,11.27,24715.55,129.74,0.00,107.36,0.00,10.77,12.10,1.92,53.96,1.95,63.12,1.43,0.00,3.60,30.41,0.69,56.33,0.88,2.04,0.62,44.61,1.00,0.00,26.40,0.00,46.26,0.00,379.79,0.00,261.24,0.00,437.66,0.00,453.21,0.00,29.93,0.00,14.40,4.90,0.99,17.31,3.26,0.00,126.35,0.00,49.00,207171.44,84540.03,4810.29,34604.53,881.64,47180.57,477.73,411.58,56.83,1321.86,47.39,933.24,23.57,1045.95,20.22,846.89,71.43,48.41,9.62,74.85,18.93,473.68,16.19,35336.90,185.49,0.00,136.51,0.00,13.71,15.15,2.40,67.16,2.43,83.34,1.89,0.00,5.06,33.26,0.75,66.62,1.04,2.59,0.79,60.26,1.35,0.00,30.95,0.00,61.69,0.00,407.94,0.00,298.42,0.00,555.62,0.00,542.54,0.00,35.14,0.00,15.55,5.28,1.07,19.30,3.63,0.00,143.77,0.00,55.59
40.5,40.5,1,40.500,18/03/2026 04:23:22,18.382, , , , , , , , , , , , , , , , , , , , , , , , , , , , , , , , , , , , , , , , , , , , , , , , , , , , , , , , , , , , , , , , , , , , , , , , , , , , , , , , , , , , , , , , , , , , , , , , , , , , , , , , , , , , , , , , , , , , , , , , , , , , , , , , , , , , , , , , , , , , , , , , , , , , , , , , , , , , , , , , , , , , , , , , , , , , , , , , , , , , , , , , , , , , , , , , , , , , , , , , , , , , , , , , , , , , , , , , , , , , , , , , , , , , , , , , , , , , , , , , , , , , , , , , , , , , , , , , , , , , , , , , , , , , , , , , , , , , , , , , , , , , , , , , , , , , , , , , , , , , , , , , , , , , , , , , , , , , , , , , , , , , , , , , , , , , , , , , , , , , , , , , , , , , , , , , , , , , , , , , , , , , 
41.0,41.0,1,41.000,18/03/2026 04:23:39,19.907,,10.86, 11.64, 10.38,40.65, -1.56, 6.29,10.691, 9.487, 10.066, 8.784, 8.934, 8.424, 8.364, 8.461, 8.669, 9.133, 9.423, 9.741, 9.911, 10.178, 10.493, 10.752, 11.045, 11.353, 11.518, 11.689, 11.893, 11.996, 11.973, 12.052, 12.047, 11.902, 11.939, 11.848, 11.867, 11.858, 11.765, 11.657, 11.464, 11.576, 11.662, 11.823, 11.859, 12.006, 12.071, 12.148, 12.367, 12.357, 12.594, 12.739, 12.733, 13.012, 13.071, 13.007, 13.231, 13.278, 13.122, 13.259, 13.377, 13.230, 13.176, 13.363, 13.405, 13.256, 13.288, 13.463, 13.489, 13.370, 13.383, 13.542, 13.644, 13.587, 13.542, 13.637, 13.734, 13.752, 13.745, 13.646, 13.671, 13.719, 13.706, 13.713, 13.720, 13.687, 13.688, 13.570, 13.483, 13.519, 13.583, 13.634, 13.658, 13.585, 13.549, 13.626, 13.766, 13.868, 13.943, 13.941, 13.820, 13.722, 13.753, 13.850, 13.934, 13.946, 13.868, 13.666, 13.404, 13.186, 13.015, 12.726, 11.992, 10.901, 10.027, 9.551, 9.233, 9.002, 8.891, 8.949, 9.241, 9.718, 10.251, 10.775, 11.202, 11.510, 11.677, 11.755, 11.794, 11.909, 12.084, 12.315, 12.587, 12.839, 13.086, 13.257, 13.348, 13.333, 13.234, 13.076, 12.937, 12.852, 12.829, 12.896, 12.987, 13.062, 13.084, 13.097, 13.053, 12.954, 12.789, 12.579, 12.401, 12.219, 12.036, 11.931, 11.850, 11.743, 11.530, 11.058, 10.083, 8.405, 6.483, 5.210, 4.706, 4.535, 4.508, 4.599, 4.738, 4.924, 5.133, 5.369, 5.655, 5.977, 6.307, 6.664, 7.047, 7.397, 7.748, 8.121, 8.441, 8.760, 9.062, 9.331, 9.577, 9.787, 9.908, 10.026, 10.091, 10.123, 10.161, 10.205, 10.273, 10.308, 10.308, 10.318, 10.340, 10.351, 10.283, 10.255, 10.216, 10.111, 10.043, 9.936, 9.805, 9.569, 9.343, 9.125, 8.944, 8.771, 8.580, 8.378, 8.130, 7.933, 7.704, 7.460, 7.295, 7.036, 6.904, 6.764, 6.595, 6.458, 6.329, 6.278, 16.3,1204035.0,1151222.0,872106.63,58669.54,3035.47,18285.66,478.12,24415.19,240.96,308.23,27.47,496.73,19.44,1123.99,21.81,963.00,16.07,1136.86,51.23,0.00,17.92,153.62,15.43,274.34,10.97,21688.44,118.41,0.00,101.13,0.00,11.69,25.74,2.18,49.97,1.92,38.06,1.29,1.91,0.41,40.60,0.79,77.40,1.03,3.53,0.66,61.01,1.10,0.00,26.86,0.00,48.16,54.28,8.38,0.00,273.23,0.00,450.04,0.00,470.25,0.00,34.71,0.00,21.42,12.86,1.17,12.41,3.36,0.00,131.79,0.00,57.82,222701.21,97290.28,5033.65,34550.07,903.39,52232.27,515.49,706.27,62.94,1240.29,48.54,1353.96,26.27,1347.44,22.49,1896.84,85.48,0.00,31.99,224.52,22.55,394.18,15.76,31008.91,169.30,0.00,128.59,0.00,14.88,32.22,2.73,62.20,2.39,50.25,1.70,2.68,0.58,44.40,0.86,91.53,1.22,4.48,0.84,82.41,1.49,0.00,31.49,0.00,64.22,58.30,9.00,0.00,312.12,0.00,571.33,0.00,562.94,0.00,40.75,0.00,23.13,13.85,1.26,13.84,3.75,0.00,149.96,0.00,65.59
41.5,41.5,1,41.500,18/03/2026 04:24:23,22.415, , , , , , , , , , , , , , , , , , , , , , , , , , , , , , , , , , , , , , , , , , , , , , , , , , , , , , , , , , , , , , , , , , , , , , , , , , , , , , , , , , , , , , , , , , , , , , , , , , , , , , , , , , , , , , , , , , , , , , , , , , , , , , , , , , , , , , , , , , , , , , , , , , , , , , , , , , , , , , , , , , , , , , , , , , , , , , , , , , , , , , , , , , , , , , , , , , , , , , , , , , , , , , , , , , , , , , , , , , , , , , , , , , , , , , , , , , , , , , , , , , , , , , , , , , , , , , , , , , , , , , , , , , , , , , , , , , , , , , , , , , , , , , , , , , , , , , , , , , , , , , , , , , , , , , , , , , , , , , , , , , , , , , , , , , , , , , , , , , , , , , , , , , , , , , , , , , , , , , , , , , , , 
42.0,42.0,1,42.000,18/03/2026 04:24:40,19.969,,10.38, 11.12, 9.78,39.79, -1.46, 6.60,10.496, 9.085, 8.596, 8.017, 7.919, 7.833, 7.705, 7.837, 8.117, 8.544, 8.882, 9.177, 9.413, 9.666, 9.969, 10.243, 10.458, 10.674, 10.968, 11.255, 11.330, 11.389, 11.552, 11.522, 11.520, 11.503, 11.398, 11.430, 11.381, 11.409, 11.325, 11.188, 11.086, 11.067, 11.321, 11.242, 11.529, 11.480, 11.606, 11.869, 11.726, 12.091, 12.167, 12.127, 12.572, 12.579, 12.462, 12.859, 12.913, 12.658, 12.860, 13.109, 12.896, 12.715, 13.008, 13.211, 12.880, 12.802, 13.142, 13.374, 13.061, 12.870, 13.152, 13.561, 13.468, 13.117, 13.070, 13.501, 13.819, 13.680, 13.331, 13.180, 13.518, 13.808, 13.829, 13.543, 13.236, 13.288, 13.570, 13.708, 13.673, 13.431, 13.184, 13.211, 13.454, 13.690, 13.868, 13.863, 13.656, 13.514, 13.553, 13.706, 13.875, 14.074, 14.150, 14.021, 13.791, 13.632, 13.493, 13.431, 13.447, 13.537, 13.481, 13.095, 12.132, 10.838, 9.828, 9.340, 9.168, 9.200, 9.365, 9.538, 9.798, 10.096, 10.398, 10.738, 11.035, 11.299, 11.567, 11.869, 12.180, 12.471, 12.698, 12.849, 12.959, 13.050, 13.123, 13.180, 13.203, 13.213, 13.231, 13.311, 13.375, 13.452, 13.487, 13.490, 13.485, 13.412, 13.307, 13.225, 13.090, 12.909, 12.747, 12.639, 12.619, 12.617, 12.573, 12.557, 12.498, 12.347, 12.042, 11.462, 10.383, 8.618, 6.606, 5.276, 4.732, 4.563, 4.574, 4.707, 4.936, 5.222, 5.544, 5.881, 6.183, 6.482, 6.774, 7.046, 7.339, 7.631, 7.939, 8.257, 8.563, 8.858, 9.146, 9.402, 9.642, 9.892, 10.125, 10.354, 10.572, 10.756, 10.913, 10.999, 11.046, 11.013, 10.920, 10.805, 10.703, 10.632, 10.532, 10.444, 10.384, 10.304, 10.233, 10.127, 9.931, 9.688, 9.484, 9.322, 9.161, 9.091, 9.065, 8.976, 8.885, 8.814, 8.595, 8.400, 8.089, 7.909, 7.567, 7.393, 7.035, 6.796, 6.689, 6.377, 16.3,1201310.0,1190201.0,885599.44,39544.24,2825.20,18581.10,479.79,26688.44,251.13,383.87,28.39,597.10,19.96,1407.17,22.96,1118.56,16.59,740.92,46.73,0.00,17.86,81.91,14.51,295.84,11.27,24643.85,130.12,0.00,109.67,0.00,14.92,15.47,2.08,62.90,2.17,42.24,1.30,0.00,4.29,46.54,0.84,74.90,1.03,5.87,0.70,46.66,1.06,2.84,0.92,0.00,47.73,0.00,395.04,0.00,276.33,0.00,456.50,0.00,472.54,0.00,43.41,0.00,20.30,9.33,1.10,0.00,121.22,10.83,2.82,0.00,54.91,200814.22,65575.26,4684.96,35108.29,906.55,57095.51,537.25,879.59,65.05,1490.90,49.84,1695.08,27.66,1565.10,23.21,1236.22,77.97,0.00,31.88,119.72,21.21,425.07,16.19,35234.39,186.04,0.00,139.44,0.00,18.99,19.36,2.60,78.29,2.70,55.77,1.72,0.00,6.03,50.90,0.92,88.58,1.22,7.45,0.89,63.03,1.43,3.33,1.08,0.00,63.65,0.00,424.32,0.00,315.66,0.00,579.54,0.00,565.68,0.00,50.97,0.00,21.92,10.05,1.18,0.00,135.14,12.32,3.21,0.00,62.29
42.5,42.5,1,42.500,18/03/2026 04:25:23,21.693,1157879.893, , , , , , , , , , , , , , , , , , , , , , , , , , , , , , , , , , , , , , , , , , , , , , , , , , , , , , , , , , , , , , , , , , , , , , , , , , , , , , , , , , , , , , , , , , , , , , , , , , , , , , , , , , , , , , , , , , , , , , , , , , , , , , , , , , , , , , , , , , , , , , , , , , , , , , , , , , , , , , , , , , , , , , , , , , , , , , , , , , , , , , , , , , , , , , , , , , , , , , , , , , , , , , , , , , , , , , , , , , , , , , , , , , , , , , , , , , , , , , , , , , , , , , , , , , , , , , , , , , , , , , , , , , , , , , , , , , , , , , , , , , , , , , , , , , , , , , , , , , , , , , , , , , , , , , , , , , , , , , , , , , , , , , , , , , , , , , , , , , , , , , , , , , , , , , , , , , , , , , , , , , , 
43.0,43.0,1,43.000,18/03/2026 04:25:40,19.513,,10.93, 11.68, 10.41,40.71, -1.31, 6.31,10.880, 10.577, 10.706, 9.276, 8.792, 8.659, 8.555, 8.612, 8.743, 9.137, 9.445, 9.748, 9.932, 10.188, 10.471, 10.679, 10.921, 11.249, 11.617, 11.860, 11.806, 11.889, 12.249, 12.059, 12.012, 12.238, 11.814, 12.101, 11.901, 11.988, 11.907, 11.757, 11.634, 11.722, 11.734, 12.039, 11.810, 12.295, 12.023, 12.369, 12.509, 12.361, 12.879, 12.787, 12.828, 13.304, 13.131, 13.134, 13.549, 13.411, 13.216, 13.563, 13.648, 13.307, 13.373, 13.728, 13.648, 13.356, 13.530, 13.864, 13.798, 13.477, 13.553, 13.942, 14.101, 13.824, 13.658, 13.848, 14.233, 14.270, 14.022, 13.775, 13.887, 14.244, 14.419, 14.231, 13.897, 13.758, 13.927, 14.160, 14.230, 14.049, 13.769, 13.624, 13.773, 14.135, 14.429, 14.483, 14.293, 14.030, 13.877, 14.013, 14.350, 14.682, 14.838, 14.693, 14.347, 13.936, 13.666, 13.632, 13.809, 14.025, 14.057, 13.637, 12.473, 10.844, 9.582, 9.019, 8.985, 9.244, 9.603, 9.939, 10.253, 10.473, 10.579, 10.625, 10.715, 10.957, 11.381, 11.925, 12.514, 13.071, 13.469, 13.692, 13.711, 13.548, 13.309, 13.066, 12.945, 12.989, 13.185, 13.503, 13.867, 14.213, 14.504, 14.654, 14.634, 14.382, 13.949, 13.463, 12.968, 12.548, 12.283, 12.246, 12.385, 12.646, 12.851, 13.165, 13.381, 13.440, 13.203, 12.538, 11.189, 9.097, 6.873, 5.367, 4.652, 4.329, 4.252, 4.396, 4.726, 5.199, 5.756, 6.352, 6.927, 7.500, 7.980, 8.362, 8.648, 8.818, 8.886, 8.889, 8.846, 8.809, 8.770, 8.762, 8.832, 8.990, 9.198, 9.485, 9.822, 10.217, 10.634, 11.065, 11.473, 11.812, 12.055, 12.212, 12.285, 12.247, 12.088, 11.830, 11.542, 11.139, 10.743, 10.306, 9.819, 9.270, 8.837, 8.427, 8.163, 8.054, 7.956, 7.912, 7.950, 8.106, 8.232, 8.377, 8.614, 8.786, 8.949, 9.053, 9.109, 9.202, 9.182, 9.112, 16.3,1206685.0,1168670.0,892969.89,32392.53,2678.83,19194.41,477.33,25304.73,238.78,263.22,26.17,701.02,19.99,1706.25,23.65,1363.17,17.44,937.26,47.70,0.00,17.16,157.15,14.58,299.85,11.04,24374.21,125.62,0.00,105.68,0.00,11.75,0.00,10.87,42.74,1.80,43.69,1.28,2.02,0.41,41.47,0.79,73.58,1.00,8.92,0.69,56.14,1.06,6.30,0.92,0.00,46.59,0.00,380.50,0.00,265.07,0.00,439.68,26.95,8.37,0.00,33.94,0.00,17.93,5.88,1.05,28.59,3.27,0.00,126.06,0.00,54.07,187918.70,53715.75,4442.24,36267.12,901.90,54135.29,510.83,603.13,59.97,1750.38,49.91,2055.36,28.49,1907.36,24.40,1563.81,79.59,0.00,30.63,229.68,21.31,430.84,15.86,34848.88,179.60,0.00,134.37,0.00,14.95,0.00,13.61,53.20,2.24,57.68,1.69,2.84,0.58,45.35,0.86,87.02,1.18,11.33,0.88,75.83,1.43,7.38,1.08,0.00,62.13,0.00,408.70,0.00,302.80,0.00,558.18,32.26,10.02,0.00,39.85,0.00,19.36,6.33,1.13,31.87,3.65,0.00,143.44,0.00,61.34
43.5,43.5,1,43.500,18/03/2026 04:26:24,19.111, , , , , , , , , , , , , , , , , , , , , , , , , , , , , , , , , , , , , , , , , , , , , , , , , , , , , , , , , , , , , , , , , , , , , , , , , , , , , , , , , , , , , , , , , , , , , , , , , , , , , , , , , , , , , , , , , , , , , , , , , , , , , , , , , , , , , , , , , , , , , , , , , , , , , , , , , , , , , , , , , , , , , , , , , , , , , , , , , , , , , , , , , , , , , , , , , , , , , , , , , , , , , , , , , , , , , , , , , , , , , , , , , , , , , , , , , , , , , , , , , , , , , , , , , , , , , , , , , , , , , , , , , , , , , , , , , , , , , , , , , , , , , , , , , , , , , , , , , , , , , , , , , , , , , , , , , , , , , , , , , , , , , , , , , , , , , , , , , , , , , , , , , , , , , , , , , , , , , , , , , , , , 
44.0,44.0,1,44.000,18/03/2026 04:26:49,20.301,,9.24, 9.94, 8.30,37.73, -1.66, 7.83,8.352, 7.667, 7.712, 6.628, 6.103, 6.125, 6.361, 6.453, 6.726, 7.163, 7.488, 7.823, 8.088, 8.333, 8.627, 8.937, 9.243, 9.549, 9.768, 9.967, 10.175, 10.288, 10.338, 10.406, 10.365, 10.325, 10.276, 10.235, 10.282, 10.237, 10.231, 10.032, 9.953, 9.979, 10.158, 10.256, 10.356, 10.479, 10.568, 10.706, 10.851, 10.967, 11.116, 11.290, 11.398, 11.539, 11.683, 11.720, 11.783, 11.887, 11.874, 11.864, 11.944, 11.970, 11.898, 11.930, 12.043, 12.058, 12.010, 12.041, 12.146, 12.184, 12.152, 12.182, 12.300, 12.389, 12.478, 12.417, 12.428, 12.536, 12.621, 12.632, 12.552, 12.478, 12.505, 12.616, 12.685, 12.635, 12.497, 12.347, 12.300, 12.394, 12.545, 12.607, 12.548, 12.475, 12.448, 12.549, 12.740, 12.900, 12.955, 12.915, 12.789, 12.727, 12.754, 12.859, 12.969, 12.992, 12.858, 12.625, 12.377, 12.170, 11.956, 11.580, 10.736, 9.561, 8.649, 8.175, 7.911, 7.731, 7.630, 7.647, 7.892, 8.330, 8.871, 9.427, 9.925, 10.294, 10.570, 10.746, 10.863, 10.968, 11.111, 11.287, 11.503, 11.759, 12.006, 12.227, 12.367, 12.438, 12.434, 12.373, 12.282, 12.174, 12.098, 12.056, 12.055, 12.053, 12.033, 12.034, 12.002, 11.918, 11.834, 11.725, 11.641, 11.545, 11.327, 11.204, 11.046, 10.820, 10.469, 9.830, 8.691, 6.897, 4.995, 3.877, 3.512, 3.448, 3.515, 3.655, 3.831, 4.045, 4.255, 4.481, 4.699, 4.938, 5.177, 5.419, 5.675, 5.937, 6.236, 6.556, 6.884, 7.243, 7.591, 7.940, 8.256, 8.559, 8.834, 9.055, 9.237, 9.369, 9.465, 9.508, 9.535, 9.498, 9.419, 9.284, 9.177, 9.080, 8.931, 8.796, 8.685, 8.595, 8.520, 8.412, 8.280, 8.122, 7.940, 7.799, 7.704, 7.648, 7.522, 7.383, 7.267, 7.149, 6.921, 6.681, 6.469, 6.209, 5.946, 5.572, 5.415, 5.149, 4.879, 4.813, 16.3,1224010.0,1159757.0,877398.68,49700.26,2853.88,16186.40,450.05,26742.09,246.85,246.94,25.93,581.25,19.23,1839.87,24.17,1541.30,18.38,1175.53,50.55,23.51,5.73,109.03,14.61,304.11,11.15,23827.91,124.82,0.00,103.02,0.00,15.74,18.92,2.11,42.95,1.89,33.57,1.25,0.00,4.48,39.53,0.77,82.06,1.05,8.97,0.69,64.54,1.11,0.00,26.26,0.00,45.36,0.00,383.83,0.00,268.21,0.00,436.19,0.00,463.71,17.81,2.68,0.00,20.60,14.76,1.19,0.00,118.00,0.00,131.18,0.00,56.48,213665.26,82416.74,4732.52,30583.60,850.35,57210.29,528.09,565.83,59.42,1451.33,48.02,2216.32,29.12,2156.60,25.72,1961.36,84.34,41.97,10.23,159.35,21.35,436.96,16.02,34067.81,178.46,0.00,130.99,0.00,20.03,23.68,2.64,53.46,2.35,44.32,1.65,0.00,6.30,43.23,0.84,97.04,1.24,11.39,0.88,87.18,1.50,0.00,30.78,0.00,60.49,0.00,412.28,0.00,306.38,0.00,553.75,0.00,555.11,20.91,3.15,0.00,22.24,15.90,1.28,0.00,131.55,0.00,149.27,0.00,64.07
44.5,44.5,1,44.500,18/03/2026 04:27:33,20.303, , , , , , , , , , , , , , , , , , , , , , , , , , , , , , , , , , , , , , , , , , , , , , , , , , , , , , , , , , , , , , , , , , , , , , , , , , , , , , , , , , , , , , , , , , , , , , , , , , , , , , , , , , , , , , , , , , , , , , , , , , , , , , , , , , , , , , , , , , , , , , , , , , , , , , , , , , , , , , , , , , , , , , , , , , , , , , , , , , , , , , , , , , , , , , , , , , , , , , , , , , , , , , , , , , , , , , , , , , , , , , , , , , , , , , , , , , , , , , , , , , , , , , , , , , , , , , , , , , , , , , , , , , , , , , , , , , , , , , , , , , , , , , , , , , , , , , , , , , , , , , , , , , , , , , , , , , , , , , , , , , , , , , , , , , , , , , , , , , , , , , , , , , , , , , , , , , , , , , , , , , , , 
45.0,45.0,1,45.000,18/03/2026 04:27:59,19.639,,9.85, 10.57, 8.92,38.84, -1.52, 7.69,7.715, 6.911, 7.832, 7.050, 6.954, 6.719, 6.929, 7.004, 7.294, 7.747, 8.044, 8.384, 8.656, 8.898, 9.240, 9.536, 9.843, 10.132, 10.360, 10.578, 10.828, 10.934, 10.948, 11.069, 11.058, 10.956, 10.971, 10.900, 10.944, 10.948, 10.878, 10.735, 10.578, 10.667, 10.825, 10.954, 11.064, 11.183, 11.286, 11.435, 11.560, 11.713, 11.862, 11.989, 12.172, 12.287, 12.378, 12.515, 12.548, 12.567, 12.652, 12.664, 12.618, 12.674, 12.718, 12.676, 12.687, 12.798, 12.833, 12.782, 12.801, 12.916, 12.992, 12.974, 12.962, 13.064, 13.145, 13.193, 13.120, 13.095, 13.234, 13.339, 13.328, 13.198, 13.102, 13.179, 13.340, 13.392, 13.268, 13.038, 12.911, 12.986, 13.199, 13.334, 13.320, 13.195, 13.103, 13.152, 13.340, 13.564, 13.671, 13.651, 13.507, 13.386, 13.357, 13.445, 13.587, 13.661, 13.573, 13.368, 13.108, 12.872, 12.642, 12.301, 11.529, 10.444, 9.563, 9.094, 8.824, 8.625, 8.510, 8.505, 8.751, 9.208, 9.761, 10.314, 10.794, 11.143, 11.387, 11.537, 11.640, 11.739, 11.872, 12.042, 12.269, 12.521, 12.777, 12.965, 13.093, 13.127, 13.104, 13.035, 12.934, 12.845, 12.777, 12.756, 12.783, 12.797, 12.794, 12.805, 12.769, 12.671, 12.550, 12.433, 12.312, 12.211, 12.031, 11.915, 11.808, 11.629, 11.355, 10.791, 9.719, 7.953, 5.987, 4.736, 4.259, 4.108, 4.081, 4.166, 4.317, 4.502, 4.720, 5.000, 5.291, 5.605, 5.942, 6.274, 6.619, 6.958, 7.300, 7.652, 7.994, 8.319, 8.634, 8.917, 9.186, 9.411, 9.602, 9.760, 9.888, 9.990, 10.067, 10.132, 10.201, 10.230, 10.203, 10.155, 10.160, 10.103, 10.008, 9.950, 9.913, 9.829, 9.768, 9.624, 9.487, 9.225, 9.017, 8.825, 8.596, 8.433, 8.281, 8.058, 7.828, 7.626, 7.420, 7.205, 6.985, 6.713, 6.610, 6.291, 6.187, 5.984, 6.037, 5.841, 16.3,1215477.0,1200973.0,878091.13,46111.84,2788.43,18066.09,464.60,28351.78,253.10,283.30,26.21,585.19,19.09,2105.90,25.22,1508.50,18.11,916.78,47.61,21.33,5.56,82.06,13.76,385.02,11.99,23163.46,120.29,0.00,101.03,0.00,12.16,24.89,2.14,46.89,1.87,36.36,1.20,0.00,3.51,38.91,0.76,85.75,1.06,8.29,0.68,53.13,1.05,0.00,26.61,0.00,45.11,0.00,378.98,0.00,259.99,0.00,422.12,25.36,8.22,0.00,39.96,0.00,20.31,7.99,1.05,0.00,114.84,0.00,128.83,0.00,54.84,213774.52,76466.15,4623.99,34135.20,877.84,60653.95,541.47,649.14,60.06,1461.16,47.67,2536.78,30.38,2110.70,25.34,1529.64,79.44,38.08,9.93,119.94,20.11,553.21,17.23,33117.81,171.98,0.00,128.46,0.00,15.47,31.16,2.68,58.36,2.33,48.01,1.58,0.00,4.93,42.55,0.83,101.41,1.25,10.53,0.86,71.77,1.42,0.00,31.19,0.00,60.15,0.00,407.07,0.00,296.99,0.00,535.89,30.36,9.84,0.00,46.92,0.00,21.93,8.61,1.13,0.00,128.03,0.00,146.60,0.00,62.21
45.5,45.5,1,45.500,18/03/2026 04:28:42,22.152, , , , , , , , , , , , , , , , , , , , , , , , , , , , , , , , , , , , , , , , , , , , , , , , , , , , , , , , , , , , , , , , , , , , , , , , , , , , , , , , , , , , , , , , , , , , , , , , , , , , , , , , , , , , , , , , , , , , , , , , , , , , , , , , , , , , , , , , , , , , , , , , , , , , , , , , , , , , , , , , , , , , , , , , , , , , , , , , , , , , , , , , , , , , , , , , , , , , , , , , , , , , , , , , , , , , , , , , , , , , , , , , , , , , , , , , , , , , , , , , , , , , , , , , , , , , , , , , , , , , , , , , , , , , , , , , , , , , , , , , , , , , , , , , , , , , , , , , , , , , , , , , , , , , , , , , , , , , , , , , , , , , , , , , , , , , , , , , , , , , , , , , , , , , , , , , , , , , , , , , , , , , 
46.0,46.0,1,46.000,18/03/2026 04:28:59,22.090,,9.16, 9.83, 8.27,37.54, -1.54, 7.59,7.970, 6.174, 7.088, 6.498, 6.302, 6.434, 6.329, 6.401, 6.729, 7.158, 7.497, 7.781, 8.059, 8.277, 8.543, 8.824, 9.109, 9.441, 9.721, 9.849, 10.014, 10.190, 10.242, 10.241, 10.328, 10.186, 10.191, 10.142, 10.155, 10.168, 10.094, 9.984, 9.849, 9.897, 10.089, 10.139, 10.347, 10.350, 10.482, 10.608, 10.726, 10.920, 10.994, 11.159, 11.352, 11.422, 11.555, 11.655, 11.692, 11.781, 11.744, 11.833, 11.844, 11.839, 11.818, 11.895, 11.959, 11.925, 11.928, 12.038, 12.112, 12.101, 12.035, 12.221, 12.297, 12.366, 12.311, 12.313, 12.447, 12.573, 12.585, 12.488, 12.348, 12.460, 12.594, 12.625, 12.635, 12.501, 12.372, 12.429, 12.497, 12.547, 12.577, 12.523, 12.405, 12.434, 12.632, 12.801, 12.875, 12.913, 12.872, 12.744, 12.707, 12.862, 13.051, 13.136, 13.113, 13.005, 12.821, 12.580, 12.417, 12.396, 12.427, 12.217, 11.431, 10.222, 9.219, 8.675, 8.396, 8.264, 8.300, 8.498, 8.899, 9.360, 9.760, 10.091, 10.365, 10.598, 10.816, 10.995, 11.161, 11.393, 11.691, 12.000, 12.259, 12.408, 12.467, 12.457, 12.443, 12.424, 12.419, 12.403, 12.390, 12.392, 12.465, 12.580, 12.695, 12.757, 12.699, 12.556, 12.341, 12.095, 11.898, 11.759, 11.686, 11.668, 11.580, 11.564, 11.531, 11.442, 11.245, 10.782, 9.775, 8.031, 5.973, 4.577, 3.980, 3.738, 3.679, 3.763, 3.941, 4.218, 4.539, 4.902, 5.270, 5.635, 6.011, 6.368, 6.712, 7.049, 7.368, 7.680, 7.967, 8.231, 8.443, 8.633, 8.796, 8.949, 9.110, 9.266, 9.435, 9.599, 9.759, 9.902, 10.029, 10.108, 10.121, 10.078, 10.067, 10.029, 9.917, 9.845, 9.782, 9.705, 9.590, 9.441, 9.221, 8.940, 8.670, 8.416, 8.188, 7.958, 7.792, 7.632, 7.443, 7.337, 7.194, 7.044, 6.904, 6.790, 6.605, 6.445, 6.161, 6.103, 5.968, 5.828, 16.3,1223184.0,1200252.0,874715.50,46167.12,2789.52,17686.27,462.36,29057.53,256.98,382.09,27.55,593.74,19.16,2254.83,25.91,1827.67,19.83,1449.04,53.08,0.00,18.52,40.61,12.75,368.80,11.80,25038.59,129.38,0.00,107.25,0.00,12.14,10.40,1.92,51.58,2.01,38.79,1.28,0.00,3.46,47.41,0.84,96.38,1.14,7.49,0.69,67.28,1.13,0.00,26.70,0.00,46.22,61.86,8.17,0.00,264.47,0.00,437.34,0.00,457.67,10.99,2.60,0.00,22.52,12.28,1.13,13.78,3.26,0.00,126.64,0.00,54.70,219078.97,76557.82,4625.79,33417.55,873.61,62163.79,549.77,875.51,63.13,1482.51,47.84,2716.18,31.21,2557.29,27.75,2417.71,88.56,0.00,33.06,59.35,18.63,529.91,16.95,35798.77,184.98,0.00,136.37,0.00,15.45,13.02,2.40,64.20,2.50,51.22,1.69,0.00,4.86,51.85,0.92,113.98,1.35,9.51,0.88,90.88,1.53,0.00,31.30,0.00,61.63,66.44,8.78,0.00,302.11,0.00,555.21,0.00,547.88,12.90,3.05,0.00,24.32,13.23,1.22,15.36,3.63,0.00,144.10,0.00,62.05
46.5,46.5,1,46.500,18/03/2026 04:29:42,22.485, , , , , , , , , , , , , , , , , , , , , , , , , , , , , , , , , , , , , , , , , , , , , , , , , , , , , , , , , , , , , , , , , , , , , , , , , , , , , , , , , , , , , , , , , , , , , , , , , , , , , , , , , , , , , , , , , , , , , , , , , , , , , , , , , , , , , , , , , , , , , , , , , , , , , , , , , , , , , , , , , , , , , , , , , , , , , , , , , , , , , , , , , , , , , , , , , , , , , , , , , , , , , , , , , , , , , , , , , , , , , , , , , , , , , , , , , , , , , , , , , , , , , , , , , , , , , , , , , , , , , , , , , , , , , , , , , , , , , , , , , , , , , , , , , , , , , , , , , , , , , , , , , , , , , , , , , , , , , , , , , , , , , , , , , , , , , , , , , , , , , , , , , , , , , , , , , , , , , , , , , , , , 
47.0,47.0,1,47.000,18/03/2026 04:30:00,21.163,,12.09, 12.88, 12.04,42.59, -1.11, 5.01,15.973, 12.916, 13.194, 11.854, 11.374, 10.587, 10.393, 10.378, 10.438, 10.706, 10.922, 11.145, 11.357, 11.558, 11.832, 12.061, 12.306, 12.584, 12.774, 12.928, 13.081, 13.175, 13.225, 13.248, 13.220, 13.191, 13.136, 13.108, 13.122, 13.113, 13.063, 12.917, 12.790, 12.849, 12.966, 13.088, 13.151, 13.278, 13.335, 13.460, 13.582, 13.683, 13.846, 13.956, 14.080, 14.236, 14.294, 14.372, 14.464, 14.466, 14.477, 14.527, 14.544, 14.518, 14.515, 14.588, 14.573, 14.581, 14.610, 14.688, 14.686, 14.669, 14.700, 14.771, 14.837, 14.823, 14.856, 14.902, 14.921, 14.954, 14.944, 14.903, 14.866, 14.839, 14.859, 14.877, 14.914, 14.879, 14.815, 14.755, 14.695, 14.693, 14.765, 14.791, 14.741, 14.725, 14.762, 14.805, 14.898, 15.001, 15.031, 14.987, 14.931, 14.947, 14.945, 14.970, 15.012, 14.995, 14.861, 14.681, 14.517, 14.410, 14.255, 13.880, 13.030, 11.836, 10.881, 10.345, 10.073, 9.952, 9.955, 10.049, 10.305, 10.683, 11.120, 11.582, 11.968, 12.271, 12.500, 12.691, 12.886, 13.080, 13.279, 13.427, 13.565, 13.694, 13.838, 13.965, 14.041, 14.065, 14.028, 14.001, 13.986, 13.988, 14.008, 14.004, 13.991, 13.901, 13.783, 13.685, 13.608, 13.471, 13.332, 13.197, 13.098, 13.033, 12.986, 12.962, 12.929, 12.801, 12.511, 11.906, 10.781, 8.925, 6.827, 5.414, 4.828, 4.641, 4.632, 4.756, 4.975, 5.255, 5.566, 5.918, 6.291, 6.660, 7.011, 7.359, 7.672, 7.968, 8.237, 8.500, 8.746, 9.011, 9.285, 9.556, 9.792, 10.049, 10.244, 10.404, 10.541, 10.644, 10.752, 10.837, 10.918, 10.955, 10.979, 10.917, 10.901, 10.840, 10.668, 10.530, 10.363, 10.204, 10.033, 9.839, 9.636, 9.377, 9.173, 8.938, 8.763, 8.659, 8.492, 8.298, 8.130, 7.921, 7.684, 7.473, 7.192, 6.982, 6.803, 6.575, 6.325, 6.168, 6.021, 5.853, 16.3,1205147.0,1197257.0,877433.24,40627.78,2773.14,19740.90,485.77,30137.63,265.11,182.01,25.54,657.36,19.89,2189.79,26.08,1776.02,19.95,1020.70,49.40,25.68,5.73,157.08,15.67,268.11,10.89,25459.72,132.26,0.00,108.06,0.00,13.84,11.65,1.98,48.39,1.94,57.66,1.41,0.00,3.67,42.94,0.81,94.63,1.14,7.78,0.70,56.26,1.10,0.00,26.67,0.00,46.50,0.00,392.19,0.00,269.46,0.00,444.13,0.00,469.50,0.00,40.06,0.00,25.85,4.66,1.04,0.00,118.86,0.00,132.22,0.00,56.23,215492.78,67372.06,4598.63,37299.69,917.84,64474.48,567.16,417.05,58.52,1641.36,49.66,2637.83,31.42,2485.02,27.91,1703.03,82.42,45.84,10.23,229.58,22.90,385.23,15.65,36400.88,189.10,0.00,137.40,0.00,17.61,14.58,2.48,60.23,2.41,76.13,1.86,0.00,5.16,46.96,0.89,111.91,1.35,9.88,0.89,75.99,1.49,0.00,31.26,0.00,62.01,0.00,421.26,0.00,307.81,0.00,563.83,0.00,562.04,0.00,47.03,0.00,27.91,5.02,1.12,0.00,132.51,0.00,150.45,0.00,63.79
47.5,47.5,1,47.500,18/03/2026 04:30:43,21.757,1157880.029, , , , , , , , , , , , , , , , , , , , , , , , , , , , , , , , , , , , , , , , , , , , , , , , , , , , , , , , , , , , , , , , , , , , , , , , , , , , , , , , , , , , , , , , , , , , , , , , , , , , , , , , , , , , , , , , , , , , , , , , , , , , , , , , , , , , , , , , , , , , , , , , , , , , , , , , , , , , , , , , , , , , , , , , , , , , , , , , , , , , , , , , , , , , , , , , , , , , , , , , , , , , , , , , , , , , , , , , , , , , , , , , , , , , , , , , , , , , , , , , , , , , , , , , , , , , , , , , , , , , , , , , , , , , , , , , , , , , , , , , , , , , , , , , , , , , , , , , , , , , , , , , , , , , , , , , , , , , , , , , , , , , , , , , , , , , , , , , , , , , , , , , , , , , , , , , , , , , , , , , , , , 
48.0,48.0,1,48.000,18/03/2026 04:31:00,20.432,,9.56, 10.27, 8.80,38.33, -1.64, 7.20,10.060, 6.660, 7.667, 6.473, 6.821, 6.694, 6.712, 6.956, 7.228, 7.626, 7.952, 8.299, 8.512, 8.753, 9.037, 9.336, 9.617, 9.919, 10.155, 10.340, 10.458, 10.608, 10.681, 10.639, 10.695, 10.627, 10.539, 10.587, 10.490, 10.589, 10.420, 10.399, 10.155, 10.318, 10.354, 10.535, 10.603, 10.667, 10.857, 10.846, 11.083, 11.197, 11.240, 11.518, 11.585, 11.648, 11.875, 11.904, 11.876, 12.039, 12.062, 11.960, 12.034, 12.134, 12.063, 12.004, 12.128, 12.205, 12.157, 12.121, 12.227, 12.311, 12.303, 12.272, 12.339, 12.467, 12.550, 12.523, 12.465, 12.522, 12.649, 12.694, 12.642, 12.537, 12.520, 12.627, 12.742, 12.742, 12.626, 12.442, 12.344, 12.438, 12.592, 12.673, 12.644, 12.544, 12.491, 12.560, 12.736, 12.898, 12.964, 12.956, 12.877, 12.793, 12.766, 12.853, 12.930, 12.960, 12.852, 12.679, 12.495, 12.305, 12.102, 11.725, 10.903, 9.767, 8.880, 8.432, 8.220, 8.087, 8.049, 8.078, 8.290, 8.666, 9.112, 9.586, 10.003, 10.343, 10.616, 10.836, 11.025, 11.178, 11.320, 11.459, 11.611, 11.769, 11.942, 12.087, 12.198, 12.263, 12.299, 12.298, 12.291, 12.258, 12.221, 12.192, 12.160, 12.105, 12.006, 11.918, 11.840, 11.728, 11.629, 11.528, 11.484, 11.457, 11.365, 11.334, 11.246, 11.077, 10.754, 10.143, 9.018, 7.275, 5.391, 4.198, 3.748, 3.627, 3.652, 3.782, 3.989, 4.234, 4.508, 4.793, 5.087, 5.400, 5.681, 5.951, 6.203, 6.447, 6.702, 6.962, 7.228, 7.494, 7.761, 8.050, 8.316, 8.566, 8.801, 8.995, 9.176, 9.338, 9.449, 9.564, 9.643, 9.681, 9.654, 9.570, 9.521, 9.427, 9.291, 9.142, 9.024, 8.872, 8.734, 8.559, 8.397, 8.181, 7.967, 7.850, 7.657, 7.584, 7.466, 7.373, 7.172, 7.048, 6.853, 6.747, 6.606, 6.410, 6.161, 6.010, 5.720, 5.510, 5.417, 5.323, 16.3,1216844.0,1166134.0,885001.14,37341.84,2678.63,18105.76,464.02,27811.94,249.61,340.48,26.90,549.40,18.83,1953.49,24.46,1523.23,18.07,1106.18,49.32,0.00,15.43,192.73,15.07,346.83,11.67,25319.60,129.18,0.00,106.96,0.00,13.97,21.85,2.14,65.92,2.19,45.47,1.28,0.00,4.27,36.87,0.75,82.15,1.05,2.42,0.64,55.45,1.07,0.00,25.63,0.00,46.12,29.79,8.07,0.00,263.77,62.19,7.80,0.00,450.25,0.00,47.99,0.00,23.48,5.23,1.03,0.00,114.78,0.00,128.68,0.00,54.65,201596.43,61923.07,4441.91,34210.16,876.75,59499.05,534.00,780.16,61.64,1371.80,47.02,2353.18,29.46,2131.31,25.28,1845.65,82.29,0.00,27.55,281.69,22.03,498.34,16.77,36200.54,184.69,0.00,136.00,0.00,17.78,27.35,2.68,82.05,2.73,60.04,1.69,0.00,6.00,40.32,0.82,97.15,1.24,3.07,0.81,74.90,1.45,0.00,30.04,0.00,61.50,32.00,8.67,0.00,301.31,78.95,9.90,0.00,538.99,0.00,56.34,0.00,25.35,5.63,1.11,0.00,127.96,0.00,146.43,0.00,62.00
48.5,48.5,1,48.500,18/03/2026 04:31:43,20.299, , , , , , , , , , , , , , , , , , , , , , , , , , , , , , , , , , , , , , , , , , , , , , , , , , , , , , , , , , , , , , , , , , , , , , , , , , , , , , , , , , , , , , , , , , , , , , , , , , , , , , , , , , , , , , , , , , , , , , , , , , , , , , , , , , , , , , , , , , , , , , , , , , , , , , , , , , , , , , , , , , , , , , , , , , , , , , , , , , , , , , , , , , , , , , , , , , , , , , , , , , , , , , , , , , , , , , , , , , , , , , , , , , , , , , , , , , , , , , , , , , , , , , , , , , , , , , , , , , , , , , , , , , , , , , , , , , , , , , , , , , , , , , , , , , , , , , , , , , , , , , , , , , , , , , , , , , , , , , , , , , , , , , , , , , , , , , , , , , , , , , , , , , , , , , , , , , , , , , , , , , , , 
49.0,49.0,1,49.000,18/03/2026 04:32:00,20.501,,8.56, 9.24, 7.72,36.44, -1.90, 7.64,5.962, 6.260, 6.329, 5.754, 5.676, 5.632, 5.725, 5.886, 6.165, 6.644, 6.989, 7.302, 7.535, 7.791, 8.075, 8.331, 8.628, 8.931, 9.145, 9.312, 9.457, 9.563, 9.598, 9.631, 9.605, 9.541, 9.498, 9.464, 9.454, 9.436, 9.373, 9.258, 9.132, 9.181, 9.281, 9.374, 9.452, 9.554, 9.646, 9.749, 9.874, 9.988, 10.142, 10.291, 10.398, 10.553, 10.665, 10.727, 10.810, 10.861, 10.877, 10.923, 10.936, 10.945, 10.947, 10.984, 10.999, 11.027, 11.076, 11.110, 11.133, 11.153, 11.227, 11.302, 11.326, 11.385, 11.393, 11.444, 11.519, 11.508, 11.567, 11.616, 11.612, 11.609, 11.603, 11.645, 11.700, 11.689, 11.676, 11.586, 11.503, 11.534, 11.630, 11.680, 11.696, 11.706, 11.707, 11.786, 11.909, 12.000, 12.043, 12.064, 12.065, 12.052, 12.071, 12.149, 12.206, 12.160, 12.023, 11.882, 11.741, 11.628, 11.461, 11.134, 10.325, 9.146, 8.170, 7.684, 7.459, 7.378, 7.370, 7.451, 7.738, 8.157, 8.616, 9.038, 9.385, 9.682, 9.961, 10.201, 10.395, 10.589, 10.785, 11.008, 11.225, 11.419, 11.556, 11.617, 11.643, 11.678, 11.701, 11.708, 11.691, 11.675, 11.671, 11.717, 11.752, 11.781, 11.715, 11.618, 11.450, 11.264, 11.075, 10.953, 10.894, 10.855, 10.791, 10.759, 10.695, 10.570, 10.331, 9.782, 8.698, 6.928, 4.948, 3.703, 3.206, 3.030, 3.008, 3.086, 3.247, 3.463, 3.719, 4.018, 4.317, 4.645, 4.976, 5.310, 5.653, 5.983, 6.310, 6.629, 6.930, 7.200, 7.446, 7.681, 7.884, 8.097, 8.278, 8.460, 8.611, 8.737, 8.865, 8.956, 9.009, 9.042, 9.022, 9.002, 8.999, 8.986, 8.909, 8.851, 8.779, 8.671, 8.567, 8.373, 8.197, 7.921, 7.707, 7.507, 7.267, 7.091, 6.987, 6.805, 6.609, 6.407, 6.237, 5.999, 5.809, 5.633, 5.433, 5.303, 5.000, 4.981, 4.699, 4.694, 16.3,1194495.0,1188161.0,879857.25,37792.99,2698.86,19004.41,473.93,29157.12,257.83,340.76,27.14,515.03,18.74,2055.16,25.13,1733.09,19.44,1212.48,50.64,0.00,18.09,0.00,51.19,458.63,12.86,27597.81,140.64,0.00,116.23,0.00,13.96,12.51,2.01,36.75,1.79,52.41,1.38,2.22,0.42,32.12,0.73,70.32,0.99,0.00,14.16,48.97,1.04,0.00,24.57,0.00,44.70,0.00,379.62,0.00,263.16,0.00,438.18,0.00,458.81,0.00,44.05,0.00,24.41,6.23,1.07,13.71,3.29,0.00,125.94,0.00,54.32,210403.50,62671.20,4475.45,35908.12,895.47,62376.84,551.58,780.81,62.19,1285.98,46.79,2475.65,30.27,2424.95,27.20,2023.02,84.49,0.00,32.29,0.00,74.82,658.98,18.48,39457.80,201.08,0.00,147.78,0.00,17.77,15.66,2.52,45.74,2.23,69.20,1.82,3.12,0.59,35.13,0.80,83.16,1.17,0.00,17.98,66.15,1.40,0.00,28.80,0.00,59.61,0.00,407.76,0.00,300.62,0.00,556.28,0.00,549.24,0.00,51.72,0.00,26.36,6.71,1.15,15.28,3.67,0.00,143.31,0.00,61.62
49.5,49.5,1,49.500,18/03/2026 04:32:52,22.942, , , , , , , , , , , , , , , , , , , , , , , , , , , , , , , , , , , , , , , , , , , , , , , , , , , , , , , , , , , , , , , , , , , , , , , , , , , , , , , , , , , , , , , , , , , , , , , , , , , , , , , , , , , , , , , , , , , , , , , , , , , , , , , , , , , , , , , , , , , , , , , , , , , , , , , , , , , , , , , , , , , , , , , , , , , , , , , , , , , , , , , , , , , , , , , , , , , , , , , , , , , , , , , , , , , , , , , , , , , , , , , , , , , , , , , , , , , , , , , , , , , , , , , , , , , , , , , , , , , , , , , , , , , , , , , , , , , , , , , , , , , , , , , , , , , , , , , , , , , , , , , , , , , , , , , , , , , , , , , , , , , , , , , , , , , , , , , , , , , , , , , , , , , , , , , , , , , , , , , , , , , , 
50.0,50.0,1,50.000,18/03/2026 04:33:18,21.294,,9.92, 10.66, 9.38,39.00, -1.67, 6.48,8.495, 8.111, 8.541, 7.556, 7.581, 7.551, 7.395, 7.519, 7.788, 8.210, 8.495, 8.819, 9.030, 9.253, 9.562, 9.800, 10.086, 10.359, 10.590, 10.748, 10.862, 10.985, 10.982, 11.027, 10.995, 10.928, 10.899, 10.854, 10.857, 10.826, 10.775, 10.668, 10.548, 10.609, 10.669, 10.783, 10.816, 10.920, 10.996, 11.089, 11.254, 11.357, 11.496, 11.648, 11.766, 11.928, 12.024, 12.087, 12.174, 12.220, 12.228, 12.249, 12.280, 12.300, 12.270, 12.328, 12.341, 12.369, 12.408, 12.472, 12.456, 12.472, 12.546, 12.676, 12.657, 12.667, 12.703, 12.817, 12.932, 12.890, 12.861, 12.782, 12.869, 12.967, 12.957, 12.944, 12.866, 12.859, 12.922, 12.906, 12.874, 12.853, 12.804, 12.805, 12.883, 12.929, 13.016, 13.141, 13.185, 13.173, 13.184, 13.201, 13.188, 13.248, 13.363, 13.454, 13.421, 13.346, 13.203, 13.010, 12.810, 12.714, 12.654, 12.370, 11.545, 10.332, 9.368, 8.846, 8.552, 8.358, 8.331, 8.455, 8.783, 9.229, 9.703, 10.197, 10.625, 10.961, 11.167, 11.301, 11.420, 11.594, 11.797, 12.002, 12.192, 12.390, 12.595, 12.779, 12.922, 12.983, 12.943, 12.853, 12.780, 12.735, 12.733, 12.716, 12.709, 12.645, 12.574, 12.537, 12.512, 12.438, 12.335, 12.211, 12.109, 12.024, 11.930, 11.891, 11.824, 11.685, 11.349, 10.702, 9.519, 7.676, 5.648, 4.365, 3.880, 3.772, 3.808, 3.950, 4.163, 4.423, 4.716, 5.043, 5.391, 5.755, 6.093, 6.395, 6.667, 6.932, 7.170, 7.437, 7.711, 7.993, 8.280, 8.545, 8.784, 9.037, 9.214, 9.386, 9.540, 9.682, 9.850, 10.019, 10.155, 10.261, 10.307, 10.281, 10.270, 10.202, 10.070, 9.936, 9.805, 9.642, 9.509, 9.331, 9.135, 8.842, 8.580, 8.365, 8.087, 7.918, 7.664, 7.476, 7.317, 7.173, 6.961, 6.806, 6.686, 6.560, 6.419, 6.319, 6.070, 5.894, 5.828, 5.777, 16.3,1230241.0,1155931.0,898892.52,22157.42,2446.39,17625.62,454.51,28178.99,247.66,186.28,24.54,539.29,18.42,2130.86,24.77,1674.22,18.45,1158.71,49.16,27.60,5.53,270.68,16.57,285.16,10.86,26420.07,130.92,0.00,109.23,0.00,12.94,16.80,2.04,53.36,2.01,55.13,1.38,0.00,4.39,39.35,0.78,76.35,1.01,3.52,0.65,51.69,1.04,0.00,25.85,0.00,44.84,74.23,8.32,0.00,259.39,0.00,434.06,58.48,8.44,0.00,44.80,0.00,23.83,6.37,1.04,17.30,3.26,0.00,124.22,0.00,54.52,178118.76,36743.11,4056.79,33302.95,858.78,60284.30,529.83,426.84,56.23,1346.56,45.99,2566.84,29.84,2342.58,25.82,1933.30,82.02,49.27,9.87,395.61,24.22,409.73,15.60,37773.93,187.18,0.00,138.88,0.00,16.47,21.03,2.55,66.42,2.50,72.79,1.82,0.00,6.17,43.03,0.85,90.29,1.19,4.47,0.83,69.82,1.40,0.00,30.30,0.00,59.79,79.73,8.94,0.00,296.31,0.00,551.05,70.01,10.10,0.00,52.60,0.00,25.73,6.86,1.12,19.29,3.63,0.00,141.35,0.00,61.85
50.5,50.5,1,50.500,18/03/2026 04:33:53,21.223, , , , , , , , , , , , , , , , , , , , , , , , , , , , , , , , , , , , , , , , , , , , , , , , , , , , , , , , , , , , , , , , , , , , , , , , , , , , , , , , , , , , , , , , , , , , , , , , , , , , , , , , , , , , , , , , , , , , , , , , , , , , , , , , , , , , , , , , , , , , , , , , , , , , , , , , , , , , , , , , , , , , , , , , , , , , , , , , , , , , , , , , , , , , , , , , , , , , , , , , , , , , , , , , , , , , , , , , , , , , , , , , , , , , , , , , , , , , , , , , , , , , , , , , , , , , , , , , , , , , , , , , , , , , , , , , , , , , , , , , , , , , , , , , , , , , , , , , , , , , , , , , , , , , , , , , , , , , , , , , , , , , , , , , , , , , , , , , , , , , , , , , , , , , , , , , , , , , , , , , , , , , 
51.0,51.0,1,51.000,18/03/2026 04:34:19,24.665,,9.33, 10.07, 8.87,37.97, -2.01, 6.37,8.400, 6.947, 7.812, 7.069, 6.808, 6.742, 6.851, 7.020, 7.290, 7.742, 8.056, 8.341, 8.557, 8.762, 9.066, 9.334, 9.623, 9.877, 10.055, 10.195, 10.301, 10.378, 10.389, 10.379, 10.339, 10.284, 10.212, 10.164, 10.140, 10.089, 10.042, 9.911, 9.837, 9.838, 9.922, 9.979, 10.018, 10.135, 10.162, 10.328, 10.435, 10.528, 10.732, 10.850, 10.984, 11.172, 11.252, 11.319, 11.444, 11.489, 11.461, 11.533, 11.582, 11.556, 11.529, 11.617, 11.682, 11.663, 11.668, 11.768, 11.847, 11.842, 11.841, 11.963, 12.080, 12.155, 12.167, 12.171, 12.268, 12.387, 12.444, 12.419, 12.338, 12.371, 12.450, 12.531, 12.567, 12.480, 12.400, 12.364, 12.374, 12.468, 12.562, 12.551, 12.502, 12.515, 12.591, 12.731, 12.882, 12.982, 12.984, 12.939, 12.922, 12.958, 13.033, 13.143, 13.217, 13.186, 13.023, 12.841, 12.685, 12.588, 12.479, 12.174, 11.397, 10.255, 9.317, 8.809, 8.557, 8.430, 8.408, 8.496, 8.776, 9.221, 9.706, 10.181, 10.586, 10.896, 11.136, 11.329, 11.506, 11.688, 11.877, 12.068, 12.288, 12.492, 12.680, 12.823, 12.913, 12.953, 12.953, 12.923, 12.887, 12.861, 12.831, 12.835, 12.836, 12.822, 12.788, 12.752, 12.684, 12.550, 12.425, 12.311, 12.226, 12.159, 12.048, 11.978, 11.884, 11.704, 11.393, 10.788, 9.652, 7.853, 5.862, 4.608, 4.150, 4.034, 4.071, 4.218, 4.413, 4.652, 4.905, 5.180, 5.467, 5.766, 6.054, 6.342, 6.633, 6.929, 7.229, 7.542, 7.863, 8.191, 8.526, 8.840, 9.152, 9.421, 9.657, 9.853, 10.040, 10.189, 10.282, 10.377, 10.427, 10.431, 10.397, 10.271, 10.206, 10.116, 9.968, 9.845, 9.710, 9.605, 9.500, 9.403, 9.229, 9.033, 8.865, 8.693, 8.612, 8.463, 8.399, 8.215, 8.151, 7.989, 7.701, 7.544, 7.345, 7.224, 6.943, 6.625, 6.381, 6.166, 5.901, 5.732, 16.3,1194751.0,1180273.0,897393.57,27326.08,2583.04,18949.29,471.84,26139.58,240.69,185.38,24.81,405.72,17.90,1927.55,24.29,1395.06,17.66,831.14,46.21,26.41,5.35,43.11,12.05,361.80,11.53,24683.88,125.45,0.00,105.33,0.00,13.02,18.74,2.07,41.23,1.82,41.37,1.33,0.00,4.57,32.02,0.72,72.24,0.99,7.59,0.67,53.80,1.04,0.00,26.59,0.00,45.27,0.00,373.59,0.00,258.71,0.00,433.73,0.00,456.22,0.00,43.38,0.00,22.59,13.20,1.17,51.26,3.18,0.00,120.69,0.00,54.23,180463.10,45314.18,4283.39,35803.98,891.52,55921.32,514.92,424.77,56.85,1013.04,44.69,2321.94,29.26,1951.98,24.71,1386.75,77.10,47.15,9.55,63.01,17.61,519.85,16.57,35291.62,179.36,0.00,133.93,0.00,16.57,23.46,2.59,51.32,2.27,54.62,1.76,0.00,6.42,35.02,0.79,85.43,1.17,9.64,0.85,72.67,1.40,0.00,31.17,0.00,60.37,0.00,401.28,0.00,295.53,0.00,550.63,0.00,546.14,0.00,50.93,0.00,24.39,14.22,1.26,57.15,3.55,0.00,137.33,0.00,61.52
51.5,51.5,1,51.500,18/03/2026 04:35:02,22.082, , , , , , , , , , , , , , , , , , , , , , , , , , , , , , , , , , , , , , , , , , , , , , , , , , , , , , , , , , , , , , , , , , , , , , , , , , , , , , , , , , , , , , , , , , , , , , , , , , , , , , , , , , , , , , , , , , , , , , , , , , , , , , , , , , , , , , , , , , , , , , , , , , , , , , , , , , , , , , , , , , , , , , , , , , , , , , , , , , , , , , , , , , , , , , , , , , , , , , , , , , , , , , , , , , , , , , , , , , , , , , , , , , , , , , , , , , , , , , , , , , , , , , , , , , , , , , , , , , , , , , , , , , , , , , , , , , , , , , , , , , , , , , , , , , , , , , , , , , , , , , , , , , , , , , , , , , , , , , , , , , , , , , , , , , , , , , , , , , , , , , , , , , , , , , , , , , , , , , , , , , , , 
52.0,52.0,1,52.000,18/03/2026 04:35:19,22.417,,10.98, 11.81, 10.68,40.92, -1.80, 5.88,10.125, 8.970, 9.296, 8.728, 8.846, 8.377, 8.495, 8.658, 8.910, 9.389, 9.733, 10.019, 10.241, 10.481, 10.758, 11.015, 11.332, 11.635, 11.737, 11.875, 12.096, 12.103, 12.116, 12.193, 12.086, 12.049, 11.978, 11.913, 11.897, 11.858, 11.788, 11.679, 11.583, 11.561, 11.731, 11.654, 11.885, 11.797, 12.026, 12.049, 12.204, 12.382, 12.413, 12.723, 12.772, 12.854, 13.154, 13.113, 13.088, 13.349, 13.319, 13.169, 13.319, 13.459, 13.315, 13.248, 13.433, 13.533, 13.461, 13.420, 13.539, 13.652, 13.665, 13.668, 13.750, 13.852, 13.883, 13.864, 13.907, 13.992, 14.075, 14.080, 14.028, 14.011, 14.122, 14.205, 14.184, 14.056, 13.944, 13.938, 14.029, 14.168, 14.200, 14.087, 13.969, 13.990, 14.181, 14.448, 14.648, 14.646, 14.497, 14.310, 14.285, 14.439, 14.679, 14.897, 14.957, 14.783, 14.454, 14.120, 13.930, 13.923, 13.957, 13.770, 13.019, 11.767, 10.672, 10.018, 9.676, 9.531, 9.562, 9.772, 10.169, 10.675, 11.175, 11.597, 11.919, 12.162, 12.387, 12.610, 12.833, 13.100, 13.375, 13.646, 13.867, 14.007, 14.115, 14.162, 14.177, 14.199, 14.246, 14.311, 14.371, 14.435, 14.496, 14.551, 14.551, 14.467, 14.320, 14.137, 13.929, 13.707, 13.536, 13.448, 13.478, 13.535, 13.538, 13.622, 13.648, 13.575, 13.290, 12.663, 11.411, 9.408, 7.146, 5.642, 4.982, 4.735, 4.707, 4.831, 5.098, 5.452, 5.873, 6.344, 6.849, 7.347, 7.799, 8.198, 8.557, 8.856, 9.099, 9.325, 9.500, 9.645, 9.785, 9.930, 10.081, 10.244, 10.416, 10.611, 10.827, 11.062, 11.309, 11.568, 11.829, 12.036, 12.181, 12.248, 12.365, 12.349, 12.276, 12.194, 12.027, 11.876, 11.651, 11.378, 11.029, 10.636, 10.256, 9.916, 9.599, 9.338, 9.091, 8.899, 8.722, 8.556, 8.406, 8.280, 8.213, 8.198, 8.141, 8.028, 7.966, 8.011, 7.993, 7.899, 16.3,1208238.0,1208179.0,880009.77,50178.03,2861.20,15198.61,437.88,23883.92,230.76,231.13,25.31,579.00,18.98,1771.40,23.56,1461.11,17.76,1506.11,53.29,0.00,17.00,84.88,12.91,348.69,11.51,24365.01,127.39,0.00,104.64,0.00,12.12,10.82,1.90,47.39,1.88,37.46,1.25,0.00,4.12,45.91,0.81,83.04,1.05,3.51,0.65,53.66,1.05,3.88,0.90,0.00,44.45,61.53,8.13,0.00,262.96,0.00,432.29,0.00,447.76,0.00,38.04,0.00,23.78,11.47,1.10,23.67,3.21,0.00,124.21,0.00,49.15,207605.91,83209.01,4744.66,28717.21,827.36,51095.70,493.67,529.60,57.99,1445.71,47.39,2133.84,28.38,2044.39,24.85,2512.93,88.91,0.00,30.35,124.06,18.87,501.01,16.54,34835.72,182.14,0.00,133.05,0.00,15.42,13.54,2.38,58.99,2.34,49.46,1.65,0.00,5.79,50.21,0.89,98.20,1.24,4.46,0.83,72.48,1.42,4.55,1.05,0.00,59.27,66.09,8.73,0.00,300.39,0.00,548.80,0.00,536.01,0.00,44.66,0.00,25.68,12.36,1.18,26.39,3.58,0.00,141.34,0.00,55.76
52.5,52.5,1,52.500,18/03/2026 04:36:02,24.596,1157879.963, , , , , , , , , , , , , , , , , , , , , , , , , , , , , , , , , , , , , , , , , , , , , , , , , , , , , , , , , , , , , , , , , , , , , , , , , , , , , , , , , , , , , , , , , , , , , , , , , , , , , , , , , , , , , , , , , , , , , , , , , , , , , , , , , , , , , , , , , , , , , , , , , , , , , , , , , , , , , , , , , , , , , , , , , , , , , , , , , , , , , , , , , , , , , , , , , , , , , , , , , , , , , , , , , , , , , , , , , , , , , , , , , , , , , , , , , , , , , , , , , , , , , , , , , , , , , , , , , , , , , , , , , , , , , , , , , , , , , , , , , , , , , , , , , , , , , , , , , , , , , , , , , , , , , , , , , , , , , , , , , , , , , , , , , , , , , , , , , , , , , , , , , , , , , , , , , , , , , , , , , , , 
53.0,53.0,1,53.000,18/03/2026 04:36:20,28.300,,10.80, 11.62, 10.52,40.60, -1.81, 5.81,11.520, 9.346, 10.104, 9.051, 8.691, 8.370, 8.436, 8.557, 8.825, 9.251, 9.560, 9.861, 10.043, 10.307, 10.607, 10.910, 11.159, 11.359, 11.552, 11.772, 11.864, 11.878, 11.974, 11.925, 11.927, 11.832, 11.766, 11.732, 11.656, 11.673, 11.548, 11.483, 11.350, 11.366, 11.473, 11.458, 11.595, 11.623, 11.712, 11.821, 11.940, 12.049, 12.208, 12.357, 12.451, 12.644, 12.776, 12.739, 12.888, 13.018, 12.886, 12.903, 13.047, 13.076, 12.880, 12.970, 13.163, 13.187, 13.016, 13.054, 13.285, 13.362, 13.302, 13.181, 13.374, 13.588, 13.656, 13.564, 13.408, 13.510, 13.854, 13.957, 13.827, 13.611, 13.462, 13.709, 14.081, 14.093, 13.836, 13.536, 13.330, 13.474, 13.908, 14.212, 14.122, 13.843, 13.675, 13.680, 13.875, 14.273, 14.626, 14.665, 14.403, 14.137, 14.050, 14.095, 14.245, 14.433, 14.568, 14.510, 14.227, 13.846, 13.470, 13.040, 12.214, 11.081, 10.265, 9.946, 9.877, 9.787, 9.645, 9.515, 9.580, 9.914, 10.423, 11.020, 11.557, 12.030, 12.444, 12.796, 13.074, 13.229, 13.275, 13.276, 13.321, 13.455, 13.686, 13.915, 14.108, 14.234, 14.313, 14.377, 14.440, 14.500, 14.513, 14.460, 14.337, 14.157, 13.963, 13.835, 13.755, 13.675, 13.629, 13.615, 13.571, 13.564, 13.412, 13.398, 13.370, 13.272, 13.005, 12.357, 11.068, 9.029, 6.803, 5.409, 4.870, 4.697, 4.706, 4.839, 5.068, 5.352, 5.665, 6.000, 6.360, 6.719, 7.090, 7.452, 7.814, 8.184, 8.543, 8.897, 9.181, 9.447, 9.703, 9.922, 10.126, 10.357, 10.563, 10.795, 11.023, 11.200, 11.382, 11.528, 11.628, 11.679, 11.622, 11.531, 11.516, 11.492, 11.409, 11.342, 11.307, 11.220, 11.183, 11.080, 10.879, 10.611, 10.325, 10.078, 9.851, 9.596, 9.469, 9.210, 9.006, 8.809, 8.542, 8.383, 8.209, 7.882, 7.791, 7.527, 7.273, 6.993, 6.938, 6.742, 16.3,1180064.0,1266507.0,861159.67,57054.89,3035.10,19920.71,501.86,25542.26,249.96,351.62,28.62,522.91,19.83,2075.98,26.51,1664.31,20.03,1569.81,56.34,65.10,6.45,180.32,16.68,430.66,13.21,29032.62,156.78,0.00,122.30,0.00,15.80,24.57,2.35,62.30,2.28,36.73,1.37,1.34,0.42,56.56,0.97,103.19,1.25,7.40,0.75,94.08,1.32,0.00,27.29,0.00,48.06,0.00,397.19,0.00,277.10,0.00,464.87,0.00,495.98,0.00,51.35,0.00,24.44,14.19,1.27,28.78,3.41,0.00,128.61,0.00,58.67,239489.82,94612.74,5033.03,37639.44,948.25,54643.45,534.75,805.69,65.58,1305.66,49.51,2500.73,31.93,2328.71,28.03,2619.22,94.00,116.22,11.51,263.55,24.38,618.79,18.98,41509.21,224.16,0.00,155.50,0.00,20.11,30.76,2.94,77.55,2.84,48.50,1.81,1.88,0.59,61.85,1.06,122.03,1.48,9.40,0.95,127.08,1.78,0.00,31.99,0.00,64.09,0.00,426.63,0.00,316.54,0.00,590.16,0.00,593.74,0.00,60.29,0.00,26.39,15.29,1.37,32.09,3.80,0.00,146.35,0.00,66.56
53.5,53.5,1,53.500,18/03/2026 04:37:03,30.480, , , , , , , , , , , , , , , , , , , , , , , , , , , , , , , , , , , , , , , , , , , , , , , , , , , , , , , , , , , , , , , , , , , , , , , , , , , , , , , , , , , , , , , , , , , , , , , , , , , , , , , , , , , , , , , , , , , , , , , , , , , , , , , , , , , , , , , , , , , , , , , , , , , , , , , , , , , , , , , , , , , , , , , , , , , , , , , , , , , , , , , , , , , , , , , , , , , , , , , , , , , , , , , , , , , , , , , , , , , , , , , , , , , , , , , , , , , , , , , , , , , , , , , , , , , , , , , , , , , , , , , , , , , , , , , , , , , , , , , , , , , , , , , , , , , , , , , , , , , , , , , , , , , , , , , , , , , , , , , , , , , , , , , , , , , , , , , , , , , , , , , , , , , , , , , , , , , , , , , , , , , , 
54.0,54.0,1,54.000,18/03/2026 04:37:20,31.872,,12.46, 13.40, 12.52,43.36, -1.85, 5.10,13.353, 12.572, 11.790, 11.335, 10.765, 10.349, 10.342, 10.349, 10.616, 11.121, 11.374, 11.662, 11.898, 12.169, 12.476, 12.733, 12.980, 13.202, 13.401, 13.601, 13.652, 13.658, 13.751, 13.704, 13.585, 13.618, 13.418, 13.446, 13.344, 13.323, 13.247, 13.140, 13.031, 13.052, 13.052, 13.157, 13.123, 13.257, 13.297, 13.406, 13.553, 13.631, 13.791, 13.984, 14.088, 14.205, 14.367, 14.412, 14.427, 14.528, 14.533, 14.504, 14.509, 14.584, 14.553, 14.490, 14.598, 14.675, 14.683, 14.619, 14.735, 14.841, 14.907, 14.845, 14.905, 15.072, 15.111, 15.134, 14.985, 15.073, 15.234, 15.303, 15.312, 15.097, 15.025, 15.209, 15.367, 15.429, 15.335, 15.039, 14.905, 15.101, 15.327, 15.483, 15.514, 15.340, 15.188, 15.315, 15.577, 15.820, 15.987, 16.045, 15.884, 15.675, 15.661, 15.822, 15.993, 16.080, 16.082, 15.956, 15.668, 15.363, 15.096, 14.768, 13.971, 12.761, 11.845, 11.425, 11.229, 11.031, 10.839, 10.791, 11.052, 11.548, 12.119, 12.714, 13.263, 13.757, 14.157, 14.389, 14.463, 14.499, 14.588, 14.769, 14.994, 15.220, 15.435, 15.651, 15.869, 16.084, 16.222, 16.223, 16.093, 15.916, 15.773, 15.698, 15.686, 15.666, 15.594, 15.530, 15.446, 15.408, 15.431, 15.481, 15.552, 15.536, 15.361, 15.183, 14.967, 14.693, 14.300, 13.615, 12.334, 10.211, 7.793, 6.248, 5.700, 5.606, 5.727, 5.991, 6.339, 6.714, 7.077, 7.432, 7.751, 8.060, 8.351, 8.643, 8.958, 9.273, 9.597, 9.915, 10.237, 10.536, 10.883, 11.257, 11.637, 12.068, 12.492, 12.898, 13.242, 13.516, 13.710, 13.813, 13.860, 13.762, 13.617, 13.396, 13.287, 13.152, 12.928, 12.753, 12.588, 12.351, 12.153, 11.894, 11.620, 11.354, 11.127, 10.979, 10.911, 10.899, 10.967, 10.947, 10.879, 10.830, 10.760, 10.503, 10.328, 10.012, 9.650, 9.298, 8.881, 8.720, 8.372, 8.013, 16.2,1102377.0,1237502.0,873927.61,43514.68,2972.00,22890.48,539.38,26221.18,259.13,334.63,29.48,602.37,21.20,1425.18,24.51,1169.44,17.97,1735.23,59.35,0.00,19.01,157.70,16.17,394.68,13.09,27161.31,148.99,0.00,118.66,0.00,13.18,27.54,2.41,67.26,2.35,17.57,1.12,2.13,0.45,66.04,1.05,102.37,1.27,7.64,0.78,105.09,1.41,0.00,28.53,0.00,48.82,0.00,405.13,0.00,282.64,0.00,469.62,42.66,9.39,0.00,43.20,0.00,24.06,9.29,1.21,17.92,3.58,0.00,135.77,0.00,60.90,220226.71,72159.34,4928.40,43250.71,1019.14,56095.88,554.37,766.76,67.55,1504.06,52.93,1716.78,29.52,1636.29,25.14,2895.22,99.03,0.00,33.94,230.49,23.63,567.09,18.81,38833.72,213.02,0.00,150.87,0.00,16.77,34.47,3.02,83.72,2.93,23.20,1.48,2.99,0.63,72.22,1.15,121.06,1.50,9.70,0.99,141.95,1.90,0.00,33.44,0.00,65.10,0.00,435.16,0.00,322.87,0.00,596.19,51.07,11.24,0.00,50.72,0.00,25.98,10.01,1.30,19.98,3.99,0.00,154.49,0.00,69.09
54.5,54.5,1,54.500,18/03/2026 04:38:12,36.499, , , , , , , , , , , , , , , , , , , , , , , , , , , , , , , , , , , , , , , , , , , , , , , , , , , , , , , , , , , , , , , , , , , , , , , , , , , , , , , , , , , , , , , , , , , , , , , , , , , , , , , , , , , , , , , , , , , , , , , , , , , , , , , , , , , , , , , , , , , , , , , , , , , , , , , , , , , , , , , , , , , , , , , , , , , , , , , , , , , , , , , , , , , , , , , , , , , , , , , , , , , , , , , , , , , , , , , , , , , , , , , , , , , , , , , , , , , , , , , , , , , , , , , , , , , , , , , , , , , , , , , , , , , , , , , , , , , , , , , , , , , , , , , , , , , , , , , , , , , , , , , , , , , , , , , , , , , , , , , , , , , , , , , , , , , , , , , , , , , , , , , , , , , , , , , , , , , , , , , , , , , , 
55.0,55.0,1,55.000,18/03/2026 04:38:29,38.418,,11.81, 12.73, 11.67,42.35, -2.01, 5.60,13.025, 10.347, 10.114, 9.791, 9.542, 9.234, 9.339, 9.501, 9.815, 10.313, 10.651, 10.903, 11.128, 11.413, 11.716, 12.012, 12.299, 12.561, 12.742, 12.887, 12.987, 13.055, 13.059, 13.028, 12.999, 12.883, 12.819, 12.749, 12.679, 12.646, 12.552, 12.475, 12.372, 12.356, 12.413, 12.390, 12.511, 12.490, 12.587, 12.710, 12.771, 12.981, 13.086, 13.197, 13.448, 13.524, 13.568, 13.744, 13.790, 13.741, 13.766, 13.892, 13.799, 13.735, 13.829, 13.913, 13.851, 13.827, 13.973, 14.093, 14.054, 14.016, 14.104, 14.335, 14.373, 14.330, 14.298, 14.419, 14.624, 14.594, 14.552, 14.518, 14.483, 14.639, 14.754, 14.684, 14.641, 14.589, 14.548, 14.662, 14.728, 14.660, 14.678, 14.675, 14.656, 14.778, 15.041, 15.199, 15.231, 15.240, 15.238, 15.192, 15.226, 15.446, 15.701, 15.791, 15.707, 15.564, 15.359, 15.118, 14.985, 15.020, 15.115, 14.904, 13.998, 12.581, 11.403, 10.751, 10.435, 10.285, 10.356, 10.644, 11.164, 11.769, 12.288, 12.690, 12.977, 13.226, 13.420, 13.591, 13.783, 14.081, 14.480, 14.929, 15.337, 15.598, 15.716, 15.719, 15.672, 15.604, 15.536, 15.445, 15.373, 15.362, 15.458, 15.647, 15.906, 16.093, 16.161, 16.094, 15.896, 15.617, 15.339, 15.098, 14.931, 14.805, 14.626, 14.526, 14.441, 14.362, 14.203, 13.744, 12.665, 10.673, 8.218, 6.551, 5.877, 5.598, 5.510, 5.572, 5.708, 5.934, 6.220, 6.515, 6.867, 7.251, 7.664, 8.127, 8.622, 9.154, 9.724, 10.284, 10.810, 11.281, 11.704, 12.014, 12.277, 12.502, 12.667, 12.818, 12.918, 13.021, 13.082, 13.114, 13.116, 13.022, 12.884, 12.721, 12.697, 12.687, 12.609, 12.648, 12.708, 12.762, 12.787, 12.771, 12.690, 12.456, 12.249, 11.986, 11.722, 11.501, 11.278, 11.062, 10.702, 10.454, 10.109, 9.835, 9.458, 9.112, 8.763, 8.281, 7.898, 7.549, 7.367, 7.135, 16.3,1056534.0,1191399.0,875648.42,44206.22,3125.85,21471.73,546.48,23795.57,253.90,454.68,32.29,600.97,22.23,1446.78,25.57,970.35,17.81,1573.39,59.08,29.02,6.25,59.97,15.24,483.13,14.41,28714.66,162.99,0.00,130.24,0.00,15.49,32.05,2.61,91.20,2.81,28.52,1.28,0.00,4.94,69.91,1.13,99.07,1.29,11.09,0.84,97.73,1.42,3.31,1.02,0.00,49.60,65.45,9.24,0.00,289.89,0.00,494.68,0.00,511.70,0.00,56.04,0.00,28.82,6.63,1.22,40.17,3.67,0.00,135.57,0.00,64.79,215596.29,73306.10,5183.52,40570.03,1032.55,50906.69,543.18,1041.84,73.99,1500.56,55.51,1742.80,30.80,1357.72,24.92,2625.19,98.57,51.81,11.16,87.65,22.27,694.18,20.70,41054.61,233.03,0.00,165.60,0.00,19.71,40.12,3.27,113.52,3.50,37.66,1.69,0.00,6.94,76.45,1.24,117.16,1.53,14.08,1.07,132.01,1.92,3.88,1.20,0.00,66.14,70.30,9.92,0.00,331.15,0.00,628.01,0.00,612.56,0.00,65.79,0.00,31.12,7.14,1.31,44.78,4.09,0.00,154.27,0.00,73.50
55.5,55.5,1,55.500,18/03/2026 04:39:12,38.879, , , , , , , , , , , , , , , , , , , , , , , , , , , , , , , , , , , , , , , , , , , , , , , , , , , , , , , , , , , , , , , , , , , , , , , , , , , , , , , , , , , , , , , , , , , , , , , , , , , , , , , , , , , , , , , , , , , , , , , , , , , , , , , , , , , , , , , , , , , , , , , , , , , , , , , , , , , , , , , , , , , , , , , , , , , , , , , , , , , , , , , , , , , , , , , , , , , , , , , , , , , , , , , , , , , , , , , , , , , , , , , , , , , , , , , , , , , , , , , , , , , , , , , , , , , , , , , , , , , , , , , , , , , , , , , , , , , , , , , , , , , , , , , , , , , , , , , , , , , , , , , , , , , , , , , , , , , , , , , , , , , , , , , , , , , , , , , , , , , , , , , , , , , , , , , , , , , , , , , , , , , , 
56.0,56.0,1,56.000,18/03/2026 04:39:38,32.404,,11.29, 12.18, 11.45,41.50, -2.04, 4.73,10.471, 10.011, 10.799, 9.857, 9.522, 9.479, 9.359, 9.459, 9.808, 10.180, 10.424, 10.666, 10.848, 11.112, 11.368, 11.622, 11.875, 12.128, 12.239, 12.354, 12.446, 12.473, 12.462, 12.371, 12.334, 12.238, 12.155, 12.113, 11.993, 11.992, 11.852, 11.825, 11.708, 11.672, 11.714, 11.599, 11.774, 11.719, 11.839, 11.946, 11.925, 12.212, 12.306, 12.329, 12.650, 12.728, 12.692, 12.930, 12.969, 12.890, 12.894, 13.029, 12.979, 12.851, 12.961, 13.049, 13.046, 12.957, 13.076, 13.252, 13.272, 13.226, 13.234, 13.480, 13.585, 13.595, 13.594, 13.566, 13.809, 13.888, 13.905, 13.874, 13.747, 13.788, 13.962, 13.996, 14.076, 14.058, 13.919, 13.881, 13.967, 14.042, 14.162, 14.275, 14.239, 14.154, 14.259, 14.493, 14.656, 14.776, 14.940, 14.994, 14.899, 14.870, 15.004, 15.173, 15.243, 15.240, 15.216, 15.148, 15.004, 14.836, 14.670, 14.361, 13.501, 12.174, 11.101, 10.615, 10.492, 10.442, 10.444, 10.507, 10.797, 11.284, 11.797, 12.283, 12.661, 13.003, 13.383, 13.764, 14.109, 14.387, 14.580, 14.765, 14.970, 15.160, 15.329, 15.410, 15.411, 15.426, 15.485, 15.616, 15.784, 15.940, 16.019, 16.043, 16.028, 15.954, 15.846, 15.722, 15.560, 15.325, 15.062, 14.860, 14.752, 14.775, 14.872, 15.043, 15.140, 15.121, 14.854, 14.182, 12.831, 10.602, 8.018, 6.243, 5.472, 5.196, 5.131, 5.241, 5.456, 5.761, 6.158, 6.606, 7.115, 7.659, 8.211, 8.770, 9.265, 9.740, 10.154, 10.546, 10.890, 11.222, 11.547, 11.833, 12.091, 12.325, 12.498, 12.659, 12.770, 12.870, 12.918, 13.036, 13.143, 13.232, 13.274, 13.304, 13.501, 13.652, 13.647, 13.636, 13.624, 13.509, 13.334, 13.082, 12.776, 12.414, 12.046, 11.731, 11.449, 11.240, 11.031, 10.708, 10.395, 10.149, 9.788, 9.524, 9.160, 8.812, 8.607, 8.198, 8.112, 7.925, 7.658, 7.694, 16.3,983258.0,1132947.0,863342.67,56137.11,3457.55,22142.81,578.39,24381.01,271.37,504.47,35.31,619.65,24.17,597.31,23.54,766.62,17.35,698.78,52.03,75.03,6.97,111.54,18.46,432.41,14.62,29627.85,178.43,0.00,135.30,0.00,13.04,21.27,2.51,82.43,2.82,17.54,1.31,1.74,0.49,88.25,1.31,103.15,1.39,9.79,0.90,114.73,1.59,6.43,1.09,0.00,54.34,0.00,438.53,0.00,304.42,0.00,506.66,87.47,10.17,0.00,57.37,0.00,26.36,16.33,1.45,13.61,3.97,0.00,147.43,0.00,62.49,236713.44,93090.81,5733.57,41838.01,1092.85,52159.15,580.55,1155.93,80.91,1547.21,60.35,719.52,28.36,1072.66,24.28,1165.91,86.81,133.94,12.44,163.02,26.98,621.30,21.01,42360.24,255.11,0.00,172.03,0.00,16.59,26.63,3.14,102.60,3.51,23.16,1.73,2.45,0.69,96.51,1.43,121.99,1.64,12.43,1.14,154.97,2.15,7.54,1.28,0.00,72.46,0.00,471.03,0.00,347.75,0.00,643.21,104.71,12.17,0.00,67.36,0.00,28.46,17.59,1.56,15.17,4.43,0.00,167.76,0.00,70.89
56.5,56.5,1,56.500,18/03/2026 04:40:13,24.861, , , , , , , , , , , , , , , , , , , , , , , , , , , , , , , , , , , , , , , , , , , , , , , , , , , , , , , , , , , , , , , , , , , , , , , , , , , , , , , , , , , , , , , , , , , , , , , , , , , , , , , , , , , , , , , , , , , , , , , , , , , , , , , , , , , , , , , , , , , , , , , , , , , , , , , , , , , , , , , , , , , , , , , , , , , , , , , , , , , , , , , , , , , , , , , , , , , , , , , , , , , , , , , , , , , , , , , , , , , , , , , , , , , , , , , , , , , , , , , , , , , , , , , , , , , , , , , , , , , , , , , , , , , , , , , , , , , , , , , , , , , , , , , , , , , , , , , , , , , , , , , , , , , , , , , , , , , , , , , , , , , , , , , , , , , , , , , , , , , , , , , , , , , , , , , , , , , , , , , , , , , , 
57.0,57.0,1,57.000,18/03/2026 04:40:39,26.381,,11.17, 11.99, 11.41,41.21, -1.63, 4.34,13.698, 11.407, 11.535, 10.416, 9.836, 9.827, 9.609, 9.723, 9.876, 10.188, 10.372, 10.577, 10.731, 10.962, 11.219, 11.448, 11.658, 11.872, 12.017, 12.169, 12.179, 12.248, 12.269, 12.163, 12.236, 12.021, 12.110, 11.901, 12.010, 11.806, 11.921, 11.703, 11.748, 11.676, 11.702, 11.807, 11.728, 11.910, 11.909, 11.970, 12.205, 12.207, 12.341, 12.620, 12.628, 12.715, 13.016, 13.039, 12.942, 13.142, 13.321, 13.173, 13.061, 13.280, 13.447, 13.280, 13.139, 13.317, 13.621, 13.590, 13.350, 13.297, 13.599, 13.904, 13.895, 13.638, 13.507, 13.753, 14.087, 14.273, 14.118, 13.835, 13.791, 13.947, 14.283, 14.479, 14.369, 14.073, 13.848, 13.824, 14.021, 14.315, 14.517, 14.455, 14.183, 13.956, 13.961, 14.209, 14.571, 14.886, 15.031, 14.945, 14.699, 14.478, 14.404, 14.525, 14.720, 14.902, 14.956, 14.876, 14.701, 14.468, 14.108, 13.547, 12.527, 11.256, 10.362, 10.015, 9.977, 10.027, 10.120, 10.204, 10.371, 10.615, 10.872, 11.184, 11.512, 11.891, 12.311, 12.744, 13.181, 13.598, 13.958, 14.236, 14.413, 14.455, 14.414, 14.299, 14.190, 14.100, 14.093, 14.160, 14.295, 14.482, 14.716, 14.948, 15.156, 15.256, 15.197, 15.062, 14.790, 14.411, 14.006, 13.625, 13.344, 13.169, 13.070, 13.080, 13.122, 13.125, 13.001, 12.533, 11.486, 9.715, 7.778, 6.630, 6.210, 6.048, 5.988, 5.988, 6.010, 6.052, 6.109, 6.201, 6.351, 6.558, 6.818, 7.130, 7.510, 7.922, 8.366, 8.862, 9.366, 9.837, 10.306, 10.765, 11.157, 11.517, 11.793, 12.038, 12.181, 12.262, 12.294, 12.271, 12.208, 12.055, 11.845, 11.565, 11.360, 11.162, 10.940, 10.772, 10.659, 10.562, 10.508, 10.464, 10.394, 10.287, 10.201, 10.172, 10.118, 10.149, 10.207, 10.155, 10.102, 10.098, 10.009, 9.802, 9.630, 9.418, 9.134, 8.852, 8.648, 8.387, 7.811, 7.554, 16.3,1177250.0,1172676.0,900937.50,36041.14,2721.78,15154.17,432.25,19371.22,206.25,227.79,24.96,298.06,17.31,565.28,18.15,576.52,13.05,459.19,41.35,24.64,5.13,0.00,46.34,334.91,11.09,25659.46,131.67,0.00,112.41,0.00,10.56,0.00,10.45,31.29,1.63,68.28,1.44,0.00,4.34,26.94,0.67,62.44,0.92,5.32,0.64,42.13,0.98,0.00,26.48,0.00,44.97,67.16,7.85,17.70,5.27,0.00,414.83,0.00,440.24,0.00,39.48,0.00,19.06,0.00,29.33,28.85,3.16,0.00,121.91,0.00,54.24,170993.10,59766.15,4513.46,28633.24,816.72,41441.53,441.24,521.95,57.19,744.23,43.22,680.94,21.86,806.67,18.26,766.16,68.99,43.99,9.16,0.00,67.73,481.21,15.93,36686.45,188.25,0.00,142.93,0.00,13.44,0.00,13.08,38.95,2.03,90.15,1.90,0.00,6.10,29.46,0.73,73.84,1.09,6.76,0.81,56.91,1.32,0.00,31.04,0.00,59.97,72.14,8.43,20.22,6.02,0.00,526.63,0.00,527.01,0.00,46.35,0.00,20.58,0.00,31.59,32.16,3.52,0.00,138.72,0.00,61.53
57.5,57.5,1,57.500,18/03/2026 04:41:13,21.229,1157879.961, , , , , , , , , , , , , , , , , , , , , , , , , , , , , , , , , , , , , , , , , , , , , , , , , , , , , , , , , , , , , , , , , , , , , , , , , , , , , , , , , , , , , , , , , , , , , , , , , , , , , , , , , , , , , , , , , , , , , , , , , , , , , , , , , , , , , , , , , , , , , , , , , , , , , , , , , , , , , , , , , , , , , , , , , , , , , , , , , , , , , , , , , , , , , , , , , , , , , , , , , , , , , , , , , , , , , , , , , , , , , , , , , , , , , , , , , , , , , , , , , , , , , , , , , , , , , , , , , , , , , , , , , , , , , , , , , , , , , , , , , , , , , , , , , , , , , , , , , , , , , , , , , , , , , , , , , , , , , , , , , , , , , , , , , , , , , , , , , , , , , , , , , , , , , , , , , , , , , , , , , , , 
58.0,58.0,1,58.000,18/03/2026 04:41:39,23.611,,8.94, 9.67, 8.37,37.24, -2.06, 6.76,8.079, 5.967, 6.301, 6.141, 6.399, 6.144, 6.303, 6.527, 6.819, 7.277, 7.561, 7.900, 8.125, 8.341, 8.656, 8.948, 9.185, 9.447, 9.664, 9.772, 9.888, 9.989, 9.944, 10.004, 9.918, 9.905, 9.821, 9.812, 9.743, 9.762, 9.656, 9.633, 9.518, 9.558, 9.618, 9.620, 9.734, 9.773, 9.850, 9.989, 10.081, 10.219, 10.369, 10.521, 10.671, 10.788, 10.911, 11.033, 11.061, 11.090, 11.193, 11.232, 11.169, 11.175, 11.300, 11.335, 11.258, 11.250, 11.419, 11.541, 11.489, 11.400, 11.515, 11.721, 11.828, 11.764, 11.688, 11.717, 11.909, 12.086, 12.101, 11.969, 11.863, 11.905, 12.110, 12.251, 12.277, 12.147, 11.996, 11.914, 11.988, 12.163, 12.327, 12.340, 12.247, 12.127, 12.127, 12.270, 12.493, 12.704, 12.789, 12.765, 12.669, 12.582, 12.571, 12.656, 12.768, 12.834, 12.812, 12.693, 12.564, 12.429, 12.235, 11.853, 11.019, 9.874, 8.975, 8.559, 8.416, 8.370, 8.405, 8.507, 8.744, 9.087, 9.453, 9.832, 10.161, 10.479, 10.781, 11.071, 11.346, 11.625, 11.871, 12.100, 12.260, 12.384, 12.449, 12.460, 12.453, 12.419, 12.418, 12.430, 12.491, 12.577, 12.680, 12.788, 12.883, 12.911, 12.839, 12.738, 12.553, 12.327, 12.094, 11.896, 11.741, 11.669, 11.599, 11.594, 11.593, 11.548, 11.374, 10.897, 9.865, 8.082, 6.021, 4.693, 4.150, 3.964, 3.931, 4.002, 4.145, 4.332, 4.565, 4.826, 5.119, 5.443, 5.785, 6.142, 6.509, 6.877, 7.252, 7.632, 8.005, 8.367, 8.694, 9.017, 9.279, 9.515, 9.712, 9.886, 10.021, 10.122, 10.200, 10.255, 10.280, 10.255, 10.193, 10.099, 10.042, 9.966, 9.887, 9.799, 9.724, 9.634, 9.560, 9.446, 9.319, 9.060, 8.915, 8.747, 8.597, 8.477, 8.370, 8.228, 8.046, 7.870, 7.672, 7.454, 7.239, 6.986, 6.759, 6.453, 6.250, 5.924, 5.816, 5.734, 16.3,1221455.0,1183583.0,891724.47,42931.02,2774.81,17285.28,452.64,19790.07,208.39,184.85,24.42,377.71,17.74,673.02,18.72,726.96,13.99,961.14,47.21,0.00,16.99,125.79,13.49,442.31,12.47,24409.86,126.36,0.00,107.72,0.00,10.84,20.16,2.06,46.90,1.94,37.92,1.30,0.00,3.69,40.69,0.78,73.08,0.99,6.67,0.67,58.79,1.06,0.00,26.13,0.00,44.48,0.00,374.63,24.45,5.28,0.00,435.82,0.00,449.99,12.35,2.62,0.00,24.64,15.88,1.18,30.64,3.14,0.00,121.91,0.00,53.05,187152.56,71191.47,4601.40,32659.89,855.25,42337.59,445.82,423.56,55.96,943.11,44.30,810.72,22.55,1017.17,19.57,1603.66,78.77,0.00,30.33,183.85,19.72,635.53,17.92,34899.85,180.66,0.00,136.96,0.00,13.79,25.24,2.58,58.38,2.41,50.07,1.72,0.00,5.19,44.50,0.85,86.42,1.17,8.47,0.85,79.41,1.43,0.00,30.63,0.00,59.31,0.00,402.40,27.93,6.03,0.00,553.28,0.00,538.68,14.50,3.08,0.00,26.61,17.11,1.27,34.16,3.50,0.00,138.72,0.00,60.18
58.5,58.5,1,58.500,18/03/2026 04:42:23,22.354, , , , , , , , , , , , , , , , , , , , , , , , , , , , , , , , , , , , , , , , , , , , , , , , , , , , , , , , , , , , , , , , , , , , , , , , , , , , , , , , , , , , , , , , , , , , , , , , , , , , , , , , , , , , , , , , , , , , , , , , , , , , , , , , , , , , , , , , , , , , , , , , , , , , , , , , , , , , , , , , , , , , , , , , , , , , , , , , , , , , , , , , , , , , , , , , , , , , , , , , , , , , , , , , , , , , , , , , , , , , , , , , , , , , , , , , , , , , , , , , , , , , , , , , , , , , , , , , , , , , , , , , , , , , , , , , , , , , , , , , , , , , , , , , , , , , , , , , , , , , , , , , , , , , , , , , , , , , , , , , , , , , , , , , , , , , , , , , , , , , , , , , , , , , , , , , , , , , , , , , , , , , 
59.0,59.0,1,59.000,18/03/2026 04:42:40,22.948,,9.53, 10.27, 9.03,38.32, -1.89, 6.45,5.635, 6.820, 7.036, 7.078, 6.911, 6.781, 6.786, 7.157, 7.455, 7.861, 8.176, 8.500, 8.733, 8.958, 9.268, 9.511, 9.783, 10.055, 10.214, 10.356, 10.502, 10.573, 10.567, 10.602, 10.559, 10.494, 10.472, 10.392, 10.405, 10.346, 10.333, 10.225, 10.175, 10.171, 10.227, 10.274, 10.323, 10.388, 10.471, 10.555, 10.681, 10.809, 10.909, 11.067, 11.201, 11.282, 11.399, 11.492, 11.505, 11.550, 11.609, 11.614, 11.591, 11.630, 11.662, 11.662, 11.674, 11.719, 11.788, 11.810, 11.823, 11.853, 11.917, 11.988, 12.030, 12.054, 12.121, 12.143, 12.178, 12.252, 12.267, 12.242, 12.179, 12.182, 12.240, 12.296, 12.330, 12.282, 12.190, 12.136, 12.150, 12.231, 12.315, 12.318, 12.252, 12.216, 12.275, 12.412, 12.549, 12.640, 12.641, 12.560, 12.499, 12.491, 12.598, 12.717, 12.786, 12.771, 12.647, 12.460, 12.288, 12.193, 12.131, 11.945, 11.338, 10.375, 9.543, 9.077, 8.835, 8.690, 8.656, 8.751, 9.037, 9.465, 9.894, 10.291, 10.614, 10.848, 11.019, 11.153, 11.270, 11.412, 11.585, 11.789, 11.989, 12.150, 12.277, 12.365, 12.399, 12.421, 12.410, 12.369, 12.341, 12.325, 12.337, 12.380, 12.448, 12.468, 12.420, 12.354, 12.260, 12.119, 12.004, 11.903, 11.839, 11.799, 11.740, 11.710, 11.664, 11.573, 11.399, 10.962, 10.051, 8.429, 6.431, 5.036, 4.459, 4.259, 4.240, 4.353, 4.558, 4.822, 5.127, 5.450, 5.815, 6.170, 6.525, 6.892, 7.228, 7.566, 7.879, 8.185, 8.468, 8.740, 8.983, 9.208, 9.421, 9.611, 9.788, 9.970, 10.110, 10.229, 10.341, 10.440, 10.524, 10.553, 10.532, 10.491, 10.511, 10.502, 10.448, 10.390, 10.335, 10.245, 10.170, 10.015, 9.829, 9.594, 9.402, 9.192, 9.036, 8.857, 8.749, 8.613, 8.463, 8.292, 8.082, 7.912, 7.748, 7.511, 7.306, 7.094, 6.892, 6.911, 6.580, 6.517, 16.3,1216380.0,1164591.0,902271.88,32057.30,2695.78,20535.07,492.83,19239.05,208.82,285.60,26.64,400.50,18.51,695.79,19.57,723.31,14.54,1227.90,50.99,0.00,17.41,108.42,13.65,420.86,12.43,21644.99,113.97,0.00,103.27,0.00,14.27,27.45,2.22,58.35,2.08,29.92,1.20,0.00,4.28,53.57,0.88,111.96,1.22,10.82,0.72,62.43,1.11,0.00,26.22,0.00,45.84,0.00,388.57,0.00,269.04,0.00,448.58,0.00,467.85,0.00,49.06,0.00,24.22,13.42,1.14,21.44,3.21,0.00,127.26,0.00,57.20,170856.11,53159.84,4470.35,38800.25,931.18,41158.77,446.74,654.41,61.04,1000.01,46.22,838.15,23.57,1012.06,20.34,2048.74,85.08,0.00,31.08,158.46,19.95,604.71,17.86,30946.79,162.95,0.00,131.31,0.00,18.16,34.36,2.78,72.63,2.59,39.50,1.58,0.00,6.01,58.58,0.96,132.40,1.44,13.74,0.91,84.33,1.50,0.00,30.74,0.00,61.13,0.00,417.37,0.00,307.33,0.00,569.48,0.00,560.06,0.00,57.60,0.00,26.15,14.46,1.23,23.90,3.58,0.00,144.81,0.00,64.89
59.5,59.5,1,59.500,18/03/2026 04:43:32,21.162, , , , , , , , , , , , , , , , , , , , , , , , , , , , , , , , , , , , , , , , , , , , , , , , , , , , , , , , , , , , , , , , , , , , , , , , , , , , , , , , , , , , , , , , , , , , , , , , , , , , , , , , , , , , , , , , , , , , , , , , , , , , , , , , , , , , , , , , , , , , , , , , , , , , , , , , , , , , , , , , , , , , , , , , , , , , , , , , , , , , , , , , , , , , , , , , , , , , , , , , , , , , , , , , , , , , , , , , , , , , , , , , , , , , , , , , , , , , , , , , , , , , , , , , , , , , , , , , , , , , , , , , , , , , , , , , , , , , , , , , , , , , , , , , , , , , , , , , , , , , , , , , , , , , , , , , , , , , , , , , , , , , , , , , , , , , , , , , , , , , , , , , , , , , , , , , , , , , , , , , , , , , 
60.0,60.0,1,60.000,18/03/2026 04:43:49,21.096,,9.73, 10.49, 9.17,38.71, -1.93, 6.68,8.054, 7.319, 7.700, 7.026, 6.573, 6.751, 6.972, 7.201, 7.539, 7.974, 8.330, 8.621, 8.878, 9.093, 9.415, 9.688, 9.982, 10.267, 10.446, 10.589, 10.702, 10.807, 10.805, 10.814, 10.818, 10.718, 10.717, 10.643, 10.626, 10.609, 10.535, 10.481, 10.391, 10.406, 10.481, 10.476, 10.603, 10.578, 10.732, 10.783, 10.889, 11.072, 11.109, 11.294, 11.448, 11.488, 11.641, 11.736, 11.724, 11.797, 11.849, 11.811, 11.820, 11.881, 11.846, 11.830, 11.890, 11.937, 11.936, 11.935, 12.019, 12.059, 12.079, 12.099, 12.174, 12.252, 12.283, 12.286, 12.267, 12.354, 12.398, 12.362, 12.311, 12.288, 12.306, 12.404, 12.450, 12.384, 12.294, 12.248, 12.234, 12.312, 12.375, 12.367, 12.322, 12.326, 12.391, 12.484, 12.604, 12.663, 12.646, 12.606, 12.613, 12.661, 12.722, 12.805, 12.841, 12.782, 12.616, 12.463, 12.376, 12.338, 12.274, 12.029, 11.363, 10.333, 9.436, 8.939, 8.725, 8.672, 8.725, 8.851, 9.120, 9.486, 9.863, 10.205, 10.454, 10.662, 10.868, 11.067, 11.285, 11.512, 11.708, 11.891, 12.042, 12.153, 12.240, 12.259, 12.241, 12.231, 12.227, 12.268, 12.312, 12.370, 12.433, 12.476, 12.504, 12.480, 12.394, 12.280, 12.134, 11.942, 11.781, 11.663, 11.614, 11.617, 11.610, 11.671, 11.676, 11.620, 11.428, 10.963, 9.991, 8.337, 6.340, 4.935, 4.326, 4.114, 4.084, 4.190, 4.387, 4.675, 5.014, 5.394, 5.793, 6.195, 6.574, 6.931, 7.257, 7.559, 7.824, 8.087, 8.309, 8.537, 8.723, 8.920, 9.115, 9.291, 9.452, 9.627, 9.800, 9.937, 10.110, 10.247, 10.390, 10.470, 10.494, 10.497, 10.490, 10.493, 10.409, 10.290, 10.198, 10.063, 9.907, 9.716, 9.496, 9.237, 8.965, 8.756, 8.559, 8.413, 8.323, 8.188, 8.060, 7.910, 7.742, 7.587, 7.550, 7.382, 7.231, 7.005, 6.828, 6.635, 6.572, 6.494, 16.3,1217849.0,1167691.0,902416.00,36923.01,2730.98,17629.29,457.70,17614.04,196.66,209.66,24.95,395.13,17.99,419.76,17.73,629.12,13.23,900.07,46.84,0.00,16.50,110.54,13.82,337.39,11.35,22128.94,115.31,0.00,103.58,0.00,13.04,16.84,2.00,36.74,1.74,41.26,1.20,0.00,3.52,40.63,0.76,68.41,0.95,0.00,15.18,46.60,1.01,2.90,0.88,0.00,44.42,0.00,376.63,0.00,260.96,0.00,431.04,29.65,8.37,0.00,47.66,0.00,21.46,4.00,0.96,0.00,116.44,0.00,130.22,0.00,50.28,169213.25,61228.53,4528.72,33309.89,864.81,37682.33,420.72,480.41,57.17,986.60,44.92,505.64,21.36,880.27,18.51,1501.76,78.15,0.00,29.46,161.56,20.20,484.78,16.31,31638.72,164.86,0.00,131.70,0.00,16.59,21.08,2.50,45.73,2.17,54.48,1.58,0.00,4.95,44.43,0.83,80.90,1.12,0.00,19.28,62.95,1.36,3.40,1.03,0.00,59.23,0.00,404.54,0.00,298.10,0.00,547.21,35.49,10.02,0.00,55.96,0.00,23.17,4.31,1.03,0.00,129.81,0.00,148.18,0.00,57.04
60.5,60.5,1,60.500,18/03/2026 04:44:32,22.813, , , , , , , , , , , , , , , , , , , , , , , , , , , , , , , , , , , , , , , , , , , , , , , , , , , , , , , , , , , , , , , , , , , , , , , , , , , , , , , , , , , , , , , , , , , , , , , , , , , , , , , , , , , , , , , , , , , , , , , , , , , , , , , , , , , , , , , , , , , , , , , , , , , , , , , , , , , , , , , , , , , , , , , , , , , , , , , , , , , , , , , , , , , , , , , , , , , , , , , , , , , , , , , , , , , , , , , , , , , , , , , , , , , , , , , , , , , , , , , , , , , , , , , , , , , , , , , , , , , , , , , , , , , , , , , , , , , , , , , , , , , , , , , , , , , , , , , , , , , , , , , , , , , , , , , , , , , , , , , , , , , , , , , , , , , , , , , , , , , , , , , , , , , , , , , , , , , , , , , , , , , , 
61.0,61.0,1,61.000,18/03/2026 04:44:49,22.221,,9.44, 10.18, 8.97,38.16, -1.92, 6.37,7.928, 7.358, 7.722, 6.674, 6.790, 6.719, 6.865, 7.080, 7.382, 7.800, 8.134, 8.463, 8.668, 8.911, 9.183, 9.434, 9.696, 9.954, 10.183, 10.276, 10.375, 10.488, 10.487, 10.458, 10.478, 10.368, 10.364, 10.296, 10.280, 10.263, 10.202, 10.135, 10.064, 10.057, 10.150, 10.138, 10.269, 10.268, 10.388, 10.493, 10.553, 10.751, 10.836, 10.943, 11.157, 11.234, 11.287, 11.447, 11.489, 11.471, 11.528, 11.605, 11.561, 11.538, 11.614, 11.658, 11.627, 11.613, 11.724, 11.792, 11.777, 11.746, 11.828, 11.959, 11.990, 11.969, 11.944, 12.039, 12.134, 12.182, 12.148, 12.081, 12.078, 12.160, 12.202, 12.229, 12.204, 12.138, 12.116, 12.126, 12.129, 12.172, 12.198, 12.162, 12.136, 12.168, 12.252, 12.378, 12.468, 12.516, 12.486, 12.440, 12.431, 12.491, 12.591, 12.692, 12.732, 12.660, 12.497, 12.318, 12.201, 12.151, 12.105, 11.911, 11.296, 10.316, 9.440, 8.933, 8.664, 8.534, 8.555, 8.676, 8.987, 9.416, 9.848, 10.229, 10.517, 10.703, 10.852, 10.971, 11.114, 11.278, 11.479, 11.705, 11.915, 12.106, 12.264, 12.353, 12.364, 12.325, 12.267, 12.188, 12.140, 12.127, 12.156, 12.215, 12.299, 12.350, 12.356, 12.322, 12.253, 12.113, 11.949, 11.810, 11.675, 11.594, 11.482, 11.424, 11.373, 11.276, 11.095, 10.675, 9.802, 8.266, 6.434, 5.170, 4.674, 4.495, 4.468, 4.557, 4.704, 4.888, 5.112, 5.375, 5.660, 5.944, 6.261, 6.580, 6.902, 7.245, 7.589, 7.931, 8.258, 8.578, 8.874, 9.137, 9.384, 9.591, 9.765, 9.905, 10.020, 10.102, 10.146, 10.208, 10.222, 10.195, 10.136, 10.040, 9.993, 9.985, 9.874, 9.846, 9.793, 9.773, 9.749, 9.702, 9.635, 9.479, 9.310, 9.153, 9.038, 8.888, 8.816, 8.663, 8.433, 8.358, 8.069, 7.809, 7.583, 7.282, 7.034, 6.731, 6.501, 6.233, 6.198, 6.068, 16.3,1157602.0,1112232.0,894259.57,41551.45,2891.39,19256.87,489.23,20219.54,218.84,307.33,27.60,448.72,19.38,362.16,18.63,487.67,13.56,677.70,45.93,0.00,17.50,0.00,49.33,350.08,11.77,21783.81,117.99,0.00,106.20,0.00,12.48,15.18,2.02,47.64,1.96,43.09,1.25,0.00,3.67,41.94,0.80,72.55,1.00,6.83,0.68,50.92,1.05,0.00,26.54,0.00,46.73,0.00,400.35,0.00,272.47,0.00,444.00,0.00,465.06,0.00,48.85,0.00,22.99,4.14,0.98,12.79,3.31,0.00,131.20,0.00,53.42,184630.54,68903.76,4794.72,36385.14,924.38,43256.37,468.17,704.21,63.24,1120.41,48.39,436.26,22.44,682.35,18.97,1130.74,76.63,0.00,31.24,0.00,72.10,503.01,16.91,31145.27,168.70,0.00,135.03,0.00,15.88,19.00,2.53,59.30,2.44,56.89,1.65,0.00,5.16,45.87,0.87,85.80,1.18,8.67,0.86,68.78,1.42,0.00,31.11,0.00,62.31,0.00,430.02,0.00,311.25,0.00,563.67,0.00,556.72,0.00,57.35,0.00,24.82,4.46,1.06,14.26,3.69,0.00,149.29,0.00,60.60
61.5,61.5,1,61.500,18/03/2026 04:45:33,22.221, , , , , , , , , , , , , , , , , , , , , , , , , , , , , , , , , , , , , , , , , , , , , , , , , , , , , , , , , , , , , , , , , , , , , , , , , , , , , , , , , , , , , , , , , , , , , , , , , , , , , , , , , , , , , , , , , , , , , , , , , , , , , , , , , , , , , , , , , , , , , , , , , , , , , , , , , , , , , , , , , , , , , , , , , , , , , , , , , , , , , , , , , , , , , , , , , , , , , , , , , , , , , , , , , , , , , , , , , , , , , , , , , , , , , , , , , , , , , , , , , , , , , , , , , , , , , , , , , , , , , , , , , , , , , , , , , , , , , , , , , , , , , , , , , , , , , , , , , , , , , , , , , , , , , , , , , , , , , , , , , , , , , , , , , , , , , , , , , , , , , , , , , , , , , , , , , , , , , , , , , , , , 
62.0,62.0,1,62.000,18/03/2026 04:45:59,23.341,,10.51, 11.29, 10.41,40.07, -1.69, 5.22,10.494, 9.273, 9.269, 9.102, 8.696, 8.390, 8.535, 8.517, 8.837, 9.203, 9.471, 9.743, 9.891, 10.115, 10.404, 10.684, 10.862, 11.078, 11.306, 11.451, 11.432, 11.611, 11.576, 11.521, 11.608, 11.355, 11.525, 11.236, 11.465, 11.178, 11.413, 11.078, 11.249, 11.126, 11.148, 11.344, 11.096, 11.501, 11.446, 11.335, 11.824, 11.726, 11.678, 12.208, 12.143, 11.982, 12.518, 12.526, 12.261, 12.458, 12.760, 12.603, 12.291, 12.628, 12.818, 12.662, 12.354, 12.599, 12.945, 12.873, 12.623, 12.502, 12.943, 13.135, 13.052, 12.794, 12.636, 13.068, 13.349, 13.290, 13.119, 12.776, 12.766, 13.204, 13.352, 13.309, 13.201, 12.828, 12.671, 13.029, 13.319, 13.322, 13.286, 13.124, 12.768, 12.646, 13.040, 13.482, 13.614, 13.606, 13.558, 13.291, 12.919, 12.843, 13.241, 13.684, 13.852, 13.770, 13.617, 13.392, 13.018, 12.635, 12.453, 12.499, 12.301, 11.644, 10.879, 10.367, 10.110, 9.925, 9.698, 9.471, 9.514, 9.946, 10.641, 11.334, 11.791, 12.002, 12.124, 12.229, 12.333, 12.369, 12.289, 12.170, 12.115, 12.253, 12.592, 12.994, 13.286, 13.427, 13.412, 13.341, 13.299, 13.284, 13.265, 13.196, 13.013, 12.737, 12.448, 12.317, 12.339, 12.457, 12.636, 12.775, 12.856, 12.834, 12.782, 12.718, 12.668, 12.596, 12.387, 11.891, 10.883, 9.169, 7.095, 5.603, 4.957, 4.798, 4.938, 5.305, 5.757, 6.229, 6.668, 7.052, 7.381, 7.686, 7.986, 8.282, 8.585, 8.877, 9.148, 9.341, 9.456, 9.486, 9.488, 9.478, 9.478, 9.566, 9.747, 9.991, 10.318, 10.674, 11.019, 11.361, 11.629, 11.754, 11.785, 11.752, 11.717, 11.659, 11.566, 11.496, 11.469, 11.373, 11.294, 11.166, 10.922, 10.557, 10.143, 9.765, 9.381, 9.004, 8.765, 8.527, 8.329, 8.276, 8.230, 8.259, 8.232, 8.299, 8.365, 8.501, 8.427, 8.375, 8.277, 8.168, 16.3,1195839.0,1168181.0,894857.25,32372.21,2655.82,18960.14,475.89,24187.34,233.72,307.53,26.75,330.91,17.79,1444.21,22.54,1116.11,16.24,1145.94,50.05,28.87,5.65,122.10,14.36,422.54,12.49,24228.74,125.18,0.00,106.86,0.00,13.10,16.70,2.05,63.08,2.13,39.15,1.26,0.00,4.34,40.22,0.80,82.85,1.06,7.14,0.68,59.79,1.09,0.00,26.03,0.00,46.20,62.83,8.13,25.46,5.38,0.00,438.12,39.10,8.59,0.00,41.14,0.00,21.25,7.15,1.08,32.63,3.31,0.00,125.94,0.00,57.96,184043.99,53682.05,4404.08,35824.48,899.18,51744.82,500.01,704.66,61.29,826.25,44.42,1739.70,27.15,1561.67,22.72,1911.99,83.51,51.54,10.09,178.46,20.99,607.12,17.95,34640.89,178.98,0.00,135.87,0.00,16.67,20.90,2.57,78.52,2.65,51.69,1.66,0.00,6.10,43.98,0.87,97.98,1.25,9.07,0.86,80.76,1.47,0.00,30.51,0.00,61.61,67.49,8.73,29.08,6.15,0.00,556.20,46.81,10.28,0.00,48.30,0.00,22.94,7.70,1.16,36.38,3.69,0.00,143.31,0.00,65.75
62.5,62.5,1,62.500,18/03/2026 04:46:33,22.551,1157879.957, , , , , , , , , , , , , , , , , , , , , , , , , , , , , , , , , , , , , , , , , , , , , , , , , , , , , , , , , , , , , , , , , , , , , , , , , , , , , , , , , , , , , , , , , , , , , , , , , , , , , , , , , , , , , , , , , , , , , , , , , , , , , , , , , , , , , , , , , , , , , , , , , , , , , , , , , , , , , , , , , , , , , , , , , , , , , , , , , , , , , , , , , , , , , , , , , , , , , , , , , , , , , , , , , , , , , , , , , , , , , , , , , , , , , , , , , , , , , , , , , , , , , , , , , , , , , , , , , , , , , , , , , , , , , , , , , , , , , , , , , , , , , , , , , , , , , , , , , , , , , , , , , , , , , , , , , , , , , , , , , , , , , , , , , , , , , , , , , , , , , , , , , , , , , , , , , , , , , , , , , , , 
63.0,63.0,1,63.000,18/03/2026 04:46:59,21.761,,9.75, 10.48, 9.30,38.70, -1.71, 6.21,7.847, 6.683, 7.649, 7.570, 7.065, 7.295, 7.263, 7.446, 7.709, 8.146, 8.450, 8.737, 8.952, 9.158, 9.471, 9.739, 9.962, 10.212, 10.444, 10.559, 10.676, 10.823, 10.755, 10.850, 10.774, 10.724, 10.710, 10.616, 10.663, 10.601, 10.568, 10.509, 10.366, 10.477, 10.456, 10.551, 10.621, 10.630, 10.783, 10.849, 10.899, 11.115, 11.186, 11.240, 11.467, 11.570, 11.563, 11.655, 11.822, 11.739, 11.698, 11.834, 11.879, 11.761, 11.733, 11.862, 11.934, 11.818, 11.834, 11.900, 12.031, 11.982, 11.930, 12.007, 12.077, 12.170, 12.158, 12.105, 12.151, 12.171, 12.217, 12.261, 12.165, 12.129, 12.190, 12.192, 12.209, 12.245, 12.177, 12.085, 12.093, 12.129, 12.114, 12.122, 12.175, 12.172, 12.167, 12.268, 12.386, 12.395, 12.322, 12.323, 12.377, 12.417, 12.440, 12.491, 12.558, 12.502, 12.308, 12.100, 12.019, 12.054, 12.030, 11.796, 11.170, 10.233, 9.453, 8.975, 8.670, 8.505, 8.516, 8.698, 9.035, 9.429, 9.785, 10.096, 10.357, 10.576, 10.720, 10.811, 10.877, 10.983, 11.165, 11.427, 11.687, 11.890, 11.993, 12.022, 12.003, 11.988, 11.962, 11.924, 11.882, 11.816, 11.782, 11.801, 11.877, 11.949, 11.990, 12.010, 11.941, 11.787, 11.620, 11.458, 11.352, 11.297, 11.243, 11.221, 11.175, 11.059, 10.811, 10.350, 9.476, 7.991, 6.219, 5.024, 4.545, 4.414, 4.419, 4.506, 4.651, 4.855, 5.089, 5.384, 5.695, 6.030, 6.359, 6.678, 6.978, 7.224, 7.469, 7.713, 7.945, 8.199, 8.458, 8.717, 8.973, 9.219, 9.429, 9.614, 9.764, 9.865, 9.910, 9.968, 9.990, 9.992, 9.965, 9.911, 9.919, 9.907, 9.850, 9.792, 9.759, 9.661, 9.545, 9.419, 9.215, 8.984, 8.758, 8.581, 8.447, 8.323, 8.294, 8.189, 8.014, 7.990, 7.808, 7.657, 7.460, 7.283, 7.092, 6.867, 6.652, 6.377, 6.201, 6.163, 16.3,1223054.0,1203140.0,874896.01,45439.83,2761.86,17232.24,457.94,26968.62,245.56,205.53,24.94,433.44,17.96,2538.83,26.91,1672.79,19.04,1174.39,49.90,64.45,6.00,0.00,50.43,373.77,11.76,28665.60,145.97,0.00,117.53,0.00,14.06,7.71,1.92,44.30,1.90,38.83,1.18,0.00,4.08,40.62,0.79,77.34,1.03,8.19,0.69,55.56,1.07,0.00,25.38,0.00,44.66,29.43,8.34,0.00,259.61,0.00,436.50,0.00,454.08,0.00,45.54,0.00,25.12,0.00,29.79,32.54,3.23,0.00,121.55,0.00,50.53,216559.73,75351.77,4579.93,32559.67,865.26,57694.91,525.34,470.94,57.15,1082.26,44.84,3058.29,32.42,2340.58,26.64,1959.46,83.26,115.06,10.71,0.00,73.71,537.05,16.90,40984.46,208.70,0.00,149.44,0.00,17.89,9.65,2.40,55.14,2.36,51.27,1.56,0.00,5.73,44.42,0.86,91.46,1.22,10.40,0.88,75.05,1.45,0.00,29.75,0.00,59.55,31.61,8.96,0.00,296.56,0.00,554.14,0.00,543.58,0.00,53.47,0.00,27.12,0.00,32.09,36.28,3.60,0.00,138.31,0.00,57.32
63.5,63.5,1,63.500,18/03/2026 04:47:34,22.486, , , , , , , , , , , , , , , , , , , , , , , , , , , , , , , , , , , , , , , , , , , , , , , , , , , , , , , , , , , , , , , , , , , , , , , , , , , , , , , , , , , , , , , , , , , , , , , , , , , , , , , , , , , , , , , , , , , , , , , , , , , , , , , , , , , , , , , , , , , , , , , , , , , , , , , , , , , , , , , , , , , , , , , , , , , , , , , , , , , , , , , , , , , , , , , , , , , , , , , , , , , , , , , , , , , , , , , , , , , , , , , , , , , , , , , , , , , , , , , , , , , , , , , , , , , , , , , , , , , , , , , , , , , , , , , , , , , , , , , , , , , , , , , , , , , , , , , , , , , , , , , , , , , , , , , , , , , , , , , , , , , , , , , , , , , , , , , , , , , , , , , , , , , , , , , , , , , , , , , , , , , , 
64.0,64.0,1,64.000,18/03/2026 04:48:00,22.749,,8.80, 9.47, 8.28,36.88, -1.75, 6.43,7.992, 6.198, 6.345, 6.625, 6.046, 6.436, 6.388, 6.547, 6.807, 7.207, 7.489, 7.815, 7.995, 8.241, 8.481, 8.741, 8.989, 9.226, 9.387, 9.545, 9.698, 9.735, 9.770, 9.827, 9.725, 9.737, 9.668, 9.622, 9.645, 9.583, 9.593, 9.446, 9.409, 9.410, 9.478, 9.605, 9.574, 9.777, 9.743, 9.884, 10.071, 10.053, 10.288, 10.424, 10.433, 10.672, 10.771, 10.716, 10.864, 10.987, 10.863, 10.884, 11.046, 11.006, 10.888, 10.975, 11.130, 11.073, 10.992, 11.077, 11.249, 11.233, 11.150, 11.185, 11.369, 11.454, 11.339, 11.279, 11.389, 11.512, 11.641, 11.560, 11.405, 11.397, 11.500, 11.658, 11.730, 11.593, 11.428, 11.376, 11.421, 11.567, 11.683, 11.648, 11.503, 11.417, 11.489, 11.654, 11.846, 11.975, 11.951, 11.814, 11.686, 11.684, 11.791, 11.954, 12.077, 12.081, 11.933, 11.681, 11.452, 11.321, 11.246, 11.069, 10.491, 9.561, 8.760, 8.285, 8.005, 7.791, 7.732, 7.804, 8.091, 8.516, 8.991, 9.438, 9.787, 10.033, 10.182, 10.264, 10.328, 10.421, 10.567, 10.765, 10.995, 11.214, 11.417, 11.552, 11.622, 11.639, 11.594, 11.503, 11.400, 11.316, 11.270, 11.274, 11.328, 11.379, 11.375, 11.384, 11.350, 11.262, 11.165, 11.043, 10.951, 10.857, 10.760, 10.656, 10.543, 10.399, 10.141, 9.684, 8.796, 7.262, 5.469, 4.270, 3.782, 3.646, 3.654, 3.769, 3.951, 4.178, 4.422, 4.679, 4.958, 5.224, 5.498, 5.772, 6.026, 6.313, 6.621, 6.929, 7.223, 7.524, 7.830, 8.107, 8.364, 8.600, 8.792, 8.975, 9.110, 9.201, 9.282, 9.344, 9.365, 9.341, 9.270, 9.164, 9.109, 9.047, 8.934, 8.850, 8.772, 8.694, 8.626, 8.574, 8.431, 8.260, 8.120, 7.970, 7.821, 7.756, 7.681, 7.528, 7.370, 7.164, 7.070, 6.796, 6.593, 6.341, 6.249, 5.805, 5.625, 5.341, 5.238, 5.192, 16.3,1212917.0,1153633.0,899630.81,37015.50,2763.63,16827.46,452.43,19894.65,210.27,335.62,26.75,568.06,19.17,716.04,19.14,764.79,14.08,1000.27,48.07,41.06,5.70,105.77,13.76,352.17,11.49,22393.82,117.35,0.00,99.95,0.00,13.82,6.48,1.83,50.16,1.94,32.42,1.13,0.00,3.99,45.85,0.81,85.83,1.06,8.69,0.69,64.34,1.09,0.00,26.44,0.00,45.46,0.00,380.02,0.00,265.33,28.70,7.94,0.00,458.17,0.00,46.61,0.00,23.05,5.49,0.99,26.03,3.14,0.00,124.06,0.00,52.39,174712.72,61381.91,4582.86,31794.86,854.85,42561.32,449.84,769.03,61.29,1418.39,47.87,862.54,23.06,1070.10,19.70,1668.94,80.20,73.30,10.18,154.59,20.11,506.01,16.51,32017.43,167.78,0.00,127.08,0.00,17.59,8.11,2.29,62.43,2.41,42.80,1.49,0.00,5.61,50.14,0.89,101.50,1.25,11.04,0.88,86.91,1.47,0.00,30.99,0.00,60.62,0.00,408.18,0.00,303.09,36.44,10.08,0.00,548.48,0.00,54.72,0.00,24.89,5.91,1.07,29.02,3.50,0.00,141.17,0.00,59.43
64.5,64.5,1,64.500,18/03/2026 04:48:51,23.477, , , , , , , , , , , , , , , , , , , , , , , , , , , , , , , , , , , , , , , , , , , , , , , , , , , , , , , , , , , , , , , , , , , , , , , , , , , , , , , , , , , , , , , , , , , , , , , , , , , , , , , , , , , , , , , , , , , , , , , , , , , , , , , , , , , , , , , , , , , , , , , , , , , , , , , , , , , , , , , , , , , , , , , , , , , , , , , , , , , , , , , , , , , , , , , , , , , , , , , , , , , , , , , , , , , , , , , , , , , , , , , , , , , , , , , , , , , , , , , , , , , , , , , , , , , , , , , , , , , , , , , , , , , , , , , , , , , , , , , , , , , , , , , , , , , , , , , , , , , , , , , , , , , , , , , , , , , , , , , , , , , , , , , , , , , , , , , , , , , , , , , , , , , , , , , , , , , , , , , , , , , , 
65.0,65.0,1,65.000,18/03/2026 04:49:09,22.881,,8.21, 8.86, 7.74,35.71, -1.83, 6.32,5.247, 5.820, 6.220, 5.389, 6.017, 5.621, 5.889, 6.038, 6.328, 6.741, 7.010, 7.296, 7.499, 7.698, 7.956, 8.152, 8.410, 8.653, 8.825, 8.946, 9.035, 9.116, 9.152, 9.132, 9.130, 9.072, 9.002, 9.007, 8.936, 8.974, 8.875, 8.854, 8.731, 8.803, 8.806, 8.907, 8.917, 9.013, 9.077, 9.154, 9.299, 9.363, 9.507, 9.642, 9.731, 9.875, 9.962, 10.005, 10.095, 10.154, 10.132, 10.176, 10.225, 10.212, 10.191, 10.248, 10.301, 10.304, 10.317, 10.381, 10.443, 10.435, 10.464, 10.513, 10.603, 10.653, 10.676, 10.671, 10.732, 10.792, 10.831, 10.846, 10.815, 10.796, 10.839, 10.903, 10.950, 10.933, 10.862, 10.796, 10.780, 10.836, 10.916, 10.951, 10.941, 10.903, 10.939, 11.017, 11.128, 11.217, 11.251, 11.229, 11.210, 11.204, 11.252, 11.330, 11.365, 11.343, 11.238, 11.102, 10.983, 10.911, 10.808, 10.557, 9.902, 8.926, 8.122, 7.692, 7.485, 7.403, 7.413, 7.509, 7.753, 8.108, 8.482, 8.838, 9.122, 9.363, 9.559, 9.738, 9.914, 10.098, 10.269, 10.455, 10.617, 10.758, 10.863, 10.925, 10.948, 10.954, 10.939, 10.951, 10.960, 10.975, 11.018, 11.064, 11.094, 11.085, 11.013, 10.940, 10.806, 10.649, 10.505, 10.383, 10.326, 10.284, 10.275, 10.273, 10.258, 10.175, 9.973, 9.517, 8.607, 7.055, 5.254, 4.069, 3.589, 3.418, 3.406, 3.485, 3.646, 3.869, 4.119, 4.412, 4.724, 5.042, 5.360, 5.684, 5.984, 6.271, 6.553, 6.814, 7.060, 7.305, 7.520, 7.735, 7.913, 8.102, 8.254, 8.401, 8.534, 8.652, 8.768, 8.878, 8.961, 9.007, 9.022, 8.986, 9.012, 9.004, 8.922, 8.860, 8.773, 8.659, 8.566, 8.428, 8.260, 7.984, 7.797, 7.597, 7.389, 7.249, 7.114, 6.981, 6.853, 6.704, 6.529, 6.315, 6.157, 5.966, 5.820, 5.715, 5.426, 5.411, 5.197, 5.036, 16.4,1166092.0,1191686.0,878586.58,48294.01,2900.13,18129.20,473.17,21468.79,222.27,286.82,26.66,473.04,18.87,1346.07,22.34,1034.93,16.15,782.54,46.31,0.00,15.87,218.06,15.37,414.46,12.59,28655.16,150.43,0.00,120.16,0.00,13.16,45.17,2.58,38.94,1.87,42.19,1.30,1.71,0.41,36.72,0.77,67.93,0.99,0.00,14.47,41.15,1.01,0.00,26.25,0.00,44.65,0.00,384.13,0.00,265.39,0.00,443.40,0.00,456.47,0.00,46.61,0.00,21.23,6.86,1.08,29.66,3.24,0.00,123.00,0.00,47.57,208745.14,80084.79,4809.22,34254.45,894.04,45928.93,475.51,657.21,61.09,1181.14,47.12,1621.48,26.91,1448.08,22.60,1305.66,77.27,0.00,28.33,318.71,22.46,595.51,18.09,40969.54,215.08,0.00,152.78,0.00,16.75,56.54,3.23,48.47,2.33,55.70,1.72,2.40,0.58,40.16,0.84,80.33,1.17,0.00,18.38,55.58,1.36,0.00,30.77,0.00,59.54,0.00,412.60,0.00,303.16,0.00,562.90,0.00,546.44,0.00,54.72,0.00,22.92,7.39,1.16,33.07,3.61,0.00,139.96,0.00,53.96
65.5,65.5,1,65.500,18/03/2026 04:49:52,22.156, , , , , , , , , , , , , , , , , , , , , , , , , , , , , , , , , , , , , , , , , , , , , , , , , , , , , , , , , , , , , , , , , , , , , , , , , , , , , , , , , , , , , , , , , , , , , , , , , , , , , , , , , , , , , , , , , , , , , , , , , , , , , , , , , , , , , , , , , , , , , , , , , , , , , , , , , , , , , , , , , , , , , , , , , , , , , , , , , , , , , , , , , , , , , , , , , , , , , , , , , , , , , , , , , , , , , , , , , , , , , , , , , , , , , , , , , , , , , , , , , , , , , , , , , , , , , , , , , , , , , , , , , , , , , , , , , , , , , , , , , , , , , , , , , , , , , , , , , , , , , , , , , , , , , , , , , , , , , , , , , , , , , , , , , , , , , , , , , , , , , , , , , , , , , , , , , , , , , , , , , , , , 
66.0,66.0,1,66.000,18/03/2026 04:50:09,23.812,,10.20, 10.94, 9.62,39.48, -1.53, 6.59,7.715, 7.773, 8.474, 7.611, 7.519, 7.301, 7.443, 7.690, 7.940, 8.406, 8.755, 9.059, 9.237, 9.473, 9.795, 10.052, 10.336, 10.612, 10.821, 11.003, 11.137, 11.245, 11.335, 11.326, 11.256, 11.320, 11.218, 11.180, 11.229, 11.179, 11.137, 11.110, 10.962, 11.098, 11.032, 11.224, 11.121, 11.353, 11.278, 11.499, 11.557, 11.645, 11.856, 11.864, 12.087, 12.152, 12.225, 12.335, 12.308, 12.398, 12.391, 12.335, 12.452, 12.430, 12.307, 12.434, 12.532, 12.407, 12.399, 12.596, 12.604, 12.480, 12.530, 12.717, 12.753, 12.621, 12.600, 12.738, 12.792, 12.731, 12.693, 12.757, 12.790, 12.736, 12.677, 12.715, 12.796, 12.815, 12.715, 12.570, 12.552, 12.663, 12.774, 12.777, 12.682, 12.615, 12.666, 12.832, 12.973, 13.020, 12.962, 12.876, 12.849, 12.917, 13.035, 13.135, 13.114, 12.993, 12.811, 12.684, 12.638, 12.643, 12.601, 12.344, 11.665, 10.616, 9.745, 9.311, 9.184, 9.169, 9.225, 9.318, 9.522, 9.805, 10.108, 10.435, 10.730, 11.010, 11.276, 11.486, 11.661, 11.786, 11.899, 11.997, 12.084, 12.190, 12.306, 12.410, 12.498, 12.567, 12.598, 12.600, 12.568, 12.540, 12.514, 12.489, 12.500, 12.479, 12.443, 12.416, 12.360, 12.283, 12.182, 12.098, 12.012, 11.946, 11.922, 11.867, 11.784, 11.677, 11.486, 11.057, 10.214, 8.697, 6.820, 5.484, 4.930, 4.746, 4.721, 4.822, 5.008, 5.240, 5.520, 5.822, 6.147, 6.500, 6.859, 7.214, 7.563, 7.913, 8.255, 8.556, 8.843, 9.105, 9.340, 9.553, 9.737, 9.908, 10.037, 10.167, 10.259, 10.377, 10.476, 10.557, 10.632, 10.687, 10.715, 10.698, 10.721, 10.752, 10.706, 10.642, 10.594, 10.537, 10.437, 10.330, 10.131, 9.867, 9.666, 9.417, 9.205, 9.043, 8.930, 8.752, 8.615, 8.522, 8.342, 8.089, 8.054, 7.911, 7.651, 7.587, 7.395, 7.261, 7.150, 7.081, 16.3,1146451.0,1189207.0,877877.12,49387.24,3067.94,22764.33,536.89,22226.38,236.52,368.72,29.72,578.09,20.99,876.06,21.93,970.80,16.93,1107.41,52.41,0.00,18.38,182.35,16.32,269.51,11.28,22989.48,128.26,0.00,107.17,0.00,14.44,18.49,2.18,57.04,2.17,33.27,1.26,0.00,4.50,64.41,1.00,100.51,1.22,7.27,0.74,75.48,1.22,5.49,0.96,0.00,48.55,0.00,410.24,0.00,281.03,0.00,467.08,0.00,493.67,0.00,52.76,0.00,26.55,9.93,1.15,30.65,3.44,0.00,133.05,0.00,56.48,213022.04,81897.66,5087.49,43012.35,1014.43,47549.67,506.00,844.87,68.10,1443.44,52.41,1055.31,26.42,1358.35,23.69,1847.71,87.45,0.00,32.81,266.51,23.85,387.24,16.21,32869.07,183.38,0.00,136.26,0.00,18.38,23.15,2.73,71.00,2.70,43.93,1.66,0.00,6.32,70.44,1.09,118.86,1.44,9.23,0.94,101.96,1.65,6.44,1.13,0.00,64.74,0.00,440.64,0.00,321.03,0.00,592.97,0.00,590.97,0.00,61.94,0.00,28.67,10.70,1.24,34.17,3.84,0.00,151.40,0.00,64.07
66.5,66.5,1,66.500,18/03/2026 04:50:52,22.421, , , , , , , , , , , , , , , , , , , , , , , , , , , , , , , , , , , , , , , , , , , , , , , , , , , , , , , , , , , , , , , , , , , , , , , , , , , , , , , , , , , , , , , , , , , , , , , , , , , , , , , , , , , , , , , , , , , , , , , , , , , , , , , , , , , , , , , , , , , , , , , , , , , , , , , , , , , , , , , , , , , , , , , , , , , , , , , , , , , , , , , , , , , , , , , , , , , , , , , , , , , , , , , , , , , , , , , , , , , , , , , , , , , , , , , , , , , , , , , , , , , , , , , , , , , , , , , , , , , , , , , , , , , , , , , , , , , , , , , , , , , , , , , , , , , , , , , , , , , , , , , , , , , , , , , , , , , , , , , , , , , , , , , , , , , , , , , , , , , , , , , , , , , , , , , , , , , , , , , , , , , , 
67.0,67.0,1,67.000,18/03/2026 04:51:10,22.818,,10.74, 11.52, 10.34,40.44, -1.60, 6.06,8.403, 9.250, 8.521, 8.050, 7.998, 7.837, 7.985, 8.261, 8.606, 9.086, 9.458, 9.737, 9.902, 10.135, 10.433, 10.733, 10.988, 11.239, 11.401, 11.576, 11.769, 11.854, 11.821, 11.865, 11.900, 11.762, 11.752, 11.744, 11.652, 11.730, 11.585, 11.620, 11.451, 11.563, 11.520, 11.647, 11.631, 11.731, 11.808, 11.848, 12.017, 12.090, 12.173, 12.375, 12.423, 12.489, 12.681, 12.660, 12.627, 12.801, 12.770, 12.621, 12.766, 12.859, 12.667, 12.639, 12.881, 12.895, 12.693, 12.737, 12.987, 12.998, 12.793, 12.792, 13.052, 13.180, 13.143, 12.895, 12.962, 13.211, 13.317, 13.101, 12.873, 12.887, 13.114, 13.291, 13.218, 12.945, 12.769, 12.837, 13.024, 13.149, 13.115, 12.937, 12.790, 12.846, 13.045, 13.258, 13.339, 13.267, 13.115, 13.012, 13.040, 13.194, 13.357, 13.457, 13.403, 13.233, 13.015, 12.852, 12.804, 12.843, 12.872, 12.720, 12.114, 11.152, 10.285, 9.803, 9.626, 9.604, 9.695, 9.846, 10.118, 10.434, 10.729, 10.981, 11.180, 11.358, 11.527, 11.712, 11.894, 12.094, 12.278, 12.440, 12.553, 12.636, 12.686, 12.697, 12.697, 12.689, 12.710, 12.742, 12.763, 12.815, 12.870, 12.927, 12.962, 12.923, 12.846, 12.748, 12.639, 12.476, 12.359, 12.283, 12.250, 12.241, 12.194, 12.223, 12.210, 12.155, 11.987, 11.588, 10.775, 9.318, 7.454, 6.059, 5.437, 5.201, 5.166, 5.296, 5.528, 5.830, 6.171, 6.534, 6.918, 7.290, 7.638, 7.974, 8.274, 8.560, 8.818, 9.070, 9.297, 9.529, 9.734, 9.928, 10.103, 10.288, 10.435, 10.570, 10.726, 10.858, 10.980, 11.094, 11.200, 11.247, 11.235, 11.225, 11.239, 11.237, 11.196, 11.113, 11.074, 10.984, 10.903, 10.780, 10.600, 10.342, 10.123, 9.936, 9.783, 9.641, 9.595, 9.441, 9.277, 9.165, 9.005, 8.839, 8.762, 8.576, 8.443, 8.368, 8.132, 8.076, 7.784, 7.687, 16.3,1150120.0,1163197.0,883739.09,48195.40,3090.93,22059.55,535.98,23020.69,243.62,326.37,29.70,625.52,21.77,513.15,20.73,570.22,15.11,957.38,51.37,50.53,6.43,0.00,51.59,264.33,11.09,19188.11,109.91,0.00,100.08,0.00,11.84,26.10,2.25,57.18,2.14,36.29,1.36,0.00,4.21,74.22,1.06,104.48,1.23,5.47,0.74,79.51,1.23,8.53,0.96,0.00,49.71,66.21,8.60,0.00,282.77,0.00,463.18,0.00,487.95,0.00,51.35,0.00,25.37,19.07,1.28,12.58,3.49,0.00,138.69,0.00,60.95,204664.60,79921.27,5125.61,41680.70,1012.71,49248.97,521.18,747.83,68.05,1561.86,54.36,618.14,24.97,797.86,21.14,1597.38,85.71,90.21,11.48,0.00,75.40,379.80,15.93,27434.08,157.14,0.00,127.25,0.00,15.07,32.67,2.82,71.17,2.66,47.91,1.80,0.00,5.92,81.17,1.16,123.56,1.45,6.95,0.94,107.40,1.66,10.00,1.13,0.00,66.29,71.12,9.24,0.00,323.02,0.00,588.02,0.00,584.13,0.00,60.29,0.00,27.39,20.54,1.38,14.02,3.89,0.00,157.82,0.00,69.14
67.5,67.5,1,67.500,18/03/2026 04:51:53,23.873,1157880.092, , , , , , , , , , , , , , , , , , , , , , , , , , , , , , , , , , , , , , , , , , , , , , , , , , , , , , , , , , , , , , , , , , , , , , , , , , , , , , , , , , , , , , , , , , , , , , , , , , , , , , , , , , , , , , , , , , , , , , , , , , , , , , , , , , , , , , , , , , , , , , , , , , , , , , , , , , , , , , , , , , , , , , , , , , , , , , , , , , , , , , , , , , , , , , , , , , , , , , , , , , , , , , , , , , , , , , , , , , , , , , , , , , , , , , , , , , , , , , , , , , , , , , , , , , , , , , , , , , , , , , , , , , , , , , , , , , , , , , , , , , , , , , , , , , , , , , , , , , , , , , , , , , , , , , , , , , , , , , , , , , , , , , , , , , , , , , , , , , , , , , , , , , , , , , , , , , , , , , , , , , , 
68.0,68.0,1,68.000,18/03/2026 04:52:10,24.403,,10.36, 11.15, 9.96,39.83, -1.76, 6.13,7.588, 8.511, 7.786, 7.511, 7.607, 7.827, 7.751, 7.861, 8.271, 8.716, 9.066, 9.421, 9.570, 9.802, 10.114, 10.383, 10.644, 10.892, 11.093, 11.251, 11.390, 11.441, 11.451, 11.509, 11.423, 11.397, 11.349, 11.275, 11.313, 11.223, 11.242, 11.096, 11.078, 11.030, 11.144, 11.149, 11.221, 11.288, 11.333, 11.470, 11.536, 11.663, 11.784, 11.875, 12.026, 12.117, 12.166, 12.257, 12.285, 12.292, 12.314, 12.322, 12.318, 12.306, 12.315, 12.336, 12.341, 12.362, 12.389, 12.430, 12.432, 12.445, 12.485, 12.551, 12.575, 12.550, 12.590, 12.622, 12.677, 12.684, 12.671, 12.629, 12.609, 12.609, 12.649, 12.632, 12.606, 12.565, 12.540, 12.528, 12.513, 12.530, 12.525, 12.521, 12.518, 12.553, 12.634, 12.704, 12.737, 12.740, 12.728, 12.726, 12.743, 12.805, 12.865, 12.920, 12.882, 12.781, 12.651, 12.537, 12.476, 12.480, 12.461, 12.264, 11.668, 10.739, 9.919, 9.459, 9.291, 9.247, 9.314, 9.454, 9.711, 10.025, 10.321, 10.573, 10.766, 10.926, 11.091, 11.272, 11.459, 11.672, 11.879, 12.041, 12.170, 12.236, 12.269, 12.265, 12.225, 12.203, 12.208, 12.223, 12.280, 12.364, 12.465, 12.542, 12.582, 12.567, 12.463, 12.334, 12.164, 11.990, 11.843, 11.735, 11.667, 11.690, 11.690, 11.743, 11.784, 11.756, 11.624, 11.243, 10.431, 8.955, 7.098, 5.710, 5.069, 4.810, 4.757, 4.850, 5.061, 5.362, 5.694, 6.067, 6.467, 6.872, 7.253, 7.595, 7.920, 8.203, 8.457, 8.674, 8.878, 9.049, 9.216, 9.353, 9.502, 9.651, 9.788, 9.922, 10.071, 10.220, 10.360, 10.506, 10.628, 10.720, 10.775, 10.775, 10.819, 10.843, 10.777, 10.696, 10.656, 10.546, 10.404, 10.265, 10.050, 9.783, 9.512, 9.303, 9.133, 9.017, 8.935, 8.772, 8.637, 8.626, 8.477, 8.340, 8.319, 8.142, 8.034, 7.980, 7.820, 7.669, 7.645, 7.464, 16.3,1185646.0,1161937.0,890492.10,38294.95,2840.00,21933.56,514.16,22480.84,230.41,214.18,26.50,558.04,19.94,1143.11,22.11,1034.95,16.64,1051.21,50.26,93.23,6.68,165.55,16.59,282.46,11.12,21899.72,117.72,0.00,103.78,0.00,15.54,16.02,2.07,68.97,2.24,28.39,1.18,1.41,0.40,51.79,0.89,100.00,1.17,10.42,0.73,68.58,1.15,0.00,27.96,0.00,45.94,0.00,399.60,0.00,272.39,0.00,447.88,0.00,481.26,0.00,47.94,0.00,26.02,10.53,1.13,0.00,118.39,0.00,133.09,0.00,61.28,192066.16,63503.59,4709.50,41442.64,971.49,48094.05,492.92,490.76,60.72,1393.37,49.79,1377.00,26.63,1448.11,23.28,1753.94,83.86,166.43,11.93,241.96,24.25,405.85,15.98,31310.99,168.31,0.00,131.95,0.00,19.78,20.05,2.59,85.85,2.79,37.48,1.56,1.98,0.56,56.64,0.97,118.26,1.38,13.23,0.93,92.64,1.55,0.00,32.77,0.00,61.26,0.00,429.22,0.00,311.16,0.00,568.59,0.00,576.12,0.00,56.28,0.00,28.10,11.34,1.22,0.00,131.99,0.00,151.44,0.00,69.52
68.5,68.5,1,68.500,18/03/2026 04:52:53,26.126, , , , , , , , , , , , , , , , , , , , , , , , , , , , , , , , , , , , , , , , , , , , , , , , , , , , , , , , , , , , , , , , , , , , , , , , , , , , , , , , , , , , , , , , , , , , , , , , , , , , , , , , , , , , , , , , , , , , , , , , , , , , , , , , , , , , , , , , , , , , , , , , , , , , , , , , , , , , , , , , , , , , , , , , , , , , , , , , , , , , , , , , , , , , , , , , , , , , , , , , , , , , , , , , , , , , , , , , , , , , , , , , , , , , , , , , , , , , , , , , , , , , , , , , , , , , , , , , , , , , , , , , , , , , , , , , , , , , , , , , , , , , , , , , , , , , , , , , , , , , , , , , , , , , , , , , , , , , , , , , , , , , , , , , , , , , , , , , , , , , , , , , , , , , , , , , , , , , , , , , , , , , 
69.0,69.0,1,69.000,18/03/2026 04:53:11,26.717,,10.79, 11.60, 10.41,40.58, -1.81, 6.09,10.936, 8.517, 8.488, 8.073, 7.949, 8.143, 8.035, 8.256, 8.671, 9.139, 9.456, 9.827, 9.978, 10.250, 10.553, 10.815, 11.065, 11.336, 11.556, 11.742, 11.830, 11.888, 11.967, 11.941, 11.887, 11.874, 11.753, 11.772, 11.693, 11.696, 11.620, 11.547, 11.453, 11.489, 11.490, 11.608, 11.551, 11.752, 11.689, 11.863, 11.984, 11.970, 12.250, 12.267, 12.348, 12.608, 12.549, 12.584, 12.781, 12.689, 12.618, 12.779, 12.765, 12.613, 12.677, 12.807, 12.738, 12.657, 12.770, 12.894, 12.845, 12.760, 12.845, 12.998, 13.035, 12.926, 12.953, 13.043, 13.141, 13.137, 13.017, 12.983, 12.992, 13.077, 13.094, 13.045, 12.967, 12.942, 12.967, 12.994, 12.980, 12.934, 12.880, 12.881, 12.938, 13.036, 13.129, 13.168, 13.156, 13.124, 13.108, 13.161, 13.250, 13.346, 13.388, 13.367, 13.267, 13.150, 13.033, 12.985, 12.997, 13.006, 12.946, 12.659, 11.957, 10.908, 10.055, 9.644, 9.541, 9.567, 9.644, 9.765, 9.967, 10.229, 10.492, 10.750, 10.990, 11.237, 11.497, 11.758, 11.994, 12.200, 12.359, 12.479, 12.527, 12.569, 12.579, 12.594, 12.624, 12.682, 12.747, 12.842, 12.928, 12.990, 13.033, 13.044, 13.036, 12.951, 12.804, 12.669, 12.524, 12.373, 12.276, 12.241, 12.247, 12.295, 12.277, 12.315, 12.316, 12.230, 12.001, 11.540, 10.618, 9.025, 7.085, 5.705, 5.111, 4.911, 4.909, 5.058, 5.311, 5.631, 5.992, 6.363, 6.743, 7.106, 7.447, 7.769, 8.028, 8.304, 8.546, 8.766, 8.990, 9.204, 9.408, 9.606, 9.803, 10.010, 10.196, 10.376, 10.542, 10.691, 10.847, 10.969, 11.104, 11.166, 11.161, 11.120, 11.129, 11.109, 11.008, 10.916, 10.860, 10.720, 10.614, 10.481, 10.266, 10.035, 9.806, 9.614, 9.448, 9.335, 9.253, 9.164, 9.063, 8.937, 8.800, 8.635, 8.518, 8.342, 8.156, 8.076, 7.795, 7.669, 7.547, 7.406, 16.2,1166219.0,1157690.0,889437.71,47185.70,2952.87,18814.80,487.04,22598.30,232.64,459.82,29.72,483.58,19.73,632.50,19.96,564.00,13.95,893.26,48.81,0.00,17.32,161.42,15.39,187.40,9.73,18178.47,101.14,0.00,92.10,0.00,13.73,17.14,2.03,54.04,2.00,28.49,1.14,0.00,4.80,51.96,0.87,109.78,1.21,8.92,0.70,70.95,1.14,0.00,26.82,0.00,46.91,0.00,390.19,0.00,271.38,32.25,7.85,0.00,463.18,0.00,47.24,0.00,26.20,9.77,1.08,19.73,3.28,0.00,131.69,0.00,59.12,194433.98,78246.90,4896.67,35549.86,920.24,48345.33,497.69,1053.62,68.10,1207.45,49.26,761.91,24.04,789.15,19.52,1490.40,81.44,0.00,30.92,235.92,22.49,269.26,13.98,25990.56,144.60,0.00,117.10,0.00,17.47,21.46,2.54,67.26,2.49,37.62,1.51,0.00,6.75,56.82,0.95,129.83,1.43,11.33,0.89,95.84,1.54,0.00,31.44,0.00,62.55,0.00,419.11,0.00,310.01,40.94,9.97,0.00,554.47,0.00,55.46,0.00,28.29,10.52,1.16,22.00,3.66,0.00,149.85,0.00,67.07
69.5,69.5,1,69.500,18/03/2026 04:54:02,26.651, , , , , , , , , , , , , , , , , , , , , , , , , , , , , , , , , , , , , , , , , , , , , , , , , , , , , , , , , , , , , , , , , , , , , , , , , , , , , , , , , , , , , , , , , , , , , , , , , , , , , , , , , , , , , , , , , , , , , , , , , , , , , , , , , , , , , , , , , , , , , , , , , , , , , , , , , , , , , , , , , , , , , , , , , , , , , , , , , , , , , , , , , , , , , , , , , , , , , , , , , , , , , , , , , , , , , , , , , , , , , , , , , , , , , , , , , , , , , , , , , , , , , , , , , , , , , , , , , , , , , , , , , , , , , , , , , , , , , , , , , , , , , , , , , , , , , , , , , , , , , , , , , , , , , , , , , , , , , , , , , , , , , , , , , , , , , , , , , , , , , , , , , , , , , , , , , , , , , , , , , , , , 
70.0,70.0,1,70.000,18/03/2026 04:54:28,26.320,,10.93, 11.76, 10.48,40.84, -1.87, 6.34,10.820, 8.360, 8.599, 8.163, 8.220, 8.103, 8.085, 8.348, 8.678, 9.198, 9.561, 9.864, 10.044, 10.319, 10.641, 10.919, 11.213, 11.492, 11.689, 11.880, 12.044, 12.116, 12.098, 12.106, 12.106, 12.000, 11.940, 11.914, 11.864, 11.831, 11.806, 11.667, 11.656, 11.580, 11.729, 11.655, 11.827, 11.769, 11.953, 11.975, 12.095, 12.286, 12.254, 12.556, 12.576, 12.651, 12.884, 12.772, 12.856, 13.012, 12.824, 12.855, 13.033, 12.866, 12.778, 12.997, 13.006, 12.823, 12.918, 13.145, 13.063, 12.915, 13.073, 13.298, 13.237, 13.072, 13.057, 13.322, 13.382, 13.192, 13.115, 13.229, 13.395, 13.336, 13.140, 13.069, 13.206, 13.395, 13.385, 13.168, 12.955, 12.994, 13.223, 13.404, 13.404, 13.245, 13.122, 13.174, 13.392, 13.624, 13.724, 13.645, 13.453, 13.354, 13.408, 13.591, 13.759, 13.803, 13.665, 13.396, 13.156, 13.043, 12.999, 12.891, 12.384, 11.477, 10.627, 10.091, 9.773, 9.592, 9.583, 9.734, 10.083, 10.555, 11.005, 11.366, 11.587, 11.712, 11.811, 11.914, 12.081, 12.294, 12.538, 12.786, 12.994, 13.149, 13.233, 13.236, 13.181, 13.117, 13.082, 13.062, 13.096, 13.149, 13.243, 13.330, 13.411, 13.419, 13.346, 13.249, 13.088, 12.912, 12.742, 12.630, 12.551, 12.557, 12.528, 12.553, 12.565, 12.520, 12.350, 11.923, 11.002, 9.385, 7.363, 5.903, 5.255, 5.015, 4.997, 5.119, 5.350, 5.645, 5.986, 6.358, 6.747, 7.129, 7.508, 7.859, 8.178, 8.476, 8.760, 9.024, 9.280, 9.531, 9.760, 10.002, 10.216, 10.445, 10.637, 10.799, 10.963, 11.095, 11.210, 11.319, 11.413, 11.417, 11.403, 11.322, 11.315, 11.295, 11.172, 11.105, 11.047, 10.953, 10.865, 10.774, 10.624, 10.412, 10.221, 10.071, 9.958, 9.785, 9.720, 9.576, 9.398, 9.265, 9.082, 8.818, 8.640, 8.410, 8.220, 7.936, 7.562, 7.477, 7.151, 7.137, 16.3,1154568.0,1200730.0,885282.21,48070.85,2961.72,21385.60,512.03,21720.53,228.90,401.04,29.14,386.61,19.23,412.31,19.23,539.75,14.21,647.04,46.02,0.00,16.86,233.31,16.48,275.60,11.07,20287.13,111.76,0.00,99.74,0.00,15.16,17.45,2.09,49.54,1.98,18.29,1.09,0.00,4.55,59.00,0.93,93.27,1.13,7.45,0.71,75.77,1.17,0.00,26.46,0.00,47.09,0.00,387.08,0.00,277.25,0.00,452.07,0.00,472.40,0.00,49.48,0.00,19.67,14.11,1.16,23.13,3.23,0.00,129.39,0.00,56.89,200982.90,79714.73,4911.35,40407.29,967.46,46467.49,489.69,918.93,66.77,965.33,48.02,496.67,23.16,755.22,19.88,1079.58,76.78,0.00,30.10,341.00,24.09,395.99,15.91,29005.40,159.79,0.00,126.82,0.00,19.29,21.84,2.62,61.66,2.46,24.15,1.44,0.00,6.39,64.52,1.02,110.30,1.34,9.46,0.90,102.35,1.58,0.00,31.02,0.00,62.79,0.00,415.77,0.00,316.71,0.00,573.91,0.00,565.51,0.00,58.09,0.00,21.24,15.20,1.25,25.79,3.60,0.00,147.23,0.00,64.54
70.5,70.5,1,70.500,18/03/2026 04:55:03,27.245, , , , , , , , , , , , , , , , , , , , , , , , , , , , , , , , , , , , , , , , , , , , , , , , , , , , , , , , , , , , , , , , , , , , , , , , , , , , , , , , , , , , , , , , , , , , , , , , , , , , , , , , , , , , , , , , , , , , , , , , , , , , , , , , , , , , , , , , , , , , , , , , , , , , , , , , , , , , , , , , , , , , , , , , , , , , , , , , , , , , , , , , , , , , , , , , , , , , , , , , , , , , , , , , , , , , , , , , , , , , , , , , , , , , , , , , , , , , , , , , , , , , , , , , , , , , , , , , , , , , , , , , , , , , , , , , , , , , , , , , , , , , , , , , , , , , , , , , , , , , , , , , , , , , , , , , , , , , , , , , , , , , , , , , , , , , , , , , , , , , , , , , , , , , , , , , , , , , , , , , , , , , 
71.0,71.0,1,71.000,18/03/2026 04:55:29,30.090,,10.55, 11.39, 10.05,40.23, -2.08, 6.57,8.559, 7.187, 8.566, 7.395, 7.697, 7.540, 7.627, 7.944, 8.263, 8.802, 9.154, 9.464, 9.651, 9.961, 10.261, 10.554, 10.864, 11.166, 11.370, 11.526, 11.647, 11.734, 11.743, 11.717, 11.696, 11.608, 11.525, 11.503, 11.426, 11.421, 11.333, 11.260, 11.176, 11.180, 11.215, 11.258, 11.306, 11.368, 11.445, 11.544, 11.666, 11.799, 11.915, 12.081, 12.203, 12.316, 12.435, 12.470, 12.515, 12.575, 12.527, 12.533, 12.585, 12.549, 12.500, 12.567, 12.625, 12.593, 12.611, 12.712, 12.777, 12.742, 12.785, 12.900, 12.958, 12.964, 12.979, 13.063, 13.134, 13.145, 13.142, 13.094, 13.116, 13.116, 13.141, 13.125, 13.143, 13.146, 13.129, 13.089, 13.041, 13.091, 13.169, 13.224, 13.240, 13.248, 13.285, 13.374, 13.488, 13.606, 13.651, 13.640, 13.628, 13.646, 13.701, 13.787, 13.870, 13.874, 13.755, 13.604, 13.492, 13.428, 13.366, 13.153, 12.535, 11.523, 10.632, 10.150, 9.926, 9.823, 9.834, 9.962, 10.271, 10.695, 11.127, 11.509, 11.792, 12.016, 12.192, 12.360, 12.544, 12.739, 12.960, 13.197, 13.379, 13.526, 13.625, 13.666, 13.673, 13.661, 13.646, 13.649, 13.660, 13.711, 13.786, 13.867, 13.930, 13.923, 13.865, 13.776, 13.633, 13.465, 13.317, 13.186, 13.121, 13.121, 13.074, 13.090, 13.106, 13.046, 12.869, 12.389, 11.404, 9.671, 7.470, 5.855, 5.152, 4.902, 4.855, 4.990, 5.244, 5.574, 5.956, 6.363, 6.801, 7.236, 7.651, 8.040, 8.416, 8.754, 9.087, 9.395, 9.667, 9.939, 10.191, 10.422, 10.649, 10.848, 11.053, 11.234, 11.391, 11.547, 11.694, 11.816, 11.913, 11.962, 11.928, 11.879, 11.893, 11.875, 11.787, 11.706, 11.654, 11.532, 11.420, 11.290, 11.052, 10.813, 10.562, 10.349, 10.181, 10.046, 9.916, 9.803, 9.636, 9.487, 9.291, 9.103, 8.898, 8.650, 8.363, 8.273, 7.950, 7.717, 7.541, 7.432, 16.3,1134759.0,1253310.0,867046.13,43091.01,2841.77,22260.35,524.35,33058.25,287.53,320.73,28.72,468.68,19.64,2809.93,29.99,1996.28,22.03,1609.55,57.22,31.09,6.10,165.38,16.16,369.93,12.52,26336.92,140.28,0.00,116.18,0.00,14.80,40.48,2.57,87.25,2.54,29.28,1.25,2.50,0.44,54.35,0.94,92.62,1.17,7.55,0.74,77.33,1.22,0.00,26.72,0.00,47.82,0.00,400.55,0.00,275.98,0.00,461.80,0.00,490.54,0.00,37.13,0.00,18.70,10.57,1.20,33.86,3.40,0.00,129.37,0.00,59.45,234025.67,71456.78,4712.44,42060.10,990.74,70722.67,615.12,734.91,65.81,1170.25,49.04,3384.85,36.13,2793.21,30.82,2685.52,95.47,55.50,10.89,241.71,23.62,531.53,17.99,37655.05,200.56,0.00,147.72,0.00,18.83,50.67,3.22,108.60,3.16,38.66,1.65,3.51,0.62,59.44,1.03,109.53,1.38,9.59,0.94,104.46,1.65,0.00,31.32,0.00,63.77,0.00,430.24,0.00,315.26,0.00,586.26,0.00,587.23,0.00,43.59,0.00,20.19,11.39,1.29,37.75,3.79,0.00,147.21,0.00,67.44
71.5,71.5,1,71.500,18/03/2026 04:56:03,31.347, , , , , , , , , , , , , , , , , , , , , , , , , , , , , , , , , , , , , , , , , , , , , , , , , , , , , , , , , , , , , , , , , , , , , , , , , , , , , , , , , , , , , , , , , , , , , , , , , , , , , , , , , , , , , , , , , , , , , , , , , , , , , , , , , , , , , , , , , , , , , , , , , , , , , , , , , , , , , , , , , , , , , , , , , , , , , , , , , , , , , , , , , , , , , , , , , , , , , , , , , , , , , , , , , , , , , , , , , , , , , , , , , , , , , , , , , , , , , , , , , , , , , , , , , , , , , , , , , , , , , , , , , , , , , , , , , , , , , , , , , , , , , , , , , , , , , , , , , , , , , , , , , , , , , , , , , , , , , , , , , , , , , , , , , , , , , , , , , , , , , , , , , , , , , , , , , , , , , , , , , , , , 
72.0,72.0,1,72.000,18/03/2026 04:56:29,23.276,,10.02, 10.84, 9.75,39.31, -2.15, 5.89,8.522, 7.043, 8.579, 7.475, 7.472, 7.497, 7.502, 7.707, 8.130, 8.573, 8.883, 9.141, 9.352, 9.591, 9.910, 10.173, 10.439, 10.693, 10.863, 10.988, 11.093, 11.147, 11.132, 11.117, 11.048, 10.984, 10.910, 10.845, 10.793, 10.736, 10.674, 10.586, 10.531, 10.498, 10.540, 10.532, 10.592, 10.638, 10.712, 10.826, 10.919, 11.081, 11.191, 11.354, 11.512, 11.615, 11.740, 11.809, 11.841, 11.896, 11.890, 11.876, 11.906, 11.907, 11.879, 11.922, 11.981, 11.987, 12.019, 12.106, 12.168, 12.208, 12.245, 12.350, 12.433, 12.471, 12.508, 12.568, 12.619, 12.668, 12.715, 12.697, 12.684, 12.714, 12.744, 12.778, 12.829, 12.825, 12.814, 12.792, 12.812, 12.870, 12.941, 12.997, 13.024, 13.060, 13.146, 13.253, 13.382, 13.477, 13.519, 13.572, 13.609, 13.673, 13.745, 13.838, 13.888, 13.886, 13.829, 13.762, 13.712, 13.687, 13.619, 13.390, 12.733, 11.730, 10.873, 10.462, 10.314, 10.260, 10.268, 10.367, 10.623, 11.008, 11.432, 11.842, 12.177, 12.461, 12.697, 12.887, 13.061, 13.230, 13.394, 13.580, 13.758, 13.918, 14.077, 14.187, 14.251, 14.293, 14.293, 14.293, 14.275, 14.277, 14.297, 14.327, 14.374, 14.392, 14.369, 14.331, 14.259, 14.141, 14.020, 13.916, 13.830, 13.791, 13.727, 13.714, 13.682, 13.599, 13.389, 12.933, 11.967, 10.219, 8.021, 6.387, 5.674, 5.430, 5.404, 5.533, 5.781, 6.084, 6.450, 6.831, 7.245, 7.670, 8.082, 8.508, 8.898, 9.291, 9.670, 10.020, 10.351, 10.672, 10.975, 11.223, 11.467, 11.675, 11.865, 12.035, 12.186, 12.301, 12.413, 12.510, 12.595, 12.617, 12.570, 12.491, 12.529, 12.548, 12.479, 12.419, 12.404, 12.303, 12.236, 12.030, 11.840, 11.580, 11.311, 11.115, 10.888, 10.752, 10.636, 10.483, 10.302, 10.158, 9.889, 9.705, 9.437, 9.168, 9.071, 8.756, 8.559, 8.313, 8.167, 7.917, 16.3,1080985.0,1293952.0,870231.93,44226.07,2974.97,21706.06,531.03,26844.75,261.86,376.77,30.01,553.70,20.75,2170.44,27.74,1706.20,20.60,1320.73,54.81,31.34,6.06,0.00,58.88,412.39,13.16,29944.56,162.78,0.00,124.26,0.00,14.78,35.61,2.58,74.04,2.46,36.05,1.31,0.00,4.76,67.55,1.07,90.21,1.20,3.03,0.75,91.82,1.34,0.00,27.61,0.00,48.47,0.00,403.87,0.00,276.16,49.11,8.37,0.00,479.38,0.00,41.05,0.00,23.04,6.10,1.16,21.50,3.59,0.00,133.49,0.00,58.02,225280.24,73339.02,4933.32,41012.79,1003.36,57429.91,560.21,863.32,68.76,1382.54,51.81,2614.52,33.42,2387.33,28.82,2203.63,91.45,55.95,10.82,0.00,86.06,592.54,18.91,42813.05,232.73,0.00,157.99,0.00,18.81,44.58,3.23,92.16,3.06,47.60,1.73,0.00,6.69,73.87,1.17,106.68,1.42,3.85,0.95,124.03,1.81,0.00,32.36,0.00,64.63,0.00,433.80,0.00,315.47,62.35,10.63,0.00,573.87,0.00,48.20,0.00,24.88,6.57,1.25,23.97,4.00,0.00,151.90,0.00,65.82
72.5,72.5,1,72.500,18/03/2026 04:57:12,24.802,1157879.959, , , , , , , , , , , , , , , , , , , , , , , , , , , , , , , , , , , , , , , , , , , , , , , , , , , , , , , , , , , , , , , , , , , , , , , , , , , , , , , , , , , , , , , , , , , , , , , , , , , , , , , , , , , , , , , , , , , , , , , , , , , , , , , , , , , , , , , , , , , , , , , , , , , , , , , , , , , , , , , , , , , , , , , , , , , , , , , , , , , , , , , , , , , , , , , , , , , , , , , , , , , , , , , , , , , , , , , , , , , , , , , , , , , , , , , , , , , , , , , , , , , , , , , , , , , , , , , , , , , , , , , , , , , , , , , , , , , , , , , , , , , , , , , , , , , , , , , , , , , , , , , , , , , , , , , , , , , , , , , , , , , , , , , , , , , , , , , , , , , , , , , , , , , , , , , , , , , , , , , , , , , 
73.0,73.0,1,73.000,18/03/2026 04:57:30,22.686,,8.57, 9.26, 8.18,36.49, -2.03, 6.10,8.061, 5.967, 7.015, 5.988, 6.132, 6.155, 6.284, 6.539, 6.722, 7.150, 7.403, 7.698, 7.901, 8.118, 8.369, 8.618, 8.876, 9.098, 9.271, 9.391, 9.479, 9.516, 9.529, 9.528, 9.473, 9.436, 9.364, 9.320, 9.307, 9.231, 9.241, 9.109, 9.118, 9.047, 9.162, 9.106, 9.247, 9.223, 9.374, 9.425, 9.543, 9.712, 9.757, 9.997, 10.080, 10.196, 10.381, 10.381, 10.481, 10.596, 10.528, 10.599, 10.692, 10.611, 10.622, 10.759, 10.744, 10.692, 10.817, 10.912, 10.867, 10.851, 11.034, 11.152, 11.097, 11.107, 11.279, 11.443, 11.406, 11.335, 11.412, 11.544, 11.623, 11.503, 11.409, 11.478, 11.661, 11.735, 11.635, 11.448, 11.384, 11.516, 11.729, 11.811, 11.723, 11.587, 11.603, 11.766, 12.015, 12.176, 12.165, 12.048, 11.944, 11.950, 12.111, 12.318, 12.434, 12.369, 12.167, 11.919, 11.760, 11.729, 11.749, 11.611, 10.970, 9.928, 8.983, 8.419, 8.152, 8.054, 8.136, 8.343, 8.716, 9.127, 9.503, 9.803, 10.024, 10.196, 10.372, 10.611, 10.863, 11.157, 11.448, 11.680, 11.854, 11.960, 11.987, 11.975, 11.950, 11.937, 11.962, 12.023, 12.126, 12.222, 12.316, 12.391, 12.408, 12.353, 12.206, 12.044, 11.866, 11.668, 11.497, 11.422, 11.419, 11.480, 11.463, 11.512, 11.526, 11.430, 11.177, 10.629, 9.564, 7.837, 5.884, 4.583, 4.050, 3.897, 3.903, 4.061, 4.308, 4.593, 4.930, 5.261, 5.602, 5.924, 6.235, 6.512, 6.770, 7.006, 7.229, 7.468, 7.718, 7.955, 8.222, 8.462, 8.729, 8.980, 9.225, 9.446, 9.648, 9.813, 9.940, 10.067, 10.156, 10.178, 10.101, 10.018, 9.982, 9.893, 9.756, 9.616, 9.515, 9.363, 9.274, 9.160, 8.989, 8.822, 8.635, 8.496, 8.415, 8.317, 8.271, 8.116, 8.055, 7.842, 7.733, 7.520, 7.320, 7.123, 6.809, 6.593, 6.412, 6.152, 5.897, 5.753, 16.3,1224346.0,1279747.0,876010.82,46955.13,2732.86,18582.05,461.06,24833.56,231.75,313.88,25.75,372.79,17.23,2017.58,24.27,1403.00,17.25,1345.09,50.89,16.22,5.30,165.89,14.03,344.56,11.34,27243.56,137.78,0.00,110.29,0.00,10.07,10.05,1.88,41.20,1.78,40.56,1.29,2.18,0.40,37.66,0.76,76.29,1.01,6.08,0.66,56.76,1.05,0.00,25.38,0.00,45.01,0.00,371.01,0.00,255.68,0.00,425.52,67.10,8.34,0.00,35.10,0.00,22.07,10.90,1.13,47.08,3.06,0.00,115.97,0.00,53.18,214588.36,77864.56,4531.84,35110.09,871.16,53127.30,495.79,719.21,59.00,930.82,43.02,2430.39,29.24,1963.09,24.14,2244.27,84.91,28.96,9.46,242.46,20.51,495.08,16.29,38951.31,196.99,0.00,140.23,0.00,12.82,12.58,2.35,51.28,2.22,53.55,1.70,3.06,0.56,41.18,0.83,90.22,1.19,7.72,0.84,76.67,1.42,0.00,29.75,0.00,60.02,0.00,398.51,0.00,292.07,0.00,540.21,80.33,9.98,0.00,41.21,0.00,23.83,11.74,1.22,52.49,3.41,0.00,131.96,0.00,60.33
73.5,73.5,1,73.500,18/03/2026 04:58:13,24.208, , , , , , , , , , , , , , , , , , , , , , , , , , , , , , , , , , , , , , , , , , , , , , , , , , , , , , , , , , , , , , , , , , , , , , , , , , , , , , , , , , , , , , , , , , , , , , , , , , , , , , , , , , , , , , , , , , , , , , , , , , , , , , , , , , , , , , , , , , , , , , , , , , , , , , , , , , , , , , , , , , , , , , , , , , , , , , , , , , , , , , , , , , , , , , , , , , , , , , , , , , , , , , , , , , , , , , , , , , , , , , , , , , , , , , , , , , , , , , , , , , , , , , , , , , , , , , , , , , , , , , , , , , , , , , , , , , , , , , , , , , , , , , , , , , , , , , , , , , , , , , , , , , , , , , , , , , , , , , , , , , , , , , , , , , , , , , , , , , , , , , , , , , , , , , , , , , , , , , , , , , , , 
74.0,74.0,1,74.000,18/03/2026 04:58:30,23.476,,9.85, 10.64, 9.53,38.97, -2.05, 5.98,7.871, 7.310, 7.748, 7.079, 7.166, 7.254, 7.319, 7.510, 7.860, 8.328, 8.663, 8.988, 9.174, 9.425, 9.737, 9.973, 10.207, 10.425, 10.640, 10.827, 10.877, 10.861, 10.956, 10.968, 10.793, 10.864, 10.734, 10.651, 10.744, 10.505, 10.698, 10.365, 10.573, 10.282, 10.619, 10.366, 10.648, 10.578, 10.632, 10.920, 10.715, 11.150, 11.115, 11.157, 11.587, 11.428, 11.539, 11.875, 11.659, 11.678, 11.979, 11.830, 11.668, 11.942, 11.996, 11.737, 11.800, 12.101, 12.073, 11.840, 11.941, 12.231, 12.255, 12.049, 12.039, 12.350, 12.562, 12.419, 12.179, 12.265, 12.577, 12.732, 12.534, 12.249, 12.238, 12.553, 12.821, 12.738, 12.398, 12.142, 12.195, 12.532, 12.792, 12.791, 12.519, 12.277, 12.324, 12.628, 12.983, 13.159, 13.060, 12.789, 12.555, 12.579, 12.835, 13.167, 13.354, 13.269, 12.958, 12.568, 12.302, 12.267, 12.351, 12.357, 11.903, 10.973, 10.024, 9.375, 8.962, 8.757, 8.786, 9.040, 9.510, 10.066, 10.552, 10.901, 11.053, 11.089, 11.092, 11.144, 11.302, 11.584, 11.948, 12.318, 12.648, 12.867, 12.968, 12.920, 12.772, 12.576, 12.425, 12.335, 12.345, 12.466, 12.663, 12.916, 13.133, 13.244, 13.237, 13.143, 12.910, 12.629, 12.309, 12.038, 11.844, 11.761, 11.691, 11.767, 11.893, 11.975, 11.925, 11.628, 10.764, 9.186, 7.155, 5.672, 4.977, 4.648, 4.506, 4.506, 4.632, 4.853, 5.156, 5.525, 5.971, 6.433, 6.920, 7.386, 7.833, 8.240, 8.613, 8.915, 9.170, 9.382, 9.536, 9.667, 9.751, 9.837, 9.886, 9.951, 10.016, 10.119, 10.239, 10.382, 10.556, 10.689, 10.794, 10.886, 11.031, 11.122, 11.140, 11.156, 11.151, 11.065, 10.951, 10.776, 10.540, 10.218, 9.889, 9.533, 9.295, 9.026, 8.841, 8.570, 8.368, 8.203, 7.977, 7.863, 7.778, 7.678, 7.538, 7.485, 7.359, 7.319, 7.071, 7.215, 16.3,1184504.0,1245191.0,880193.18,40787.69,2792.14,17942.64,474.58,27094.88,251.35,339.35,27.63,464.26,18.83,2440.41,27.26,1694.92,19.39,1260.94,51.87,55.29,5.99,67.21,13.42,382.32,12.11,26852.33,140.24,0.00,112.22,0.00,13.04,8.82,1.95,47.31,1.96,35.73,1.31,3.29,0.44,52.51,0.88,97.05,1.17,4.21,0.69,79.20,1.20,4.80,0.93,0.00,46.01,0.00,385.00,0.00,266.96,0.00,445.28,27.39,8.72,0.00,43.08,0.00,22.59,14.69,1.20,49.61,3.18,0.00,120.66,0.00,40.48,208510.15,67637.24,4630.14,33901.95,896.70,57965.02,537.72,777.57,63.31,1159.21,47.02,2939.73,32.84,2371.54,27.13,2103.87,86.54,98.70,10.69,98.23,19.61,549.33,17.40,38391.95,200.51,0.00,142.69,0.00,16.59,11.04,2.44,58.89,2.44,47.18,1.73,4.62,0.62,57.42,0.96,114.77,1.38,5.35,0.88,106.98,1.62,5.63,1.09,0.00,61.35,0.00,413.53,0.00,304.96,0.00,565.29,32.79,10.44,0.00,50.58,0.00,24.39,15.82,1.29,55.31,3.55,0.00,137.30,0.00,45.92
74.5,74.5,1,74.500,18/03/2026 04:59:22,25.595, , , , , , , , , , , , , , , , , , , , , , , , , , , , , , , , , , , , , , , , , , , , , , , , , , , , , , , , , , , , , , , , , , , , , , , , , , , , , , , , , , , , , , , , , , , , , , , , , , , , , , , , , , , , , , , , , , , , , , , , , , , , , , , , , , , , , , , , , , , , , , , , , , , , , , , , , , , , , , , , , , , , , , , , , , , , , , , , , , , , , , , , , , , , , , , , , , , , , , , , , , , , , , , , , , , , , , , , , , , , , , , , , , , , , , , , , , , , , , , , , , , , , , , , , , , , , , , , , , , , , , , , , , , , , , , , , , , , , , , , , , , , , , , , , , , , , , , , , , , , , , , , , , , , , , , , , , , , , , , , , , , , , , , , , , , , , , , , , , , , , , , , , , , , , , , , , , , , , , , , , , , , 
75.0,75.0,1,75.000,18/03/2026 04:59:39,23.941,,10.49, 11.29, 10.13,40.07, -1.82, 6.04,7.753, 8.102, 7.707, 7.455, 7.690, 7.567, 7.727, 8.088, 8.414, 8.888, 9.245, 9.539, 9.725, 9.963, 10.264, 10.515, 10.791, 11.049, 11.235, 11.429, 11.565, 11.592, 11.561, 11.653, 11.599, 11.453, 11.509, 11.409, 11.363, 11.423, 11.252, 11.321, 11.121, 11.263, 11.162, 11.341, 11.237, 11.445, 11.388, 11.564, 11.663, 11.694, 11.964, 11.927, 12.133, 12.289, 12.212, 12.422, 12.462, 12.342, 12.486, 12.516, 12.366, 12.456, 12.544, 12.419, 12.420, 12.591, 12.582, 12.474, 12.549, 12.712, 12.691, 12.611, 12.682, 12.824, 12.935, 12.782, 12.754, 12.916, 13.043, 12.960, 12.752, 12.702, 12.860, 13.003, 12.966, 12.791, 12.644, 12.675, 12.795, 12.883, 12.843, 12.711, 12.660, 12.735, 12.925, 13.075, 13.099, 13.027, 12.938, 12.941, 13.025, 13.185, 13.274, 13.284, 13.167, 12.997, 12.864, 12.810, 12.815, 12.851, 12.773, 12.470, 11.703, 10.616, 9.734, 9.316, 9.210, 9.217, 9.287, 9.375, 9.576, 9.848, 10.153, 10.464, 10.770, 11.076, 11.379, 11.641, 11.855, 12.021, 12.134, 12.202, 12.264, 12.323, 12.409, 12.494, 12.612, 12.719, 12.794, 12.861, 12.877, 12.856, 12.810, 12.744, 12.674, 12.605, 12.523, 12.473, 12.432, 12.379, 12.345, 12.337, 12.341, 12.314, 12.230, 12.166, 12.069, 11.899, 11.616, 11.112, 10.183, 8.568, 6.596, 5.190, 4.603, 4.446, 4.469, 4.614, 4.857, 5.150, 5.474, 5.792, 6.131, 6.464, 6.785, 7.089, 7.399, 7.693, 8.008, 8.316, 8.659, 8.971, 9.289, 9.591, 9.864, 10.145, 10.343, 10.520, 10.652, 10.729, 10.804, 10.839, 10.856, 10.796, 10.695, 10.598, 10.565, 10.529, 10.454, 10.404, 10.407, 10.351, 10.295, 10.233, 10.149, 9.990, 9.807, 9.684, 9.538, 9.459, 9.278, 9.155, 8.916, 8.719, 8.426, 8.203, 7.964, 7.704, 7.332, 7.134, 6.891, 6.754, 6.396, 6.394, 16.3,1142882.0,1228623.0,889796.83,32351.76,2798.00,20463.03,513.79,24766.94,245.65,469.29,30.43,430.11,19.53,2367.89,27.92,1570.00,19.75,1921.31,60.04,42.34,6.33,124.63,15.45,428.79,13.15,24797.38,133.69,0.00,112.22,0.00,14.00,25.39,2.32,50.02,2.06,23.71,1.21,1.30,0.41,67.93,1.04,123.47,1.36,6.87,0.75,100.53,1.35,4.18,0.96,0.00,48.03,0.00,403.10,20.18,5.83,0.00,460.68,0.00,490.60,0.00,46.73,0.00,22.78,13.10,1.24,33.05,3.39,0.00,130.78,0.00,63.49,192599.77,53648.14,4639.86,38664.13,970.79,52984.78,525.53,1075.31,69.73,1073.94,48.76,2852.37,33.63,2196.75,27.63,3205.69,100.18,75.58,11.30,182.15,22.58,616.10,18.89,35453.90,191.14,0.00,142.69,0.00,17.82,31.78,2.90,62.26,2.56,31.30,1.60,1.83,0.58,74.29,1.14,146.02,1.61,8.72,0.95,135.79,1.82,4.90,1.13,0.00,64.05,0.00,432.98,23.05,6.66,0.00,584.84,0.00,587.30,0.00,54.86,0.00,24.60,14.11,1.34,36.85,3.78,0.00,148.82,0.00,72.03
75.5,75.5,1,75.500,18/03/2026 05:00:23,23.149, , , , , , , , , , , , , , , , , , , , , , , , , , , , , , , , , , , , , , , , , , , , , , , , , , , , , , , , , , , , , , , , , , , , , , , , , , , , , , , , , , , , , , , , , , , , , , , , , , , , , , , , , , , , , , , , , , , , , , , , , , , , , , , , , , , , , , , , , , , , , , , , , , , , , , , , , , , , , , , , , , , , , , , , , , , , , , , , , , , , , , , , , , , , , , , , , , , , , , , , , , , , , , , , , , , , , , , , , , , , , , , , , , , , , , , , , , , , , , , , , , , , , , , , , , , , , , , , , , , , , , , , , , , , , , , , , , , , , , , , , , , , , , , , , , , , , , , , , , , , , , , , , , , , , , , , , , , , , , , , , , , , , , , , , , , , , , , , , , , , , , , , , , , , , , , , , , , , , , , , , , , , 
76.0,76.0,1,76.000,18/03/2026 05:00:48,22.091,,9.77, 10.47, 9.38,38.67, -1.42, 5.95,8.190, 7.632, 8.498, 7.490, 7.260, 7.305, 7.334, 7.577, 7.859, 8.245, 8.503, 8.819, 8.989, 9.163, 9.445, 9.716, 9.947, 10.179, 10.356, 10.529, 10.693, 10.750, 10.719, 10.822, 10.833, 10.676, 10.775, 10.699, 10.651, 10.763, 10.545, 10.694, 10.427, 10.664, 10.490, 10.780, 10.607, 10.910, 10.816, 10.989, 11.156, 11.082, 11.518, 11.420, 11.604, 11.902, 11.720, 11.993, 12.138, 11.911, 12.114, 12.279, 12.029, 12.080, 12.386, 12.179, 12.066, 12.377, 12.480, 12.257, 12.239, 12.576, 12.628, 12.429, 12.420, 12.736, 12.958, 12.724, 12.588, 12.715, 13.067, 13.086, 12.796, 12.649, 12.768, 13.135, 13.235, 12.928, 12.677, 12.646, 12.858, 13.154, 13.125, 12.841, 12.688, 12.752, 13.027, 13.384, 13.503, 13.305, 13.090, 13.047, 13.155, 13.411, 13.718, 13.775, 13.532, 13.213, 12.984, 12.890, 12.920, 13.086, 13.135, 12.755, 11.639, 10.150, 9.030, 8.550, 8.464, 8.581, 8.806, 9.030, 9.254, 9.445, 9.628, 9.899, 10.252, 10.670, 11.103, 11.534, 11.950, 12.279, 12.440, 12.457, 12.384, 12.344, 12.405, 12.547, 12.720, 12.908, 13.085, 13.269, 13.419, 13.461, 13.379, 13.200, 12.973, 12.731, 12.546, 12.481, 12.456, 12.407, 12.399, 12.423, 12.497, 12.595, 12.621, 12.563, 12.383, 12.069, 11.565, 10.798, 9.550, 7.666, 5.653, 4.405, 3.983, 3.954, 4.090, 4.335, 4.635, 4.955, 5.255, 5.541, 5.777, 5.994, 6.175, 6.350, 6.549, 6.782, 7.070, 7.419, 7.810, 8.238, 8.664, 9.068, 9.427, 9.794, 10.100, 10.384, 10.602, 10.736, 10.807, 10.808, 10.746, 10.596, 10.386, 10.152, 10.016, 9.898, 9.781, 9.723, 9.693, 9.702, 9.686, 9.621, 9.585, 9.421, 9.340, 9.248, 9.097, 9.064, 8.915, 8.741, 8.626, 8.345, 8.059, 7.693, 7.364, 6.955, 6.597, 6.266, 5.924, 5.510, 5.539, 5.292, 16.3,1221686.0,1182929.0,888669.51,48457.64,2890.22,19308.45,477.79,18881.12,206.47,346.92,27.14,582.74,19.51,321.62,17.78,595.68,13.66,892.15,47.27,16.77,5.41,86.44,13.25,244.28,10.16,21246.43,113.39,0.00,100.29,0.00,12.62,30.85,2.23,47.62,1.88,38.29,1.21,0.00,3.66,47.84,0.83,78.16,1.01,9.17,0.69,58.90,1.06,0.00,26.97,0.00,46.23,0.00,380.94,0.00,266.14,0.00,439.36,0.00,459.95,0.00,42.37,0.00,21.63,6.38,1.03,33.06,3.22,0.00,125.97,0.00,57.87,193503.53,80356.13,4792.78,36482.60,902.77,40393.04,441.71,794.92,62.19,1455.05,48.71,387.42,21.42,833.48,19.11,1488.55,78.87,29.94,9.66,126.34,19.37,350.99,14.60,30376.95,162.12,0.00,127.52,0.00,16.06,38.62,2.79,59.27,2.34,50.56,1.60,0.00,5.14,52.32,0.91,92.43,1.19,11.65,0.88,79.56,1.43,0.00,31.61,0.00,61.65,0.00,409.17,0.00,304.02,0.00,557.78,0.00,550.61,0.00,49.74,0.00,23.36,6.87,1.11,36.86,3.59,0.00,143.34,0.00,65.65
76.5,76.5,1,76.500,18/03/2026 05:01:23,23.144, , , , , , , , , , , , , , , , , , , , , , , , , , , , , , , , , , , , , , , , , , , , , , , , , , , , , , , , , , , , , , , , , , , , , , , , , , , , , , , , , , , , , , , , , , , , , , , , , , , , , , , , , , , , , , , , , , , , , , , , , , , , , , , , , , , , , , , , , , , , , , , , , , , , , , , , , , , , , , , , , , , , , , , , , , , , , , , , , , , , , , , , , , , , , , , , , , , , , , , , , , , , , , , , , , , , , , , , , , , , , , , , , , , , , , , , , , , , , , , , , , , , , , , , , , , , , , , , , , , , , , , , , , , , , , , , , , , , , , , , , , , , , , , , , , , , , , , , , , , , , , , , , , , , , , , , , , , , , , , , , , , , , , , , , , , , , , , , , , , , , , , , , , , , , , , , , , , , , , , , , , , , 
77.0,77.0,1,77.000,18/03/2026 05:01:49,26.588,,9.08, 9.79, 8.96,37.46, -1.81, 5.18,7.660, 7.214, 7.779, 7.067, 6.924, 7.277, 7.180, 7.366, 7.529, 7.853, 8.104, 8.417, 8.600, 8.750, 9.007, 9.254, 9.472, 9.660, 9.767, 9.855, 10.011, 10.079, 9.982, 10.001, 10.057, 9.864, 9.874, 9.865, 9.710, 9.833, 9.615, 9.732, 9.507, 9.677, 9.532, 9.747, 9.607, 9.832, 9.788, 9.916, 10.109, 10.061, 10.374, 10.424, 10.507, 10.808, 10.760, 10.847, 11.072, 10.994, 10.990, 11.198, 11.159, 11.031, 11.188, 11.297, 11.188, 11.179, 11.382, 11.449, 11.350, 11.353, 11.576, 11.700, 11.643, 11.622, 11.746, 11.971, 11.960, 11.897, 11.914, 12.067, 12.180, 12.184, 12.091, 12.065, 12.204, 12.340, 12.326, 12.183, 12.028, 12.052, 12.250, 12.413, 12.468, 12.416, 12.358, 12.381, 12.543, 12.766, 12.894, 12.918, 12.856, 12.794, 12.764, 12.868, 13.025, 13.073, 12.993, 12.816, 12.633, 12.453, 12.267, 11.945, 11.184, 10.078, 9.165, 8.693, 8.448, 8.290, 8.220, 8.260, 8.532, 8.997, 9.555, 10.088, 10.512, 10.845, 11.101, 11.289, 11.423, 11.565, 11.748, 12.004, 12.296, 12.586, 12.824, 12.969, 13.048, 13.082, 13.047, 12.978, 12.877, 12.798, 12.762, 12.804, 12.892, 12.969, 13.022, 13.000, 12.910, 12.748, 12.578, 12.432, 12.264, 12.141, 11.948, 11.839, 11.726, 11.615, 11.379, 10.848, 9.740, 7.905, 5.863, 4.551, 4.049, 3.906, 3.889, 3.986, 4.135, 4.321, 4.531, 4.768, 5.036, 5.336, 5.672, 6.045, 6.441, 6.839, 7.249, 7.623, 8.005, 8.337, 8.664, 8.954, 9.210, 9.426, 9.602, 9.721, 9.808, 9.857, 9.859, 9.880, 9.900, 9.909, 9.910, 9.916, 9.986, 10.013, 9.997, 9.978, 9.940, 9.867, 9.770, 9.635, 9.445, 9.222, 8.988, 8.746, 8.552, 8.330, 8.066, 7.868, 7.571, 7.255, 6.999, 6.690, 6.403, 6.117, 5.923, 5.749, 5.462, 5.427, 5.187, 5.247, 16.3,1220513.0,1231152.0,897255.78,36864.33,2696.39,18517.20,464.88,20852.49,214.05,340.80,26.60,561.52,18.97,695.41,18.97,717.86,13.91,462.17,41.77,16.59,5.12,132.62,13.83,374.43,11.69,22813.37,117.71,0.00,101.60,0.00,12.91,12.88,1.93,45.25,1.86,22.88,1.09,0.00,3.93,42.24,0.79,79.64,1.02,5.91,0.66,54.59,1.04,0.00,26.33,0.00,44.69,57.48,7.95,0.00,256.30,26.03,7.83,0.00,449.41,0.00,46.76,4.90,0.95,10.36,1.10,33.27,3.19,0.00,123.39,0.00,56.47,179376.78,61131.23,4471.36,34987.56,878.37,44610.46,457.92,780.90,60.95,1402.06,47.37,837.69,22.85,1004.43,19.46,771.13,69.69,29.62,9.14,193.83,20.21,538.00,16.80,32617.27,168.30,0.00,129.18,0.00,16.43,16.12,2.42,56.32,2.32,30.21,1.44,0.00,5.52,46.19,0.86,94.18,1.21,7.51,0.84,73.74,1.40,0.00,30.86,0.00,59.59,61.74,8.54,0.00,292.78,33.05,9.94,0.00,537.99,0.00,54.90,5.29,1.03,11.16,1.18,37.09,3.56,0.00,140.41,0.00,64.06
77.5,77.5,1,77.500,18/03/2026 05:02:24,28.171,1157880.024, , , , , , , , , , , , , , , , , , , , , , , , , , , , , , , , , , , , , , , , , , , , , , , , , , , , , , , , , , , , , , , , , , , , , , , , , , , , , , , , , , , , , , , , , , , , , , , , , , , , , , , , , , , , , , , , , , , , , , , , , , , , , , , , , , , , , , , , , , , , , , , , , , , , , , , , , , , , , , , , , , , , , , , , , , , , , , , , , , , , , , , , , , , , , , , , , , , , , , , , , , , , , , , , , , , , , , , , , , , , , , , , , , , , , , , , , , , , , , , , , , , , , , , , , , , , , , , , , , , , , , , , , , , , , , , , , , , , , , , , , , , , , , , , , , , , , , , , , , , , , , , , , , , , , , , , , , , , , , , , , , , , , , , , , , , , , , , , , , , , , , , , , , , , , , , , , , , , , , , , , , , 
78.0,78.0,1,78.000,18/03/2026 05:02:49,29.429,,10.91, 11.75, 10.49,40.81, -1.88, 6.27,10.472, 8.541, 8.546, 8.145, 7.978, 8.150, 8.065, 8.383, 8.669, 9.219, 9.547, 9.862, 10.048, 10.347, 10.668, 10.934, 11.214, 11.507, 11.714, 11.881, 11.987, 12.031, 12.089, 12.128, 12.042, 11.992, 11.972, 11.832, 11.884, 11.807, 11.766, 11.702, 11.587, 11.632, 11.645, 11.710, 11.743, 11.814, 11.894, 11.979, 12.163, 12.208, 12.411, 12.516, 12.658, 12.855, 12.845, 12.979, 13.085, 12.996, 13.074, 13.151, 13.051, 13.052, 13.154, 13.131, 13.054, 13.203, 13.268, 13.225, 13.192, 13.365, 13.426, 13.412, 13.402, 13.527, 13.759, 13.676, 13.631, 13.670, 13.852, 13.835, 13.691, 13.610, 13.622, 13.823, 13.924, 13.753, 13.597, 13.522, 13.566, 13.783, 13.849, 13.732, 13.657, 13.660, 13.763, 13.998, 14.184, 14.150, 14.049, 14.013, 14.022, 14.106, 14.283, 14.443, 14.398, 14.193, 13.997, 13.877, 13.810, 13.785, 13.780, 13.558, 12.751, 11.482, 10.425, 9.921, 9.761, 9.728, 9.771, 9.927, 10.268, 10.659, 11.000, 11.323, 11.631, 11.964, 12.272, 12.531, 12.733, 12.947, 13.185, 13.397, 13.528, 13.581, 13.622, 13.691, 13.801, 13.906, 13.969, 13.972, 13.951, 13.961, 13.994, 14.042, 14.040, 13.957, 13.817, 13.711, 13.617, 13.545, 13.508, 13.445, 13.375, 13.326, 13.190, 13.170, 13.114, 13.025, 12.773, 12.202, 11.076, 9.166, 6.934, 5.432, 4.845, 4.717, 4.778, 4.948, 5.194, 5.464, 5.765, 6.083, 6.443, 6.806, 7.179, 7.561, 7.896, 8.235, 8.553, 8.876, 9.218, 9.569, 9.942, 10.288, 10.625, 10.909, 11.140, 11.299, 11.397, 11.468, 11.522, 11.562, 11.627, 11.663, 11.639, 11.602, 11.576, 11.555, 11.442, 11.329, 11.239, 11.137, 11.047, 10.967, 10.866, 10.721, 10.557, 10.417, 10.284, 10.159, 9.930, 9.679, 9.410, 9.160, 8.915, 8.626, 8.362, 8.066, 7.797, 7.603, 7.337, 7.181, 7.015, 6.831, 16.3,1194875.0,1269116.0,863797.61,60646.17,2980.87,17900.48,469.12,26087.07,246.31,304.82,26.91,512.02,19.00,1722.45,23.98,1491.26,18.44,1688.57,56.20,67.70,6.50,182.34,16.48,272.19,10.96,24869.57,132.54,0.00,108.03,0.00,15.10,23.06,2.19,68.32,2.18,31.90,1.21,0.00,4.81,49.58,0.86,88.07,1.10,6.74,0.70,78.68,1.19,0.00,26.13,0.00,46.02,86.76,8.24,0.00,268.08,0.00,444.25,0.00,459.34,0.00,31.67,0.00,16.69,10.29,1.13,14.36,3.37,0.00,129.49,0.00,55.96,236040.16,100568.08,4943.10,33822.29,886.38,55808.98,526.94,698.45,61.66,1278.46,47.44,2074.87,28.89,2086.58,25.80,2817.37,93.77,120.86,11.60,266.50,24.09,391.09,15.75,35557.11,189.50,0.00,137.36,0.00,19.22,28.87,2.74,85.04,2.71,42.12,1.60,0.00,6.76,54.22,0.94,104.15,1.30,8.56,0.89,106.28,1.61,0.00,30.63,0.00,61.37,93.19,8.85,0.00,306.24,0.00,563.98,0.00,549.88,0.00,37.18,0.00,18.02,11.08,1.22,16.01,3.76,0.00,147.35,0.00,63.48
78.5,78.5,1,78.500,18/03/2026 05:03:24,31.215, , , , , , , , , , , , , , , , , , , , , , , , , , , , , , , , , , , , , , , , , , , , , , , , , , , , , , , , , , , , , , , , , , , , , , , , , , , , , , , , , , , , , , , , , , , , , , , , , , , , , , , , , , , , , , , , , , , , , , , , , , , , , , , , , , , , , , , , , , , , , , , , , , , , , , , , , , , , , , , , , , , , , , , , , , , , , , , , , , , , , , , , , , , , , , , , , , , , , , , , , , , , , , , , , , , , , , , , , , , , , , , , , , , , , , , , , , , , , , , , , , , , , , , , , , , , , , , , , , , , , , , , , , , , , , , , , , , , , , , , , , , , , , , , , , , , , , , , , , , , , , , , , , , , , , , , , , , , , , , , , , , , , , , , , , , , , , , , , , , , , , , , , , , , , , , , , , , , , , , , , , , , 
79.0,79.0,1,79.000,18/03/2026 05:03:50,31.018,,12.29, 13.26, 12.21,43.15, -2.12, 5.53,13.190, 11.049, 10.828, 9.810, 10.144, 9.522, 9.625, 9.888, 10.294, 10.761, 11.125, 11.428, 11.664, 11.966, 12.272, 12.527, 12.814, 13.110, 13.302, 13.467, 13.527, 13.543, 13.599, 13.578, 13.426, 13.422, 13.293, 13.224, 13.206, 13.087, 13.072, 12.910, 12.868, 12.804, 12.836, 12.857, 12.852, 12.998, 12.990, 13.101, 13.253, 13.293, 13.536, 13.629, 13.689, 13.965, 13.966, 13.946, 14.137, 14.133, 13.963, 14.082, 14.209, 13.941, 13.950, 14.137, 14.172, 13.928, 14.066, 14.256, 14.294, 14.055, 14.151, 14.418, 14.513, 14.331, 14.290, 14.461, 14.661, 14.655, 14.482, 14.289, 14.450, 14.621, 14.598, 14.487, 14.376, 14.336, 14.492, 14.580, 14.454, 14.366, 14.329, 14.353, 14.487, 14.678, 14.731, 14.685, 14.680, 14.730, 14.792, 14.893, 15.019, 15.099, 15.055, 14.991, 14.966, 14.945, 14.867, 14.800, 14.777, 14.746, 14.604, 14.237, 13.412, 12.264, 11.351, 10.912, 10.755, 10.702, 10.721, 10.821, 11.074, 11.415, 11.799, 12.196, 12.572, 12.921, 13.207, 13.436, 13.619, 13.791, 13.957, 14.127, 14.271, 14.387, 14.478, 14.559, 14.651, 14.734, 14.790, 14.819, 14.800, 14.755, 14.744, 14.757, 14.782, 14.753, 14.679, 14.591, 14.459, 14.327, 14.235, 14.191, 14.175, 14.178, 14.069, 14.013, 13.936, 13.802, 13.584, 13.084, 12.055, 10.201, 7.827, 6.093, 5.332, 5.083, 5.068, 5.244, 5.561, 5.937, 6.365, 6.793, 7.226, 7.647, 8.042, 8.442, 8.815, 9.196, 9.569, 9.911, 10.229, 10.530, 10.783, 11.029, 11.247, 11.466, 11.681, 11.897, 12.114, 12.294, 12.463, 12.613, 12.714, 12.738, 12.697, 12.587, 12.564, 12.518, 12.412, 12.306, 12.245, 12.149, 11.999, 11.852, 11.608, 11.338, 11.061, 10.821, 10.613, 10.445, 10.344, 10.189, 10.048, 9.886, 9.754, 9.584, 9.404, 9.206, 8.820, 8.594, 8.392, 8.173, 7.828, 7.770, 16.3,1107301.0,1248982.0,867646.26,41332.35,2898.08,20818.72,523.05,32481.34,290.03,300.08,29.25,717.11,21.72,2841.35,30.76,2203.71,23.16,2303.29,64.92,63.01,6.83,0.00,58.57,327.81,12.15,28470.72,154.24,0.00,125.89,0.00,13.56,38.83,2.63,77.05,2.56,15.51,1.21,0.00,5.16,56.18,1.00,112.61,1.34,16.99,0.83,97.19,1.37,0.00,28.26,0.00,48.67,0.00,406.98,0.00,284.50,0.00,471.40,0.00,499.80,9.61,2.94,0.00,26.68,15.32,1.34,50.10,3.50,0.00,129.92,4.86,1.28,232083.35,68540.44,4805.82,39336.19,988.28,69488.46,620.47,687.59,67.02,1790.55,54.23,3422.70,37.05,3083.44,32.41,3843.02,108.32,112.48,12.19,0.00,85.60,471.01,17.46,40705.84,220.52,0.00,160.07,0.00,17.26,48.61,3.29,95.91,3.19,20.48,1.60,0.00,7.25,61.44,1.09,133.17,1.58,21.58,1.05,131.28,1.85,0.00,33.13,0.00,64.90,0.00,437.14,0.00,324.99,0.00,598.45,0.00,598.31,11.28,3.45,0.00,28.81,16.50,1.44,55.85,3.90,0.00,147.84,5.51,1.45
79.5,79.5,1,79.500,18/03/2026 05:04:42,31.417, , , , , , , , , , , , , , , , , , , , , , , , , , , , , , , , , , , , , , , , , , , , , , , , , , , , , , , , , , , , , , , , , , , , , , , , , , , , , , , , , , , , , , , , , , , , , , , , , , , , , , , , , , , , , , , , , , , , , , , , , , , , , , , , , , , , , , , , , , , , , , , , , , , , , , , , , , , , , , , , , , , , , , , , , , , , , , , , , , , , , , , , , , , , , , , , , , , , , , , , , , , , , , , , , , , , , , , , , , , , , , , , , , , , , , , , , , , , , , , , , , , , , , , , , , , , , , , , , , , , , , , , , , , , , , , , , , , , , , , , , , , , , , , , , , , , , , , , , , , , , , , , , , , , , , , , , , , , , , , , , , , , , , , , , , , , , , , , , , , , , , , , , , , , , , , , , , , , , , , , , , , , 
80.0,80.0,1,80.000,18/03/2026 05:04:59,29.100,,11.96, 12.91, 11.94,42.63, -2.15, 5.36,10.912, 9.774, 10.749, 9.625, 9.590, 9.523, 9.418, 9.695, 10.053, 10.489, 10.901, 11.147, 11.424, 11.699, 12.008, 12.269, 12.512, 12.788, 12.957, 13.107, 13.167, 13.194, 13.228, 13.195, 13.089, 13.050, 12.921, 12.836, 12.818, 12.703, 12.700, 12.520, 12.502, 12.406, 12.478, 12.424, 12.494, 12.526, 12.596, 12.758, 12.796, 12.933, 13.054, 13.233, 13.396, 13.442, 13.583, 13.669, 13.630, 13.718, 13.688, 13.675, 13.698, 13.641, 13.708, 13.630, 13.752, 13.699, 13.795, 13.754, 13.904, 13.836, 13.965, 13.933, 14.117, 14.037, 14.091, 14.128, 14.117, 14.239, 14.170, 14.224, 14.175, 14.104, 14.247, 14.193, 14.225, 14.294, 14.130, 14.093, 14.164, 14.106, 14.184, 14.347, 14.243, 14.215, 14.403, 14.469, 14.480, 14.661, 14.768, 14.662, 14.613, 14.776, 14.839, 14.775, 14.825, 14.934, 14.797, 14.540, 14.426, 14.486, 14.415, 14.025, 13.249, 12.237, 11.378, 10.820, 10.507, 10.419, 10.538, 10.697, 10.913, 11.242, 11.700, 12.230, 12.622, 12.824, 12.936, 13.129, 13.422, 13.725, 13.904, 13.995, 14.086, 14.264, 14.510, 14.669, 14.676, 14.574, 14.488, 14.518, 14.653, 14.767, 14.806, 14.747, 14.655, 14.591, 14.601, 14.630, 14.599, 14.427, 14.196, 13.959, 13.837, 13.872, 13.937, 14.043, 14.057, 13.905, 13.576, 12.968, 11.913, 10.133, 7.908, 6.260, 5.520, 5.241, 5.161, 5.254, 5.481, 5.824, 6.230, 6.727, 7.217, 7.680, 8.091, 8.460, 8.791, 9.105, 9.484, 9.854, 10.256, 10.634, 10.955, 11.199, 11.369, 11.513, 11.612, 11.738, 11.899, 12.093, 12.327, 12.571, 12.744, 12.823, 12.814, 12.688, 12.633, 12.506, 12.368, 12.253, 12.191, 12.143, 12.088, 11.986, 11.811, 11.579, 11.285, 11.017, 10.761, 10.447, 10.274, 10.057, 9.887, 9.824, 9.592, 9.523, 9.408, 9.206, 8.908, 8.677, 8.385, 8.223, 7.924, 7.701, 16.3,1107610.0,1254503.0,866477.13,44644.90,2955.38,21750.85,530.88,28151.53,267.70,435.78,30.72,622.69,21.06,2767.84,30.39,2211.93,23.34,2244.32,64.06,82.68,7.08,100.88,16.38,407.03,13.25,29665.98,161.17,0.00,125.66,0.00,15.72,17.45,2.28,81.56,2.55,19.51,1.25,0.00,4.51,61.87,1.03,101.37,1.27,10.09,0.80,98.12,1.38,0.00,28.60,0.00,49.83,0.00,410.19,0.00,284.01,0.00,468.02,0.00,489.28,0.00,37.64,0.00,24.72,16.49,1.35,30.03,3.62,0.00,133.65,0.00,57.92,231911.47,74033.56,4900.84,41097.42,1003.08,60225.55,572.70,998.53,70.39,1554.80,52.58,3334.15,36.61,3094.95,32.66,3744.63,106.88,147.60,12.64,147.44,23.94,584.84,19.04,42414.75,230.43,0.00,159.77,0.00,20.01,21.84,2.85,101.52,3.17,25.76,1.65,0.00,6.34,67.66,1.13,119.88,1.50,12.81,1.02,132.54,1.86,0.00,33.53,0.00,66.45,0.00,440.59,0.00,324.43,0.00,594.16,0.00,585.72,0.00,44.19,0.00,26.69,17.76,1.45,33.48,4.04,0.00,152.08,0.00,65.71
80.5,80.5,1,80.500,18/03/2026 05:05:42,26.323, , , , , , , , , , , , , , , , , , , , , , , , , , , , , , , , , , , , , , , , , , , , , , , , , , , , , , , , , , , , , , , , , , , , , , , , , , , , , , , , , , , , , , , , , , , , , , , , , , , , , , , , , , , , , , , , , , , , , , , , , , , , , , , , , , , , , , , , , , , , , , , , , , , , , , , , , , , , , , , , , , , , , , , , , , , , , , , , , , , , , , , , , , , , , , , , , , , , , , , , , , , , , , , , , , , , , , , , , , , , , , , , , , , , , , , , , , , , , , , , , , , , , , , , , , , , , , , , , , , , , , , , , , , , , , , , , , , , , , , , , , , , , , , , , , , , , , , , , , , , , , , , , , , , , , , , , , , , , , , , , , , , , , , , , , , , , , , , , , , , , , , , , , , , , , , , , , , , , , , , , , , , 
81.0,81.0,1,81.000,18/03/2026 05:06:00,23.613,,11.15, 12.10, 11.13,41.37, -2.54, 5.39,10.396, 9.068, 9.231, 8.716, 8.216, 8.443, 8.626, 8.865, 9.235, 9.790, 10.133, 10.458, 10.696, 10.985, 11.308, 11.601, 11.853, 12.078, 12.180, 12.270, 12.402, 12.415, 12.348, 12.292, 12.239, 12.126, 12.060, 11.928, 11.820, 11.768, 11.657, 11.593, 11.490, 11.464, 11.436, 11.463, 11.470, 11.607, 11.653, 11.784, 11.804, 11.916, 12.182, 12.298, 12.392, 12.567, 12.724, 12.736, 12.829, 12.906, 12.813, 12.963, 12.877, 12.890, 12.954, 12.882, 13.033, 12.925, 13.130, 13.054, 13.239, 13.135, 13.342, 13.323, 13.456, 13.463, 13.511, 13.694, 13.588, 13.816, 13.699, 13.704, 13.878, 13.659, 13.838, 13.894, 13.759, 13.966, 13.876, 13.695, 13.894, 13.874, 13.831, 14.083, 14.074, 13.922, 14.163, 14.382, 14.327, 14.407, 14.647, 14.599, 14.438, 14.624, 14.875, 14.827, 14.733, 14.863, 14.852, 14.584, 14.376, 14.467, 14.555, 14.215, 13.288, 12.200, 11.396, 10.920, 10.573, 10.405, 10.550, 10.816, 11.106, 11.385, 11.765, 12.304, 12.799, 13.088, 13.180, 13.281, 13.554, 13.956, 14.266, 14.402, 14.411, 14.516, 14.770, 15.033, 15.153, 15.067, 14.890, 14.810, 14.903, 15.115, 15.261, 15.271, 15.152, 15.019, 14.955, 15.014, 15.066, 15.004, 14.780, 14.494, 14.278, 14.193, 14.227, 14.386, 14.482, 14.409, 14.069, 13.392, 12.199, 10.274, 7.968, 6.297, 5.576, 5.316, 5.257, 5.349, 5.553, 5.870, 6.271, 6.757, 7.291, 7.821, 8.288, 8.681, 9.019, 9.333, 9.668, 10.067, 10.493, 10.939, 11.350, 11.680, 11.916, 12.064, 12.139, 12.210, 12.301, 12.439, 12.638, 12.906, 13.145, 13.318, 13.347, 13.259, 13.200, 13.041, 12.821, 12.649, 12.552, 12.483, 12.464, 12.398, 12.272, 12.070, 11.857, 11.566, 11.225, 10.972, 10.735, 10.394, 10.194, 9.979, 9.804, 9.638, 9.560, 9.356, 9.215, 8.935, 8.680, 8.531, 8.184, 8.029, 16.3,1121274.0,1258212.0,876044.46,40575.78,2829.11,19486.96,496.15,25826.80,248.26,335.14,28.18,566.03,19.87,2436.66,27.74,2073.78,21.74,1765.72,57.58,26.38,5.93,219.31,16.73,377.29,12.55,29812.33,157.28,0.00,123.61,0.00,14.90,27.15,2.39,60.87,2.27,33.43,1.20,0.00,4.19,55.66,0.95,87.51,1.15,5.18,0.73,88.48,1.29,0.00,27.08,0.00,46.75,59.00,8.61,0.00,266.90,0.00,444.30,0.00,461.86,0.00,52.28,0.00,25.77,0.00,32.06,36.11,3.42,0.00,126.55,0.00,52.87,214403.79,67285.83,4691.44,36819.88,937.46,55252.17,531.11,767.93,64.57,1413.32,49.61,2935.21,33.42,2901.65,30.42,2946.09,96.07,47.09,10.59,320.53,24.45,542.11,18.03,42623.99,224.87,0.00,157.17,0.00,18.96,33.99,2.99,75.77,2.83,44.14,1.58,0.00,5.89,60.87,1.04,103.49,1.36,6.58,0.93,119.52,1.74,0.00,31.74,0.00,62.34,63.37,9.25,0.00,304.89,0.00,564.05,0.00,552.89,0.00,61.38,0.00,27.83,0.00,34.54,40.26,3.81,0.00,144.00,0.00,59.98
81.5,81.5,1,81.500,18/03/2026 05:06:43,22.683, , , , , , , , , , , , , , , , , , , , , , , , , , , , , , , , , , , , , , , , , , , , , , , , , , , , , , , , , , , , , , , , , , , , , , , , , , , , , , , , , , , , , , , , , , , , , , , , , , , , , , , , , , , , , , , , , , , , , , , , , , , , , , , , , , , , , , , , , , , , , , , , , , , , , , , , , , , , , , , , , , , , , , , , , , , , , , , , , , , , , , , , , , , , , , , , , , , , , , , , , , , , , , , , , , , , , , , , , , , , , , , , , , , , , , , , , , , , , , , , , , , , , , , , , , , , , , , , , , , , , , , , , , , , , , , , , , , , , , , , , , , , , , , , , , , , , , , , , , , , , , , , , , , , , , , , , , , , , , , , , , , , , , , , , , , , , , , , , , , , , , , , , , , , , , , , , , , , , , , , , , , , 
82.0,82.0,1,82.000,18/03/2026 05:07:00,30.224,,9.52, 10.33, 9.31,38.43, -2.44, 5.72,7.649, 6.470, 7.777, 7.185, 7.231, 6.997, 7.156, 7.443, 7.688, 8.106, 8.462, 8.776, 8.984, 9.218, 9.503, 9.785, 10.042, 10.273, 10.428, 10.517, 10.569, 10.587, 10.573, 10.570, 10.471, 10.382, 10.346, 10.238, 10.180, 10.141, 10.054, 10.014, 9.921, 9.922, 9.921, 9.949, 9.976, 10.040, 10.086, 10.212, 10.295, 10.459, 10.594, 10.731, 10.901, 11.011, 11.142, 11.240, 11.272, 11.363, 11.382, 11.389, 11.446, 11.447, 11.438, 11.487, 11.559, 11.559, 11.585, 11.707, 11.765, 11.749, 11.827, 11.984, 12.050, 12.065, 12.106, 12.240, 12.322, 12.331, 12.333, 12.373, 12.463, 12.505, 12.464, 12.473, 12.540, 12.610, 12.616, 12.544, 12.459, 12.510, 12.650, 12.762, 12.806, 12.783, 12.808, 12.898, 13.078, 13.237, 13.326, 13.328, 13.276, 13.268, 13.360, 13.504, 13.617, 13.616, 13.512, 13.322, 13.160, 13.085, 13.042, 12.833, 12.129, 11.002, 10.035, 9.479, 9.201, 9.081, 9.116, 9.293, 9.649, 10.119, 10.598, 11.033, 11.357, 11.593, 11.793, 12.012, 12.259, 12.541, 12.814, 13.074, 13.298, 13.471, 13.603, 13.646, 13.634, 13.607, 13.603, 13.637, 13.708, 13.796, 13.849, 13.912, 13.955, 13.965, 13.912, 13.791, 13.613, 13.392, 13.189, 13.078, 13.036, 13.066, 13.071, 13.092, 13.088, 13.013, 12.760, 12.220, 11.077, 9.079, 6.717, 5.085, 4.410, 4.183, 4.176, 4.319, 4.563, 4.886, 5.255, 5.667, 6.086, 6.524, 6.953, 7.368, 7.774, 8.141, 8.499, 8.808, 9.110, 9.400, 9.687, 9.968, 10.250, 10.525, 10.771, 10.999, 11.196, 11.367, 11.512, 11.636, 11.733, 11.783, 11.784, 11.742, 11.752, 11.715, 11.591, 11.438, 11.320, 11.118, 10.954, 10.727, 10.559, 10.304, 10.072, 9.882, 9.740, 9.573, 9.411, 9.296, 9.076, 8.847, 8.681, 8.443, 8.204, 7.924, 7.748, 7.444, 7.196, 6.989, 6.708, 6.778, 16.3,1170498.0,1235522.0,882234.50,44209.70,2879.71,19047.99,486.13,21709.78,225.46,360.33,28.09,568.28,19.79,1294.41,22.46,1261.48,17.22,1016.42,49.45,64.32,6.10,216.69,16.65,452.22,13.15,27141.53,143.85,0.00,115.47,0.00,13.25,25.03,2.28,57.94,2.19,26.08,1.13,0.00,4.84,52.78,0.92,83.96,1.10,11.12,0.75,75.88,1.20,0.00,27.40,0.00,47.76,0.00,387.35,0.00,270.38,36.25,8.19,0.00,471.24,9.07,2.75,0.00,27.49,4.89,1.09,39.36,3.35,0.00,125.79,0.00,57.38,203415.69,73311.88,4775.35,35990.47,918.52,46444.49,482.33,825.65,64.36,1418.94,49.41,1559.25,27.06,1765.07,24.09,1695.89,82.51,114.82,10.89,316.70,24.33,649.77,18.89,38805.43,205.67,0.00,146.82,0.00,16.86,31.33,2.85,72.12,2.73,34.43,1.49,0.00,6.80,57.72,1.01,99.29,1.30,14.12,0.95,102.50,1.62,0.00,32.12,0.00,63.69,0.00,416.06,0.00,308.86,46.02,10.40,0.00,564.12,10.65,3.23,0.00,29.68,5.27,1.17,43.88,3.73,0.00,143.14,0.00,65.09
82.5,82.5,1,82.500,18/03/2026 05:07:43,27.245,1157880.025, , , , , , , , , , , , , , , , , , , , , , , , , , , , , , , , , , , , , , , , , , , , , , , , , , , , , , , , , , , , , , , , , , , , , , , , , , , , , , , , , , , , , , , , , , , , , , , , , , , , , , , , , , , , , , , , , , , , , , , , , , , , , , , , , , , , , , , , , , , , , , , , , , , , , , , , , , , , , , , , , , , , , , , , , , , , , , , , , , , , , , , , , , , , , , , , , , , , , , , , , , , , , , , , , , , , , , , , , , , , , , , , , , , , , , , , , , , , , , , , , , , , , , , , , , , , , , , , , , , , , , , , , , , , , , , , , , , , , , , , , , , , , , , , , , , , , , , , , , , , , , , , , , , , , , , , , , , , , , , , , , , , , , , , , , , , , , , , , , , , , , , , , , , , , , , , , , , , , , , , , , , 
83.0,83.0,1,83.000,18/03/2026 05:08:00,25.327,,10.20, 11.05, 10.25,39.67, -2.30, 4.99,8.375, 8.433, 8.545, 8.185, 7.868, 7.863, 8.039, 8.198, 8.593, 9.021, 9.341, 9.661, 9.792, 10.079, 10.348, 10.588, 10.810, 11.007, 11.119, 11.233, 11.319, 11.325, 11.258, 11.258, 11.197, 11.054, 11.006, 10.925, 10.839, 10.826, 10.696, 10.661, 10.524, 10.553, 10.524, 10.589, 10.585, 10.679, 10.711, 10.819, 10.926, 11.019, 11.200, 11.308, 11.449, 11.588, 11.655, 11.763, 11.820, 11.826, 11.869, 11.902, 11.893, 11.891, 11.937, 11.961, 11.958, 12.045, 12.084, 12.138, 12.146, 12.241, 12.291, 12.387, 12.391, 12.472, 12.699, 12.747, 12.753, 12.790, 12.812, 12.819, 12.819, 12.769, 12.789, 12.861, 12.886, 12.909, 12.857, 12.782, 12.814, 12.888, 12.949, 13.028, 13.017, 13.024, 13.121, 13.223, 13.329, 13.449, 13.491, 13.473, 13.487, 13.578, 13.638, 13.707, 13.771, 13.755, 13.634, 13.508, 13.471, 13.431, 13.349, 13.125, 12.484, 11.453, 10.552, 10.066, 9.899, 9.842, 9.852, 9.956, 10.238, 10.653, 11.075, 11.448, 11.740, 12.024, 12.286, 12.509, 12.707, 12.875, 13.075, 13.280, 13.456, 13.583, 13.662, 13.728, 13.805, 13.875, 13.920, 13.927, 13.925, 13.930, 13.969, 14.037, 14.052, 14.027, 13.925, 13.849, 13.769, 13.674, 13.608, 13.522, 13.469, 13.424, 13.287, 13.286, 13.287, 13.218, 12.997, 12.470, 11.416, 9.574, 7.305, 5.678, 4.999, 4.775, 4.765, 4.914, 5.155, 5.471, 5.834, 6.248, 6.698, 7.139, 7.559, 7.943, 8.304, 8.651, 8.975, 9.315, 9.664, 10.013, 10.359, 10.653, 10.908, 11.123, 11.311, 11.469, 11.621, 11.764, 11.919, 12.048, 12.152, 12.216, 12.167, 12.078, 12.049, 11.994, 11.867, 11.788, 11.731, 11.649, 11.545, 11.443, 11.237, 11.042, 10.797, 10.575, 10.344, 10.159, 10.067, 9.851, 9.670, 9.505, 9.321, 9.157, 8.845, 8.574, 8.351, 8.153, 7.920, 7.573, 7.288, 7.290, 16.3,1135373.0,1161347.0,897632.29,35449.29,2889.54,20013.87,506.17,19743.58,219.60,399.63,29.59,514.15,20.31,496.96,19.73,766.85,15.12,1346.12,54.10,22.59,5.87,171.13,16.01,289.19,11.38,22735.13,124.61,0.00,108.47,0.00,14.92,0.00,11.00,60.03,2.15,27.12,1.15,0.00,4.41,52.31,0.92,84.92,1.11,12.77,0.76,94.85,1.29,3.98,0.96,0.00,49.51,26.03,8.51,19.44,5.67,0.00,462.50,0.00,486.78,0.00,41.66,0.00,21.05,5.80,1.08,25.94,3.38,0.00,132.36,6.03,1.22,178676.10,58784.70,4791.65,37815.46,956.39,42238.13,469.80,915.70,67.80,1283.78,50.71,598.64,23.77,1072.98,21.16,2245.99,90.27,40.33,10.48,250.12,23.40,415.52,16.35,32505.41,178.16,0.00,137.92,0.00,18.99,0.00,13.77,74.72,2.68,35.81,1.52,0.00,6.20,57.21,1.01,100.43,1.31,16.22,0.97,128.12,1.74,4.67,1.13,0.00,66.02,27.96,9.14,22.21,6.48,0.00,587.15,0.00,582.73,0.00,48.91,0.00,22.73,6.25,1.16,28.92,3.77,0.00,150.61,6.84,1.38
83.5,83.5,1,83.500,18/03/2026 05:08:44,24.669, , , , , , , , , , , , , , , , , , , , , , , , , , , , , , , , , , , , , , , , , , , , , , , , , , , , , , , , , , , , , , , , , , , , , , , , , , , , , , , , , , , , , , , , , , , , , , , , , , , , , , , , , , , , , , , , , , , , , , , , , , , , , , , , , , , , , , , , , , , , , , , , , , , , , , , , , , , , , , , , , , , , , , , , , , , , , , , , , , , , , , , , , , , , , , , , , , , , , , , , , , , , , , , , , , , , , , , , , , , , , , , , , , , , , , , , , , , , , , , , , , , , , , , , , , , , , , , , , , , , , , , , , , , , , , , , , , , , , , , , , , , , , , , , , , , , , , , , , , , , , , , , , , , , , , , , , , , , , , , , , , , , , , , , , , , , , , , , , , , , , , , , , , , , , , , , , , , , , , , , , , , , 
84.0,84.0,1,84.000,18/03/2026 05:09:01,25.200,,13.05, 14.03, 13.60,44.27, -1.89, 3.94,14.474, 13.612, 13.184, 12.077, 11.581, 11.437, 11.294, 11.434, 11.757, 12.114, 12.376, 12.666, 12.872, 13.135, 13.382, 13.558, 13.765, 13.952, 14.097, 14.218, 14.292, 14.351, 14.267, 14.125, 14.262, 14.068, 13.803, 14.081, 13.599, 13.897, 13.538, 13.650, 13.372, 13.523, 13.332, 13.582, 13.370, 13.599, 13.572, 13.605, 13.889, 13.859, 13.971, 14.349, 14.174, 14.433, 14.773, 14.422, 14.654, 15.034, 14.577, 14.590, 15.137, 14.856, 14.446, 14.976, 15.245, 14.772, 14.659, 15.262, 15.397, 14.965, 14.885, 15.419, 15.684, 15.410, 15.128, 15.323, 15.776, 15.864, 15.585, 15.326, 15.506, 15.818, 15.919, 15.786, 15.556, 15.503, 15.648, 15.800, 15.822, 15.775, 15.677, 15.644, 15.769, 15.945, 16.145, 16.275, 16.289, 16.181, 16.109, 16.162, 16.289, 16.526, 16.735, 16.822, 16.664, 16.394, 16.144, 16.047, 16.116, 16.306, 16.457, 16.321, 15.546, 14.272, 13.154, 12.577, 12.435, 12.560, 12.866, 13.231, 13.636, 13.945, 14.115, 14.191, 14.234, 14.380, 14.666, 15.080, 15.560, 16.065, 16.486, 16.723, 16.768, 16.637, 16.428, 16.228, 16.106, 16.139, 16.318, 16.586, 16.930, 17.271, 17.542, 17.701, 17.684, 17.454, 17.059, 16.644, 16.266, 15.966, 15.809, 15.815, 15.991, 16.270, 16.482, 16.781, 16.987, 17.024, 16.781, 16.145, 14.894, 12.808, 10.340, 8.555, 7.722, 7.427, 7.439, 7.715, 8.184, 8.748, 9.386, 10.037, 10.662, 11.234, 11.689, 12.052, 12.275, 12.434, 12.495, 12.534, 12.545, 12.612, 12.726, 12.879, 13.086, 13.382, 13.685, 14.032, 14.439, 14.820, 15.214, 15.573, 15.885, 16.124, 16.264, 16.219, 16.209, 16.071, 15.821, 15.542, 15.244, 14.891, 14.619, 14.297, 14.005, 13.558, 13.278, 13.076, 12.916, 12.919, 12.955, 12.955, 13.049, 13.145, 13.165, 13.188, 13.180, 13.258, 13.234, 13.048, 12.996, 12.788, 12.604, 12.335, 16.3,1124424.0,1120239.0,888612.14,46659.45,3064.99,18935.66,497.13,20639.10,226.73,207.91,27.28,621.30,21.18,231.24,18.74,493.38,13.95,968.38,50.48,0.00,17.49,99.80,14.84,355.45,12.25,21816.02,122.09,0.00,104.85,0.00,13.98,17.66,2.13,49.53,2.04,18.27,1.16,0.00,5.00,50.95,0.88,83.36,1.10,10.40,0.74,78.78,1.22,0.00,27.99,0.00,48.27,0.00,397.84,32.81,5.62,0.00,458.81,0.00,479.29,0.00,52.61,0.00,26.89,18.43,1.26,0.00,122.00,0.00,136.36,0.00,52.92,194205.80,77374.24,5082.60,35778.22,939.31,44153.95,485.05,476.40,62.51,1551.33,52.88,278.55,22.57,690.34,19.52,1615.74,84.23,0.00,31.22,145.86,21.69,510.72,17.60,31191.32,174.56,0.00,133.32,0.00,17.79,22.11,2.67,61.65,2.54,24.12,1.53,0.00,7.03,55.72,0.96,98.58,1.30,13.21,0.94,106.41,1.65,0.00,32.81,0.00,64.37,0.00,427.33,37.48,6.42,0.00,582.47,0.00,573.76,0.00,61.77,0.00,29.03,19.85,1.36,0.00,136.01,0.00,155.16,0.00,60.03
84.5,84.5,1,84.500,18/03/2026 05:09:53,25.592, , , , , , , , , , , , , , , , , , , , , , , , , , , , , , , , , , , , , , , , , , , , , , , , , , , , , , , , , , , , , , , , , , , , , , , , , , , , , , , , , , , , , , , , , , , , , , , , , , , , , , , , , , , , , , , , , , , , , , , , , , , , , , , , , , , , , , , , , , , , , , , , , , , , , , , , , , , , , , , , , , , , , , , , , , , , , , , , , , , , , , , , , , , , , , , , , , , , , , , , , , , , , , , , , , , , , , , , , , , , , , , , , , , , , , , , , , , , , , , , , , , , , , , , , , , , , , , , , , , , , , , , , , , , , , , , , , , , , , , , , , , , , , , , , , , , , , , , , , , , , , , , , , , , , , , , , , , , , , , , , , , , , , , , , , , , , , , , , , , , , , , , , , , , , , , , , , , , , , , , , , , , 
85.0,85.0,1,85.000,18/03/2026 05:10:19,26.519,,12.54, 13.52, 12.73,43.54, -2.07, 4.85,14.232, 11.836, 11.636, 10.986, 10.415, 10.356, 10.328, 10.431, 10.764, 11.291, 11.580, 11.908, 12.135, 12.426, 12.740, 12.942, 13.165, 13.368, 13.544, 13.757, 13.842, 13.764, 13.797, 13.850, 13.646, 13.603, 13.544, 13.361, 13.412, 13.229, 13.239, 13.060, 13.018, 12.943, 12.999, 12.985, 13.031, 13.087, 13.122, 13.243, 13.359, 13.425, 13.664, 13.721, 13.874, 14.112, 14.059, 14.194, 14.354, 14.213, 14.243, 14.433, 14.290, 14.183, 14.393, 14.438, 14.257, 14.321, 14.564, 14.559, 14.410, 14.461, 14.749, 14.803, 14.668, 14.639, 14.813, 15.025, 14.967, 14.764, 14.754, 15.014, 15.183, 15.037, 14.803, 14.772, 15.041, 15.255, 15.197, 14.892, 14.615, 14.690, 15.023, 15.345, 15.356, 15.148, 14.942, 14.955, 15.262, 15.669, 15.897, 15.851, 15.578, 15.329, 15.302, 15.519, 15.858, 16.059, 15.981, 15.639, 15.229, 14.900, 14.687, 14.495, 13.945, 13.018, 12.175, 11.609, 11.150, 10.762, 10.544, 10.579, 10.999, 11.692, 12.463, 13.121, 13.537, 13.726, 13.754, 13.707, 13.690, 13.809, 14.089, 14.521, 15.024, 15.472, 15.809, 15.953, 15.921, 15.738, 15.493, 15.245, 15.054, 15.006, 15.092, 15.324, 15.632, 15.906, 16.054, 16.094, 15.955, 15.699, 15.338, 14.978, 14.658, 14.407, 14.195, 14.131, 14.163, 14.209, 14.171, 13.850, 12.964, 11.235, 9.147, 7.666, 6.959, 6.578, 6.336, 6.251, 6.257, 6.359, 6.571, 6.886, 7.302, 7.792, 8.333, 8.921, 9.504, 10.093, 10.631, 11.083, 11.483, 11.796, 12.039, 12.186, 12.282, 12.361, 12.355, 12.365, 12.369, 12.380, 12.426, 12.511, 12.642, 12.796, 12.906, 13.038, 13.271, 13.453, 13.536, 13.625, 13.689, 13.661, 13.602, 13.461, 13.188, 12.795, 12.402, 12.026, 11.618, 11.335, 10.986, 10.642, 10.303, 10.032, 9.751, 9.462, 9.232, 9.113, 8.963, 8.874, 8.959, 8.957, 8.885, 9.050, 16.3,1106309.0,1162458.0,885526.43,45712.37,3073.90,19528.79,507.54,21341.18,232.40,284.55,28.67,540.76,20.91,471.72,20.06,734.20,15.40,1059.92,51.86,47.72,6.19,151.43,16.27,253.74,11.07,23949.79,133.99,0.00,111.63,0.00,13.18,17.00,2.17,60.72,2.27,31.96,1.17,0.00,4.58,52.42,0.92,86.21,1.14,9.98,0.75,93.42,1.31,0.00,26.99,0.00,49.31,0.00,409.39,0.00,284.22,0.00,469.43,0.00,491.48,16.75,2.91,0.00,24.66,0.00,32.71,28.90,3.43,0.00,132.69,0.00,57.28,199127.05,75803.72,5097.37,36898.92,958.98,45655.93,497.18,652.01,65.69,1350.23,52.21,568.24,24.16,1027.30,21.55,1768.47,86.53,85.19,11.05,221.32,23.78,364.58,15.91,34242.06,191.57,0.00,141.94,0.00,16.77,21.28,2.72,75.58,2.83,42.20,1.54,0.00,6.44,57.33,1.01,101.95,1.35,12.67,0.95,126.19,1.77,0.00,31.64,0.00,65.75,0.00,439.73,0.00,324.67,0.00,595.95,0.00,588.35,19.67,3.42,0.00,26.63,0.00,35.24,32.22,3.82,0.00,150.99,0.00,64.98
85.5,85.5,1,85.500,18/03/2026 05:10:53,27.247, , , , , , , , , , , , , , , , , , , , , , , , , , , , , , , , , , , , , , , , , , , , , , , , , , , , , , , , , , , , , , , , , , , , , , , , , , , , , , , , , , , , , , , , , , , , , , , , , , , , , , , , , , , , , , , , , , , , , , , , , , , , , , , , , , , , , , , , , , , , , , , , , , , , , , , , , , , , , , , , , , , , , , , , , , , , , , , , , , , , , , , , , , , , , , , , , , , , , , , , , , , , , , , , , , , , , , , , , , , , , , , , , , , , , , , , , , , , , , , , , , , , , , , , , , , , , , , , , , , , , , , , , , , , , , , , , , , , , , , , , , , , , , , , , , , , , , , , , , , , , , , , , , , , , , , , , , , , , , , , , , , , , , , , , , , , , , , , , , , , , , , , , , , , , , , , , , , , , , , , , , , , 
86.0,86.0,1,86.000,18/03/2026 05:11:19,25.791,,12.03, 12.99, 12.10,42.75, -2.19, 5.13,13.101, 11.647, 10.852, 9.828, 10.001, 9.565, 9.699, 9.876, 10.208, 10.709, 11.029, 11.303, 11.562, 11.802, 12.123, 12.364, 12.664, 12.970, 13.112, 13.134, 13.183, 13.359, 13.349, 13.107, 13.233, 13.129, 12.838, 13.065, 12.676, 12.892, 12.587, 12.676, 12.407, 12.576, 12.353, 12.658, 12.342, 12.765, 12.495, 12.790, 12.916, 12.792, 13.290, 13.153, 13.308, 13.699, 13.459, 13.640, 13.920, 13.631, 13.678, 13.980, 13.748, 13.601, 13.895, 13.930, 13.674, 13.762, 14.074, 14.008, 13.800, 13.930, 14.256, 14.235, 14.044, 14.074, 14.310, 14.529, 14.322, 14.150, 14.250, 14.546, 14.604, 14.381, 14.146, 14.211, 14.538, 14.701, 14.552, 14.224, 14.016, 14.169, 14.530, 14.764, 14.696, 14.457, 14.313, 14.398, 14.728, 15.081, 15.213, 15.117, 14.867, 14.699, 14.713, 14.952, 15.226, 15.347, 15.240, 14.937, 14.609, 14.365, 14.210, 14.025, 13.469, 12.515, 11.663, 11.126, 10.748, 10.449, 10.309, 10.356, 10.721, 11.309, 11.957, 12.527, 12.906, 13.137, 13.251, 13.310, 13.359, 13.481, 13.698, 14.011, 14.363, 14.690, 14.951, 15.090, 15.103, 15.035, 14.919, 14.782, 14.663, 14.596, 14.620, 14.739, 14.901, 15.048, 15.120, 15.133, 15.066, 14.871, 14.664, 14.432, 14.236, 14.097, 13.915, 13.835, 13.799, 13.749, 13.601, 13.193, 12.267, 10.538, 8.438, 6.971, 6.308, 6.016, 5.921, 5.924, 6.023, 6.207, 6.455, 6.767, 7.156, 7.585, 8.023, 8.507, 8.997, 9.474, 9.930, 10.334, 10.707, 11.056, 11.338, 11.556, 11.737, 11.898, 12.027, 12.105, 12.181, 12.229, 12.290, 12.363, 12.435, 12.509, 12.539, 12.586, 12.704, 12.781, 12.820, 12.840, 12.864, 12.814, 12.747, 12.651, 12.421, 12.096, 11.810, 11.497, 11.253, 11.022, 10.785, 10.478, 10.236, 9.918, 9.625, 9.346, 9.187, 8.931, 8.771, 8.628, 8.507, 8.452, 8.409, 8.542, 16.3,1078821.0,1160792.0,892677.15,36705.99,3020.40,19631.29,519.41,22116.36,240.72,448.41,31.67,783.89,23.04,591.21,21.22,718.74,15.55,1146.07,53.63,0.00,19.48,101.56,15.57,251.95,11.23,24340.51,137.05,0.00,117.10,0.00,15.50,12.15,2.13,69.42,2.37,26.56,1.25,0.00,4.89,57.33,0.98,108.79,1.31,9.06,0.78,92.60,1.35,0.00,27.90,0.00,50.85,0.00,414.98,0.00,286.56,80.78,8.66,0.00,493.49,0.00,43.83,0.00,24.00,12.38,1.24,17.83,3.57,0.00,137.86,0.00,62.19,187801.89,60868.65,5008.66,37092.59,981.41,47314.30,514.98,1027.47,72.57,1957.30,57.53,712.17,25.56,1005.67,21.76,1912.21,89.48,0.00,34.78,148.44,22.76,362.01,16.14,34800.69,195.95,0.00,148.89,0.00,19.73,15.21,2.67,86.41,2.95,35.07,1.65,0.00,6.87,62.70,1.07,128.65,1.55,11.51,0.99,125.08,1.82,0.00,32.70,0.00,67.81,0.00,445.74,0.00,327.35,102.55,10.99,0.00,590.76,0.00,51.46,0.00,25.91,13.34,1.34,19.88,3.98,0.00,156.87,0.00,70.55
86.5,86.5,1,86.500,18/03/2026 05:12:02,25.526, , , , , , , , , , , , , , , , , , , , , , , , , , , , , , , , , , , , , , , , , , , , , , , , , , , , , , , , , , , , , , , , , , , , , , , , , , , , , , , , , , , , , , , , , , , , , , , , , , , , , , , , , , , , , , , , , , , , , , , , , , , , , , , , , , , , , , , , , , , , , , , , , , , , , , , , , , , , , , , , , , , , , , , , , , , , , , , , , , , , , , , , , , , , , , , , , , , , , , , , , , , , , , , , , , , , , , , , , , , , , , , , , , , , , , , , , , , , , , , , , , , , , , , , , , , , , , , , , , , , , , , , , , , , , , , , , , , , , , , , , , , , , , , , , , , , , , , , , , , , , , , , , , , , , , , , , , , , , , , , , , , , , , , , , , , , , , , , , , , , , , , , , , , , , , , , , , , , , , , , , , , , 
87.0,87.0,1,87.000,18/03/2026 05:12:20,26.256,,13.08, 14.06, 13.84,44.33, -1.85, 3.45,16.705, 14.480, 13.895, 12.966, 12.354, 11.967, 11.615, 11.717, 12.065, 12.382, 12.611, 12.867, 13.056, 13.239, 13.492, 13.690, 13.928, 14.045, 14.126, 14.296, 14.369, 14.254, 14.254, 14.260, 14.132, 13.996, 13.977, 13.859, 13.729, 13.821, 13.487, 13.718, 13.274, 13.575, 13.349, 13.409, 13.651, 13.191, 13.935, 13.363, 13.795, 14.093, 13.621, 14.360, 14.339, 14.059, 14.685, 14.646, 14.333, 14.735, 14.844, 14.541, 14.626, 14.878, 14.773, 14.647, 14.782, 14.920, 14.924, 14.887, 14.918, 15.014, 15.149, 15.192, 15.160, 15.153, 15.279, 15.481, 15.463, 15.354, 15.293, 15.409, 15.586, 15.591, 15.434, 15.335, 15.369, 15.550, 15.677, 15.560, 15.365, 15.275, 15.377, 15.595, 15.767, 15.802, 15.713, 15.634, 15.669, 15.832, 16.024, 16.160, 16.177, 16.106, 16.013, 15.989, 16.046, 16.102, 16.113, 16.039, 15.924, 15.779, 15.586, 15.260, 14.570, 13.601, 12.811, 12.418, 12.234, 12.109, 12.046, 12.059, 12.276, 12.668, 13.155, 13.639, 14.048, 14.351, 14.565, 14.744, 14.873, 15.008, 15.153, 15.326, 15.530, 15.735, 15.948, 16.099, 16.194, 16.208, 16.199, 16.161, 16.134, 16.103, 16.113, 16.139, 16.213, 16.249, 16.225, 16.229, 16.159, 16.026, 15.913, 15.780, 15.680, 15.641, 15.487, 15.448, 15.401, 15.306, 15.112, 14.629, 13.669, 11.956, 9.899, 8.507, 7.902, 7.675, 7.626, 7.705, 7.890, 8.140, 8.446, 8.806, 9.178, 9.580, 9.981, 10.385, 10.775, 11.139, 11.483, 11.811, 12.115, 12.407, 12.677, 12.890, 13.098, 13.324, 13.497, 13.674, 13.836, 13.982, 14.129, 14.264, 14.419, 14.519, 14.571, 14.574, 14.604, 14.614, 14.565, 14.507, 14.444, 14.328, 14.234, 14.060, 13.870, 13.513, 13.201, 12.956, 12.728, 12.603, 12.539, 12.316, 12.136, 12.065, 11.863, 11.744, 11.677, 11.489, 11.378, 11.331, 11.130, 11.061, 10.923, 10.821, 16.3,1121737.0,1144300.0,893888.70,37677.65,2940.67,17153.90,483.22,22242.58,235.59,215.23,27.51,439.78,20.03,821.70,21.28,876.91,15.69,1115.70,51.99,0.00,18.28,121.48,14.79,301.30,11.56,24664.97,135.53,0.00,116.07,0.00,16.10,29.20,2.41,74.70,2.44,36.79,1.35,0.00,4.67,50.19,0.91,90.46,1.17,10.91,0.76,85.23,1.27,0.00,27.27,0.00,48.22,0.00,406.56,0.00,282.06,0.00,464.99,54.21,9.05,0.00,52.82,0.00,24.87,12.72,1.22,35.68,3.37,0.00,129.46,0.00,61.96,184607.90,62479.93,4876.44,32411.65,913.03,47584.33,504.01,493.17,63.04,1098.09,50.01,989.82,25.63,1226.98,21.95,1861.54,86.74,0.00,32.63,177.55,21.62,432.92,16.61,35264.59,193.77,0.00,147.58,0.00,20.49,36.55,3.02,92.98,3.04,48.57,1.78,0.00,6.56,54.89,1.00,106.98,1.38,13.86,0.97,115.13,1.72,0.00,31.97,0.00,64.30,0.00,436.69,0.00,322.21,0.00,590.31,64.89,10.83,0.00,62.01,0.00,26.85,13.70,1.31,39.78,3.76,0.00,147.31,0.00,70.29
87.5,87.5,1,87.500,18/03/2026 05:13:03,27.581,1157880.090, , , , , , , , , , , , , , , , , , , , , , , , , , , , , , , , , , , , , , , , , , , , , , , , , , , , , , , , , , , , , , , , , , , , , , , , , , , , , , , , , , , , , , , , , , , , , , , , , , , , , , , , , , , , , , , , , , , , , , , , , , , , , , , , , , , , , , , , , , , , , , , , , , , , , , , , , , , , , , , , , , , , , , , , , , , , , , , , , , , , , , , , , , , , , , , , , , , , , , , , , , , , , , , , , , , , , , , , , , , , , , , , , , , , , , , , , , , , , , , , , , , , , , , , , , , , , , , , , , , , , , , , , , , , , , , , , , , , , , , , , , , , , , , , , , , , , , , , , , , , , , , , , , , , , , , , , , , , , , , , , , , , , , , , , , , , , , , , , , , , , , , , , , , , , , , , , , , , , , , , , , , 
88.0,88.0,1,88.000,18/03/2026 05:13:20,28.701,,12.70, 13.65, 13.50,43.73, -1.83, 3.26,15.845, 13.878, 13.221, 12.115, 11.815, 11.485, 11.414, 11.544, 11.733, 12.109, 12.292, 12.546, 12.715, 12.946, 13.146, 13.285, 13.468, 13.677, 13.839, 13.861, 13.803, 13.910, 13.926, 13.685, 13.747, 13.647, 13.409, 13.568, 13.225, 13.419, 13.112, 13.235, 12.940, 13.138, 12.884, 13.190, 12.898, 13.237, 13.080, 13.211, 13.469, 13.263, 13.698, 13.716, 13.664, 14.137, 14.010, 13.929, 14.353, 14.253, 13.982, 14.341, 14.471, 14.093, 14.135, 14.555, 14.469, 14.139, 14.327, 14.740, 14.672, 14.324, 14.439, 14.889, 15.031, 14.692, 14.539, 14.788, 15.184, 15.223, 14.864, 14.640, 14.826, 15.198, 15.302, 15.045, 14.761, 14.726, 14.979, 15.260, 15.238, 15.005, 14.788, 14.783, 15.043, 15.366, 15.553, 15.513, 15.333, 15.180, 15.201, 15.438, 15.714, 15.908, 15.913, 15.764, 15.539, 15.362, 15.317, 15.409, 15.526, 15.623, 15.543, 15.166, 14.293, 13.086, 12.156, 11.769, 11.735, 11.831, 11.980, 12.114, 12.324, 12.567, 12.796, 13.057, 13.334, 13.648, 13.990, 14.340, 14.659, 14.938, 15.129, 15.261, 15.316, 15.323, 15.320, 15.329, 15.371, 15.453, 15.569, 15.700, 15.825, 15.944, 16.037, 16.073, 16.061, 15.965, 15.783, 15.592, 15.409, 15.210, 15.096, 15.064, 15.095, 15.178, 15.205, 15.305, 15.348, 15.298, 15.078, 14.553, 13.486, 11.634, 9.362, 7.726, 6.983, 6.710, 6.686, 6.844, 7.143, 7.539, 7.993, 8.470, 8.972, 9.454, 9.898, 10.304, 10.676, 10.995, 11.251, 11.480, 11.682, 11.883, 12.064, 12.222, 12.409, 12.610, 12.806, 13.009, 13.239, 13.459, 13.698, 13.922, 14.169, 14.337, 14.417, 14.442, 14.500, 14.498, 14.390, 14.282, 14.166, 13.962, 13.779, 13.507, 13.200, 12.807, 12.477, 12.223, 11.961, 11.810, 11.734, 11.622, 11.516, 11.432, 11.366, 11.281, 11.186, 11.220, 11.096, 10.908, 10.920, 10.820, 10.519, 10.656, 16.3,1101075.0,1164724.0,872823.64,48345.31,3078.92,21297.54,532.43,24645.24,252.63,257.13,28.90,529.67,20.97,1695.09,25.88,1535.83,20.06,1411.86,56.42,29.39,6.14,117.04,15.92,430.51,13.52,26391.93,147.29,0.00,120.55,0.00,11.63,30.72,2.46,79.81,2.59,29.47,1.25,0.00,5.16,70.91,1.09,96.50,1.23,9.95,0.80,89.34,1.33,5.98,1.00,0.00,49.81,0.00,414.72,25.59,5.93,0.00,475.48,0.00,505.30,13.31,3.00,0.00,26.89,7.79,1.19,30.50,3.56,0.00,134.72,0.00,63.38,220765.18,80169.86,5105.70,40240.91,1006.01,52724.42,540.46,589.18,66.22,1322.54,52.36,2041.91,31.18,2148.94,28.07,2355.68,94.14,52.47,10.96,171.06,23.27,618.57,19.43,37733.70,210.59,0.00,153.28,0.00,14.80,38.45,3.08,99.34,3.22,38.91,1.65,0.00,7.25,77.55,1.19,114.12,1.45,12.64,1.02,120.68,1.80,7.01,1.17,0.00,66.42,0.00,445.46,29.23,6.77,0.00,603.63,0.00,604.90,15.63,3.52,0.00,29.03,8.39,1.28,34.00,3.97,0.00,153.30,0.00,71.90
88.5,88.5,1,88.500,18/03/2026 05:14:03,29.032, , , , , , , , , , , , , , , , , , , , , , , , , , , , , , , , , , , , , , , , , , , , , , , , , , , , , , , , , , , , , , , , , , , , , , , , , , , , , , , , , , , , , , , , , , , , , , , , , , , , , , , , , , , , , , , , , , , , , , , , , , , , , , , , , , , , , , , , , , , , , , , , , , , , , , , , , , , , , , , , , , , , , , , , , , , , , , , , , , , , , , , , , , , , , , , , , , , , , , , , , , , , , , , , , , , , , , , , , , , , , , , , , , , , , , , , , , , , , , , , , , , , , , , , , , , , , , , , , , , , , , , , , , , , , , , , , , , , , , , , , , , , , , , , , , , , , , , , , , , , , , , , , , , , , , , , , , , , , , , , , , , , , , , , , , , , , , , , , , , , , , , , , , , , , , , , , , , , , , , , , , , , 
89.0,89.0,1,89.000,18/03/2026 05:14:21,23.411,,13.02, 14.04, 13.49,44.29, -2.15, 4.25,13.539, 12.876, 12.440, 11.822, 11.360, 10.908, 11.121, 11.226, 11.507, 11.993, 12.257, 12.591, 12.825, 13.108, 13.380, 13.579, 13.786, 13.958, 14.136, 14.321, 14.361, 14.267, 14.294, 14.294, 14.094, 14.052, 13.956, 13.806, 13.796, 13.651, 13.615, 13.477, 13.394, 13.348, 13.350, 13.358, 13.377, 13.402, 13.512, 13.514, 13.731, 13.773, 13.886, 14.147, 14.131, 14.320, 14.516, 14.401, 14.526, 14.694, 14.514, 14.513, 14.729, 14.621, 14.438, 14.629, 14.803, 14.628, 14.545, 14.801, 14.963, 14.796, 14.714, 14.955, 15.205, 15.126, 14.906, 14.896, 15.165, 15.372, 15.266, 15.032, 14.958, 15.139, 15.383, 15.400, 15.195, 14.993, 15.002, 15.177, 15.356, 15.371, 15.223, 15.068, 15.070, 15.277, 15.571, 15.766, 15.757, 15.612, 15.466, 15.473, 15.651, 15.923, 16.142, 16.189, 16.028, 15.761, 15.502, 15.387, 15.453, 15.636, 15.755, 15.565, 14.756, 13.469, 12.340, 11.732, 11.541, 11.610, 11.848, 12.177, 12.581, 12.960, 13.219, 13.401, 13.508, 13.642, 13.852, 14.169, 14.561, 14.989, 15.378, 15.664, 15.812, 15.817, 15.733, 15.590, 15.447, 15.384, 15.417, 15.548, 15.764, 16.013, 16.253, 16.446, 16.524, 16.449, 16.259, 15.971, 15.640, 15.290, 15.000, 14.850, 14.830, 14.938, 15.017, 15.241, 15.441, 15.547, 15.437, 14.986, 13.921, 11.995, 9.564, 7.739, 6.818, 6.367, 6.211, 6.274, 6.548, 6.953, 7.481, 8.067, 8.734, 9.361, 9.969, 10.506, 10.969, 11.327, 11.618, 11.825, 11.965, 12.059, 12.118, 12.188, 12.235, 12.333, 12.451, 12.614, 12.827, 13.093, 13.393, 13.705, 14.045, 14.302, 14.502, 14.640, 14.787, 14.861, 14.804, 14.671, 14.554, 14.283, 14.042, 13.693, 13.292, 12.790, 12.372, 11.987, 11.610, 11.382, 11.273, 11.049, 10.986, 10.930, 10.836, 10.877, 10.848, 10.840, 10.935, 10.840, 10.806, 10.912, 10.746, 10.675, 16.3,1086559.0,1172794.0,886085.28,36360.23,2963.56,20771.10,527.35,24869.63,254.15,363.97,30.36,501.94,20.95,1291.69,24.14,1229.70,18.22,1369.02,56.08,45.14,6.47,0.00,55.88,421.37,13.37,26312.42,145.80,0.00,121.24,0.00,15.02,6.30,2.03,58.78,2.26,28.93,1.36,0.00,5.24,56.54,0.98,86.68,1.17,3.23,0.74,83.30,1.31,6.05,1.00,0.00,49.82,0.00,413.33,0.00,290.06,29.94,8.71,0.00,507.58,0.00,49.15,0.00,27.04,18.76,1.37,0.00,127.99,0.00,142.13,0.00,59.20,199165.60,60295.29,4914.40,39246.22,996.41,53204.47,543.71,833.99,69.57,1253.30,52.31,1555.98,29.08,1720.60,25.49,2284.20,93.57,80.58,11.55,0.00,81.67,605.44,19.21,37620.02,208.46,0.00,154.15,0.00,19.11,7.89,2.54,73.16,2.81,38.20,1.80,0.00,7.36,61.83,1.07,102.51,1.38,4.10,0.94,112.52,1.77,7.09,1.17,0.00,66.43,0.00,443.96,0.00,331.34,38.01,11.06,0.00,607.62,0.00,57.70,0.00,29.20,20.21,1.48,0.00,142.69,0.00,161.73,0.00,67.16
89.5,89.5,1,89.500,18/03/2026 05:15:12,22.949, , , , , , , , , , , , , , , , , , , , , , , , , , , , , , , , , , , , , , , , , , , , , , , , , , , , , , , , , , , , , , , , , , , , , , , , , , , , , , , , , , , , , , , , , , , , , , , , , , , , , , , , , , , , , , , , , , , , , , , , , , , , , , , , , , , , , , , , , , , , , , , , , , , , , , , , , , , , , , , , , , , , , , , , , , , , , , , , , , , , , , , , , , , , , , , , , , , , , , , , , , , , , , , , , , , , , , , , , , , , , , , , , , , , , , , , , , , , , , , , , , , , , , , , , , , , , , , , , , , , , , , , , , , , , , , , , , , , , , , , , , , , , , , , , , , , , , , , , , , , , , , , , , , , , , , , , , , , , , , , , , , , , , , , , , , , , , , , , , , , , , , , , , , , , , , , , , , , , , , , , , , , 
90.0,90.0,1,90.000,18/03/2026 05:15:38,22.489,,12.01, 12.96, 12.47,42.71, -2.15, 4.10,12.728, 10.595, 11.613, 10.426, 10.544, 10.102, 10.195, 10.341, 10.678, 11.065, 11.351, 11.630, 11.852, 12.114, 12.361, 12.532, 12.716, 12.945, 13.123, 13.228, 13.195, 13.188, 13.215, 13.121, 13.054, 12.953, 12.799, 12.806, 12.613, 12.663, 12.465, 12.476, 12.271, 12.383, 12.194, 12.449, 12.162, 12.540, 12.313, 12.550, 12.717, 12.581, 13.027, 12.986, 13.064, 13.431, 13.332, 13.403, 13.628, 13.556, 13.536, 13.660, 13.651, 13.620, 13.646, 13.681, 13.730, 13.788, 13.786, 13.802, 13.929, 14.009, 13.994, 14.022, 14.158, 14.288, 14.272, 14.167, 14.231, 14.420, 14.539, 14.426, 14.279, 14.338, 14.568, 14.701, 14.600, 14.385, 14.300, 14.415, 14.596, 14.707, 14.615, 14.442, 14.402, 14.609, 14.914, 15.147, 15.145, 14.978, 14.810, 14.826, 15.045, 15.365, 15.606, 15.611, 15.408, 15.088, 14.843, 14.774, 14.908, 15.131, 15.221, 14.949, 14.046, 12.659, 11.502, 10.944, 10.873, 11.024, 11.308, 11.597, 11.924, 12.220, 12.445, 12.610, 12.764, 12.996, 13.358, 13.795, 14.244, 14.662, 14.999, 15.187, 15.243, 15.193, 15.093, 14.983, 14.939, 14.984, 15.124, 15.332, 15.588, 15.793, 15.961, 16.045, 16.022, 15.869, 15.626, 15.357, 15.068, 14.804, 14.637, 14.574, 14.654, 14.814, 14.858, 15.022, 15.120, 15.081, 14.862, 14.296, 13.106, 11.076, 8.605, 6.824, 6.013, 5.704, 5.653, 5.805, 6.111, 6.521, 7.000, 7.537, 8.094, 8.627, 9.121, 9.569, 9.982, 10.318, 10.625, 10.886, 11.108, 11.314, 11.524, 11.691, 11.870, 12.065, 12.259, 12.490, 12.716, 12.946, 13.171, 13.411, 13.643, 13.792, 13.902, 13.911, 13.954, 13.959, 13.857, 13.737, 13.636, 13.442, 13.253, 12.980, 12.686, 12.324, 12.007, 11.703, 11.470, 11.239, 11.105, 10.911, 10.797, 10.661, 10.587, 10.350, 10.284, 10.160, 10.078, 9.861, 9.733, 9.613, 9.443, 9.464, 16.3,1109466.0,1106445.0,885823.75,48363.45,3115.16,18892.81,504.97,21362.76,234.26,315.89,29.36,472.84,20.74,299.02,19.53,525.67,14.42,974.92,51.29,0.00,17.85,0.00,49.98,424.92,13.16,22176.97,125.67,0.00,102.03,0.00,13.79,39.30,2.53,50.33,2.06,26.77,1.17,0.00,4.21,53.10,0.92,80.34,1.10,8.46,0.74,80.97,1.25,0.00,27.44,0.00,49.02,0.00,405.55,0.00,283.53,0.00,470.53,0.00,492.43,0.00,45.91,0.00,22.43,7.47,1.12,20.27,3.53,0.00,136.87,0.00,57.16,198995.07,80199.94,5165.79,35697.26,954.12,45702.10,501.16,723.82,67.27,1180.64,51.79,360.20,23.53,735.52,20.18,1626.65,85.58,0.00,31.87,0.00,73.05,610.54,18.91,31707.39,179.68,0.00,129.73,0.00,17.55,49.19,3.17,62.65,2.56,35.35,1.54,0.00,5.92,58.07,1.01,95.01,1.30,10.74,0.94,109.37,1.69,0.00,32.17,0.00,65.37,0.00,435.61,0.00,323.88,0.00,597.35,0.00,589.49,0.00,53.90,0.00,24.22,8.05,1.21,22.60,3.94,0.00,155.74,0.00,64.84
90.5,90.5,1,90.500,18/03/2026 05:16:13,21.162, , , , , , , , , , , , , , , , , , , , , , , , , , , , , , , , , , , , , , , , , , , , , , , , , , , , , , , , , , , , , , , , , , , , , , , , , , , , , , , , , , , , , , , , , , , , , , , , , , , , , , , , , , , , , , , , , , , , , , , , , , , , , , , , , , , , , , , , , , , , , , , , , , , , , , , , , , , , , , , , , , , , , , , , , , , , , , , , , , , , , , , , , , , , , , , , , , , , , , , , , , , , , , , , , , , , , , , , , , , , , , , , , , , , , , , , , , , , , , , , , , , , , , , , , , , , , , , , , , , , , , , , , , , , , , , , , , , , , , , , , , , , , , , , , , , , , , , , , , , , , , , , , , , , , , , , , , , , , , , , , , , , , , , , , , , , , , , , , , , , , , , , , , , , , , , , , , , , , , , , , , , , 
91.0,91.0,1,91.000,18/03/2026 05:16:39,20.435,,12.61, 13.57, 13.42,43.60, -1.87, 3.23,13.644, 12.696, 13.218, 11.979, 11.470, 11.476, 11.325, 11.379, 11.589, 12.002, 12.229, 12.509, 12.700, 12.881, 13.116, 13.255, 13.442, 13.602, 13.695, 13.757, 13.780, 13.774, 13.764, 13.697, 13.601, 13.527, 13.398, 13.326, 13.285, 13.151, 13.170, 12.978, 13.011, 12.853, 12.994, 12.864, 13.005, 12.980, 13.014, 13.199, 13.125, 13.396, 13.461, 13.489, 13.809, 13.797, 13.811, 14.096, 14.038, 13.936, 14.175, 14.211, 13.985, 14.101, 14.319, 14.180, 14.045, 14.283, 14.480, 14.330, 14.216, 14.439, 14.672, 14.621, 14.452, 14.521, 14.735, 14.895, 14.790, 14.615, 14.698, 14.920, 15.043, 14.923, 14.747, 14.733, 14.887, 15.047, 15.059, 14.888, 14.693, 14.686, 14.849, 15.062, 15.201, 15.204, 15.117, 15.047, 15.074, 15.214, 15.409, 15.580, 15.633, 15.589, 15.475, 15.389, 15.340, 15.384, 15.455, 15.518, 15.517, 15.431, 15.206, 14.776, 14.009, 13.019, 12.309, 12.072, 12.107, 12.162, 12.167, 12.147, 12.196, 12.331, 12.566, 12.946, 13.402, 13.891, 14.362, 14.744, 14.999, 15.141, 15.130, 15.046, 14.947, 14.892, 14.969, 15.137, 15.411, 15.704, 15.982, 16.200, 16.320, 16.327, 16.208, 16.010, 15.766, 15.507, 15.272, 15.146, 15.112, 15.154, 15.309, 15.496, 15.713, 15.905, 15.843, 15.843, 15.722, 15.475, 15.027, 14.317, 13.110, 11.215, 8.964, 7.379, 6.789, 6.706, 6.893, 7.264, 7.723, 8.212, 8.709, 9.174, 9.592, 9.928, 10.208, 10.421, 10.583, 10.721, 10.870, 11.040, 11.228, 11.490, 11.795, 12.129, 12.528, 12.929, 13.330, 13.727, 14.086, 14.406, 14.641, 14.835, 14.986, 15.011, 14.940, 14.771, 14.608, 14.450, 14.182, 13.929, 13.691, 13.467, 13.269, 13.065, 12.870, 12.657, 12.519, 12.446, 12.416, 12.496, 12.543, 12.606, 12.607, 12.625, 12.556, 12.471, 12.241, 12.132, 11.972, 11.693, 11.451, 11.217, 10.802, 10.493, 16.3,1114505.0,1143701.0,884346.92,50149.77,3096.73,17688.28,490.05,20561.18,227.18,310.35,28.84,512.76,20.61,723.34,20.98,715.60,15.21,1066.03,51.69,56.07,6.38,138.20,16.45,357.13,12.39,22979.93,128.88,0.00,110.45,0.00,13.71,20.37,2.20,59.92,2.21,27.25,1.28,0.00,4.52,56.32,0.95,95.98,1.19,11.47,0.77,85.86,1.28,0.00,28.28,0.00,48.48,0.00,404.09,0.00,278.00,0.00,458.97,0.00,484.26,0.00,52.28,0.00,24.31,17.14,1.29,20.11,3.57,0.00,137.25,0.00,60.52,200366.67,83162.15,5135.23,33421.34,925.93,43987.25,486.01,711.13,66.08,1280.31,51.46,871.34,25.27,1001.27,21.28,1778.66,86.24,100.10,11.39,201.99,24.04,513.14,17.80,32855.41,184.27,0.00,140.44,0.00,17.45,25.50,2.75,74.58,2.75,35.98,1.69,0.00,6.35,61.59,1.04,113.51,1.41,14.57,0.98,115.98,1.73,0.00,33.15,0.00,64.65,0.00,434.04,0.00,317.57,0.00,582.67,0.00,579.71,0.00,61.38,0.00,26.25,18.46,1.39,22.42,3.98,0.00,156.18,0.00,68.66
91.5,91.5,1,91.500,18/03/2026 05:17:13,21.956, , , , , , , , , , , , , , , , , , , , , , , , , , , , , , , , , , , , , , , , , , , , , , , , , , , , , , , , , , , , , , , , , , , , , , , , , , , , , , , , , , , , , , , , , , , , , , , , , , , , , , , , , , , , , , , , , , , , , , , , , , , , , , , , , , , , , , , , , , , , , , , , , , , , , , , , , , , , , , , , , , , , , , , , , , , , , , , , , , , , , , , , , , , , , , , , , , , , , , , , , , , , , , , , , , , , , , , , , , , , , , , , , , , , , , , , , , , , , , , , , , , , , , , , , , , , , , , , , , , , , , , , , , , , , , , , , , , , , , , , , , , , , , , , , , , , , , , , , , , , , , , , , , , , , , , , , , , , , , , , , , , , , , , , , , , , , , , , , , , , , , , , , , , , , , , , , , , , , , , , , , , , 
92.0,92.0,1,92.000,18/03/2026 05:17:39,21.693,,12.49, 13.44, 13.12,43.42, -1.93, 3.65,13.274, 13.042, 13.102, 11.848, 11.464, 11.195, 10.875, 11.127, 11.336, 11.757, 11.920, 12.178, 12.391, 12.643, 12.935, 13.133, 13.295, 13.392, 13.515, 13.703, 13.654, 13.615, 13.750, 13.497, 13.554, 13.472, 13.193, 13.415, 12.995, 13.325, 12.844, 13.169, 12.689, 12.995, 12.810, 12.822, 13.105, 12.694, 13.277, 13.025, 13.089, 13.625, 13.241, 13.580, 14.005, 13.654, 13.902, 14.314, 14.032, 13.980, 14.355, 14.353, 14.078, 14.157, 14.430, 14.425, 14.210, 14.234, 14.548, 14.710, 14.499, 14.306, 14.589, 14.996, 15.026, 14.635, 14.472, 14.845, 15.305, 15.314, 14.857, 14.525, 14.787, 15.336, 15.579, 15.277, 14.779, 14.580, 14.899, 15.371, 15.580, 15.380, 14.939, 14.660, 14.815, 15.311, 15.813, 16.012, 15.825, 15.440, 15.136, 15.160, 15.515, 16.014, 16.371, 16.428, 16.171, 15.710, 15.272, 15.081, 15.171, 15.472, 15.757, 15.709, 14.993, 13.709, 12.478, 11.675, 11.289, 11.238, 11.490, 11.926, 12.529, 13.139, 13.607, 13.884, 13.934, 13.897, 13.860, 13.932, 14.154, 14.530, 15.016, 15.508, 15.961, 16.272, 16.436, 16.401, 16.221, 15.953, 15.697, 15.489, 15.406, 15.452, 15.650, 15.938, 16.286, 16.576, 16.744, 16.817, 16.704, 16.454, 16.122, 15.740, 15.405, 15.108, 14.813, 14.705, 14.709, 14.740, 14.739, 14.493, 13.746, 12.210, 10.251, 8.892, 8.289, 8.005, 7.816, 7.703, 7.657, 7.674, 7.756, 7.938, 8.190, 8.545, 8.962, 9.465, 10.010, 10.605, 11.208, 11.790, 12.331, 12.828, 13.239, 13.566, 13.829, 14.018, 14.099, 14.120, 14.108, 14.046, 13.976, 13.887, 13.831, 13.755, 13.659, 13.587, 13.625, 13.708, 13.740, 13.855, 13.996, 14.110, 14.237, 14.342, 14.341, 14.235, 14.106, 13.966, 13.843, 13.699, 13.497, 13.285, 13.011, 12.680, 12.258, 11.850, 11.544, 11.106, 10.694, 10.264, 9.912, 9.641, 9.477, 9.379, 16.3,1149220.0,1138429.0,879858.17,54476.30,3104.81,19092.26,496.73,21534.65,230.51,191.85,26.78,391.48,19.49,564.66,20.03,644.82,14.74,867.41,49.02,24.74,5.80,156.88,15.91,263.54,11.00,21572.84,120.50,0.00,105.00,0.00,13.57,26.94,2.26,66.02,2.23,22.25,1.13,1.27,0.40,47.56,0.85,78.42,1.05,8.40,0.71,71.23,1.17,6.93,0.94,0.00,48.02,0.00,399.09,0.00,272.64,0.00,448.49,0.00,479.76,0.00,48.16,0.00,23.26,11.14,1.15,20.25,3.40,0.00,133.43,0.00,55.78,208864.60,90336.73,5148.63,36074.11,938.55,46069.83,493.14,439.60,61.36,977.49,48.66,680.19,24.13,902.24,20.62,1447.27,81.79,44.17,10.35,229.29,23.25,378.66,15.81,30843.63,172.28,0.00,133.51,0.00,17.27,33.72,2.83,82.18,2.78,29.38,1.49,1.78,0.56,52.01,0.93,92.74,1.24,10.67,0.90,96.22,1.58,8.12,1.10,0.00,64.03,0.00,428.67,0.00,311.44,0.00,569.37,0.00,574.32,0.00,56.54,0.00,25.12,12.00,1.24,22.58,3.79,0.00,151.83,0.00,63.28
92.5,92.5,1,92.500,18/03/2026 05:18:23,23.015,1157880.093, , , , , , , , , , , , , , , , , , , , , , , , , , , , , , , , , , , , , , , , , , , , , , , , , , , , , , , , , , , , , , , , , , , , , , , , , , , , , , , , , , , , , , , , , , , , , , , , , , , , , , , , , , , , , , , , , , , , , , , , , , , , , , , , , , , , , , , , , , , , , , , , , , , , , , , , , , , , , , , , , , , , , , , , , , , , , , , , , , , , , , , , , , , , , , , , , , , , , , , , , , , , , , , , , , , , , , , , , , , , , , , , , , , , , , , , , , , , , , , , , , , , , , , , , , , , , , , , , , , , , , , , , , , , , , , , , , , , , , , , , , , , , , , , , , , , , , , , , , , , , , , , , , , , , , , , , , , , , , , , , , , , , , , , , , , , , , , , , , , , , , , , , , , , , , , , , , , , , , , , , , , 
93.0,93.0,1,93.000,18/03/2026 05:18:40,23.606,,11.97, 12.94, 12.05,42.67, -2.27, 5.15,10.648, 10.610, 10.057, 9.804, 9.714, 9.753, 9.596, 9.814, 10.142, 10.602, 10.981, 11.262, 11.535, 11.804, 12.095, 12.365, 12.646, 12.896, 13.022, 13.099, 13.216, 13.269, 13.195, 13.168, 13.138, 12.967, 12.919, 12.829, 12.731, 12.723, 12.583, 12.544, 12.380, 12.422, 12.390, 12.455, 12.461, 12.533, 12.596, 12.681, 12.820, 12.908, 13.072, 13.204, 13.322, 13.482, 13.548, 13.611, 13.697, 13.700, 13.690, 13.728, 13.725, 13.695, 13.704, 13.740, 13.753, 13.777, 13.842, 13.869, 13.906, 13.935, 14.012, 14.066, 14.112, 14.142, 14.207, 14.246, 14.230, 14.244, 14.314, 14.315, 14.289, 14.268, 14.249, 14.304, 14.361, 14.368, 14.300, 14.211, 14.178, 14.277, 14.370, 14.425, 14.422, 14.393, 14.446, 14.574, 14.712, 14.811, 14.831, 14.809, 14.783, 14.822, 14.915, 15.030, 15.065, 15.024, 14.897, 14.732, 14.607, 14.560, 14.522, 14.305, 13.608, 12.499, 11.538, 11.003, 10.760, 10.660, 10.699, 10.859, 11.202, 11.648, 12.077, 12.469, 12.748, 12.975, 13.158, 13.354, 13.561, 13.827, 14.085, 14.338, 14.538, 14.689, 14.774, 14.803, 14.782, 14.726, 14.702, 14.701, 14.742, 14.820, 14.928, 15.053, 15.127, 15.132, 15.057, 14.937, 14.759, 14.536, 14.336, 14.172, 14.089, 14.064, 14.059, 14.117, 14.184, 14.173, 14.014, 13.533, 12.520, 10.654, 8.328, 6.622, 5.858, 5.563, 5.483, 5.598, 5.826, 6.155, 6.556, 7.015, 7.501, 8.000, 8.481, 8.940, 9.367, 9.761, 10.108, 10.431, 10.705, 10.944, 11.182, 11.381, 11.561, 11.731, 11.875, 12.043, 12.205, 12.365, 12.531, 12.717, 12.902, 13.021, 13.091, 13.105, 13.185, 13.215, 13.144, 13.060, 12.963, 12.825, 12.674, 12.461, 12.203, 11.855, 11.579, 11.298, 11.035, 10.812, 10.665, 10.497, 10.360, 10.149, 10.014, 9.921, 9.760, 9.568, 9.453, 9.281, 9.163, 9.001, 8.794, 8.696, 16.3,1096407.0,1166909.0,872835.85,50377.07,3131.33,20920.37,531.59,24740.88,254.94,263.46,29.19,549.97,21.33,1447.51,25.00,1375.67,19.34,1611.60,58.88,0.00,19.50,0.00,55.44,373.73,12.83,25059.03,141.57,0.00,117.58,0.00,13.14,30.39,2.45,83.82,2.61,29.31,1.37,0.00,4.38,71.10,1.08,91.82,1.20,10.88,0.81,79.94,1.28,0.00,29.13,0.00,48.74,0.00,418.94,0.00,287.40,0.00,476.59,0.00,501.17,0.00,54.52,5.92,1.09,19.50,1.37,22.18,3.65,0.00,138.62,0.00,57.53,221237.05,83539.08,5192.61,39528.26,1004.42,52929.03,545.40,603.68,66.88,1373.22,53.26,1743.68,30.12,1924.85,27.06,2688.94,98.24,0.00,34.81,0.00,81.03,536.99,18.43,35827.99,202.41,0.00,149.50,0.00,16.72,38.04,3.07,104.33,3.25,38.70,1.81,0.00,6.16,77.75,1.18,108.59,1.42,13.82,1.03,107.98,1.73,0.00,34.15,0.00,64.99,0.00,449.99,0.00,328.31,0.00,605.04,0.00,599.95,0.00,64.01,6.39,1.18,21.01,1.48,24.73,4.07,0.00,157.74,0.00,65.26
93.5,93.5,1,93.500,18/03/2026 05:19:23,25.127, , , , , , , , , , , , , , , , , , , , , , , , , , , , , , , , , , , , , , , , , , , , , , , , , , , , , , , , , , , , , , , , , , , , , , , , , , , , , , , , , , , , , , , , , , , , , , , , , , , , , , , , , , , , , , , , , , , , , , , , , , , , , , , , , , , , , , , , , , , , , , , , , , , , , , , , , , , , , , , , , , , , , , , , , , , , , , , , , , , , , , , , , , , , , , , , , , , , , , , , , , , , , , , , , , , , , , , , , , , , , , , , , , , , , , , , , , , , , , , , , , , , , , , , , , , , , , , , , , , , , , , , , , , , , , , , , , , , , , , , , , , , , , , , , , , , , , , , , , , , , , , , , , , , , , , , , , , , , , , , , , , , , , , , , , , , , , , , , , , , , , , , , , , , , , , , , , , , , , , , , , , , 
94.0,94.0,1,94.000,18/03/2026 05:19:40,23.343,,13.76, 14.81, 14.33,45.37, -2.00, 4.08,16.411, 15.165, 14.754, 12.860, 12.341, 12.281, 11.878, 12.072, 12.312, 12.766, 13.047, 13.352, 13.580, 13.814, 14.080, 14.282, 14.535, 14.783, 14.953, 15.038, 15.027, 15.102, 15.110, 14.968, 14.918, 14.837, 14.666, 14.671, 14.519, 14.515, 14.379, 14.307, 14.168, 14.172, 14.150, 14.193, 14.187, 14.254, 14.301, 14.393, 14.504, 14.631, 14.743, 14.917, 15.053, 15.137, 15.274, 15.344, 15.332, 15.403, 15.431, 15.364, 15.376, 15.430, 15.383, 15.341, 15.425, 15.484, 15.469, 15.462, 15.539, 15.631, 15.641, 15.653, 15.712, 15.792, 15.842, 15.832, 15.815, 15.815, 15.889, 15.917, 15.896, 15.808, 15.776, 15.818, 15.899, 15.933, 15.876, 15.751, 15.656, 15.686, 15.836, 15.958, 16.002, 15.983, 15.939, 15.946, 16.056, 16.234, 16.371, 16.445, 16.414, 16.342, 16.292, 16.293, 16.350, 16.420, 16.420, 16.360, 16.230, 16.077, 15.848, 15.466, 14.678, 13.624, 12.802, 12.430, 12.301, 12.203, 12.136, 12.132, 12.290, 12.619, 13.040, 13.534, 13.996, 14.407, 14.754, 15.009, 15.181, 15.293, 15.369, 15.444, 15.525, 15.644, 15.819, 15.991, 16.156, 16.321, 16.429, 16.493, 16.501, 16.449, 16.389, 16.315, 16.226, 16.131, 16.004, 15.941, 15.879, 15.806, 15.788, 15.800, 15.835, 15.896, 15.867, 15.836, 15.741, 15.540, 15.192, 14.542, 13.382, 11.465, 9.148, 7.536, 6.887, 6.723, 6.809, 7.086, 7.467, 7.890, 8.346, 8.783, 9.214, 9.597, 9.941, 10.232, 10.503, 10.744, 10.985, 11.232, 11.488, 11.749, 12.050, 12.349, 12.664, 13.017, 13.322, 13.645, 13.919, 14.199, 14.419, 14.612, 14.762, 14.796, 14.742, 14.636, 14.562, 14.436, 14.240, 14.019, 13.867, 13.652, 13.463, 13.247, 13.045, 12.718, 12.475, 12.314, 12.205, 12.182, 12.187, 12.112, 12.104, 12.034, 11.922, 11.894, 11.778, 11.580, 11.454, 11.223, 10.910, 10.694, 10.502, 10.195, 16.3,1086852.0,1187332.0,877915.50,40762.60,3029.85,20615.49,531.48,25601.93,259.55,319.65,30.08,488.88,20.94,2006.84,27.52,1621.78,20.70,1949.48,62.30,22.70,6.30,146.57,16.70,322.55,12.39,27759.37,154.95,0.00,122.16,0.00,15.95,24.75,2.44,64.16,2.37,30.63,1.39,0.00,5.16,62.65,1.05,87.23,1.19,10.25,0.81,105.92,1.43,8.23,1.03,0.00,50.28,0.00,414.69,19.38,6.09,0.00,483.44,0.00,514.11,0.00,49.33,0.00,28.84,16.72,1.38,36.73,3.66,0.00,135.86,0.00,61.92,212188.18,67595.63,5024.33,38952.20,1004.21,54771.10,555.26,732.43,68.92,1220.69,52.29,2417.45,33.15,2269.20,28.96,3252.70,103.95,40.52,11.25,214.22,24.41,463.45,17.80,39688.79,221.54,0.00,155.32,0.00,20.30,30.98,3.05,79.86,2.95,40.44,1.84,0.00,7.25,68.51,1.15,103.16,1.41,13.02,1.03,143.07,1.93,9.65,1.21,0.00,67.05,0.00,445.42,22.14,6.96,0.00,613.74,0.00,615.44,0.00,57.92,0.00,31.14,18.01,1.49,40.95,4.08,0.00,154.60,0.00,70.24
94.5,94.5,1,94.500,18/03/2026 05:20:32,23.344, , , , , , , , , , , , , , , , , , , , , , , , , , , , , , , , , , , , , , , , , , , , , , , , , , , , , , , , , , , , , , , , , , , , , , , , , , , , , , , , , , , , , , , , , , , , , , , , , , , , , , , , , , , , , , , , , , , , , , , , , , , , , , , , , , , , , , , , , , , , , , , , , , , , , , , , , , , , , , , , , , , , , , , , , , , , , , , , , , , , , , , , , , , , , , , , , , , , , , , , , , , , , , , , , , , , , , , , , , , , , , , , , , , , , , , , , , , , , , , , , , , , , , , , , , , , , , , , , , , , , , , , , , , , , , , , , , , , , , , , , , , , , , , , , , , , , , , , , , , , , , , , , , , , , , , , , , , , , , , , , , , , , , , , , , , , , , , , , , , , , , , , , , , , , , , , , , , , , , , , , , , , 
95.0,95.0,1,95.000,18/03/2026 05:20:58,24.268,,11.87, 12.80, 11.76,42.47, -2.09, 5.57,10.784, 11.110, 10.870, 9.802, 9.518, 9.516, 9.247, 9.583, 9.903, 10.313, 10.695, 10.988, 11.260, 11.565, 11.840, 12.074, 12.328, 12.646, 12.900, 12.990, 13.006, 13.142, 13.140, 13.057, 13.073, 12.925, 12.891, 12.768, 12.784, 12.633, 12.674, 12.429, 12.518, 12.293, 12.526, 12.377, 12.480, 12.643, 12.432, 12.912, 12.765, 12.883, 13.367, 13.096, 13.399, 13.837, 13.477, 13.660, 14.122, 13.767, 13.601, 14.105, 14.071, 13.595, 13.767, 14.221, 14.022, 13.642, 13.910, 14.365, 14.268, 13.860, 13.974, 14.450, 14.652, 14.344, 14.100, 14.311, 14.755, 14.913, 14.613, 14.292, 14.335, 14.664, 14.939, 14.860, 14.568, 14.351, 14.427, 14.660, 14.842, 14.838, 14.679, 14.516, 14.515, 14.710, 15.005, 15.228, 15.273, 15.179, 15.032, 14.991, 15.098, 15.317, 15.559, 15.676, 15.636, 15.440, 15.184, 14.987, 14.908, 14.950, 15.009, 14.826, 14.066, 12.847, 11.759, 11.138, 10.839, 10.729, 10.794, 11.009, 11.422, 11.915, 12.402, 12.819, 13.117, 13.340, 13.527, 13.703, 13.891, 14.123, 14.396, 14.674, 14.918, 15.134, 15.299, 15.373, 15.404, 15.390, 15.346, 15.313, 15.278, 15.275, 15.308, 15.378, 15.460, 15.491, 15.480, 15.437, 15.350, 15.229, 15.081, 14.942, 14.848, 14.776, 14.626, 14.562, 14.486, 14.356, 14.091, 13.545, 12.453, 10.550, 8.252, 6.680, 6.036, 5.849, 5.857, 6.015, 6.275, 6.572, 6.910, 7.267, 7.637, 8.007, 8.358, 8.725, 9.084, 9.433, 9.807, 10.158, 10.524, 10.896, 11.246, 11.587, 11.914, 12.230, 12.500, 12.735, 12.954, 13.109, 13.255, 13.334, 13.405, 13.401, 13.315, 13.183, 13.097, 13.007, 12.839, 12.728, 12.644, 12.509, 12.437, 12.349, 12.158, 11.917, 11.753, 11.612, 11.504, 11.453, 11.414, 11.273, 11.215, 11.041, 10.879, 10.680, 10.403, 10.176, 9.866, 9.532, 9.304, 8.925, 8.665, 8.327, 16.3,1157080.0,1226669.0,883074.42,31749.40,2678.54,18062.21,479.08,29055.90,261.92,314.61,27.69,664.61,20.21,2659.67,28.39,2058.18,21.45,1975.06,59.08,36.70,6.18,166.71,16.21,468.40,13.47,29318.46,151.56,0.00,122.71,0.00,10.24,9.53,2.00,61.96,2.29,70.30,1.60,0.00,4.58,46.28,0.86,92.13,1.17,9.50,0.74,72.66,1.21,3.48,0.96,0.00,46.62,0.00,383.61,0.00,271.00,0.00,452.86,0.00,469.06,21.78,3.02,0.00,23.98,8.10,1.13,0.00,116.33,0.00,131.18,0.00,52.54,204086.93,52649.26,4441.76,34127.87,905.20,62160.30,560.33,720.89,63.45,1659.47,50.46,3203.85,34.20,2879.82,30.01,3295.38,98.57,65.52,11.03,243.66,23.69,673.02,19.35,41917.89,216.69,0.00,156.02,0.00,13.03,11.93,2.50,77.12,2.85,92.82,2.11,0.00,6.44,50.61,0.94,108.95,1.38,12.06,0.94,98.15,1.63,4.08,1.13,0.00,62.17,0.00,412.04,0.00,309.57,0.00,574.91,0.00,561.51,25.57,3.55,0.00,25.89,8.73,1.22,0.00,129.69,0.00,149.27,0.00,59.60
95.5,95.5,1,95.500,18/03/2026 05:21:33,22.548, , , , , , , , , , , , , , , , , , , , , , , , , , , , , , , , , , , , , , , , , , , , , , , , , , , , , , , , , , , , , , , , , , , , , , , , , , , , , , , , , , , , , , , , , , , , , , , , , , , , , , , , , , , , , , , , , , , , , , , , , , , , , , , , , , , , , , , , , , , , , , , , , , , , , , , , , , , , , , , , , , , , , , , , , , , , , , , , , , , , , , , , , , , , , , , , , , , , , , , , , , , , , , , , , , , , , , , , , , , , , , , , , , , , , , , , , , , , , , , , , , , , , , , , , , , , , , , , , , , , , , , , , , , , , , , , , , , , , , , , , , , , , , , , , , , , , , , , , , , , , , , , , , , , , , , , , , , , , , , , , , , , , , , , , , , , , , , , , , , , , , , , , , , , , , , , , , , , , , , , , , , , 
96.0,96.0,1,96.000,18/03/2026 05:21:59,21.760,,10.66, 11.55, 10.46,40.48, -2.37, 5.78,8.311, 8.547, 9.298, 8.556, 8.104, 8.128, 8.197, 8.322, 8.674, 9.202, 9.491, 9.824, 10.049, 10.335, 10.669, 10.941, 11.207, 11.460, 11.600, 11.716, 11.809, 11.857, 11.826, 11.793, 11.750, 11.615, 11.579, 11.473, 11.424, 11.358, 11.287, 11.184, 11.123, 11.065, 11.143, 11.083, 11.200, 11.192, 11.282, 11.425, 11.462, 11.672, 11.802, 11.890, 12.130, 12.241, 12.282, 12.446, 12.518, 12.473, 12.525, 12.604, 12.564, 12.521, 12.586, 12.643, 12.624, 12.623, 12.714, 12.816, 12.823, 12.821, 12.889, 13.038, 13.102, 13.086, 13.152, 13.234, 13.340, 13.351, 13.377, 13.337, 13.323, 13.347, 13.409, 13.440, 13.469, 13.438, 13.405, 13.393, 13.394, 13.462, 13.525, 13.561, 13.550, 13.573, 13.661, 13.796, 13.926, 14.026, 14.045, 14.037, 14.039, 14.084, 14.171, 14.290, 14.353, 14.341, 14.216, 14.046, 13.939, 13.876, 13.804, 13.557, 12.843, 11.727, 10.778, 10.267, 10.007, 9.882, 9.893, 10.012, 10.341, 10.790, 11.280, 11.725, 12.070, 12.335, 12.551, 12.727, 12.907, 13.109, 13.326, 13.559, 13.794, 13.991, 14.153, 14.254, 14.305, 14.294, 14.268, 14.237, 14.211, 14.208, 14.247, 14.329, 14.394, 14.434, 14.394, 14.353, 14.254, 14.093, 13.944, 13.795, 13.679, 13.613, 13.515, 13.480, 13.425, 13.332, 13.102, 12.585, 11.521, 9.690, 7.481, 5.944, 5.308, 5.107, 5.082, 5.197, 5.411, 5.678, 5.985, 6.331, 6.697, 7.082, 7.466, 7.862, 8.250, 8.637, 9.012, 9.391, 9.751, 10.119, 10.437, 10.744, 11.019, 11.277, 11.471, 11.663, 11.799, 11.926, 12.024, 12.096, 12.163, 12.159, 12.127, 12.040, 12.035, 11.983, 11.909, 11.847, 11.826, 11.709, 11.652, 11.526, 11.388, 11.163, 10.915, 10.747, 10.557, 10.443, 10.294, 10.116, 9.952, 9.712, 9.530, 9.220, 8.980, 8.683, 8.354, 8.008, 7.830, 7.664, 7.446, 7.222, 16.3,1177063.0,1243379.0,876161.04,33591.63,2660.22,19629.81,486.62,31471.02,271.48,403.12,28.38,383.10,18.15,2754.19,28.52,2110.17,21.37,1497.76,54.25,20.36,5.67,41.10,13.11,474.44,13.27,30926.20,157.67,0.00,122.75,0.00,14.04,23.14,2.28,74.89,2.36,47.96,1.41,0.00,4.35,45.70,0.87,81.91,1.10,7.16,0.72,76.59,1.21,0.00,24.99,0.00,45.79,49.95,8.50,29.40,5.58,25.07,8.34,31.57,8.94,0.00,33.67,0.00,17.38,7.87,1.16,34.79,3.39,0.00,124.01,0.00,56.88,216414.24,55704.19,4411.38,37089.79,919.45,67327.05,580.79,923.70,65.03,956.56,45.32,3317.71,34.36,2952.56,29.90,2499.00,90.52,36.35,10.12,60.07,19.16,681.69,19.07,44216.54,225.43,0.00,156.07,0.00,17.87,28.97,2.85,93.22,2.94,63.32,1.86,0.00,6.11,49.98,0.95,96.87,1.30,9.09,0.91,103.46,1.63,0.00,29.29,0.00,61.06,53.65,9.13,33.58,6.37,31.83,10.59,37.79,10.70,0.00,39.53,0.00,18.77,8.48,1.25,38.79,3.78,0.00,141.11,0.00,64.53
96.5,96.5,1,96.500,18/03/2026 05:22:33,24.270, , , , , , , , , , , , , , , , , , , , , , , , , , , , , , , , , , , , , , , , , , , , , , , , , , , , , , , , , , , , , , , , , , , , , , , , , , , , , , , , , , , , , , , , , , , , , , , , , , , , , , , , , , , , , , , , , , , , , , , , , , , , , , , , , , , , , , , , , , , , , , , , , , , , , , , , , , , , , , , , , , , , , , , , , , , , , , , , , , , , , , , , , , , , , , , , , , , , , , , , , , , , , , , , , , , , , , , , , , , , , , , , , , , , , , , , , , , , , , , , , , , , , , , , , , , , , , , , , , , , , , , , , , , , , , , , , , , , , , , , , , , , , , , , , , , , , , , , , , , , , , , , , , , , , , , , , , , , , , , , , , , , , , , , , , , , , , , , , , , , , , , , , , , , , , , , , , , , , , , , , , , , 
97.0,97.0,1,97.000,18/03/2026 05:22:59,22.352,,11.73, 12.70, 11.79,42.31, -2.37, 5.19,11.097, 10.192, 10.075, 9.678, 9.601, 9.524, 9.369, 9.475, 9.969, 10.376, 10.748, 11.024, 11.294, 11.572, 11.862, 12.109, 12.400, 12.679, 12.815, 12.910, 12.970, 13.002, 13.007, 12.898, 12.851, 12.771, 12.596, 12.616, 12.424, 12.465, 12.273, 12.269, 12.072, 12.138, 12.050, 12.149, 12.094, 12.209, 12.236, 12.324, 12.502, 12.526, 12.750, 12.881, 12.942, 13.191, 13.233, 13.228, 13.397, 13.406, 13.282, 13.377, 13.454, 13.328, 13.270, 13.430, 13.467, 13.356, 13.380, 13.544, 13.628, 13.537, 13.547, 13.713, 13.850, 13.820, 13.788, 13.833, 13.931, 14.000, 13.976, 13.878, 13.857, 13.934, 13.992, 14.009, 13.961, 13.928, 13.950, 13.957, 13.949, 13.950, 13.967, 13.991, 14.038, 14.135, 14.223, 14.299, 14.336, 14.381, 14.410, 14.474, 14.542, 14.629, 14.692, 14.697, 14.664, 14.602, 14.508, 14.448, 14.428, 14.437, 14.360, 14.063, 13.296, 12.176, 11.246, 10.787, 10.649, 10.635, 10.709, 10.867, 11.121, 11.460, 11.805, 12.119, 12.399, 12.660, 12.922, 13.171, 13.444, 13.688, 13.922, 14.099, 14.234, 14.296, 14.345, 14.355, 14.368, 14.378, 14.439, 14.511, 14.594, 14.681, 14.781, 14.841, 14.873, 14.820, 14.681, 14.530, 14.349, 14.143, 13.987, 13.878, 13.861, 13.877, 13.913, 13.991, 14.029, 13.980, 13.774, 13.277, 12.243, 10.451, 8.232, 6.610, 5.877, 5.600, 5.549, 5.678, 5.946, 6.299, 6.700, 7.148, 7.615, 8.080, 8.523, 8.923, 9.300, 9.645, 9.948, 10.224, 10.480, 10.701, 10.922, 11.121, 11.326, 11.506, 11.693, 11.872, 12.065, 12.229, 12.391, 12.561, 12.723, 12.804, 12.848, 12.839, 12.883, 12.890, 12.808, 12.711, 12.641, 12.494, 12.371, 12.189, 11.965, 11.619, 11.365, 11.087, 10.898, 10.777, 10.626, 10.542, 10.403, 10.223, 10.021, 9.930, 9.763, 9.568, 9.455, 9.186, 9.059, 8.969, 8.748, 8.707, 16.3,1141366.0,1224582.0,872423.02,40656.99,2793.81,20514.29,505.97,29773.18,268.25,289.43,27.89,509.49,19.54,2800.70,29.47,2324.75,23.08,1916.22,59.46,0.00,20.12,128.25,15.54,277.37,11.31,28012.20,147.26,0.00,119.70,0.00,13.75,23.75,2.29,72.71,2.40,33.49,1.30,0.00,4.62,54.97,0.94,85.49,1.13,4.32,0.72,86.81,1.28,0.00,27.32,0.00,47.83,0.00,392.95,0.00,270.44,0.00,452.36,0.00,471.82,0.00,49.42,0.00,24.98,12.59,1.23,0.00,119.29,0.00,133.49,0.00,59.73,222733.59,67420.50,4632.91,38760.98,956.01,63694.80,573.88,663.19,63.91,1272.15,48.79,3373.74,35.50,3252.80,32.29,3197.20,99.21,0.00,35.92,187.44,22.71,398.54,16.25,40050.27,210.54,0.00,152.20,0.00,17.50,29.73,2.87,90.50,2.99,44.22,1.72,0.00,6.49,60.12,1.03,101.10,1.34,5.49,0.91,117.26,1.73,0.00,32.02,0.00,63.78,0.00,422.07,0.00,308.93,0.00,574.28,0.00,564.82,0.00,58.02,0.00,26.97,13.56,1.32,0.00,132.99,0.00,151.90,0.00,67.76
97.5,97.5,1,97.500,18/03/2026 05:23:34,23.544,1157880.226, , , , , , , , , , , , , , , , , , , , , , , , , , , , , , , , , , , , , , , , , , , , , , , , , , , , , , , , , , , , , , , , , , , , , , , , , , , , , , , , , , , , , , , , , , , , , , , , , , , , , , , , , , , , , , , , , , , , , , , , , , , , , , , , , , , , , , , , , , , , , , , , , , , , , , , , , , , , , , , , , , , , , , , , , , , , , , , , , , , , , , , , , , , , , , , , , , , , , , , , , , , , , , , , , , , , , , , , , , , , , , , , , , , , , , , , , , , , , , , , , , , , , , , , , , , , , , , , , , , , , , , , , , , , , , , , , , , , , , , , , , , , , , , , , , , , , , , , , , , , , , , , , , , , , , , , , , , , , , , , , , , , , , , , , , , , , , , , , , , , , , , , , , , , , , , , , , , , , , , , , , , 
98.0,98.0,1,98.000,18/03/2026 05:24:00,24.798,,11.34, 12.26, 11.30,41.63, -2.25, 5.37,10.415, 9.581, 9.995, 9.087, 9.124, 8.938, 8.986, 9.079, 9.486, 9.951, 10.269, 10.590, 10.848, 11.103, 11.396, 11.652, 11.909, 12.159, 12.337, 12.459, 12.527, 12.539, 12.581, 12.531, 12.415, 12.378, 12.251, 12.173, 12.132, 12.030, 11.996, 11.852, 11.799, 11.739, 11.783, 11.774, 11.813, 11.866, 11.916, 12.027, 12.126, 12.246, 12.369, 12.513, 12.650, 12.755, 12.854, 12.928, 12.953, 12.981, 12.994, 12.990, 12.976, 12.987, 12.980, 12.995, 13.016, 13.044, 13.092, 13.129, 13.157, 13.197, 13.262, 13.330, 13.341, 13.366, 13.442, 13.521, 13.530, 13.517, 13.548, 13.546, 13.584, 13.512, 13.500, 13.521, 13.604, 13.619, 13.593, 13.480, 13.416, 13.453, 13.584, 13.680, 13.689, 13.631, 13.635, 13.709, 13.852, 13.993, 14.074, 14.080, 14.007, 13.968, 14.008, 14.100, 14.198, 14.234, 14.146, 13.996, 13.821, 13.701, 13.569, 13.330, 12.664, 11.650, 10.787, 10.314, 10.075, 9.924, 9.878, 9.947, 10.230, 10.662, 11.131, 11.600, 11.961, 12.231, 12.423, 12.561, 12.682, 12.816, 12.989, 13.195, 13.413, 13.616, 13.793, 13.916, 13.955, 13.957, 13.918, 13.856, 13.811, 13.775, 13.795, 13.842, 13.916, 13.966, 13.950, 13.937, 13.857, 13.711, 13.552, 13.410, 13.302, 13.221, 13.126, 13.092, 13.030, 12.951, 12.756, 12.301, 11.346, 9.599, 7.437, 5.877, 5.209, 4.975, 4.960, 5.082, 5.311, 5.587, 5.918, 6.273, 6.658, 7.047, 7.446, 7.833, 8.219, 8.615, 8.987, 9.350, 9.688, 10.004, 10.299, 10.557, 10.776, 10.987, 11.140, 11.293, 11.406, 11.513, 11.617, 11.719, 11.798, 11.846, 11.827, 11.787, 11.828, 11.841, 11.795, 11.731, 11.691, 11.631, 11.556, 11.441, 11.235, 10.994, 10.745, 10.521, 10.284, 10.128, 9.967, 9.757, 9.551, 9.390, 9.101, 8.861, 8.773, 8.536, 8.241, 7.988, 7.726, 7.642, 7.465, 7.319, 16.3,1151043.0,1230905.0,875591.05,38968.59,2810.80,18630.67,489.95,30194.10,271.09,298.95,28.03,655.06,20.49,2801.94,29.49,2200.95,22.50,1691.00,57.30,66.42,6.45,239.36,17.38,402.25,12.84,27735.80,146.58,0.00,119.78,0.00,15.23,26.27,2.35,86.61,2.54,38.09,1.33,0.00,4.68,54.59,0.93,93.02,1.18,8.02,0.74,85.39,1.26,0.00,27.47,0.00,48.63,72.48,8.67,0.00,270.45,0.00,458.66,0.00,491.22,0.00,39.79,0.00,25.03,10.37,1.18,49.02,3.36,0.00,124.98,0.00,51.29,217346.13,64620.67,4661.08,35201.96,925.74,64595.29,579.95,685.00,64.23,1635.62,51.16,3375.23,35.52,3079.58,31.48,2821.42,95.60,118.57,11.51,349.84,25.40,577.97,18.45,39655.09,209.57,0.00,152.30,0.00,19.38,32.88,2.94,107.80,3.16,50.29,1.76,0.00,6.58,59.70,1.02,110.01,1.40,10.18,0.94,115.34,1.70,0.00,32.20,0.00,64.85,77.85,9.31,0.00,308.94,0.00,582.28,0.00,588.04,0.00,46.72,0.00,27.03,11.17,1.27,54.65,3.75,0.00,142.22,0.00,58.19
98.5,98.5,1,98.500,18/03/2026 05:24:34,25.992, , , , , , , , , , , , , , , , , , , , , , , , , , , , , , , , , , , , , , , , , , , , , , , , , , , , , , , , , , , , , , , , , , , , , , , , , , , , , , , , , , , , , , , , , , , , , , , , , , , , , , , , , , , , , , , , , , , , , , , , , , , , , , , , , , , , , , , , , , , , , , , , , , , , , , , , , , , , , , , , , , , , , , , , , , , , , , , , , , , , , , , , , , , , , , , , , , , , , , , , , , , , , , , , , , , , , , , , , , , , , , , , , , , , , , , , , , , , , , , , , , , , , , , , , , , , , , , , , , , , , , , , , , , , , , , , , , , , , , , , , , , , , , , , , , , , , , , , , , , , , , , , , , , , , , , , , , , , , , , , , , , , , , , , , , , , , , , , , , , , , , , , , , , , , , , , , , , , , , , , , , , , 
99.0,99.0,1,99.000,18/03/2026 05:25:00,27.841,,12.17, 13.12, 12.46,42.94, -2.05, 4.52,13.910, 11.764, 11.525, 10.766, 10.290, 10.308, 10.232, 10.332, 10.622, 11.075, 11.339, 11.621, 11.835, 12.077, 12.358, 12.595, 12.854, 13.069, 13.191, 13.299, 13.385, 13.385, 13.372, 13.365, 13.212, 13.176, 13.103, 12.932, 12.996, 12.787, 12.840, 12.633, 12.637, 12.535, 12.605, 12.545, 12.624, 12.620, 12.728, 12.754, 12.952, 12.950, 13.185, 13.306, 13.328, 13.656, 13.597, 13.613, 13.898, 13.749, 13.661, 13.941, 13.866, 13.647, 13.845, 13.999, 13.796, 13.774, 14.047, 14.096, 13.938, 13.941, 14.209, 14.293, 14.191, 14.173, 14.310, 14.473, 14.418, 14.340, 14.363, 14.485, 14.496, 14.395, 14.335, 14.403, 14.536, 14.562, 14.454, 14.311, 14.301, 14.434, 14.576, 14.605, 14.530, 14.463, 14.533, 14.730, 14.930, 15.021, 14.970, 14.866, 14.818, 14.897, 15.103, 15.273, 15.317, 15.182, 14.942, 14.724, 14.617, 14.651, 14.697, 14.537, 13.819, 12.617, 11.545, 10.920, 10.662, 10.633, 10.781, 11.035, 11.437, 11.860, 12.207, 12.470, 12.653, 12.829, 13.075, 13.383, 13.732, 14.082, 14.392, 14.622, 14.737, 14.754, 14.721, 14.652, 14.613, 14.642, 14.753, 14.923, 15.092, 15.252, 15.375, 15.423, 15.398, 15.243, 15.002, 14.747, 14.518, 14.317, 14.225, 14.214, 14.313, 14.448, 14.570, 14.688, 14.710, 14.595, 14.286, 13.630, 12.400, 10.413, 8.073, 6.441, 5.779, 5.596, 5.656, 5.923, 6.303, 6.760, 7.241, 7.723, 8.184, 8.591, 8.938, 9.223, 9.448, 9.650, 9.836, 10.017, 10.237, 10.487, 10.775, 11.095, 11.431, 11.808, 12.157, 12.511, 12.818, 13.096, 13.315, 13.490, 13.624, 13.633, 13.533, 13.377, 13.247, 13.038, 12.799, 12.570, 12.384, 12.190, 12.056, 11.899, 11.755, 11.556, 11.460, 11.380, 11.321, 11.352, 11.399, 11.373, 11.256, 11.209, 10.982, 10.878, 10.621, 10.359, 10.012, 9.700, 9.330, 8.829, 8.512, 8.355, 16.3,1119586.0,1242305.0,871128.31,46014.84,3049.72,20889.69,529.15,26886.68,264.51,286.59,29.41,505.12,20.78,2189.20,28.15,1999.99,22.40,1521.06,57.80,0.00,19.75,152.48,16.94,398.69,13.34,27589.84,152.99,0.00,123.94,0.00,15.52,42.49,2.71,76.46,2.56,36.04,1.41,0.00,4.17,62.43,1.04,99.65,1.26,11.90,0.82,84.08,1.32,0.00,28.43,0.00,49.87,0.00,417.88,0.00,290.38,0.00,485.96,0.00,510.38,9.10,2.93,0.00,27.96,15.34,1.33,0.00,127.52,0.00,142.31,0.00,65.14,223966.58,76305.30,5057.28,39470.29,999.81,57519.61,565.88,656.68,67.39,1261.24,51.89,2637.12,33.91,2798.40,31.34,2537.88,96.44,0.00,35.26,222.86,24.76,572.85,19.17,39446.40,218.74,0.00,157.59,0.00,19.75,53.19,3.39,95.17,3.19,47.58,1.86,0.00,5.86,68.27,1.14,117.85,1.49,15.11,1.04,113.57,1.78,0.00,33.33,0.00,66.50,0.00,448.85,0.00,331.71,0.00,616.94,0.00,610.98,10.68,3.44,0.00,30.19,16.52,1.43,0.00,142.16,0.00,161.94,0.00,73.90
99.5,99.5,1,99.500,18/03/2026 05:25:52,27.578, , , , , , , , , , , , , , , , , , , , , , , , , , , , , , , , , , , , , , , , , , , , , , , , , , , , , , , , , , , , , , , , , , , , , , , , , , , , , , , , , , , , , , , , , , , , , , , , , , , , , , , , , , , , , , , , , , , , , , , , , , , , , , , , , , , , , , , , , , , , , , , , , , , , , , , , , , , , , , , , , , , , , , , , , , , , , , , , , , , , , , , , , , , , , , , , , , , , , , , , , , , , , , , , , , , , , , , , , , , , , , , , , , , , , , , , , , , , , , , , , , , , , , , , , , , , , , , , , , , , , , , , , , , , , , , , , , , , , , , , , , , , , , , , , , , , , , , , , , , , , , , , , , , , , , , , , , , , , , , , , , , , , , , , , , , , , , , , , , , , , , , , , , , , , , , , , , , , , , , , , , , , 
100.0,100.0,1,100.000,18/03/2026 05:26:09,27.970,,13.06, 14.12, 13.38,44.41, -2.39, 4.73,13.474, 12.518, 12.419, 11.458, 11.144, 10.918, 10.875, 10.969, 11.354, 11.882, 12.148, 12.506, 12.719, 13.046, 13.319, 13.569, 13.882, 14.109, 14.277, 14.357, 14.415, 14.464, 14.408, 14.322, 14.261, 14.101, 14.000, 13.913, 13.788, 13.754, 13.594, 13.546, 13.382, 13.387, 13.346, 13.347, 13.389, 13.365, 13.499, 13.521, 13.645, 13.814, 13.855, 14.059, 14.227, 14.248, 14.406, 14.514, 14.438, 14.487, 14.571, 14.475, 14.399, 14.496, 14.507, 14.392, 14.398, 14.546, 14.581, 14.495, 14.515, 14.667, 14.774, 14.720, 14.675, 14.766, 14.988, 15.014, 14.929, 14.816, 14.896, 15.043, 15.033, 14.889, 14.772, 14.795, 14.960, 15.065, 15.006, 14.826, 14.682, 14.724, 14.935, 15.110, 15.145, 15.064, 14.979, 14.998, 15.130, 15.349, 15.507, 15.555, 15.495, 15.390, 15.336, 15.400, 15.498, 15.595, 15.593, 15.497, 15.364, 15.221, 15.049, 14.744, 14.092, 13.131, 12.342, 11.952, 11.783, 11.653, 11.587, 11.611, 11.824, 12.183, 12.625, 13.079, 13.478, 13.812, 14.064, 14.257, 14.388, 14.498, 14.598, 14.700, 14.831, 14.967, 15.112, 15.246, 15.363, 15.457, 15.518, 15.537, 15.516, 15.474, 15.440, 15.406, 15.371, 15.336, 15.247, 15.198, 15.129, 15.059, 15.012, 14.989, 14.974, 14.984, 14.910, 14.885, 14.830, 14.689, 14.413, 13.889, 12.883, 11.089, 8.821, 7.140, 6.433, 6.209, 6.243, 6.446, 6.780, 7.177, 7.594, 8.048, 8.485, 8.897, 9.307, 9.641, 9.953, 10.257, 10.544, 10.811, 11.069, 11.345, 11.630, 11.911, 12.174, 12.468, 12.729, 12.976, 13.215, 13.424, 13.598, 13.763, 13.896, 13.919, 13.886, 13.776, 13.727, 13.633, 13.458, 13.314, 13.175, 12.991, 12.831, 12.646, 12.429, 12.180, 12.002, 11.822, 11.683, 11.598, 11.602, 11.518, 11.506, 11.400, 11.267, 11.112, 10.980, 10.749, 10.541, 10.293, 10.070, 9.841, 9.663, 9.259, 16.3,1068229.0,1220425.0,845198.52,67157.30,3322.35,22469.64,557.14,28648.39,282.29,226.36,29.67,313.38,20.30,2298.57,29.72,1843.67,22.53,1802.02,62.40,0.00,21.29,101.76,16.93,430.29,14.08,29029.29,166.99,0.00,127.03,0.00,14.82,43.57,2.80,59.56,2.40,25.96,1.32,0.00,5.08,67.19,1.10,113.17,1.38,11.13,0.84,99.46,1.45,4.98,1.03,0.00,49.87,27.72,9.19,0.00,287.70,0.00,494.92,0.00,521.60,13.97,3.07,0.00,27.94,14.11,1.35,0.00,130.30,0.00,145.20,0.00,65.97,267623.12,111365.32,5509.37,42455.55,1052.70,61288.50,603.91,518.67,67.98,782.48,50.69,2768.87,35.80,2579.67,31.52,3006.66,104.11,0.00,38.01,148.73,24.74,618.26,20.23,41504.45,238.75,0.00,161.52,0.00,18.86,54.54,3.50,74.14,2.99,34.28,1.74,0.00,7.14,73.48,1.20,133.83,1.63,14.13,1.07,134.35,1.96,5.84,1.21,0.00,66.50,29.77,9.87,0.00,328.65,0.00,628.31,0.00,624.41,16.40,3.60,0.00,30.17,15.20,1.45,0.00,145.26,0.00,165.22,0.00,74.84
100.5,100.5,1,100.500,18/03/2026 05:26:52,28.901, , , , , , , , , , , , , , , , , , , , , , , , , , , , , , , , , , , , , , , , , , , , , , , , , , , , , , , , , , , , , , , , , , , , , , , , , , , , , , , , , , , , , , , , , , , , , , , , , , , , , , , , , , , , , , , , , , , , , , , , , , , , , , , , , , , , , , , , , , , , , , , , , , , , , , , , , , , , , , , , , , , , , , , , , , , , , , , , , , , , , , , , , , , , , , , , , , , , , , , , , , , , , , , , , , , , , , , , , , , , , , , , , , , , , , , , , , , , , , , , , , , , , , , , , , , , , , , , , , , , , , , , , , , , , , , , , , , , , , , , , , , , , , , , , , , , , , , , , , , , , , , , , , , , , , , , , , , , , , , , , , , , , , , , , , , , , , , , , , , , , , , , , , , , , , , , , , , , , , , , , , , , 
101.0,101.0,1,101.000,18/03/2026 05:27:10,28.433,,12.65, 13.64, 13.16,43.71, -2.06, 4.05,13.304, 12.733, 12.272, 11.450, 11.151, 10.915, 10.878, 10.998, 11.349, 11.769, 11.992, 12.262, 12.441, 12.682, 12.941, 13.135, 13.394, 13.617, 13.785, 13.828, 13.892, 13.956, 13.860, 13.837, 13.754, 13.590, 13.558, 13.394, 13.374, 13.241, 13.214, 13.088, 13.039, 12.980, 12.971, 12.965, 12.967, 13.016, 13.057, 13.147, 13.250, 13.370, 13.516, 13.630, 13.791, 13.922, 13.944, 14.042, 14.139, 14.073, 14.041, 14.160, 14.146, 14.009, 14.045, 14.205, 14.188, 14.073, 14.149, 14.371, 14.432, 14.292, 14.297, 14.522, 14.700, 14.637, 14.546, 14.536, 14.734, 14.937, 14.898, 14.687, 14.544, 14.644, 14.850, 14.969, 14.941, 14.739, 14.596, 14.634, 14.800, 15.010, 15.087, 14.990, 14.855, 14.828, 14.964, 15.221, 15.470, 15.586, 15.528, 15.411, 15.311, 15.338, 15.515, 15.748, 15.920, 15.932, 15.793, 15.576, 15.392, 15.316, 15.293, 15.220, 14.800, 14.005, 13.233, 12.787, 12.552, 12.378, 12.309, 12.390, 12.678, 13.120, 13.600, 14.023, 14.362, 14.584, 14.743, 14.847, 14.950, 15.072, 15.215, 15.404, 15.593, 15.767, 15.941, 16.071, 16.134, 16.166, 16.163, 16.146, 16.132, 16.128, 16.149, 16.202, 16.262, 16.286, 16.248, 16.211, 16.144, 16.045, 15.954, 15.880, 15.857, 15.851, 15.720, 15.726, 15.712, 15.644, 15.461, 15.046, 14.186, 12.560, 10.401, 8.733, 7.981, 7.702, 7.680, 7.833, 8.112, 8.469, 8.866, 9.289, 9.732, 10.181, 10.602, 11.012, 11.390, 11.765, 12.110, 12.419, 12.719, 13.006, 13.266, 13.493, 13.711, 13.914, 14.096, 14.265, 14.429, 14.570, 14.691, 14.820, 14.922, 14.958, 14.923, 14.884, 14.960, 14.993, 14.950, 14.939, 14.908, 14.856, 14.808, 14.685, 14.494, 14.193, 13.940, 13.780, 13.632, 13.471, 13.397, 13.266, 13.125, 12.956, 12.818, 12.545, 12.374, 12.259, 12.013, 11.754, 11.650, 11.485, 11.293, 11.261, 16.3,1032348.0,1232944.0,864503.71,43241.55,3147.69,21300.59,557.90,28980.96,286.60,386.04,32.12,516.09,22.00,3315.12,34.98,1469.76,21.01,1926.73,64.01,46.16,6.82,73.67,16.87,624.36,16.48,32929.82,187.87,0.00,137.64,0.00,16.96,24.62,2.61,98.33,3.02,33.17,1.54,0.00,5.52,101.22,1.40,102.92,1.37,12.40,0.93,122.91,1.61,5.98,1.08,0.00,51.72,0.00,424.32,0.00,293.92,44.56,9.25,99.93,10.06,0.00,58.25,0.00,28.24,20.78,1.55,18.61,3.93,0.00,141.32,0.00,65.93,234396.80,71706.42,5219.74,40246.67,1054.13,61999.98,613.13,884.56,73.60,1288.63,54.93,3993.41,42.14,2056.50,29.40,3214.74,106.80,82.40,12.17,107.67,24.66,897.11,23.68,47081.21,268.61,0.00,175.01,0.00,21.58,30.82,3.27,122.39,3.76,43.80,2.03,0.00,7.76,110.69,1.53,121.71,1.62,15.75,1.18,166.02,2.17,7.01,1.27,0.00,68.97,0.00,455.77,0.00,335.75,56.57,11.74,119.63,12.04,0.00,68.39,0.00,30.49,22.38,1.67,20.75,4.38,0.00,160.81,0.00,74.79
101.5,101.5,1,101.500,18/03/2026 05:27:53,25.197, , , , , , , , , , , , , , , , , , , , , , , , , , , , , , , , , , , , , , , , , , , , , , , , , , , , , , , , , , , , , , , , , , , , , , , , , , , , , , , , , , , , , , , , , , , , , , , , , , , , , , , , , , , , , , , , , , , , , , , , , , , , , , , , , , , , , , , , , , , , , , , , , , , , , , , , , , , , , , , , , , , , , , , , , , , , , , , , , , , , , , , , , , , , , , , , , , , , , , , , , , , , , , , , , , , , , , , , , , , , , , , , , , , , , , , , , , , , , , , , , , , , , , , , , , , , , , , , , , , , , , , , , , , , , , , , , , , , , , , , , , , , , , , , , , , , , , , , , , , , , , , , , , , , , , , , , , , , , , , , , , , , , , , , , , , , , , , , , , , , , , , , , , , , , , , , , , , , , , , , , , , , 
102.0,102.0,1,102.000,18/03/2026 05:28:10,26.785,,11.92, 12.83, 12.22,42.51, -1.96, 4.42,13.754, 11.887, 11.619, 10.680, 10.167, 10.088, 9.993, 10.150, 10.462, 10.882, 11.158, 11.388, 11.574, 11.775, 12.065, 12.292, 12.560, 12.814, 12.890, 12.996, 13.115, 13.098, 13.062, 13.065, 12.959, 12.875, 12.806, 12.714, 12.671, 12.587, 12.542, 12.434, 12.383, 12.342, 12.335, 12.399, 12.361, 12.473, 12.489, 12.589, 12.752, 12.820, 12.979, 13.158, 13.264, 13.390, 13.514, 13.585, 13.605, 13.683, 13.681, 13.686, 13.695, 13.725, 13.710, 13.734, 13.784, 13.832, 13.842, 13.924, 13.974, 14.038, 14.055, 14.143, 14.249, 14.287, 14.365, 14.382, 14.394, 14.525, 14.541, 14.540, 14.485, 14.457, 14.569, 14.645, 14.640, 14.617, 14.566, 14.502, 14.549, 14.656, 14.735, 14.739, 14.723, 14.741, 14.841, 15.017, 15.175, 15.261, 15.252, 15.225, 15.216, 15.290, 15.425, 15.560, 15.635, 15.592, 15.439, 15.259, 15.108, 15.059, 15.042, 14.866, 14.197, 13.093, 12.122, 11.585, 11.323, 11.169, 11.151, 11.274, 11.645, 12.179, 12.714, 13.167, 13.480, 13.713, 13.910, 14.095, 14.250, 14.421, 14.609, 14.862, 15.139, 15.433, 15.664, 15.783, 15.799, 15.758, 15.695, 15.661, 15.654, 15.641, 15.667, 15.691, 15.735, 15.768, 15.803, 15.844, 15.840, 15.731, 15.561, 15.373, 15.226, 15.115, 14.991, 14.985, 14.948, 14.849, 14.583, 14.028, 12.932, 11.075, 8.832, 7.289, 6.669, 6.481, 6.475, 6.601, 6.809, 7.063, 7.358, 7.706, 8.076, 8.471, 8.895, 9.298, 9.702, 10.088, 10.465, 10.844, 11.203, 11.572, 11.930, 12.265, 12.611, 12.927, 13.175, 13.405, 13.553, 13.666, 13.728, 13.783, 13.805, 13.760, 13.702, 13.621, 13.643, 13.645, 13.576, 13.500, 13.474, 13.390, 13.283, 13.136, 12.965, 12.721, 12.500, 12.269, 12.125, 12.011, 11.962, 11.793, 11.609, 11.414, 11.176, 10.876, 10.655, 10.294, 9.894, 9.609, 9.381, 9.094, 8.795, 8.708, 16.3,1049647.0,1183776.0,868110.89,48430.11,3106.55,25092.51,571.80,24412.53,254.49,385.60,30.98,450.63,20.86,1640.59,26.23,1121.01,18.62,1290.91,55.49,0.00,19.72,163.76,16.68,497.69,14.49,27933.27,156.67,0.00,126.91,0.00,14.27,24.11,2.40,72.85,2.50,37.68,1.45,0.00,3.89,79.02,1.17,92.52,1.23,14.26,0.86,104.70,1.42,0.00,27.72,0.00,48.92,0.00,401.92,0.00,280.03,0.00,466.39,0.00,491.24,0.00,51.24,0.00,25.61,16.34,1.34,29.04,3.56,0.00,134.49,0.00,61.93,229123.62,80310.48,5151.52,47411.36,1080.39,52226.58,544.44,883.55,70.99,1125.18,52.09,1976.26,31.60,1568.52,26.05,2153.88,92.58,0.00,35.20,239.34,24.38,715.10,20.82,39937.42,224.00,0.00,161.36,0.00,18.16,30.18,3.00,90.68,3.11,49.75,1.91,0.00,5.47,86.42,1.28,109.41,1.45,18.11,1.09,141.43,1.92,0.00,32.49,0.00,65.23,0.00,431.71,0.00,319.89,0.00,592.09,0.00,588.06,0.00,60.16,0.00,27.65,17.60,1.44,32.37,3.97,0.00,153.04,0.00,70.26
102.5,102.5,1,102.500,18/03/2026 05:28:53,22.487,1157880.091, , , , , , , , , , , , , , , , , , , , , , , , , , , , , , , , , , , , , , , , , , , , , , , , , , , , , , , , , , , , , , , , , , , , , , , , , , , , , , , , , , , , , , , , , , , , , , , , , , , , , , , , , , , , , , , , , , , , , , , , , , , , , , , , , , , , , , , , , , , , , , , , , , , , , , , , , , , , , , , , , , , , , , , , , , , , , , , , , , , , , , , , , , , , , , , , , , , , , , , , , , , , , , , , , , , , , , , , , , , , , , , , , , , , , , , , , , , , , , , , , , , , , , , , , , , , , , , , , , , , , , , , , , , , , , , , , , , , , , , , , , , , , , , , , , , , , , , , , , , , , , , , , , , , , , , , , , , , , , , , , , , , , , , , , , , , , , , , , , , , , , , , , , , , , , , , , , , , , , , , , , , 
103.0,103.0,1,103.000,18/03/2026 05:29:19,25.790,,11.54, 12.48, 11.47,41.97, -2.26, 5.48,10.494, 9.999, 10.791, 9.648, 9.578, 9.193, 9.200, 9.403, 9.629, 10.114, 10.438, 10.701, 10.964, 11.255, 11.543, 11.815, 12.202, 12.409, 12.436, 12.751, 12.802, 12.659, 12.909, 12.618, 12.750, 12.526, 12.503, 12.404, 12.346, 12.249, 12.221, 12.080, 12.068, 11.984, 12.007, 12.001, 12.060, 12.061, 12.181, 12.290, 12.353, 12.580, 12.731, 12.832, 13.079, 13.266, 13.314, 13.416, 13.594, 13.627, 13.554, 13.637, 13.737, 13.711, 13.650, 13.708, 13.830, 13.871, 13.888, 13.869, 13.987, 14.107, 14.191, 14.240, 14.274, 14.384, 14.539, 14.619, 14.649, 14.676, 14.740, 14.823, 14.863, 14.845, 14.898, 14.990, 15.016, 14.985, 14.950, 14.888, 14.846, 14.955, 15.111, 15.186, 15.190, 15.201, 15.291, 15.397, 15.546, 15.735, 15.882, 15.950, 15.921, 15.912, 15.963, 16.027, 16.061, 16.056, 16.010, 15.943, 15.835, 15.712, 15.480, 14.984, 13.923, 12.448, 11.311, 10.766, 10.598, 10.593, 10.700, 10.859, 11.170, 11.597, 12.042, 12.511, 12.947, 13.365, 13.756, 14.130, 14.515, 14.907, 15.286, 15.623, 15.889, 16.029, 16.086, 16.103, 16.080, 16.090, 16.129, 16.194, 16.293, 16.422, 16.541, 16.700, 16.835, 16.917, 16.867, 16.748, 16.511, 16.156, 15.815, 15.500, 15.308, 15.218, 15.130, 15.174, 15.195, 15.152, 14.894, 14.224, 12.819, 10.537, 8.026, 6.478, 5.908, 5.719, 5.691, 5.779, 5.937, 6.147, 6.380, 6.656, 7.009, 7.385, 7.813, 8.247, 8.706, 9.164, 9.650, 10.095, 10.534, 10.958, 11.354, 11.705, 12.059, 12.394, 12.666, 12.928, 13.166, 13.338, 13.482, 13.587, 13.680, 13.678, 13.587, 13.474, 13.445, 13.360, 13.243, 13.121, 13.043, 12.931, 12.802, 12.611, 12.398, 12.069, 11.825, 11.524, 11.316, 11.119, 10.960, 10.774, 10.606, 10.411, 10.233, 10.045, 9.805, 9.656, 9.546, 9.174, 9.014, 8.766, 8.632, 8.517, 16.3,1163943.0,1125008.0,884053.12,54092.21,3004.52,16570.34,457.17,19390.44,211.94,184.34,25.36,300.02,17.99,422.79,18.33,595.81,13.65,848.56,47.19,0.00,15.54,91.84,13.24,345.60,11.63,22697.32,122.86,0.00,107.91,0.00,11.19,25.81,2.18,45.56,1.92,49.14,1.33,0.00,4.43,34.69,0.74,57.68,0.90,4.50,0.65,67.25,1.11,0.00,26.60,0.00,45.74,94.62,8.21,0.00,261.43,0.00,429.46,0.00,447.68,0.00,49.57,0.00,25.15,6.30,1.04,22.05,3.29,0.00,127.71,0.00,56.70,199993.53,89699.80,4982.32,31309.04,863.81,41482.64,453.41,422.39,58.11,749.12,44.92,509.29,22.08,833.66,19.10,1415.82,78.74,0.00,27.74,134.23,19.35,496.57,16.71,32451.35,175.66,0.00,137.21,0.00,14.24,32.31,2.73,56.71,2.39,64.88,1.76,0.00,6.23,37.94,0.81,68.21,1.06,5.71,0.83,90.84,1.50,0.00,31.18,0.00,60.99,101.63,8.82,0.00,298.64,0.00,545.21,0.00,535.92,0.00,58.20,0.00,27.16,6.79,1.12,24.58,3.67,0.00,145.32,0.00,64.32
103.5,103.5,1,103.500,18/03/2026 05:29:54,31.746, , , , , , , , , , , , , , , , , , , , , , , , , , , , , , , , , , , , , , , , , , , , , , , , , , , , , , , , , , , , , , , , , , , , , , , , , , , , , , , , , , , , , , , , , , , , , , , , , , , , , , , , , , , , , , , , , , , , , , , , , , , , , , , , , , , , , , , , , , , , , , , , , , , , , , , , , , , , , , , , , , , , , , , , , , , , , , , , , , , , , , , , , , , , , , , , , , , , , , , , , , , , , , , , , , , , , , , , , , , , , , , , , , , , , , , , , , , , , , , , , , , , , , , , , , , , , , , , , , , , , , , , , , , , , , , , , , , , , , , , , , , , , , , , , , , , , , , , , , , , , , , , , , , , , , , , , , , , , , , , , , , , , , , , , , , , , , , , , , , , , , , , , , , , , , , , , , , , , , , , , , , , 
104.0,104.0,1,104.000,18/03/2026 05:30:20,30.752,,12.55, 13.56, 12.87,43.60, -2.29, 4.60,13.585, 13.145, 12.355, 10.771, 10.860, 10.613, 10.542, 10.735, 10.935, 11.431, 11.662, 11.987, 12.271, 12.570, 12.829, 13.007, 13.280, 13.622, 13.736, 13.685, 13.878, 13.907, 13.707, 13.865, 13.577, 13.617, 13.428, 13.379, 13.265, 13.226, 13.081, 13.091, 12.862, 13.007, 12.800, 12.974, 12.882, 12.961, 13.087, 13.067, 13.316, 13.366, 13.517, 13.786, 13.795, 13.996, 14.244, 14.131, 14.192, 14.470, 14.352, 14.161, 14.380, 14.563, 14.301, 14.159, 14.478, 14.716, 14.505, 14.294, 14.542, 14.894, 14.934, 14.671, 14.621, 14.926, 15.288, 15.339, 15.036, 14.838, 15.061, 15.429, 15.521, 15.332, 15.034, 14.920, 15.174, 15.474, 15.583, 15.389, 15.070, 14.921, 15.022, 15.308, 15.600, 15.713, 15.690, 15.614, 15.568, 15.604, 15.757, 15.991, 16.193, 16.312, 16.304, 16.231, 16.093, 15.942, 15.787, 15.714, 15.730, 15.790, 15.703, 15.245, 14.096, 12.511, 11.269, 10.622, 10.381, 10.360, 10.501, 10.758, 11.191, 11.699, 12.184, 12.605, 12.940, 13.211, 13.482, 13.752, 14.053, 14.398, 14.782, 15.180, 15.529, 15.786, 15.948, 15.993, 15.973, 15.923, 15.864, 15.834, 15.820, 15.840, 15.909, 16.032, 16.172, 16.253, 16.252, 16.198, 16.028, 15.781, 15.505, 15.251, 15.098, 14.991, 14.905, 14.865, 14.816, 14.680, 14.374, 13.682, 12.392, 10.263, 7.896, 6.348, 5.721, 5.473, 5.410, 5.481, 5.653, 5.899, 6.202, 6.555, 6.970, 7.403, 7.845, 8.289, 8.721, 9.137, 9.540, 9.956, 10.340, 10.708, 11.100, 11.450, 11.760, 12.076, 12.318, 12.523, 12.697, 12.819, 12.916, 13.021, 13.089, 13.099, 13.083, 13.040, 13.048, 13.040, 12.937, 12.861, 12.765, 12.649, 12.528, 12.361, 12.142, 11.777, 11.506, 11.208, 11.016, 10.805, 10.620, 10.359, 10.161, 9.895, 9.638, 9.326, 9.071, 8.649, 8.367, 8.070, 7.816, 7.704, 7.513, 7.312, 16.3,1027362.0,1192087.0,857467.12,50162.12,3238.00,22996.25,570.13,27180.58,278.21,351.07,31.95,438.01,21.65,2105.40,29.38,1758.30,22.42,1975.47,64.43,23.12,6.48,73.49,16.49,430.40,14.28,34549.76,198.36,0.00,144.88,0.00,16.42,31.62,2.74,94.82,2.97,24.40,1.46,2.17,0.49,75.17,1.20,96.46,1.33,8.50,0.87,107.94,1.53,7.65,1.09,0.00,52.13,0.00,422.91,0.00,295.19,0.00,492.05,0.00,522.15,0.00,52.79,0.00,26.12,22.51,1.56,17.66,3.86,0.00,139.98,0.00,57.93,245735.16,83182.63,5369.50,43450.56,1077.24,58148.36,595.18,804.43,73.21,1093.67,54.06,2536.17,35.39,2460.22,31.37,3296.06,107.50,41.27,11.57,107.41,24.10,618.42,20.52,49397.31,283.60,0.00,184.21,0.00,20.90,39.58,3.43,118.02,3.70,32.22,1.93,3.05,0.69,82.21,1.31,114.07,1.57,10.79,1.10,145.80,2.07,8.97,1.28,0.00,69.51,0.00,454.25,0.00,337.20,0.00,624.67,0.00,625.07,0.00,61.98,0.00,28.20,24.25,1.68,19.69,4.30,0.00,159.28,0.00,65.72
104.5,104.5,1,104.500,18/03/2026 05:31:12,22.089, , , , , , , , , , , , , , , , , , , , , , , , , , , , , , , , , , , , , , , , , , , , , , , , , , , , , , , , , , , , , , , , , , , , , , , , , , , , , , , , , , , , , , , , , , , , , , , , , , , , , , , , , , , , , , , , , , , , , , , , , , , , , , , , , , , , , , , , , , , , , , , , , , , , , , , , , , , , , , , , , , , , , , , , , , , , , , , , , , , , , , , , , , , , , , , , , , , , , , , , , , , , , , , , , , , , , , , , , , , , , , , , , , , , , , , , , , , , , , , , , , , , , , , , , , , , , , , , , , , , , , , , , , , , , , , , , , , , , , , , , , , , , , , , , , , , , , , , , , , , , , , , , , , , , , , , , , , , , , , , , , , , , , , , , , , , , , , , , , , , , , , , , , , , , , , , , , , , , , , , , , , , 
105.0,105.0,1,105.000,18/03/2026 05:31:29,20.897,,11.12, 12.04, 10.77,41.27, -2.33, 6.25,10.659, 8.280, 9.365, 8.254, 8.368, 8.137, 8.258, 8.579, 8.919, 9.396, 9.790, 10.100, 10.384, 10.696, 11.021, 11.262, 11.565, 11.933, 12.110, 12.169, 12.323, 12.392, 12.322, 12.370, 12.268, 12.203, 12.106, 12.038, 11.957, 11.921, 11.812, 11.774, 11.613, 11.684, 11.619, 11.696, 11.729, 11.718, 11.918, 11.911, 12.073, 12.306, 12.307, 12.561, 12.812, 12.789, 12.959, 13.213, 13.136, 13.084, 13.323, 13.347, 13.155, 13.196, 13.418, 13.401, 13.228, 13.276, 13.565, 13.623, 13.477, 13.398, 13.672, 13.919, 13.921, 13.749, 13.762, 14.052, 14.260, 14.323, 14.159, 14.001, 14.112, 14.336, 14.467, 14.457, 14.281, 14.136, 14.174, 14.264, 14.331, 14.409, 14.370, 14.255, 14.232, 14.350, 14.555, 14.791, 14.968, 15.002, 14.900, 14.799, 14.828, 14.962, 15.130, 15.312, 15.401, 15.302, 15.004, 14.688, 14.504, 14.441, 14.331, 13.943, 12.967, 11.567, 10.428, 9.767, 9.406, 9.238, 9.261, 9.417, 9.776, 10.288, 10.864, 11.466, 11.943, 12.337, 12.610, 12.841, 13.105, 13.407, 13.724, 14.002, 14.234, 14.441, 14.642, 14.811, 14.926, 14.978, 14.975, 14.943, 14.942, 14.976, 15.068, 15.157, 15.223, 15.166, 15.012, 14.854, 14.669, 14.465, 14.287, 14.150, 14.050, 14.003, 13.849, 13.863, 13.827, 13.749, 13.480, 12.790, 11.398, 9.162, 6.766, 5.257, 4.664, 4.455, 4.441, 4.563, 4.777, 5.047, 5.336, 5.666, 6.041, 6.455, 6.901, 7.371, 7.823, 8.271, 8.696, 9.063, 9.395, 9.677, 9.927, 10.159, 10.388, 10.594, 10.799, 11.019, 11.202, 11.356, 11.500, 11.633, 11.739, 11.805, 11.811, 11.831, 11.914, 11.972, 11.977, 11.986, 11.973, 11.912, 11.829, 11.624, 11.365, 10.974, 10.595, 10.241, 9.925, 9.638, 9.338, 9.093, 8.815, 8.611, 8.325, 8.030, 7.830, 7.499, 7.268, 7.111, 6.946, 6.746, 6.600, 6.741, 16.3,1198557.0,1155121.0,886043.32,50103.03,2856.72,15677.46,436.30,19827.23,207.78,224.50,24.79,381.56,17.61,1005.29,19.98,955.51,14.98,915.16,46.64,0.00,17.46,106.45,13.61,308.23,10.92,24208.95,125.88,0.00,105.82,0.00,12.20,5.78,1.78,35.39,1.68,32.78,1.13,0.00,3.73,32.73,0.71,67.15,0.94,7.50,0.66,45.69,1.00,0.00,25.98,0.00,44.57,0.00,369.46,0.00,254.19,0.00,415.80,0.00,434.83,0.00,39.40,0.00,18.83,5.44,1.00,10.86,3.22,0.00,125.91,0.00,54.45,196175.74,83084.64,4737.23,29621.98,824.37,42417.08,444.51,514.41,56.80,952.72,43.97,1210.98,24.07,1336.96,20.96,1526.94,77.82,0.00,31.17,155.58,19.89,442.88,15.69,34612.60,179.98,0.00,134.55,0.00,15.53,7.24,2.23,44.05,2.09,43.28,1.49,0.00,5.24,35.79,0.78,79.41,1.11,9.52,0.84,61.72,1.35,0.00,30.45,0.00,59.43,0.00,396.84,0.00,290.37,0.00,527.87,0.00,520.54,0.00,46.26,0.00,20.33,5.86,1.08,12.11,3.59,0.00,143.27,0.00,61.77
105.5,105.5,1,105.500,18/03/2026 05:32:12,19.841, , , , , , , , , , , , , , , , , , , , , , , , , , , , , , , , , , , , , , , , , , , , , , , , , , , , , , , , , , , , , , , , , , , , , , , , , , , , , , , , , , , , , , , , , , , , , , , , , , , , , , , , , , , , , , , , , , , , , , , , , , , , , , , , , , , , , , , , , , , , , , , , , , , , , , , , , , , , , , , , , , , , , , , , , , , , , , , , , , , , , , , , , , , , , , , , , , , , , , , , , , , , , , , , , , , , , , , , , , , , , , , , , , , , , , , , , , , , , , , , , , , , , , , , , , , , , , , , , , , , , , , , , , , , , , , , , , , , , , , , , , , , , , , , , , , , , , , , , , , , , , , , , , , , , , , , , , , , , , , , , , , , , , , , , , , , , , , , , , , , , , , , , , , , , , , , , , , , , , , , , , , , 
106.0,106.0,1,106.000,18/03/2026 05:32:29,19.179,,9.67, 10.48, 9.34,38.69, -2.32, 6.09,8.550, 7.309, 7.684, 7.572, 7.561, 7.285, 7.271, 7.411, 7.778, 8.169, 8.482, 8.745, 8.958, 9.192, 9.557, 9.866, 10.131, 10.326, 10.526, 10.687, 10.704, 10.770, 10.763, 10.718, 10.676, 10.613, 10.514, 10.497, 10.374, 10.391, 10.257, 10.233, 10.171, 10.063, 10.237, 10.069, 10.261, 10.311, 10.194, 10.567, 10.598, 10.558, 11.001, 11.090, 11.014, 11.439, 11.628, 11.452, 11.588, 11.903, 11.847, 11.624, 11.810, 12.033, 11.950, 11.738, 11.862, 12.129, 12.194, 12.044, 11.974, 12.196, 12.442, 12.533, 12.407, 12.379, 12.611, 12.864, 13.008, 12.966, 12.790, 12.808, 12.977, 13.149, 13.279, 13.262, 13.124, 13.040, 13.108, 13.197, 13.272, 13.368, 13.361, 13.259, 13.211, 13.306, 13.506, 13.720, 13.941, 14.056, 13.999, 13.871, 13.828, 13.944, 14.134, 14.308, 14.432, 14.447, 14.279, 13.995, 13.733, 13.618, 13.543, 13.241, 12.348, 11.008, 9.963, 9.422, 9.129, 8.927, 8.852, 8.928, 9.292, 9.854, 10.449, 11.007, 11.477, 11.862, 12.203, 12.484, 12.702, 12.882, 13.061, 13.305, 13.585, 13.884, 14.153, 14.343, 14.430, 14.464, 14.467, 14.485, 14.497, 14.484, 14.464, 14.442, 14.424, 14.382, 14.313, 14.289, 14.220, 14.097, 13.941, 13.810, 13.677, 13.618, 13.495, 13.469, 13.396, 13.231, 12.865, 12.094, 10.678, 8.477, 6.175, 4.780, 4.289, 4.166, 4.207, 4.359, 4.581, 4.854, 5.151, 5.473, 5.815, 6.185, 6.548, 6.917, 7.272, 7.615, 7.944, 8.270, 8.573, 8.857, 9.154, 9.469, 9.796, 10.114, 10.460, 10.784, 11.081, 11.339, 11.549, 11.726, 11.827, 11.876, 11.821, 11.726, 11.663, 11.569, 11.423, 11.287, 11.117, 10.949, 10.765, 10.513, 10.250, 9.859, 9.529, 9.247, 9.004, 8.788, 8.634, 8.530, 8.316, 8.276, 8.186, 8.008, 7.847, 7.747, 7.585, 7.360, 7.173, 7.014, 6.744, 6.673, 16.3,1187401.0,1158526.0,891282.58,42046.16,2833.54,17519.41,462.09,19233.73,208.50,258.19,26.05,333.20,17.93,675.21,19.32,891.88,15.04,503.69,42.82,28.13,5.41,40.59,13.11,354.00,11.66,26556.46,138.79,0.00,114.03,0.00,12.45,18.82,2.10,49.98,1.98,36.06,1.16,0.00,4.83,39.85,0.79,65.87,0.96,10.51,0.71,55.71,1.08,0.00,25.92,0.00,45.45,0.00,383.54,0.00,268.11,0.00,434.98,0.00,451.37,0.00,43.24,0.00,20.41,0.00,31.53,0.00,115.67,0.00,129.48,0.00,55.09,187229.63,69724.13,4698.79,33102.27,873.10,41147.39,446.05,591.61,59.69,831.97,44.77,813.36,23.27,1247.92,21.04,840.40,71.44,50.22,9.66,59.32,19.16,508.64,16.75,37968.93,198.43,0.00,144.99,0.00,15.84,23.56,2.63,62.21,2.46,47.61,1.53,0.00,6.79,43.58,0.86,77.90,1.14,13.35,0.90,75.25,1.46,0.00,30.38,0.00,60.61,0.00,411.97,0.00,306.27,0.00,552.22,0.00,540.34,0.00,50.77,0.00,22.04,0.00,33.96,0.00,128.95,0.00,147.34,0.00,62.50
106.5,106.5,1,106.500,18/03/2026 05:33:12,20.499, , , , , , , , , , , , , , , , , , , , , , , , , , , , , , , , , , , , , , , , , , , , , , , , , , , , , , , , , , , , , , , , , , , , , , , , , , , , , , , , , , , , , , , , , , , , , , , , , , , , , , , , , , , , , , , , , , , , , , , , , , , , , , , , , , , , , , , , , , , , , , , , , , , , , , , , , , , , , , , , , , , , , , , , , , , , , , , , , , , , , , , , , , , , , , , , , , , , , , , , , , , , , , , , , , , , , , , , , , , , , , , , , , , , , , , , , , , , , , , , , , , , , , , , , , , , , , , , , , , , , , , , , , , , , , , , , , , , , , , , , , , , , , , , , , , , , , , , , , , , , , , , , , , , , , , , , , , , , , , , , , , , , , , , , , , , , , , , , , , , , , , , , , , , , , , , , , , , , , , , , , , , 
107.0,107.0,1,107.000,18/03/2026 05:33:30,22.021,,10.30, 11.12, 10.26,39.77, -2.05, 5.15,10.608, 8.758, 10.058, 8.581, 8.526, 8.151, 8.407, 8.456, 8.674, 9.089, 9.326, 9.582, 9.744, 9.967, 10.284, 10.590, 10.866, 10.999, 11.103, 11.341, 11.377, 11.300, 11.455, 11.283, 11.268, 11.258, 11.061, 11.174, 10.926, 11.084, 10.819, 10.921, 10.753, 10.758, 10.862, 10.676, 10.963, 10.821, 10.940, 11.181, 11.037, 11.334, 11.543, 11.428, 11.742, 11.987, 11.827, 11.988, 12.272, 12.172, 12.029, 12.280, 12.416, 12.198, 12.127, 12.399, 12.532, 12.343, 12.242, 12.519, 12.721, 12.660, 12.465, 12.584, 12.887, 13.028, 13.047, 12.850, 12.906, 13.176, 13.360, 13.381, 13.143, 12.953, 13.092, 13.400, 13.603, 13.575, 13.328, 13.073, 13.031, 13.292, 13.578, 13.704, 13.643, 13.440, 13.278, 13.373, 13.696, 14.016, 14.193, 14.213, 14.072, 13.893, 13.758, 13.827, 14.056, 14.247, 14.271, 14.164, 13.985, 13.773, 13.445, 12.919, 11.988, 10.836, 10.012, 9.654, 9.532, 9.459, 9.431, 9.432, 9.558, 9.825, 10.193, 10.681, 11.208, 11.721, 12.175, 12.545, 12.837, 13.085, 13.264, 13.381, 13.417, 13.418, 13.436, 13.513, 13.644, 13.822, 14.025, 14.191, 14.319, 14.414, 14.475, 14.500, 14.473, 14.326, 14.075, 13.780, 13.474, 13.194, 13.023, 12.945, 13.018, 13.146, 13.228, 13.354, 13.398, 13.334, 13.071, 12.435, 11.152, 9.054, 6.682, 5.104, 4.398, 4.114, 4.023, 4.089, 4.299, 4.615, 5.021, 5.474, 5.988, 6.503, 6.996, 7.462, 7.892, 8.272, 8.649, 8.958, 9.226, 9.475, 9.684, 9.833, 9.934, 10.026, 10.114, 10.206, 10.323, 10.455, 10.650, 10.849, 11.074, 11.282, 11.409, 11.527, 11.641, 11.715, 11.681, 11.630, 11.558, 11.478, 11.350, 11.187, 10.904, 10.550, 10.216, 9.828, 9.472, 9.127, 8.790, 8.431, 8.076, 7.771, 7.523, 7.211, 6.874, 6.771, 6.630, 6.569, 6.368, 6.466, 6.346, 6.391, 16.3,1170004.0,1156958.0,905353.39,21740.83,2574.45,19849.84,488.60,22669.70,227.98,242.13,26.41,467.91,19.06,1102.55,21.45,1223.07,17.08,1098.84,49.86,0.00,18.35,119.93,14.38,312.02,11.33,25496.84,131.65,0.00,112.83,0.00,13.65,0.00,10.93,44.17,1.93,33.88,1.16,0.00,4.18,46.50,0.85,75.43,1.03,5.75,0.69,60.87,1.11,0.00,27.37,0.00,46.17,0.00,388.33,35.21,5.56,0.00,448.24,0.00,469.92,0.00,48.48,0.00,23.91,0.00,31.96,21.10,3.34,0.00,128.46,0.00,56.23,166122.50,36052.29,4269.15,37505.53,923.19,48498.08,487.73,554.81,60.51,1168.33,47.59,1328.14,25.84,1711.33,23.90,1833.41,83.19,0.00,32.76,175.28,21.02,448.32,16.28,36453.95,188.23,0.00,143.46,0.00,17.37,0.00,13.68,54.98,2.40,44.73,1.53,0.00,5.87,50.85,0.93,89.20,1.22,7.30,0.88,82.22,1.50,0.00,32.08,0.00,61.57,0.00,417.11,40.22,6.35,0.00,569.05,0.00,562.54,0.00,56.92,0.00,25.82,0.00,34.43,23.52,3.72,0.00,146.18,0.00,63.79
107.5,107.5,1,107.500,18/03/2026 05:34:13,20.367,1157880.359, , , , , , , , , , , , , , , , , , , , , , , , , , , , , , , , , , , , , , , , , , , , , , , , , , , , , , , , , , , , , , , , , , , , , , , , , , , , , , , , , , , , , , , , , , , , , , , , , , , , , , , , , , , , , , , , , , , , , , , , , , , , , , , , , , , , , , , , , , , , , , , , , , , , , , , , , , , , , , , , , , , , , , , , , , , , , , , , , , , , , , , , , , , , , , , , , , , , , , , , , , , , , , , , , , , , , , , , , , , , , , , , , , , , , , , , , , , , , , , , , , , , , , , , , , , , , , , , , , , , , , , , , , , , , , , , , , , , , , , , , , , , , , , , , , , , , , , , , , , , , , , , , , , , , , , , , , , , , , , , , , , , , , , , , , , , , , , , , , , , , , , , , , , , , , , , , , , , , , , , , , , 
108.0,108.0,1,108.000,18/03/2026 05:34:39,21.162,,9.63, 10.41, 9.59,38.57, -2.08, 5.11,7.893, 8.005, 8.601, 7.708, 7.991, 7.787, 7.625, 7.807, 8.099, 8.431, 8.697, 8.979, 9.133, 9.368, 9.675, 9.943, 10.150, 10.288, 10.452, 10.611, 10.587, 10.657, 10.682, 10.562, 10.621, 10.438, 10.472, 10.326, 10.352, 10.231, 10.253, 10.095, 10.143, 10.032, 10.131, 10.111, 10.124, 10.252, 10.249, 10.383, 10.518, 10.581, 10.757, 10.914, 11.010, 11.157, 11.298, 11.364, 11.414, 11.514, 11.534, 11.578, 11.595, 11.635, 11.650, 11.709, 11.728, 11.764, 11.825, 11.929, 11.961, 11.955, 12.021, 12.145, 12.275, 12.308, 12.356, 12.407, 12.508, 12.674, 12.712, 12.688, 12.621, 12.634, 12.745, 12.904, 12.982, 12.861, 12.746, 12.683, 12.721, 12.883, 13.069, 13.096, 12.980, 12.901, 12.942, 13.105, 13.339, 13.576, 13.662, 13.601, 13.446, 13.378, 13.437, 13.581, 13.738, 13.841, 13.821, 13.655, 13.421, 13.196, 12.961, 12.601, 11.804, 10.691, 9.840, 9.456, 9.283, 9.159, 9.054, 9.010, 9.178, 9.546, 10.020, 10.554, 11.075, 11.547, 11.953, 12.301, 12.545, 12.702, 12.797, 12.863, 12.938, 13.041, 13.178, 13.329, 13.498, 13.663, 13.834, 13.984, 14.099, 14.167, 14.158, 14.102, 13.983, 13.801, 13.565, 13.370, 13.187, 13.024, 12.919, 12.899, 12.963, 13.090, 13.127, 13.254, 13.301, 13.210, 12.897, 12.190, 10.841, 8.703, 6.360, 4.832, 4.183, 3.943, 3.893, 4.028, 4.273, 4.619, 5.059, 5.525, 6.033, 6.543, 7.042, 7.480, 7.886, 8.233, 8.530, 8.768, 8.969, 9.137, 9.287, 9.429, 9.556, 9.699, 9.836, 10.026, 10.200, 10.419, 10.631, 10.889, 11.133, 11.362, 11.498, 11.605, 11.734, 11.814, 11.787, 11.751, 11.681, 11.500, 11.337, 11.085, 10.769, 10.344, 9.923, 9.553, 9.165, 8.821, 8.519, 8.247, 7.942, 7.696, 7.451, 7.242, 7.134, 6.995, 6.895, 6.751, 6.795, 6.764, 6.611, 6.887, 16.3,1187166.0,1222237.0,891726.46,26362.06,2559.25,18069.01,466.25,23650.57,230.33,269.14,26.14,512.06,18.75,1687.11,23.48,1647.67,18.61,1525.05,53.57,0.00,19.94,148.90,15.45,453.52,13.13,33616.08,169.60,0.00,133.21,0.00,13.35,0.00,11.18,44.26,1.96,50.45,1.39,0.00,3.75,29.46,0.73,58.57,0.95,5.45,0.70,49.92,1.10,4.05,0.97,0.00,45.57,0.00,384.23,0.00,265.35,0.00,438.39,86.33,8.85,0.00,38.17,0.00,20.42,3.89,1.09,0.00,116.75,0.00,131.37,0.00,51.55,186571.77,43715.57,4243.94,34140.72,880.96,50596.49,492.75,616.70,59.90,1278.56,46.82,2032.30,28.28,2305.43,26.04,2544.54,89.38,0.00,35.60,217.63,22.58,651.64,18.87,48062.38,242.48,0.00,169.37,0.00,16.99,0.00,13.99,55.09,2.44,66.61,1.84,0.00,5.27,32.22,0.80,69.26,1.12,6.92,0.89,67.43,1.49,4.75,1.14,0.00,60.77,0.00,412.71,0.00,303.12,0.00,556.54,103.35,10.59,0.00,44.81,0.00,22.05,4.19,1.17,0.00,130.16,0.00,149.49,0.00,58.48
108.5,108.5,1,108.500,18/03/2026 05:35:13,21.622, , , , , , , , , , , , , , , , , , , , , , , , , , , , , , , , , , , , , , , , , , , , , , , , , , , , , , , , , , , , , , , , , , , , , , , , , , , , , , , , , , , , , , , , , , , , , , , , , , , , , , , , , , , , , , , , , , , , , , , , , , , , , , , , , , , , , , , , , , , , , , , , , , , , , , , , , , , , , , , , , , , , , , , , , , , , , , , , , , , , , , , , , , , , , , , , , , , , , , , , , , , , , , , , , , , , , , , , , , , , , , , , , , , , , , , , , , , , , , , , , , , , , , , , , , , , , , , , , , , , , , , , , , , , , , , , , , , , , , , , , , , , , , , , , , , , , , , , , , , , , , , , , , , , , , , , , , , , , , , , , , , , , , , , , , , , , , , , , , , , , , , , , , , , , , , , , , , , , , , , , , , , 
109.0,109.0,1,109.000,18/03/2026 05:35:39,22.747,,11.34, 12.22, 11.83,41.57, -1.97, 3.83,13.630, 12.365, 11.575, 10.252, 10.048, 9.791, 9.760, 9.919, 10.115, 10.533, 10.779, 11.027, 11.213, 11.426, 11.659, 11.847, 12.043, 12.244, 12.338, 12.381, 12.456, 12.459, 12.394, 12.385, 12.263, 12.210, 12.124, 12.042, 12.005, 11.946, 11.888, 11.817, 11.715, 11.761, 11.698, 11.816, 11.807, 11.880, 11.975, 12.003, 12.188, 12.297, 12.351, 12.570, 12.703, 12.762, 12.920, 13.021, 13.066, 13.079, 13.180, 13.226, 13.194, 13.230, 13.287, 13.341, 13.337, 13.369, 13.462, 13.526, 13.571, 13.548, 13.668, 13.741, 13.853, 13.859, 13.891, 13.977, 14.026, 14.124, 14.191, 14.120, 14.107, 14.137, 14.111, 14.230, 14.330, 14.267, 14.214, 14.177, 14.108, 14.178, 14.356, 14.389, 14.321, 14.333, 14.384, 14.450, 14.564, 14.765, 14.874, 14.818, 14.742, 14.774, 14.812, 14.826, 14.856, 14.924, 14.918, 14.766, 14.563, 14.436, 14.326, 13.993, 13.119, 11.899, 10.969, 10.541, 10.357, 10.241, 10.195, 10.280, 10.577, 11.008, 11.416, 11.792, 12.145, 12.502, 12.866, 13.174, 13.396, 13.573, 13.735, 13.937, 14.131, 14.285, 14.364, 14.368, 14.365, 14.402, 14.488, 14.596, 14.699, 14.741, 14.752, 14.747, 14.752, 14.741, 14.667, 14.547, 14.355, 14.112, 13.849, 13.670, 13.627, 13.671, 13.729, 13.842, 13.871, 13.782, 13.510, 12.907, 11.749, 9.813, 7.515, 5.906, 5.209, 4.950, 4.885, 4.963, 5.140, 5.425, 5.776, 6.186, 6.665, 7.163, 7.650, 8.106, 8.518, 8.895, 9.232, 9.563, 9.881, 10.187, 10.498, 10.762, 10.995, 11.185, 11.320, 11.439, 11.495, 11.551, 11.624, 11.718, 11.857, 11.942, 12.034, 12.130, 12.201, 12.257, 12.209, 12.145, 12.052, 11.923, 11.777, 11.602, 11.379, 11.097, 10.832, 10.616, 10.378, 10.210, 9.997, 9.751, 9.505, 9.270, 8.909, 8.601, 8.275, 8.007, 7.663, 7.545, 7.348, 7.073, 6.990, 7.040, 16.3,1179483.0,1173565.0,896172.49,30234.06,2685.90,19516.40,485.27,24053.87,235.37,164.04,25.36,530.16,19.37,1395.32,22.72,1256.03,17.35,1246.41,51.58,0.00,18.22,212.74,15.91,300.75,11.28,24529.10,128.17,0.00,109.32,0.00,13.50,20.86,2.16,55.92,2.09,43.41,1.31,0.00,3.28,51.48,0.88,81.61,1.07,4.69,0.69,73.72,1.17,0.00,27.25,0.00,46.14,0.00,393.61,26.97,5.55,0.00,448.46,0.00,467.15,0.00,46.33,0.00,21.76,7.69,1.06,22.26,3.25,0.00,126.96,0.00,54.15,181977.39,50136.41,4453.96,36875.51,916.90,51459.28,503.54,375.88,58.11,1323.76,48.37,1680.81,27.37,1757.44,24.28,2079.63,86.06,0.00,32.53,310.93,23.25,432.13,16.21,35070.33,183.25,0.00,139.00,0.00,17.18,26.11,2.70,69.60,2.60,57.32,1.73,0.00,4.61,56.30,0.96,96.51,1.27,5.96,0.88,99.58,1.58,0.00,31.94,0.00,61.53,0.00,422.78,30.81,6.34,0.00,569.33,0.00,559.23,0.00,54.39,0.00,23.50,8.28,1.14,24.82,3.62,0.00,144.47,0.00,61.43
109.5,109.5,1,109.500,18/03/2026 05:36:31,21.091, , , , , , , , , , , , , , , , , , , , , , , , , , , , , , , , , , , , , , , , , , , , , , , , , , , , , , , , , , , , , , , , , , , , , , , , , , , , , , , , , , , , , , , , , , , , , , , , , , , , , , , , , , , , , , , , , , , , , , , , , , , , , , , , , , , , , , , , , , , , , , , , , , , , , , , , , , , , , , , , , , , , , , , , , , , , , , , , , , , , , , , , , , , , , , , , , , , , , , , , , , , , , , , , , , , , , , , , , , , , , , , , , , , , , , , , , , , , , , , , , , , , , , , , , , , , , , , , , , , , , , , , , , , , , , , , , , , , , , , , , , , , , , , , , , , , , , , , , , , , , , , , , , , , , , , , , , , , , , , , , , , , , , , , , , , , , , , , , , , , , , , , , , , , , , , , , , , , , , , , , , , , 
110.0,110.0,1,110.000,18/03/2026 05:36:48,24.731,,10.98, 11.80, 11.49,40.90, -1.75, 3.60,11.394, 11.511, 11.551, 10.324, 9.927, 9.780, 9.570, 9.694, 9.890, 10.241, 10.491, 10.697, 10.873, 11.060, 11.253, 11.378, 11.569, 11.823, 11.921, 11.923, 12.007, 12.018, 11.973, 11.984, 11.846, 11.867, 11.664, 11.754, 11.524, 11.664, 11.398, 11.553, 11.255, 11.465, 11.291, 11.416, 11.426, 11.381, 11.608, 11.510, 11.733, 11.833, 11.819, 12.138, 12.157, 12.184, 12.498, 12.457, 12.384, 12.681, 12.696, 12.492, 12.616, 12.901, 12.729, 12.548, 12.799, 13.070, 12.914, 12.722, 12.897, 13.253, 13.243, 13.023, 12.986, 13.302, 13.554, 13.536, 13.267, 13.163, 13.447, 13.766, 13.782, 13.536, 13.313, 13.418, 13.719, 13.883, 13.827, 13.548, 13.307, 13.387, 13.669, 13.883, 13.967, 13.898, 13.733, 13.677, 13.847, 14.130, 14.282, 14.339, 14.314, 14.191, 14.074, 14.114, 14.269, 14.364, 14.313, 14.181, 14.056, 13.905, 13.668, 13.299, 12.598, 11.623, 10.824, 10.366, 10.134, 10.037, 10.017, 10.046, 10.229, 10.597, 11.093, 11.635, 12.090, 12.424, 12.659, 12.864, 13.058, 13.234, 13.355, 13.464, 13.598, 13.803, 14.060, 14.290, 14.426, 14.471, 14.459, 14.434, 14.420, 14.426, 14.413, 14.374, 14.331, 14.280, 14.243, 14.274, 14.268, 14.241, 14.154, 14.026, 13.920, 13.832, 13.701, 13.689, 13.637, 13.494, 13.195, 12.583, 11.442, 9.613, 7.540, 6.173, 5.648, 5.501, 5.501, 5.597, 5.793, 6.019, 6.298, 6.611, 6.970, 7.342, 7.732, 8.075, 8.414, 8.744, 9.067, 9.392, 9.722, 10.085, 10.473, 10.836, 11.188, 11.496, 11.730, 11.933, 12.043, 12.139, 12.201, 12.245, 12.303, 12.355, 12.353, 12.299, 12.276, 12.225, 12.099, 11.986, 11.867, 11.742, 11.631, 11.537, 11.461, 11.278, 11.151, 11.036, 10.952, 10.856, 10.757, 10.577, 10.288, 10.081, 9.745, 9.465, 9.154, 8.830, 8.556, 8.245, 8.032, 7.687, 7.519, 7.385, 16.3,1164823.0,1172609.0,882932.51,46049.76,2935.45,19191.84,488.15,20686.49,220.51,217.86,26.37,563.04,19.86,1194.87,22.14,1145.02,16.95,1498.03,54.70,0.00,17.65,65.66,13.40,318.96,11.54,25757.18,138.23,0.00,114.59,0.00,14.09,23.21,2.24,65.16,2.23,40.66,1.28,1.74,0.42,36.73,0.78,81.81,1.09,7.36,0.70,69.17,1.17,0.00,26.70,0.00,45.97,32.89,8.54,0.00,273.78,0.00,457.52,0.00,464.81,0.00,43.07,0.00,21.26,5.56,1.07,14.51,3.39,0.00,130.50,0.00,55.00,202170.68,76363.20,4867.79,36262.26,922.34,44255.33,471.74,499.20,60.42,1405.86,49.59,1439.35,26.67,1602.12,23.72,2499.45,91.27,0.00,31.51,95.97,19.58,458.29,16.58,36826.17,197.63,0.00,145.70,0.00,17.93,29.05,2.80,81.11,2.78,53.68,1.69,2.45,0.59,40.17,0.85,96.75,1.29,9.35,0.89,93.43,1.58,0.00,31.30,0.00,61.30,35.33,9.17,0.00,312.75,0.00,580.83,0.00,556.42,0.00,50.57,0.00,22.96,5.99,1.15,16.18,3.78,0.00,148.50,0.00,62.39
110.5,110.5,1,110.500,18/03/2026 05:37:32,24.932, , , , , , , , , , , , , , , , , , , , , , , , , , , , , , , , , , , , , , , , , , , , , , , , , , , , , , , , , , , , , , , , , , , , , , , , , , , , , , , , , , , , , , , , , , , , , , , , , , , , , , , , , , , , , , , , , , , , , , , , , , , , , , , , , , , , , , , , , , , , , , , , , , , , , , , , , , , , , , , , , , , , , , , , , , , , , , , , , , , , , , , , , , , , , , , , , , , , , , , , , , , , , , , , , , , , , , , , , , , , , , , , , , , , , , , , , , , , , , , , , , , , , , , , , , , , , , , , , , , , , , , , , , , , , , , , , , , , , , , , , , , , , , , , , , , , , , , , , , , , , , , , , , , , , , , , , , , , , , , , , , , , , , , , , , , , , , , , , , , , , , , , , , , , , , , , , , , , , , , , , , , , 
111.0,111.0,1,111.000,18/03/2026 05:37:49,28.367,,12.55, 13.52, 12.67,43.54, -2.07, 5.01,13.168, 11.830, 11.636, 11.108, 10.432, 10.334, 10.157, 10.360, 10.699, 11.192, 11.538, 11.870, 12.083, 12.396, 12.678, 12.923, 13.183, 13.410, 13.565, 13.719, 13.795, 13.784, 13.843, 13.795, 13.687, 13.667, 13.499, 13.469, 13.409, 13.298, 13.305, 13.093, 13.151, 12.962, 13.131, 13.031, 13.091, 13.242, 13.079, 13.474, 13.340, 13.525, 13.832, 13.672, 14.034, 14.206, 14.029, 14.346, 14.438, 14.187, 14.379, 14.555, 14.282, 14.264, 14.565, 14.492, 14.242, 14.425, 14.730, 14.600, 14.364, 14.512, 14.899, 14.903, 14.646, 14.604, 14.884, 15.174, 15.076, 14.740, 14.719, 15.047, 15.319, 15.218, 14.898, 14.744, 14.922, 15.209, 15.291, 15.060, 14.724, 14.621, 14.823, 15.135, 15.336, 15.297, 15.140, 15.044, 15.089, 15.313, 15.573, 15.707, 15.676, 15.566, 15.446, 15.411, 15.457, 15.524, 15.535, 15.450, 15.267, 15.068, 14.798, 14.343, 13.435, 12.204, 11.292, 10.888, 10.714, 10.593, 10.518, 10.519, 10.719, 11.106, 11.588, 12.140, 12.670, 13.149, 13.522, 13.781, 13.969, 14.100, 14.208, 14.319, 14.448, 14.598, 14.777, 14.993, 15.206, 15.378, 15.492, 15.540, 15.522, 15.463, 15.378, 15.286, 15.179, 15.057, 14.923, 14.838, 14.751, 14.709, 14.713, 14.738, 14.787, 14.850, 14.741, 14.704, 14.591, 14.366, 13.974, 13.191, 11.838, 9.715, 7.317, 5.778, 5.216, 5.111, 5.238, 5.526, 5.889, 6.309, 6.761, 7.186, 7.604, 7.989, 8.331, 8.613, 8.872, 9.102, 9.307, 9.506, 9.718, 9.955, 10.232, 10.528, 10.873, 11.238, 11.605, 11.974, 12.321, 12.653, 12.945, 13.180, 13.383, 13.485, 13.493, 13.422, 13.336, 13.175, 12.927, 12.658, 12.374, 12.045, 11.756, 11.409, 11.097, 10.762, 10.492, 10.293, 10.145, 10.066, 10.012, 10.032, 10.005, 10.004, 10.033, 9.943, 9.917, 9.756, 9.684, 9.484, 9.271, 9.025, 8.882, 8.668, 16.3,1106756.0,1200484.0,882559.51,38976.63,2900.08,20714.12,515.35,24664.75,247.37,351.38,29.30,603.81,20.85,1730.39,25.41,1650.25,20.13,1683.54,58.15,32.04,6.17,80.83,14.81,388.97,12.76,26164.76,142.26,0.00,115.53,0.00,11.76,23.62,2.29,63.07,2.25,26.48,1.23,0.00,4.47,58.38,0.98,91.54,1.18,4.51,0.73,86.70,1.29,0.00,27.34,0.00,47.82,0.00,400.21,0.00,280.64,0.00,472.05,0.00,490.19,0.00,40.00,0.00,23.34,10.88,1.21,33.88,3.48,0.00,131.88,0.00,60.48,204684.55,64634.00,4809.13,39138.56,973.73,52766.16,529.21,805.14,67.14,1507.66,52.06,2084.44,30.61,2309.04,28.17,2808.98,97.02,57.20,11.01,118.14,21.65,558.89,18.33,37408.90,203.40,0.00,146.89,0.00,14.97,29.57,2.87,78.50,2.80,34.96,1.62,0.00,6.28,63.84,1.07,108.26,1.40,5.73,0.93,117.11,1.74,0.00,32.05,0.00,63.77,0.00,429.87,0.00,320.58,0.00,599.28,0.00,586.81,0.00,46.96,0.00,25.20,11.72,1.30,37.77,3.88,0.00,150.07,0.00,68.61
111.5,111.5,1,111.500,18/03/2026 05:38:32,28.037, , , , , , , , , , , , , , , , , , , , , , , , , , , , , , , , , , , , , , , , , , , , , , , , , , , , , , , , , , , , , , , , , , , , , , , , , , , , , , , , , , , , , , , , , , , , , , , , , , , , , , , , , , , , , , , , , , , , , , , , , , , , , , , , , , , , , , , , , , , , , , , , , , , , , , , , , , , , , , , , , , , , , , , , , , , , , , , , , , , , , , , , , , , , , , , , , , , , , , , , , , , , , , , , , , , , , , , , , , , , , , , , , , , , , , , , , , , , , , , , , , , , , , , , , , , , , , , , , , , , , , , , , , , , , , , , , , , , , , , , , , , , , , , , , , , , , , , , , , , , , , , , , , , , , , , , , , , , , , , , , , , , , , , , , , , , , , , , , , , , , , , , , , , , , , , , , , , , , , , , , , , , 
112.0,112.0,1,112.000,18/03/2026 05:38:58,28.963,,14.26, 15.36, 14.79,46.12, -2.04, 4.29,17.109, 15.015, 14.724, 13.116, 12.736, 12.282, 12.164, 12.391, 12.641, 13.164, 13.496, 13.789, 14.006, 14.317, 14.599, 14.842, 15.120, 15.277, 15.381, 15.612, 15.707, 15.545, 15.663, 15.656, 15.350, 15.516, 15.173, 15.259, 15.070, 15.063, 14.913, 14.891, 14.667, 14.828, 14.553, 14.884, 14.554, 14.835, 14.870, 14.757, 15.211, 15.030, 15.180, 15.622, 15.407, 15.573, 15.972, 15.731, 15.695, 16.072, 15.932, 15.675, 15.895, 16.090, 15.785, 15.665, 15.997, 16.129, 15.875, 15.770, 16.059, 16.282, 16.114, 15.954, 16.066, 16.429, 16.475, 16.263, 16.095, 16.188, 16.556, 16.586, 16.337, 16.106, 16.089, 16.373, 16.638, 16.504, 16.201, 15.994, 15.923, 16.200, 16.561, 16.574, 16.337, 16.175, 16.152, 16.298, 16.678, 17.009, 16.995, 16.731, 16.534, 16.501, 16.563, 16.785, 17.092, 17.204, 16.968, 16.541, 16.213, 16.060, 15.971, 15.766, 15.209, 14.303, 13.458, 12.825, 12.351, 12.013, 11.912, 12.014, 12.373, 12.933, 13.579, 14.242, 14.723, 14.949, 14.981, 14.937, 14.967, 15.117, 15.353, 15.622, 15.922, 16.225, 16.557, 16.830, 16.951, 16.895, 16.709, 16.477, 16.309, 16.225, 16.223, 16.292, 16.382, 16.470, 16.543, 16.635, 16.671, 16.673, 16.555, 16.394, 16.166, 15.956, 15.646, 15.508, 15.383, 15.260, 15.036, 14.549, 13.547, 11.785, 9.625, 8.160, 7.602, 7.466, 7.508, 7.654, 7.877, 8.083, 8.327, 8.565, 8.820, 9.124, 9.464, 9.811, 10.180, 10.569, 10.977, 11.396, 11.803, 12.224, 12.647, 13.045, 13.423, 13.758, 14.039, 14.270, 14.405, 14.493, 14.529, 14.545, 14.539, 14.490, 14.333, 14.200, 14.117, 14.026, 13.890, 13.775, 13.699, 13.596, 13.525, 13.434, 13.323, 13.205, 13.108, 13.014, 12.961, 12.937, 12.892, 12.882, 12.713, 12.571, 12.345, 12.119, 11.780, 11.462, 11.254, 10.898, 10.418, 10.012, 9.924, 9.576, 16.3,1082667.0,1180755.0,888571.24,30734.54,2892.62,22010.65,539.94,25700.93,258.89,445.28,31.61,678.41,22.16,1502.25,25.27,1432.99,19.49,1370.24,56.12,26.28,6.15,47.41,14.94,395.61,13.14,26610.80,146.83,0.00,122.56,0.00,14.21,21.58,2.34,84.01,2.63,36.98,1.41,0.00,5.18,59.44,1.03,98.60,1.25,9.69,0.79,91.04,1.35,0.00,28.18,0.00,50.47,28.98,9.15,0.00,289.70,0.00,480.36,0.00,501.09,0.00,50.52,0.00,23.81,12.62,1.31,21.06,3.69,0.00,139.18,9.36,1.35,195660.04,50966.34,4796.76,41588.30,1020.20,54982.90,553.85,1020.30,72.43,1693.92,55.33,1809.62,30.44,2005.05,27.27,2286.24,93.64,46.91,10.98,69.29,21.84,568.43,18.88,38046.63,209.93,0.00,155.83,0.00,18.08,27.01,2.93,104.57,3.27,48.83,1.86,0.00,7.28,65.00,1.13,116.60,1.48,12.31,1.00,122.97,1.82,0.00,33.03,0.00,67.30,31.13,9.83,0.00,330.93,0.00,609.83,0.00,599.86,0.00,59.31,0.00,25.71,13.59,1.41,23.48,4.11,0.00,158.37,10.62,1.53
112.5,112.5,1,112.500,18/03/2026 05:39:33,30.690,1157880.090, , , , , , , , , , , , , , , , , , , , , , , , , , , , , , , , , , , , , , , , , , , , , , , , , , , , , , , , , , , , , , , , , , , , , , , , , , , , , , , , , , , , , , , , , , , , , , , , , , , , , , , , , , , , , , , , , , , , , , , , , , , , , , , , , , , , , , , , , , , , , , , , , , , , , , , , , , , , , , , , , , , , , , , , , , , , , , , , , , , , , , , , , , , , , , , , , , , , , , , , , , , , , , , , , , , , , , , , , , , , , , , , , , , , , , , , , , , , , , , , , , , , , , , , , , , , , , , , , , , , , , , , , , , , , , , , , , , , , , , , , , , , , , , , , , , , , , , , , , , , , , , , , , , , , , , , , , , , , , , , , , , , , , , , , , , , , , , , , , , , , , , , , , , , , , , , , , , , , , , , , , , 
113.0,113.0,1,113.000,18/03/2026 05:39:59,26.391,,14.01, 15.10, 14.87,45.77, -2.12, 3.50,16.997, 14.501, 14.687, 13.103, 12.863, 12.566, 12.486, 12.534, 12.847, 13.254, 13.532, 13.871, 14.086, 14.320, 14.571, 14.765, 14.992, 15.145, 15.227, 15.334, 15.422, 15.352, 15.245, 15.295, 15.162, 14.907, 14.995, 14.746, 14.689, 14.671, 14.440, 14.506, 14.223, 14.340, 14.186, 14.293, 14.201, 14.314, 14.286, 14.437, 14.450, 14.664, 14.703, 14.854, 15.087, 14.978, 15.287, 15.318, 15.122, 15.462, 15.390, 15.091, 15.434, 15.498, 15.059, 15.239, 15.640, 15.343, 15.091, 15.520, 15.778, 15.394, 15.243, 15.694, 16.005, 15.682, 15.420, 15.652, 16.090, 16.105, 15.701, 15.487, 15.774, 16.124, 16.075, 15.733, 15.501, 15.666, 15.978, 16.046, 15.799, 15.521, 15.488, 15.739, 16.049, 16.187, 16.099, 15.916, 15.828, 15.975, 16.267, 16.493, 16.548, 16.451, 16.275, 16.136, 16.169, 16.309, 16.404, 16.410, 16.304, 16.108, 15.789, 15.378, 14.674, 13.767, 13.089, 12.780, 12.660, 12.509, 12.344, 12.246, 12.366, 12.735, 13.251, 13.848, 14.362, 14.777, 15.051, 15.154, 15.158, 15.123, 15.148, 15.260, 15.482, 15.773, 16.095, 16.383, 16.579, 16.660, 16.607, 16.453, 16.270, 16.074, 15.940, 15.886, 15.947, 16.067, 16.225, 16.353, 16.426, 16.420, 16.320, 16.166, 15.988, 15.769, 15.479, 15.307, 15.164, 15.043, 14.872, 14.491, 13.655, 12.060, 9.963, 8.350, 7.655, 7.375, 7.304, 7.393, 7.586, 7.827, 8.105, 8.421, 8.789, 9.188, 9.601, 10.044, 10.500, 10.960, 11.445, 11.912, 12.325, 12.747, 13.092, 13.382, 13.606, 13.776, 13.879, 13.948, 13.971, 13.996, 13.979, 14.017, 14.048, 14.050, 14.049, 14.045, 14.118, 14.188, 14.206, 14.218, 14.249, 14.224, 14.201, 14.099, 13.910, 13.733, 13.521, 13.289, 13.025, 12.843, 12.656, 12.433, 12.190, 11.922, 11.624, 11.426, 11.121, 10.938, 10.693, 10.576, 10.362, 10.181, 9.979, 10.021, 16.3,1021045.0,1199172.0,868123.25,45590.12,3213.45,22767.33,572.99,28630.19,288.28,472.87,34.13,981.71,25.62,1710.79,28.04,1429.52,21.02,1925.60,64.90,24.49,6.67,155.88,18.33,395.43,13.97,27339.55,159.54,0.00,127.88,0.00,14.93,23.53,2.50,75.08,2.60,25.11,1.30,0.00,5.20,63.89,1.09,113.18,1.41,15.62,0.88,102.12,1.48,3.27,1.05,0.00,53.01,0.00,436.99,0.00,306.75,0.00,508.94,0.00,532.60,0.00,46.85,0.00,26.82,11.05,1.31,20.38,3.84,0.00,145.06,0.00,63.55,231161.48,75600.99,5328.79,43018.02,1082.64,61249.56,616.73,1083.52,78.20,2451.24,63.97,2060.83,33.78,2000.19,29.41,3212.85,108.29,43.72,11.91,227.83,26.79,568.17,20.07,39088.55,228.10,0.00,162.60,0.00,19.00,29.45,3.13,93.45,3.24,33.15,1.72,0.00,7.31,69.87,1.19,133.85,1.67,19.84,1.12,137.94,2.00,3.83,1.23,0.00,70.69,0.00,469.38,0.00,350.41,0.00,646.11,0.00,637.58,0.00,55.00,0.00,28.96,11.90,1.41,22.72,4.28,0.00,165.06,0.00,72.09
113.5,113.5,1,113.500,18/03/2026 05:40:33,22.686, , , , , , , , , , , , , , , , , , , , , , , , , , , , , , , , , , , , , , , , , , , , , , , , , , , , , , , , , , , , , , , , , , , , , , , , , , , , , , , , , , , , , , , , , , , , , , , , , , , , , , , , , , , , , , , , , , , , , , , , , , , , , , , , , , , , , , , , , , , , , , , , , , , , , , , , , , , , , , , , , , , , , , , , , , , , , , , , , , , , , , , , , , , , , , , , , , , , , , , , , , , , , , , , , , , , , , , , , , , , , , , , , , , , , , , , , , , , , , , , , , , , , , , , , , , , , , , , , , , , , , , , , , , , , , , , , , , , , , , , , , , , , , , , , , , , , , , , , , , , , , , , , , , , , , , , , , , , , , , , , , , , , , , , , , , , , , , , , , , , , , , , , , , , , , , , , , , , , , , , , , , , 
114.0,114.0,1,114.000,18/03/2026 05:40:59,22.424,,12.88, 13.84, 13.38,44.01, -1.85, 4.04,15.575, 13.179, 13.147, 11.826, 11.698, 11.439, 11.177, 11.252, 11.501, 11.945, 12.173, 12.465, 12.659, 12.874, 13.142, 13.355, 13.605, 13.825, 13.946, 13.997, 14.033, 14.114, 14.114, 14.016, 13.982, 13.919, 13.776, 13.741, 13.650, 13.606, 13.508, 13.449, 13.353, 13.315, 13.329, 13.342, 13.319, 13.478, 13.333, 13.728, 13.468, 13.929, 13.850, 13.972, 14.365, 14.152, 14.481, 14.607, 14.423, 14.691, 14.719, 14.569, 14.723, 14.790, 14.679, 14.720, 14.842, 14.875, 14.859, 14.885, 14.976, 15.084, 15.087, 15.072, 15.205, 15.391, 15.430, 15.315, 15.310, 15.549, 15.715, 15.631, 15.410, 15.404, 15.640, 15.831, 15.767, 15.509, 15.353, 15.447, 15.633, 15.767, 15.694, 15.546, 15.493, 15.633, 15.917, 16.132, 16.168, 16.071, 15.942, 15.931, 16.091, 16.352, 16.555, 16.595, 16.426, 16.149, 15.881, 15.779, 15.874, 16.012, 16.029, 15.662, 14.650, 13.163, 11.977, 11.464, 11.420, 11.590, 11.834, 12.057, 12.295, 12.505, 12.686, 12.914, 13.238, 13.692, 14.241, 14.780, 15.248, 15.596, 15.752, 15.747, 15.624, 15.492, 15.473, 15.591, 15.854, 16.201, 16.552, 16.850, 17.021, 17.035, 16.875, 16.606, 16.255, 15.913, 15.670, 15.573, 15.602, 15.739, 15.942, 16.156, 16.350, 16.488, 16.274, 16.128, 15.810, 15.360, 14.719, 13.808, 12.444, 10.450, 8.286, 7.041, 6.748, 6.858, 7.125, 7.460, 7.794, 8.083, 8.313, 8.487, 8.626, 8.743, 8.843, 8.954, 9.141, 9.411, 9.805, 10.294, 10.869, 11.470, 12.081, 12.652, 13.179, 13.611, 13.948, 14.197, 14.321, 14.352, 14.305, 14.184, 14.040, 13.811, 13.534, 13.270, 13.111, 12.980, 12.907, 12.934, 13.002, 13.116, 13.251, 13.331, 13.377, 13.371, 13.319, 13.239, 13.132, 12.997, 12.766, 12.476, 12.224, 11.845, 11.450, 11.012, 10.476, 10.060, 9.593, 9.159, 8.785, 8.450, 8.201, 8.056, 16.3,1139418.0,1247992.0,872750.32,58331.03,3080.01,18956.00,489.23,23616.38,239.78,518.46,30.59,602.20,20.55,748.78,20.64,832.67,15.43,954.57,49.78,0.00,17.08,99.63,14.02,238.57,10.49,21816.51,120.78,0.00,103.88,0.00,12.60,10.12,1.94,55.80,2.05,28.11,1.16,0.00,4.59,42.82,0.82,79.41,1.06,9.84,0.71,72.47,1.16,2.77,0.92,0.00,46.15,87.51,8.09,59.67,5.41,0.00,442.24,42.81,8.58,0.00,42.61,0.00,23.59,7.86,1.09,35.66,3.29,0.00,127.77,0.00,58.31,221735.97,96728.93,5107.51,35816.65,924.38,50523.35,512.97,1187.98,70.09,1503.64,51.31,901.98,24.86,1165.08,21.59,1592.69,83.06,0.00,30.49,145.61,20.49,342.79,15.07,31192.02,172.68,0.00,132.08,0.00,16.03,12.67,2.43,69.46,2.55,37.11,1.53,0.00,6.45,46.83,0.90,93.91,1.25,12.50,0.90,97.89,1.57,3.25,1.08,0.00,61.54,94.00,8.69,68.16,6.18,0.00,561.43,51.25,10.27,0.00,50.03,0.00,25.47,8.47,1.17,39.76,3.67,0.00,145.39,0.00,66.15
114.5,114.5,1,114.500,18/03/2026 05:41:51,23.215, , , , , , , , , , , , , , , , , , , , , , , , , , , , , , , , , , , , , , , , , , , , , , , , , , , , , , , , , , , , , , , , , , , , , , , , , , , , , , , , , , , , , , , , , , , , , , , , , , , , , , , , , , , , , , , , , , , , , , , , , , , , , , , , , , , , , , , , , , , , , , , , , , , , , , , , , , , , , , , , , , , , , , , , , , , , , , , , , , , , , , , , , , , , , , , , , , , , , , , , , , , , , , , , , , , , , , , , , , , , , , , , , , , , , , , , , , , , , , , , , , , , , , , , , , , , , , , , , , , , , , , , , , , , , , , , , , , , , , , , , , , , , , , , , , , , , , , , , , , , , , , , , , , , , , , , , , , , , , , , , , , , , , , , , , , , , , , , , , , , , , , , , , , , , , , , , , , , , , , , , , , , 
115.0,115.0,1,115.000,18/03/2026 05:42:08,21.956,,11.50, 12.39, 12.03,41.83, -1.97, 3.75,13.220, 11.646, 11.561, 10.342, 10.286, 10.084, 9.955, 10.080, 10.307, 10.708, 10.974, 11.214, 11.400, 11.623, 11.862, 12.010, 12.198, 12.395, 12.505, 12.610, 12.656, 12.583, 12.535, 12.577, 12.476, 12.301, 12.336, 12.187, 12.128, 12.128, 11.975, 12.010, 11.826, 11.924, 11.812, 11.942, 11.860, 11.990, 12.010, 12.065, 12.301, 12.209, 12.543, 12.540, 12.651, 12.963, 12.814, 13.006, 13.190, 12.987, 13.129, 13.308, 13.100, 13.151, 13.372, 13.256, 13.178, 13.404, 13.508, 13.352, 13.389, 13.628, 13.692, 13.584, 13.635, 13.844, 13.910, 13.826, 13.746, 13.892, 14.089, 14.087, 13.947, 13.872, 13.990, 14.170, 14.222, 14.103, 13.977, 13.925, 13.985, 14.109, 14.196, 14.199, 14.128, 14.103, 14.211, 14.393, 14.581, 14.676, 14.641, 14.534, 14.479, 14.560, 14.741, 14.922, 14.996, 14.871, 14.605, 14.338, 14.206, 14.213, 14.259, 14.065, 13.300, 12.036, 10.931, 10.290, 9.999, 9.923, 10.027, 10.281, 10.693, 11.187, 11.611, 11.928, 12.149, 12.365, 12.624, 12.939, 13.323, 13.710, 14.050, 14.296, 14.426, 14.453, 14.424, 14.366, 14.353, 14.407, 14.546, 14.727, 14.931, 15.081, 15.161, 15.159, 15.068, 14.899, 14.687, 14.446, 14.232, 14.082, 14.004, 14.044, 14.144, 14.289, 14.285, 14.346, 14.326, 14.168, 13.819, 13.087, 11.797, 9.745, 7.391, 5.814, 5.151, 4.928, 4.930, 5.101, 5.407, 5.790, 6.234, 6.679, 7.131, 7.560, 7.941, 8.262, 8.569, 8.842, 9.114, 9.412, 9.718, 10.051, 10.387, 10.749, 11.132, 11.485, 11.808, 12.125, 12.400, 12.597, 12.756, 12.840, 12.909, 12.870, 12.758, 12.613, 12.518, 12.347, 12.177, 12.013, 11.865, 11.724, 11.593, 11.433, 11.255, 11.107, 10.978, 10.879, 10.726, 10.611, 10.530, 10.345, 10.248, 10.057, 9.702, 9.444, 9.241, 8.864, 8.567, 8.280, 7.909, 7.699, 7.509, 7.349, 16.3,1137286.0,1229306.0,886685.41,45942.18,2899.73,19940.60,491.55,21689.58,225.39,403.90,28.64,764.45,21.13,539.58,19.34,735.32,14.87,1236.11,51.72,28.42,5.67,129.16,13.97,264.33,10.58,21242.33,114.88,0.00,101.46,0.00,13.18,19.81,2.09,67.37,2.19,26.66,1.08,0.00,3.91,52.88,0.88,70.70,0.98,11.65,0.72,64.51,1.09,0.00,26.87,0.00,46.29,32.04,8.02,0.00,260.19,0.00,428.49,0.00,454.98,0.00,43.91,0.00,21.48,4.64,0.98,48.40,3.04,0.00,120.55,0.00,55.67,198309.62,76184.80,4808.55,37677.02,928.77,46401.28,482.18,925.48,65.62,1908.76,52.76,649.98,23.30,1028.86,20.81,2062.44,86.29,50.73,10.12,188.77,20.42,379.80,15.20,30371.09,164.25,0.00,129.00,0.00,16.77,24.80,2.62,83.86,2.73,35.20,1.43,0.00,5.49,57.83,0.96,83.61,1.16,14.79,0.91,87.14,1.47,0.00,31.50,0.00,61.73,34.41,8.61,0.00,297.22,0.00,543.98,0.00,544.66,0.00,51.55,0.00,23.19,5.00,1.06,53.96,3.39,0.00,137.17,0.00,63.15
115.5,115.5,1,115.500,18/03/2026 05:42:51,24.471, , , , , , , , , , , , , , , , , , , , , , , , , , , , , , , , , , , , , , , , , , , , , , , , , , , , , , , , , , , , , , , , , , , , , , , , , , , , , , , , , , , , , , , , , , , , , , , , , , , , , , , , , , , , , , , , , , , , , , , , , , , , , , , , , , , , , , , , , , , , , , , , , , , , , , , , , , , , , , , , , , , , , , , , , , , , , , , , , , , , , , , , , , , , , , , , , , , , , , , , , , , , , , , , , , , , , , , , , , , , , , , , , , , , , , , , , , , , , , , , , , , , , , , , , , , , , , , , , , , , , , , , , , , , , , , , , , , , , , , , , , , , , , , , , , , , , , , , , , , , , , , , , , , , , , , , , , , , , , , , , , , , , , , , , , , , , , , , , , , , , , , , , , , , , , , , , , , , , , , , , , , , 
116.0,116.0,1,116.000,18/03/2026 05:43:09,25.991,,13.68, 14.68, 14.61,45.19, -1.70, 3.11,18.845, 16.516, 15.449, 14.080, 13.259, 12.817, 12.622, 12.576, 12.719, 13.112, 13.330, 13.585, 13.719, 13.927, 14.136, 14.282, 14.481, 14.676, 14.793, 14.874, 14.941, 14.970, 14.818, 14.700, 14.889, 14.741, 14.310, 14.630, 14.387, 14.198, 14.375, 14.008, 14.164, 13.929, 14.118, 13.935, 14.143, 14.010, 14.249, 14.157, 14.397, 14.359, 14.500, 14.857, 14.502, 15.181, 14.871, 14.893, 15.462, 14.859, 15.051, 15.514, 14.972, 14.980, 15.496, 15.191, 15.011, 15.332, 15.487, 15.287, 15.216, 15.416, 15.628, 15.529, 15.399, 15.486, 15.833, 15.810, 15.580, 15.443, 15.755, 16.043, 15.782, 15.529, 15.528, 15.837, 16.045, 15.774, 15.489, 15.520, 15.615, 15.735, 15.741, 15.595, 15.641, 15.865, 15.941, 15.874, 15.848, 15.913, 16.074, 16.301, 16.368, 16.197, 15.934, 15.912, 16.106, 16.303, 16.339, 16.219, 15.926, 15.494, 15.137, 14.903, 14.415, 13.518, 12.698, 12.193, 11.841, 11.503, 11.268, 11.275, 11.646, 12.285, 12.956, 13.514, 13.890, 14.140, 14.295, 14.353, 14.383, 14.450, 14.648, 14.981, 15.369, 15.713, 15.953, 16.105, 16.191, 16.207, 16.115, 15.913, 15.688, 15.485, 15.429, 15.527, 15.733, 15.980, 16.182, 16.287, 16.294, 16.185, 15.977, 15.725, 15.412, 15.078, 14.705, 14.453, 14.368, 14.375, 14.403, 14.212, 13.452, 11.820, 9.696, 8.213, 7.549, 7.190, 6.974, 6.850, 6.814, 6.863, 6.999, 7.248, 7.641, 8.175, 8.811, 9.519, 10.235, 10.908, 11.500, 11.918, 12.263, 12.465, 12.600, 12.651, 12.661, 12.634, 12.578, 12.524, 12.487, 12.500, 12.600, 12.800, 13.114, 13.483, 13.850, 14.209, 14.567, 14.804, 14.852, 14.761, 14.595, 14.290, 13.904, 13.500, 13.004, 12.572, 12.102, 11.645, 11.338, 11.025, 10.853, 10.591, 10.559, 10.446, 10.413, 10.446, 10.506, 10.634, 10.621, 10.616, 10.573, 10.526, 10.322, 10.294, 16.3,1129143.0,1263450.0,873628.62,52476.59,3046.97,21691.16,522.87,23191.30,240.61,425.27,30.18,526.82,20.50,1003.19,22.30,1045.50,16.94,1209.92,53.56,42.46,6.36,107.47,16.29,273.27,11.42,23954.97,132.70,0.00,111.77,0.00,15.48,21.35,2.25,75.47,2.43,39.73,1.36,1.50,0.43,55.47,0.93,89.35,1.15,7.23,0.74,79.22,1.25,0.00,27.65,0.00,48.50,0.00,411.33,29.42,5.73,0.00,464.77,0.00,486.58,0.00,52.47,0.00,25.74,15.19,1.22,0.00,123.98,9.52,2.90,0.00,53.09,219992.72,87020.66,5052.72,40984.64,987.94,49613.96,514.75,974.45,69.15,1315.42,51.19,1208.45,26.86,1462.87,23.70,2018.74,89.36,75.80,11.35,157.07,23.81,392.65,16.41,34249.47,189.73,0.00,142.11,0.00,19.70,26.73,2.82,93.94,3.02,52.46,1.80,2.11,0.60,60.66,1.02,105.67,1.36,9.18,0.94,107.01,1.69,0.00,32.41,0.00,64.67,0.00,441.82,33.61,6.55,0.00,590.03,0.00,582.49,0.00,61.60,0.00,27.79,16.36,1.31,0.00,138.22,10.83,3.30,0.00,60.23
116.5,116.5,1,116.500,18/03/2026 05:43:52,27.050, , , , , , , , , , , , , , , , , , , , , , , , , , , , , , , , , , , , , , , , , , , , , , , , , , , , , , , , , , , , , , , , , , , , , , , , , , , , , , , , , , , , , , , , , , , , , , , , , , , , , , , , , , , , , , , , , , , , , , , , , , , , , , , , , , , , , , , , , , , , , , , , , , , , , , , , , , , , , , , , , , , , , , , , , , , , , , , , , , , , , , , , , , , , , , , , , , , , , , , , , , , , , , , , , , , , , , , , , , , , , , , , , , , , , , , , , , , , , , , , , , , , , , , , , , , , , , , , , , , , , , , , , , , , , , , , , , , , , , , , , , , , , , , , , , , , , , , , , , , , , , , , , , , , , , , , , , , , , , , , , , , , , , , , , , , , , , , , , , , , , , , , , , , , , , , , , , , , , , , , , , , , 
117.0,117.0,1,117.000,18/03/2026 05:44:09,27.580,,13.58, 14.61, 13.86,45.09, -1.93, 4.71,16.623, 14.532, 13.135, 12.241, 11.925, 11.442, 11.461, 11.485, 11.840, 12.314, 12.609, 12.944, 13.163, 13.461, 13.754, 13.954, 14.227, 14.484, 14.638, 14.782, 14.874, 14.918, 14.935, 14.902, 14.760, 14.717, 14.653, 14.486, 14.476, 14.414, 14.284, 14.233, 14.087, 14.088, 14.081, 14.083, 14.091, 14.162, 14.146, 14.313, 14.323, 14.518, 14.576, 14.775, 14.844, 14.981, 15.088, 15.047, 15.228, 15.182, 15.058, 15.257, 15.198, 15.005, 15.162, 15.247, 15.062, 15.105, 15.314, 15.264, 15.170, 15.275, 15.417, 15.376, 15.366, 15.456, 15.522, 15.500, 15.458, 15.545, 15.593, 15.565, 15.444, 15.455, 15.490, 15.592, 15.524, 15.426, 15.407, 15.373, 15.418, 15.421, 15.368, 15.434, 15.431, 15.484, 15.612, 15.660, 15.679, 15.778, 15.787, 15.776, 15.851, 15.913, 15.885, 15.940, 15.990, 15.871, 15.728, 15.661, 15.558, 15.423, 15.321, 15.095, 14.312, 13.079, 12.127, 11.670, 11.444, 11.299, 11.316, 11.491, 11.794, 12.133, 12.500, 12.941, 13.333, 13.631, 13.827, 14.036, 14.309, 14.580, 14.748, 14.842, 14.946, 15.127, 15.317, 15.407, 15.426, 15.423, 15.505, 15.594, 15.621, 15.549, 15.447, 15.374, 15.386, 15.432, 15.442, 15.365, 15.226, 15.097, 15.013, 15.006, 14.988, 14.911, 14.742, 14.617, 14.520, 14.444, 14.275, 13.796, 12.764, 10.898, 8.631, 7.044, 6.382, 6.176, 6.148, 6.278, 6.471, 6.725, 7.039, 7.392, 7.805, 8.243, 8.700, 9.121, 9.522, 9.904, 10.278, 10.669, 11.049, 11.427, 11.749, 12.022, 12.232, 12.380, 12.477, 12.554, 12.641, 12.736, 12.862, 13.024, 13.189, 13.294, 13.321, 13.321, 13.341, 13.344, 13.289, 13.236, 13.211, 13.106, 12.923, 12.702, 12.455, 12.159, 11.800, 11.479, 11.158, 10.935, 10.772, 10.555, 10.454, 10.278, 10.089, 10.037, 9.851, 9.764, 9.452, 9.288, 9.184, 9.037, 8.749, 8.845, 16.2,1113549.0,1293050.0,862865.60,55597.52,3119.58,21382.58,530.44,25565.80,257.42,406.42,30.63,771.64,22.39,1752.15,26.19,1537.12,19.91,1527.84,57.72,44.80,6.34,180.54,16.98,579.34,15.26,27257.97,152.37,0.00,120.55,0.00,15.05,15.61,2.23,62.00,2.30,31.30,1.38,0.00,5.13,57.15,1.00,111.64,1.34,6.12,0.76,104.48,1.41,8.26,1.01,0.00,49.50,0.00,413.47,0.00,288.63,67.59,8.82,0.00,498.53,0.00,45.67,0.00,27.90,15.96,1.34,50.59,3.51,0.00,130.55,0.00,61.36,237758.69,92196.02,5173.12,40401.59,1002.25,54693.81,550.71,931.26,70.18,1926.71,55.91,2110.65,31.55,2150.75,27.86,2549.19,96.31,79.98,11.32,263.87,24.82,832.42,21.93,38971.91,217.85,0.00,153.28,0.00,19.15,19.54,2.79,77.17,2.86,41.33,1.82,0.00,7.21,62.50,1.09,132.03,1.58,7.77,0.97,141.13,1.90,9.68,1.18,0.00,66.01,0.00,444.11,0.00,329.71,85.81,11.20,0.00,596.79,0.00,53.62,0.00,30.13,17.19,1.44,56.40,3.91,0.00,148.55,0.00,69.61
117.5,117.5,1,117.500,18/03/2026 05:44:52,27.446,1157880.288, , , , , , , , , , , , , , , , , , , , , , , , , , , , , , , , , , , , , , , , , , , , , , , , , , , , , , , , , , , , , , , , , , , , , , , , , , , , , , , , , , , , , , , , , , , , , , , , , , , , , , , , , , , , , , , , , , , , , , , , , , , , , , , , , , , , , , , , , , , , , , , , , , , , , , , , , , , , , , , , , , , , , , , , , , , , , , , , , , , , , , , , , , , , , , , , , , , , , , , , , , , , , , , , , , , , , , , , , , , , , , , , , , , , , , , , , , , , , , , , , , , , , , , , , , , , , , , , , , , , , , , , , , , , , , , , , , , , , , , , , , , , , , , , , , , , , , , , , , , , , , , , , , , , , , , , , , , , , , , , , , , , , , , , , , , , , , , , , , , , , , , , , , , , , , , , , , , , , , , , , , , 
118.0,118.0,1,118.000,18/03/2026 05:45:18,26.589,,14.03, 15.07, 14.66,45.73, -1.82, 3.93,15.748, 14.301, 14.679, 13.647, 12.752, 12.581, 12.437, 12.427, 12.713, 13.119, 13.339, 13.624, 13.829, 14.071, 14.338, 14.559, 14.844, 15.061, 15.122, 15.183, 15.344, 15.426, 15.314, 15.297, 15.181, 15.095, 15.101, 14.785, 15.001, 14.692, 14.771, 14.588, 14.515, 14.481, 14.476, 14.486, 14.455, 14.616, 14.430, 14.830, 14.618, 14.893, 15.154, 14.850, 15.487, 15.350, 15.245, 15.757, 15.501, 15.426, 15.709, 15.586, 15.487, 15.550, 15.558, 15.601, 15.583, 15.441, 15.658, 15.878, 15.637, 15.421, 15.832, 16.178, 15.888, 15.498, 15.692, 16.273, 16.274, 15.658, 15.450, 15.931, 16.320, 16.148, 15.586, 15.445, 15.872, 16.253, 16.191, 15.776, 15.445, 15.625, 16.028, 16.182, 16.090, 15.891, 15.811, 16.012, 16.281, 16.376, 16.278, 16.205, 16.212, 16.342, 16.518, 16.603, 16.457, 16.216, 16.061, 16.096, 16.246, 16.401, 16.396, 16.038, 15.108, 13.841, 12.940, 12.702, 12.870, 13.084, 13.237, 13.265, 13.239, 13.198, 13.248, 13.512, 13.978, 14.595, 15.174, 15.590, 15.813, 15.857, 15.737, 15.516, 15.325, 15.276, 15.452, 15.806, 16.226, 16.597, 16.806, 16.848, 16.747, 16.541, 16.270, 15.988, 15.773, 15.654, 15.680, 15.832, 16.020, 16.214, 16.308, 16.309, 16.250, 16.127, 15.932, 15.735, 15.490, 15.220, 14.926, 14.473, 13.674, 12.220, 10.352, 9.022, 8.493, 8.334, 8.324, 8.400, 8.546, 8.706, 8.920, 9.163, 9.458, 9.813, 10.194, 10.616, 11.045, 11.497, 11.949, 12.395, 12.783, 13.117, 13.389, 13.575, 13.681, 13.753, 13.810, 13.845, 13.900, 13.974, 14.065, 14.220, 14.375, 14.537, 14.647, 14.755, 14.892, 15.014, 15.029, 15.056, 15.031, 14.939, 14.767, 14.518, 14.187, 13.744, 13.348, 12.940, 12.646, 12.399, 12.279, 12.113, 12.049, 12.013, 11.972, 11.919, 12.038, 11.982, 11.965, 12.060, 11.919, 12.101, 11.909, 11.772, 16.3,1081436.0,1281568.0,860784.30,52209.41,3107.02,21582.82,541.31,27029.30,268.99,418.79,31.55,537.44,21.38,2211.13,28.82,1859.85,22.19,2184.72,65.22,56.57,7.00,83.92,16.89,525.67,15.04,30048.75,168.44,0.00,130.48,0.00,14.07,39.47,2.73,91.23,2.80,24.33,1.29,0.00,4.91,73.03,1.13,115.60,1.40,13.49,0.86,95.86,1.43,0.00,28.97,0.00,51.26,0.00,415.90,0.00,291.01,0.00,496.54,0.00,516.64,0.00,51.96,0.00,26.83,14.33,1.33,0.00,126.77,0.00,142.82,0.00,58.47,240909.51,86577.60,5152.30,40779.93,1022.79,57824.72,575.46,959.60,72.29,1341.94,53.38,2663.54,34.72,2602.31,31.05,3645.19,108.82,100.99,12.50,122.65,24.69,755.30,21.61,42962.01,240.83,0.00,165.90,0.00,17.91,49.41,3.42,113.56,3.49,32.12,1.70,0.00,6.90,79.87,1.24,136.71,1.66,17.13,1.09,129.48,1.93,0.00,33.96,0.00,68.35,0.00,446.72,0.00,332.43,0.00,630.37,0.00,618.47,0.00,61.00,0.00,28.97,15.44,1.43,0.00,141.33,0.00,162.52,0.00,66.33
118.5,118.5,1,118.500,18/03/2026 05:45:53,25.332, , , , , , , , , , , , , , , , , , , , , , , , , , , , , , , , , , , , , , , , , , , , , , , , , , , , , , , , , , , , , , , , , , , , , , , , , , , , , , , , , , , , , , , , , , , , , , , , , , , , , , , , , , , , , , , , , , , , , , , , , , , , , , , , , , , , , , , , , , , , , , , , , , , , , , , , , , , , , , , , , , , , , , , , , , , , , , , , , , , , , , , , , , , , , , , , , , , , , , , , , , , , , , , , , , , , , , , , , , , , , , , , , , , , , , , , , , , , , , , , , , , , , , , , , , , , , , , , , , , , , , , , , , , , , , , , , , , , , , , , , , , , , , , , , , , , , , , , , , , , , , , , , , , , , , , , , , , , , , , , , , , , , , , , , , , , , , , , , , , , , , , , , , , , , , , , , , , , , , , , , , , , 
119.0,119.0,1,119.000,18/03/2026 05:46:19,26.522,,11.65, 12.57, 12.12,42.11, -2.11, 3.98,13.478, 11.582, 10.977, 10.743, 10.333, 10.058, 9.944, 10.089, 10.379, 10.794, 11.023, 11.302, 11.510, 11.740, 12.007, 12.216, 12.399, 12.582, 12.655, 12.744, 12.865, 12.870, 12.732, 12.708, 12.722, 12.498, 12.430, 12.439, 12.204, 12.305, 12.093, 12.107, 11.961, 11.979, 11.939, 12.014, 11.922, 12.142, 11.961, 12.320, 12.179, 12.413, 12.596, 12.500, 12.929, 12.877, 12.887, 13.259, 13.070, 13.064, 13.372, 13.195, 13.077, 13.391, 13.344, 13.104, 13.305, 13.553, 13.376, 13.257, 13.552, 13.730, 13.555, 13.461, 13.743, 13.985, 13.908, 13.698, 13.762, 14.110, 14.230, 13.995, 13.722, 13.794, 14.123, 14.297, 14.123, 13.823, 13.772, 13.976, 14.196, 14.246, 14.067, 13.859, 13.873, 14.135, 14.460, 14.618, 14.520, 14.328, 14.229, 14.339, 14.621, 14.884, 14.986, 14.881, 14.632, 14.416, 14.344, 14.437, 14.600, 14.705, 14.626, 14.200, 13.262, 12.034, 11.146, 10.825, 10.851, 10.971, 11.085, 11.141, 11.235, 11.372, 11.576, 11.917, 12.331, 12.803, 13.278, 13.671, 13.958, 14.117, 14.133, 14.085, 14.010, 14.009, 14.116, 14.322, 14.579, 14.861, 15.075, 15.205, 15.232, 15.167, 14.986, 14.762, 14.540, 14.365, 14.284, 14.296, 14.346, 14.450, 14.568, 14.666, 14.738, 14.777, 14.633, 14.499, 14.271, 13.936, 13.492, 12.833, 11.786, 10.050, 8.001, 6.633, 6.147, 6.076, 6.195, 6.437, 6.739, 7.050, 7.357, 7.626, 7.872, 8.088, 8.292, 8.499, 8.737, 9.049, 9.400, 9.805, 10.264, 10.743, 11.232, 11.683, 12.116, 12.478, 12.775, 13.019, 13.177, 13.228, 13.241, 13.190, 13.078, 12.913, 12.696, 12.462, 12.333, 12.229, 12.132, 12.111, 12.127, 12.155, 12.223, 12.229, 12.226, 12.174, 12.122, 12.041, 11.933, 11.853, 11.706, 11.584, 11.362, 11.015, 10.729, 10.266, 9.776, 9.411, 9.029, 8.612, 8.200, 7.898, 7.701, 7.788, 16.3,1148890.0,1309595.0,872195.66,48319.46,2910.99,20599.16,503.92,23678.41,238.30,372.00,28.69,610.98,20.33,1638.13,24.46,1484.59,19.02,1445.85,54.98,0.00,19.83,62.99,14.07,479.13,13.64,28684.91,153.39,0.00,120.99,0.00,14.73,11.73,2.10,66.64,2.32,33.60,1.34,0.00,4.73,62.92,1.01,89.62,1.17,6.80,0.75,85.17,1.28,4.29,0.97,0.00,48.13,0.00,400.30,20.62,5.74,0.00,462.08,0.00,486.03,0.00,46.55,0.00,19.95,13.63,1.28,33.69,3.53,0.00,130.71,0.00,59.16,220859.13,80126.99,4827.22,38921.34,952.14,50656.05,509.80,852.39,65.74,1525.56,50.76,1973.30,29.46,2077.25,26.61,2412.39,91.73,0.00,35.40,92.06,20.56,688.43,19.60,41012.07,219.31,0.00,153.84,0.00,18.75,14.68,2.63,82.95,2.89,44.36,1.77,0.00,6.65,68.81,1.10,105.98,1.38,8.64,0.95,115.05,1.73,5.03,1.14,0.00,64.18,0.00,429.97,23.55,6.56,0.00,586.62,0.00,581.83,0.00,54.65,0.00,21.54,14.68,1.38,37.56,3.94,0.00,148.74,0.00,67.11
119.5,119.5,1,119.500,18/03/2026 05:47:11,27.515, , , , , , , , , , , , , , , , , , , , , , , , , , , , , , , , , , , , , , , , , , , , , , , , , , , , , , , , , , , , , , , , , , , , , , , , , , , , , , , , , , , , , , , , , , , , , , , , , , , , , , , , , , , , , , , , , , , , , , , , , , , , , , , , , , , , , , , , , , , , , , , , , , , , , , , , , , , , , , , , , , , , , , , , , , , , , , , , , , , , , , , , , , , , , , , , , , , , , , , , , , , , , , , , , , , , , , , , , , , , , , , , , , , , , , , , , , , , , , , , , , , , , , , , , , , , , , , , , , , , , , , , , , , , , , , , , , , , , , , , , , , , , , , , , , , , , , , , , , , , , , , , , , , , , , , , , , , , , , , , , , , , , , , , , , , , , , , , , , , , , , , , , , , , , , , , , , , , , , , , , , , , 
120.0,120.0,1,120.000,18/03/2026 05:47:28,27.979,,12.87, 13.86, 13.26,44.04, -2.04, 4.38,12.702, 11.813, 12.424, 11.529, 10.960, 10.916, 10.741, 11.092, 11.343, 11.769, 12.044, 12.390, 12.594, 12.865, 13.117, 13.337, 13.598, 13.800, 13.943, 14.059, 14.132, 14.156, 14.121, 14.075, 13.998, 13.905, 13.795, 13.713, 13.654, 13.561, 13.508, 13.397, 13.319, 13.276, 13.281, 13.297, 13.306, 13.374, 13.408, 13.500, 13.634, 13.677, 13.903, 13.948, 14.102, 14.294, 14.240, 14.407, 14.499, 14.361, 14.475, 14.556, 14.381, 14.415, 14.567, 14.453, 14.390, 14.578, 14.655, 14.532, 14.550, 14.753, 14.847, 14.732, 14.736, 14.911, 15.095, 14.962, 14.840, 14.914, 15.087, 15.145, 14.962, 14.807, 14.874, 15.057, 15.164, 15.053, 14.855, 14.767, 14.840, 15.032, 15.168, 15.106, 14.966, 14.927, 15.042, 15.259, 15.474, 15.539, 15.436, 15.316, 15.291, 15.372, 15.546, 15.726, 15.778, 15.663, 15.446, 15.238, 15.144, 15.152, 15.195, 15.067, 14.462, 13.394, 12.396, 11.818, 11.585, 11.525, 11.603, 11.773, 12.128, 12.561, 12.951, 13.259, 13.458, 13.644, 13.847, 14.078, 14.314, 14.552, 14.808, 15.043, 15.225, 15.334, 15.336, 15.297, 15.269, 15.285, 15.353, 15.417, 15.494, 15.558, 15.631, 15.691, 15.704, 15.675, 15.563, 15.385, 15.206, 15.037, 14.948, 14.924, 14.954, 15.006, 14.981, 15.009, 14.981, 14.909, 14.716, 14.228, 13.208, 11.355, 9.013, 7.283, 6.554, 6.360, 6.410, 6.631, 6.961, 7.343, 7.749, 8.141, 8.559, 8.962, 9.366, 9.733, 10.080, 10.405, 10.714, 10.991, 11.267, 11.547, 11.834, 12.148, 12.476, 12.804, 13.111, 13.378, 13.581, 13.733, 13.835, 13.925, 13.977, 13.968, 13.884, 13.811, 13.777, 13.730, 13.590, 13.447, 13.307, 13.149, 12.979, 12.812, 12.685, 12.560, 12.458, 12.404, 12.326, 12.330, 12.285, 12.156, 12.039, 11.807, 11.487, 11.250, 10.894, 10.571, 10.277, 9.925, 9.676, 9.406, 9.126, 8.946, 16.3,1134840.0,1351115.0,855312.88,49397.07,2951.02,23486.70,544.10,30645.98,281.12,633.40,33.14,753.28,21.94,2883.80,31.19,2178.18,23.27,2235.51,64.65,59.34,6.92,201.07,18.41,554.67,15.21,31101.35,168.66,0.00,128.39,0.00,14.27,11.98,2.20,86.49,2.70,34.37,1.47,0.00,4.00,74.04,1.13,109.47,1.34,14.27,0.86,100.59,1.42,0.00,28.10,0.00,50.45,38.30,9.41,0.00,286.24,0.00,480.26,47.13,9.58,0.00,51.40,8.56,1.18,20.23,1.43,11.35,3.76,0.00,137.66,0.00,59.83,251774.38,81913.97,4893.61,44377.24,1028.06,65562.01,601.41,1451.35,75.94,1880.87,54.78,3473.84,37.57,3047.72,32.56,3729.93,107.87,105.93,12.35,293.88,26.91,796.97,21.85,44466.96,241.14,0.00,163.25,0.00,18.16,15.00,2.75,107.66,3.36,45.38,1.94,0.00,5.62,80.97,1.24,129.46,1.58,18.12,1.09,135.87,1.92,0.00,32.94,0.00,67.27,41.14,10.11,0.00,326.98,0.00,609.70,56.42,11.47,0.00,60.35,9.24,1.27,21.79,1.54,12.65,4.19,0.00,156.64,0.00,67.87
120.5,120.5,1,120.500,18/03/2026 05:48:11,26.852, , , , , , , , , , , , , , , , , , , , , , , , , , , , , , , , , , , , , , , , , , , , , , , , , , , , , , , , , , , , , , , , , , , , , , , , , , , , , , , , , , , , , , , , , , , , , , , , , , , , , , , , , , , , , , , , , , , , , , , , , , , , , , , , , , , , , , , , , , , , , , , , , , , , , , , , , , , , , , , , , , , , , , , , , , , , , , , , , , , , , , , , , , , , , , , , , , , , , , , , , , , , , , , , , , , , , , , , , , , , , , , , , , , , , , , , , , , , , , , , , , , , , , , , , , , , , , , , , , , , , , , , , , , , , , , , , , , , , , , , , , , , , , , , , , , , , , , , , , , , , , , , , , , , , , , , , , , , , , , , , , , , , , , , , , , , , , , , , , , , , , , , , , , , , , , , , , , , , , , , , , , , 
121.0,121.0,1,121.000,18/03/2026 05:48:28,26.454,,13.98, 15.03, 14.70,45.68, -1.94, 3.73,16.403, 14.310, 14.026, 13.031, 12.661, 12.569, 12.253, 12.433, 12.712, 13.127, 13.402, 13.708, 13.908, 14.125, 14.366, 14.554, 14.814, 15.043, 15.184, 15.281, 15.292, 15.258, 15.251, 15.258, 15.132, 14.963, 14.941, 14.843, 14.709, 14.714, 14.584, 14.485, 14.456, 14.309, 14.452, 14.275, 14.468, 14.344, 14.518, 14.555, 14.583, 14.888, 14.713, 15.162, 15.090, 15.170, 15.530, 15.231, 15.441, 15.633, 15.256, 15.453, 15.659, 15.265, 15.325, 15.683, 15.457, 15.275, 15.631, 15.774, 15.466, 15.491, 15.859, 15.929, 15.675, 15.685, 15.934, 16.083, 15.832, 15.684, 15.883, 16.100, 16.039, 15.721, 15.656, 15.906, 16.146, 16.081, 15.787, 15.596, 15.696, 15.973, 16.144, 16.056, 15.842, 15.787, 15.955, 16.222, 16.430, 16.445, 16.308, 16.189, 16.198, 16.339, 16.542, 16.680, 16.656, 16.510, 16.314, 16.173, 16.133, 16.185, 16.206, 16.049, 15.422, 14.400, 13.507, 13.056, 12.889, 12.838, 12.881, 13.007, 13.268, 13.604, 13.973, 14.328, 14.623, 14.863, 15.055, 15.223, 15.389, 15.570, 15.751, 15.937, 16.094, 16.238, 16.361, 16.435, 16.454, 16.439, 16.428, 16.412, 16.431, 16.458, 16.483, 16.552, 16.591, 16.640, 16.651, 16.590, 16.484, 16.327, 16.162, 16.030, 15.964, 15.923, 15.878, 15.923, 15.947, 15.938, 15.809, 15.430, 14.580, 12.934, 10.773, 9.113, 8.324, 7.998, 7.889, 7.983, 8.205, 8.526, 8.916, 9.361, 9.846, 10.360, 10.833, 11.272, 11.673, 12.041, 12.365, 12.636, 12.868, 13.060, 13.282, 13.455, 13.642, 13.832, 14.029, 14.240, 14.440, 14.651, 14.844, 15.058, 15.251, 15.352, 15.380, 15.362, 15.399, 15.366, 15.220, 15.108, 14.945, 14.730, 14.544, 14.312, 14.075, 13.814, 13.608, 13.416, 13.310, 13.220, 13.203, 13.121, 13.121, 13.046, 13.065, 12.918, 12.823, 12.799, 12.641, 12.350, 12.104, 12.068, 11.681, 11.599, 16.3,1115533.0,1315680.0,853231.81,48855.65,2942.79,23868.71,549.87,32741.58,292.37,353.17,29.91,448.55,20.07,3615.99,34.65,2006.20,22.75,2250.30,64.93,0.00,22.28,184.08,18.09,402.39,13.56,31541.21,170.58,0.00,126.96,0.00,13.64,24.35,2.43,97.34,2.84,36.02,1.58,2.60,0.50,84.27,1.21,99.40,1.28,9.90,0.85,99.67,1.43,0.00,28.91,0.00,48.61,0.00,417.15,0.00,283.59,0.00,480.85,0.00,508.49,0.00,52.32,6.44,1.13,29.83,1.62,0.00,129.90,10.54,3.09,0.00,62.26,255561.05,81016.14,4879.96,45099.04,1038.96,70045.20,625.48,809.24,68.53,1119.99,50.11,4355.84,41.74,2807.09,31.83,3754.61,108.34,0.00,39.77,269.04,26.44,578.17,19.48,45095.85,243.89,0.00,161.43,0.00,17.36,30.48,3.04,121.16,3.53,47.56,2.09,3.65,0.70,92.16,1.32,117.55,1.51,12.57,1.08,134.63,1.93,0.00,33.89,0.00,64.82,0.00,448.07,0.00,323.95,0.00,610.45,0.00,608.71,0.00,61.43,6.95,1.22,32.13,1.75,0.00,144.82,11.99,3.52,0.00,70.63
121.5,121.5,1,121.500,18/03/2026 05:49:12,25.197, , , , , , , , , , , , , , , , , , , , , , , , , , , , , , , , , , , , , , , , , , , , , , , , , , , , , , , , , , , , , , , , , , , , , , , , , , , , , , , , , , , , , , , , , , , , , , , , , , , , , , , , , , , , , , , , , , , , , , , , , , , , , , , , , , , , , , , , , , , , , , , , , , , , , , , , , , , , , , , , , , , , , , , , , , , , , , , , , , , , , , , , , , , , , , , , , , , , , , , , , , , , , , , , , , , , , , , , , , , , , , , , , , , , , , , , , , , , , , , , , , , , , , , , , , , , , , , , , , , , , , , , , , , , , , , , , , , , , , , , , , , , , , , , , , , , , , , , , , , , , , , , , , , , , , , , , , , , , , , , , , , , , , , , , , , , , , , , , , , , , , , , , , , , , , , , , , , , , , , , , , , , 
122.0,122.0,1,122.000,18/03/2026 05:49:29,20.969,,12.00, 12.90, 12.59,42.61, -1.81, 3.61,16.541, 12.507, 13.209, 11.479, 11.100, 10.633, 10.609, 10.745, 10.928, 11.243, 11.468, 11.705, 11.859, 12.076, 12.328, 12.519, 12.716, 12.909, 12.990, 13.061, 13.124, 13.142, 13.082, 13.038, 12.955, 12.875, 12.837, 12.721, 12.698, 12.627, 12.563, 12.522, 12.403, 12.447, 12.385, 12.453, 12.448, 12.483, 12.616, 12.546, 12.877, 12.759, 13.052, 13.181, 13.115, 13.543, 13.435, 13.449, 13.803, 13.585, 13.558, 13.900, 13.699, 13.558, 13.896, 13.881, 13.629, 13.816, 14.092, 13.919, 13.802, 14.088, 14.294, 14.122, 14.032, 14.284, 14.529, 14.433, 14.201, 14.310, 14.623, 14.683, 14.436, 14.218, 14.343, 14.680, 14.776, 14.562, 14.331, 14.299, 14.531, 14.759, 14.742, 14.551, 14.429, 14.497, 14.767, 15.049, 15.109, 15.006, 14.883, 14.869, 14.990, 15.221, 15.404, 15.396, 15.264, 15.139, 15.021, 14.971, 15.042, 15.129, 15.057, 14.702, 13.891, 12.812, 11.979, 11.588, 11.485, 11.483, 11.514, 11.547, 11.700, 11.995, 12.380, 12.778, 13.141, 13.443, 13.729, 13.989, 14.185, 14.316, 14.420, 14.545, 14.701, 14.853, 15.011, 15.108, 15.194, 15.264, 15.323, 15.355, 15.331, 15.267, 15.254, 15.265, 15.294, 15.318, 15.294, 15.235, 15.127, 15.010, 14.900, 14.813, 14.761, 14.721, 14.688, 14.660, 14.625, 14.562, 14.389, 13.950, 13.013, 11.340, 9.332, 7.928, 7.290, 7.041, 6.950, 7.012, 7.170, 7.414, 7.718, 8.086, 8.505, 8.927, 9.346, 9.787, 10.156, 10.494, 10.807, 11.093, 11.348, 11.605, 11.859, 12.098, 12.324, 12.554, 12.760, 12.956, 13.125, 13.279, 13.463, 13.624, 13.774, 13.854, 13.877, 13.846, 13.858, 13.795, 13.645, 13.462, 13.320, 13.154, 12.981, 12.795, 12.615, 12.348, 12.146, 11.968, 11.799, 11.684, 11.678, 11.558, 11.407, 11.419, 11.286, 11.163, 10.999, 10.882, 10.702, 10.421, 10.274, 10.159, 9.778, 9.710, 16.3,966006.0,1115555.0,857492.75,48269.61,3222.25,22914.66,576.49,35199.45,326.04,263.32,32.01,364.58,21.94,2634.64,32.83,1939.86,24.18,1742.79,64.12,26.05,6.73,109.56,17.89,328.50,13.29,28242.64,165.27,0.00,128.82,0.00,19.38,37.66,2.84,78.85,2.73,26.43,1.38,0.00,5.25,56.90,1.06,98.51,1.33,8.23,0.83,91.04,1.43,0.00,30.85,0.00,52.88,42.98,9.46,0.00,297.42,0.00,505.58,0.00,526.35,0.00,53.21,0.00,25.40,13.95,1.38,17.08,3.85,0.00,145.52,0.00,68.30,250584.55,80044.33,5343.38,43296.39,1089.26,75303.41,697.51,603.36,73.35,910.32,54.78,3173.70,39.55,2714.26,33.83,2907.83,106.98,46.50,12.01,160.13,26.15,472.00,19.10,40379.74,236.29,0.00,163.79,0.00,24.66,47.14,3.56,98.15,3.40,34.90,1.82,0.00,7.38,62.23,1.16,116.50,1.57,10.45,1.05,122.97,1.93,0.00,36.16,0.00,70.51,46.17,10.16,0.00,339.75,0.00,641.84,0.00,630.09,0.00,62.47,0.00,27.43,15.03,1.49,19.04,4.29,0.00,165.59,0.00,77.48
122.5,122.5,1,122.500,18/03/2026 05:50:12,22.287,1157880.223, , , , , , , , , , , , , , , , , , , , , , , , , , , , , , , , , , , , , , , , , , , , , , , , , , , , , , , , , , , , , , , , , , , , , , , , , , , , , , , , , , , , , , , , , , , , , , , , , , , , , , , , , , , , , , , , , , , , , , , , , , , , , , , , , , , , , , , , , , , , , , , , , , , , , , , , , , , , , , , , , , , , , , , , , , , , , , , , , , , , , , , , , , , , , , , , , , , , , , , , , , , , , , , , , , , , , , , , , , , , , , , , , , , , , , , , , , , , , , , , , , , , , , , , , , , , , , , , , , , , , , , , , , , , , , , , , , , , , , , , , , , , , , , , , , , , , , , , , , , , , , , , , , , , , , , , , , , , , , , , , , , , , , , , , , , , , , , , , , , , , , , , , , , , , , , , , , , , , , , , , , , 
123.0,123.0,1,123.000,18/03/2026 05:50:38,19.773,,10.46, 11.24, 10.99,39.99, -1.71, 3.39,13.366, 10.862, 11.653, 10.291, 9.754, 9.502, 9.380, 9.336, 9.554, 9.833, 10.041, 10.219, 10.331, 10.522, 10.726, 10.910, 11.061, 11.237, 11.295, 11.394, 11.501, 11.514, 11.368, 11.311, 11.358, 11.223, 11.097, 11.189, 10.979, 11.055, 10.961, 10.863, 10.889, 10.755, 10.912, 10.788, 10.927, 10.929, 10.928, 11.173, 10.984, 11.431, 11.236, 11.481, 11.718, 11.467, 11.904, 11.860, 11.656, 12.093, 11.925, 11.683, 12.106, 12.044, 11.667, 11.996, 12.239, 11.853, 11.827, 12.297, 12.301, 11.909, 12.011, 12.478, 12.463, 12.109, 12.011, 12.530, 12.766, 12.365, 12.050, 12.282, 12.683, 12.658, 12.225, 12.024, 12.364, 12.851, 12.887, 12.450, 12.027, 12.139, 12.617, 12.967, 12.856, 12.433, 12.151, 12.302, 12.795, 13.237, 13.304, 13.009, 12.591, 12.425, 12.627, 13.087, 13.458, 13.507, 13.204, 12.722, 12.354, 12.307, 12.480, 12.581, 12.164, 11.201, 10.171, 9.403, 8.930, 8.769, 8.933, 9.309, 9.840, 10.338, 10.675, 10.833, 10.834, 10.808, 10.875, 11.088, 11.423, 11.850, 12.260, 12.594, 12.776, 12.790, 12.686, 12.525, 12.377, 12.307, 12.345, 12.467, 12.652, 12.864, 13.045, 13.148, 13.172, 13.053, 12.832, 12.579, 12.305, 12.058, 11.887, 11.833, 11.882, 11.985, 12.177, 12.331, 12.428, 12.409, 12.214, 11.701, 10.716, 9.092, 7.263, 6.036, 5.516, 5.335, 5.338, 5.494, 5.773, 6.100, 6.459, 6.830, 7.187, 7.525, 7.823, 8.070, 8.271, 8.452, 8.619, 8.767, 8.913, 9.089, 9.281, 9.476, 9.705, 9.957, 10.227, 10.492, 10.735, 10.974, 11.193, 11.380, 11.535, 11.599, 11.561, 11.474, 11.401, 11.283, 11.097, 10.891, 10.731, 10.539, 10.364, 10.184, 9.984, 9.758, 9.580, 9.436, 9.363, 9.303, 9.297, 9.294, 9.216, 9.188, 9.058, 8.898, 8.830, 8.782, 8.456, 8.332, 8.194, 7.892, 7.764, 7.581, 16.5,857150.0,885301.0,869663.47,43449.73,3654.73,22725.58,632.30,33293.26,346.81,0.00,487.76,96.99,23.92,1571.28,31.60,1289.17,22.58,1388.84,65.39,24.80,7.11,0.00,62.83,339.09,14.32,25657.12,166.91,0.00,134.65,0.00,16.90,19.21,2.65,68.09,2.74,58.45,1.84,0.00,5.96,66.46,1.20,90.32,1.37,2.87,0.85,77.18,1.45,0.00,33.12,0.00,58.00,0.00,476.62,0.00,338.03,78.50,10.27,0.00,591.90,0.00,55.69,0.00,30.31,14.71,1.47,24.89,4.11,0.00,156.21,0.00,62.81,230303.45,72051.64,6060.55,42939.13,1194.71,71225.43,741.94,0.00,1117.64,242.17,59.73,1892.77,38.07,1803.81,31.59,2317.27,109.10,44.27,12.69,0.00,91.83,487.22,20.58,36683.11,238.64,0.00,171.21,0.00,21.51,24.05,3.32,84.75,3.41,77.17,2.43,0.00,8.38,72.68,1.31,106.81,1.62,3.64,1.08,104.25,1.96,0.00,38.82,0.00,77.34,0.00,511.94,0.00,386.14,99.66,13.04,0.00,708.56,0.00,65.38,0.00,32.73,15.85,1.58,27.75,4.58,0.00,177.75,0.00,71.25
123.5,123.5,1,123.500,18/03/2026 05:51:12,13.888, , , , , , , , , , , , , , , , , , , , , , , , , , , , , , , , , , , , , , , , , , , , , , , , , , , , , , , , , , , , , , , , , , , , , , , , , , , , , , , , , , , , , , , , , , , , , , , , , , , , , , , , , , , , , , , , , , , , , , , , , , , , , , , , , , , , , , , , , , , , , , , , , , , , , , , , , , , , , , , , , , , , , , , , , , , , , , , , , , , , , , , , , , , , , , , , , , , , , , , , , , , , , , , , , , , , , , , , , , , , , , , , , , , , , , , , , , , , , , , , , , , , , , , , , , , , , , , , , , , , , , , , , , , , , , , , , , , , , , , , , , , , , , , , , , , , , , , , , , , , , , , , , , , , , , , , , , , , , , , , , , , , , , , , , , , , , , , , , , , , , , , , , , , , , , , , , , , , , , , , , , , , 
124.0,124.0,1,124.000,18/03/2026 05:51:38,5.692,,8.79, 9.42, 9.21,36.79, -1.44, 3.23,10.286, 8.200, 9.218, 8.277, 7.944, 7.823, 7.837, 7.880, 7.947, 8.250, 8.395, 8.577, 8.661, 8.795, 8.976, 9.097, 9.275, 9.385, 9.452, 9.445, 9.497, 9.634, 9.781, 9.668, 9.322, 9.287, 9.598, 9.352, 9.105, 9.479, 9.149, 9.152, 9.235, 8.986, 9.287, 8.999, 9.322, 9.072, 9.370, 9.205, 9.424, 9.483, 9.396, 9.856, 9.403, 10.013, 9.737, 9.678, 10.255, 9.550, 9.939, 10.214, 9.454, 10.031, 10.218, 9.429, 9.954, 10.382, 9.589, 9.713, 10.527, 10.060, 9.475, 10.165, 10.612, 9.914, 9.468, 10.302, 10.858, 10.046, 9.417, 10.045, 10.760, 10.302, 9.408, 9.547, 10.532, 10.887, 10.149, 9.358, 9.568, 10.481, 10.891, 10.315, 9.491, 9.368, 10.081, 10.843, 10.910, 10.293, 9.660, 9.674, 10.289, 10.901, 11.008, 10.551, 9.948, 9.690, 9.976, 10.525, 10.916, 10.826, 10.262, 9.460, 8.640, 8.070, 7.962, 8.121, 8.157, 7.896, 7.455, 7.082, 7.022, 7.374, 8.006, 8.682, 9.164, 9.341, 9.228, 9.000, 8.767, 8.724, 8.911, 9.294, 9.753, 10.162, 10.365, 10.362, 10.183, 9.901, 9.620, 9.456, 9.421, 9.549, 9.800, 10.080, 10.309, 10.398, 10.330, 10.153, 9.871, 9.554, 9.249, 9.056, 9.005, 9.040, 9.201, 9.401, 9.570, 9.667, 9.618, 9.302, 8.618, 7.454, 6.131, 5.174, 4.695, 4.477, 4.404, 4.519, 4.739, 5.032, 5.354, 5.677, 6.003, 6.257, 6.454, 6.635, 6.756, 6.839, 6.895, 6.962, 7.004, 7.098, 7.229, 7.401, 7.595, 7.848, 8.059, 8.327, 8.531, 8.748, 8.893, 9.022, 9.118, 9.094, 9.022, 8.904, 8.809, 8.640, 8.444, 8.292, 8.129, 7.991, 7.938, 7.851, 7.832, 7.708, 7.698, 7.721, 7.708, 7.822, 7.847, 7.811, 7.828, 7.673, 7.582, 7.473, 7.231, 7.031, 6.840, 6.553, 6.264, 6.016, 5.793, 5.782, 16.8,511157.0,533649.0,866816.41,19710.03,5921.97,33904.69,1064.94,51463.51,655.51,0.00,714.74,0.00,672.71,908.12,52.02,1144.70,36.03,1663.83,99.07,0.00,32.53,0.00,119.71,382.64,22.38,23289.84,225.49,0.00,180.49,0.00,25.98,12.11,3.71,74.63,4.03,24.23,2.05,0.00,7.77,65.11,1.68,90.86,1.93,13.84,1.34,83.72,2.14,11.09,1.68,0.00,84.81,0.00,700.75,0.00,509.71,53.73,15.46,232.84,16.54,0.00,91.93,0.00,45.70,18.13,2.16,0.00,217.31,35.92,5.13,0.00,105.47,247033.69,32684.67,9820.26,64061.65,2012.16,110097.68,1402.36,0.00,1637.73,0.00,1679.69,1093.93,62.66,1601.67,50.41,2776.09,165.30,0.00,58.07,0.00,174.96,549.79,32.16,33298.50,322.39,0.00,229.49,0.00,33.06,15.16,4.64,92.89,5.02,31.99,2.71,0.00,10.92,71.20,1.84,107.45,2.28,17.58,1.70,113.09,2.89,13.00,1.97,0.00,113.09,0.00,752.69,0.00,582.26,68.21,19.63,278.73,19.80,0.00,107.93,0.00,49.35,19.53,2.33,0.00,242.27,40.87,5.84,0.00,119.65
124.5,124.5,1,124.500,18/03/2026 05:52:30,2.183, , , , , , , , , , , , , , , , , , , , , , , , , , , , , , , , , , , , , , , , , , , , , , , , , , , , , , , , , , , , , , , , , , , , , , , , , , , , , , , , , , , , , , , , , , , , , , , , , , , , , , , , , , , , , , , , , , , , , , , , , , , , , , , , , , , , , , , , , , , , , , , , , , , , , , , , , , , , , , , , , , , , , , , , , , , , , , , , , , , , , , , , , , , , , , , , , , , , , , , , , , , , , , , , , , , , , , , , , , , , , , , , , , , , , , , , , , , , , , , , , , , , , , , , , , , , , , , , , , , , , , , , , , , , , , , , , , , , , , , , , , , , , , , , , , , , , , , , , , , , , , , , , , , , , , , , , , , , , , , , , , , , , , , , , , , , , , , , , , , , , , , , , , , , , , , , , , , , , , , , , , , , 
125.0,125.0,1,125.000,18/03/2026 06:05:54*,1.060,,3.44, 3.63, 4.10,22.42, -0.15, -0.77,5.084, 5.484, 5.422, 4.297, 4.174, 3.926, 4.045, 3.740, 3.806, 3.803, 3.762, 3.762, 3.732, 3.705, 3.700, 3.703, 3.677, 3.692, 3.671, 3.645, 3.635, 3.630, 3.621, 3.614, 3.596, 3.580, 3.562, 3.554, 3.539, 3.542, 3.531, 3.515, 3.509, 3.503, 3.507, 3.506, 3.517, 3.520, 3.529, 3.547, 3.555, 3.571, 3.585, 3.601, 3.617, 3.632, 3.637, 3.654, 3.662, 3.670, 3.677, 3.690, 3.696, 3.701, 3.704, 3.715, 3.736, 3.735, 3.747, 3.745, 3.761, 3.763, 3.786, 3.784, 3.794, 3.778, 3.812, 3.831, 3.849, 3.843, 3.848, 3.863, 3.835, 3.840, 3.846, 3.859, 3.854, 3.865, 3.851, 3.841, 3.833, 3.854, 3.870, 3.876, 3.863, 3.859, 3.860, 3.867, 3.887, 3.903, 3.908, 3.887, 3.881, 3.870, 3.882, 3.898, 3.918, 3.924, 3.905, 3.889, 3.867, 3.851, 3.867, 3.875, 3.882, 3.848, 3.803, 3.766, 3.726, 3.702, 3.694, 3.701, 3.740, 3.778, 3.824, 3.852, 3.863, 3.861, 3.851, 3.851, 3.850, 3.870, 3.885, 3.915, 3.940, 3.963, 3.983, 3.988, 3.984, 3.983, 3.970, 3.962, 3.962, 3.975, 3.988, 4.011, 4.064, 4.089, 4.079, 4.078, 4.078, 4.066, 4.048, 4.032, 4.017, 4.011, 3.963, 3.963, 3.971, 3.975, 3.978, 3.984, 3.941, 3.891, 3.818, 3.770, 3.747, 3.713, 3.697, 3.696, 3.682, 3.678, 3.704, 3.721, 3.723, 3.756, 3.777, 3.803, 3.812, 3.832, 3.861, 3.865, 3.886, 3.920, 3.929, 3.932, 3.951, 3.965, 3.976, 3.995, 3.990, 4.011, 4.028, 4.045, 4.082, 4.103, 4.122, 4.133, 4.124, 4.119, 4.130, 4.165, 4.165, 4.190, 4.274, 4.336, 4.353, 4.287, 4.273, 4.254, 4.309, 4.291, 4.348, 4.353, 4.348, 4.406, 4.378, 4.460, 4.355, 4.462, 4.564, 4.641, 4.519, 4.668, 4.676, 4.826, , , , , , , , , , , , , , , , , , , , , , , , , , , , , , , , , , , , , , , , , , , , , , , , , , , , , , , , , , , , , , , , , , , , , , , , , , , , , , , , , , , , , , , , , , , , , , , , , , , , , , , , , , , , , , , , , , , , , , , , , , , , , , , , , , , , , , , , , , , , , 
