Exported at 18/03/2026 10:38:07, , , , , , , , , , , , , , , , , , , , , , , , , , , , , , , , , , , , , , , , , , , , , , , , , , , , , , , , , , , , , , , , , , , , , , , , , , , , , , , , , , , , , , , , , , , , , , , , , , , , , , , , , , , , , , , , , , , , , , , , , , , , , , , , , , , , , , , , , , , , , , , , , , , , , , , , , , , , , , , , , , , , , , , , , , , , , , , , , , , , , , , , , , , , , , , , , , , , , , , , , , , , , , , , , , , , , , , , , , , , , , , , , , , , , , , , , , , , , , , , , , , , , , , , , , , , , , , , , , , , , , , , , , , , , , , , , , , , , , , , , , , , , , , , , , , , , , , , , , , , , , , , , , , , , , , , , , , , , , , , , , , , , , , , , , , , , , , , , , , , , , , , , , , , , , , , , , , , , , , , , , , , , , , , , 
Core ID:,WAN1m13Mar26, , , , , , , , , , , , , , , , , , , , , , , , , , , , , , , , , , , , , , , , , , , , , , , , , , , , , , , , , , , , , , , , , , , , , , , , , , , , , , , , , , , , , , , , , , , , , , , , , , , , , , , , , , , , , , , , , , , , , , , , , , , , , , , , , , , , , , , , , , , , , , , , , , , , , , , , , , , , , , , , , , , , , , , , , , , , , , , , , , , , , , , , , , , , , , , , , , , , , , , , , , , , , , , , , , , , , , , , , , , , , , , , , , , , , , , , , , , , , , , , , , , , , , , , , , , , , , , , , , , , , , , , , , , , , , , , , , , , , , , , , , , , , , , , , , , , , , , , , , , , , , , , , , , , , , , , , , , , , , , , , , , , , , , , , , , , , , , , , , , , , , , , , , , , , , , , , , , , , , , , , , , , , , , , 
Comments:,, , , , , , , , , , , , , , , , , , , , , , , , , , , , , , , , , , , , , , , , , , , , , , , , , , , , , , , , , , , , , , , , , , , , , , , , , , , , , , , , , , , , , , , , , , , , , , , , , , , , , , , , , , , , , , , , , , , , , , , , , , , , , , , , , , , , , , , , , , , , , , , , , , , , , , , , , , , , , , , , , , , , , , , , , , , , , , , , , , , , , , , , , , , , , , , , , , , , , , , , , , , , , , , , , , , , , , , , , , , , , , , , , , , , , , , , , , , , , , , , , , , , , , , , , , , , , , , , , , , , , , , , , , , , , , , , , , , , , , , , , , , , , , , , , , , , , , , , , , , , , , , , , , , , , , , , , , , , , , , , , , , , , , , , , , , , , , , , , , , , , , , , , , , , , , , , , , , , , , , , , , , , , , , , 
XRF Measurement Mode:,Geochem(2), , , , , , , , , , , , , , , , , , , , , , , , , , , , , , , , , , , , , , , , , , , , , , , , , , , , , , , , , , , , , , , , , , , , , , , , , , , , , , , , , , , , , , , , , , , , , , , , , , , , , , , , , , , , , , , , , , , , , , , , , , , , , , , , , , , , , , , , , , , , , , , , , , , , , , , , , , , , , , , , , , , , , , , , , , , , , , , , , , , , , , , , , , , , , , , , , , , , , , , , , , , , , , , , , , , , , , , , , , , , , , , , , , , , , , , , , , , , , , , , , , , , , , , , , , , , , , , , , , , , , , , , , , , , , , , , , , , , , , , , , , , , , , , , , , , , , , , , , , , , , , , , , , , , , , , , , , , , , , , , , , , , , , , , , , , , , , , , , , , , , , , , , , , , , , , , , , , , , , , , , , , , , , , , 
Depth,Depth In Core,Section,Section Depth,Time Stamp,Magnetic Susceptibility,Mag Sus in Air,CIE XYZ Colour Space, , ,CIE L*a*b* Colour Space, , ,Reflectance (nm), , , , , , , , , , , , , , , , , , , , , , , , , , , , , , , , , , , , , , , , , , , , , , , , , , , , , , , , , , , , , , , , , , , , , , , , , , , , , , , , , , , , , , , , , , , , , , , , , , , , , , , , , , , , , , , , , , , , , , , , , , , , , , , , , , , , , , , , , , , , , , , , , , , , , , , , , , , , , , , , , , , , , , , , , , , , , , , , , , , , , , , , , , , , , , , , , , , , , , , , , , , , , , , , , , , , , , , ,XRF Total Live Time,XRF Total Counts,,XRF Elements(ppm), , , , , , , , , , , , , , , , , , , , , , , , , , , , , , , , , , , , , , , , , , , , , , , , , , , , , , , , , , , , , , , , , , , , ,XRF Oxides(ppm), , , , , , , , , , , , , , , , , , , , , , , , , , , , , , , , , , , , , , , , , , , , , , , , , , , , , , , , , , , , , , , , , , , , 
cm,cm,,cm,,x10^-5 SI,x10^-5 SI,X, Y, Z,L*, a*, b*,350,360,370,380,390,400,410,420,430,440,450,460,470,480,490,500,510,520,530,540,550,560,570,580,590,600,610,620,630,640,650,660,670,680,690,700,710,720,730,740,750,760,770,780,790,800,810,820,830,840,850,860,870,880,890,900,910,920,930,940,950,960,970,980,990,1000,1010,1020,1030,1040,1050,1060,1070,1080,1090,1100,1110,1120,1130,1140,1150,1160,1170,1180,1190,1200,1210,1220,1230,1240,1250,1260,1270,1280,1290,1300,1310,1320,1330,1340,1350,1360,1370,1380,1390,1400,1410,1420,1430,1440,1450,1460,1470,1480,1490,1500,1510,1520,1530,1540,1550,1560,1570,1580,1590,1600,1610,1620,1630,1640,1650,1660,1670,1680,1690,1700,1710,1720,1730,1740,1750,1760,1770,1780,1790,1800,1810,1820,1830,1840,1850,1860,1870,1880,1890,1900,1910,1920,1930,1940,1950,1960,1970,1980,1990,2000,2010,2020,2030,2040,2050,2060,2070,2080,2090,2100,2110,2120,2130,2140,2150,2160,2170,2180,2190,2200,2210,2220,2230,2240,2250,2260,2270,2280,2290,2300,2310,2320,2330,2340,2350,2360,2370,2380,2390,2400,2410,2420,2430,2440,2450,2460,2470,2480,2490,2500,Seconds,Beam 1,Beam 2,LE (Value),Mg (Value),Mg (Error),Al (Value),Al (Error),Si (Value),Si (Error),P (Value),P (Error),S (Value),S (Error),K (Value),K (Error),Ca (Value),Ca (Error),Ti (Value),Ti (Error),V (Value),V (Error),Cr (Value),Cr (Error),Mn (Value),Mn (Error),Fe (Value),Fe (Error),Co (Value),Co (Error),Ni (Value),Ni (Error),Cu (Value),Cu (Error),Zn (Value),Zn (Error),As (Value),As (Error),Se (Value),Se (Error),Rb (Value),Rb (Error),Sr (Value),Sr (Error),Y (Value),Y (Error),Zr (Value),Zr (Error),Nb (Value),Nb (Error),Mo (Value),Mo (Error),Ag (Value),Ag (Error),Cd (Value),Cd (Error),Sn (Value),Sn (Error),Sb (Value),Sb (Error),W (Value),W (Error),Hg (Value),Hg (Error),Pb (Value),Pb (Error),Bi (Value),Bi (Error),Th (Value),Th (Error),U (Value),U (Error),LE (Value),MgO (Value),MgO (Error),Al2O3 (Value),Al2O3 (Error),SiO2 (Value),SiO2 (Error),P2O5 (Value),P2O5 (Error),SO3 (Value),SO3 (Error),K2O (Value),K2O (Error),CaO (Value),CaO (Error),TiO2 (Value),TiO2 (Error),V2O5 (Value),V2O5 (Error),Cr2O3 (Value),Cr2O3 (Error),Mn2O3 (Value),Mn2O3 (Error),Fe2O3 (Value),Fe2O3 (Error),CoO (Value),CoO (Error),NiO (Value),NiO (Error),CuO (Value),CuO (Error),ZnO (Value),ZnO (Error),As2O3 (Value),As2O3 (Error),SeO2 (Value),SeO2 (Error),Rb2O (Value),Rb2O (Error),SrO (Value),SrO (Error),Y2O3 (Value),Y2O3 (Error),ZrO2 (Value),ZrO2 (Error),NbO (Value),NbO (Error),MoO2 (Value),MoO2 (Error),Ag2O (Value),Ag2O (Error),CdO (Value),CdO (Error),SnO2 (Value),SnO2 (Error),Sb2O3 (Value),Sb2O3 (Error),WO2 (Value),WO2 (Error),HgO (Value),HgO (Error),PbO (Value),PbO (Error),Bi2O3 (Value),Bi2O3 (Error),ThO2 (Value),ThO2 (Error),UO2 (Value),UO2 (Error)
7.5,7.5,1,7.500,16/03/2026 18:38:35,15.281,1157884.851, , , , , , , , , , , , , , , , , , , , , , , , , , , , , , , , , , , , , , , , , , , , , , , , , , , , , , , , , , , , , , , , , , , , , , , , , , , , , , , , , , , , , , , , , , , , , , , , , , , , , , , , , , , , , , , , , , , , , , , , , , , , , , , , , , , , , , , , , , , , , , , , , , , , , , , , , , , , , , , , , , , , , , , , , , , , , , , , , , , , , , , , , , , , , , , , , , , , , , , , , , , , , , , , , , , , , , , , , , , , , , , , , , , , , , , , , , , , , , , , , , , , , , , , , , , , , , , , , , , , , , , , , , , , , , , , , , , , , , , , , , , , , , , , , , , , , , , , , , , , , , , , , , , , , , , , , , , , , , , , , , , , , , , , , , , , , , , , , , , , , , , , , , , , , , , , , , , , , , , , , , , 
8.0,8.0,1,8.000,16/03/2026 18:38:35,15.940,,11.87, 12.24, 9.55,41.59, 1.72, 10.44,10.795, 10.086, 9.697, 8.780, 8.403, 8.106, 7.823, 7.916, 8.045, 8.400, 8.611, 8.877, 9.050, 9.280, 9.605, 9.973, 10.379, 10.867, 11.325, 11.817, 12.250, 12.633, 12.946, 13.234, 13.516, 13.719, 13.841, 13.966, 14.212, 14.286, 14.362, 14.549, 14.507, 14.650, 14.642, 14.705, 14.716, 14.783, 14.795, 14.933, 14.919, 15.123, 15.045, 15.292, 15.183, 15.391, 15.327, 15.307, 15.492, 15.202, 15.391, 15.382, 15.136, 15.402, 15.254, 15.065, 15.401, 15.278, 14.997, 15.309, 15.398, 14.978, 15.050, 15.420, 15.295, 14.931, 15.033, 15.378, 15.205, 14.882, 15.063, 15.340, 15.202, 14.847, 14.853, 15.186, 15.258, 14.934, 14.601, 14.647, 14.893, 14.963, 14.692, 14.388, 14.424, 14.746, 14.967, 14.823, 14.520, 14.350, 14.534, 14.834, 14.949, 14.739, 14.393, 14.190, 14.288, 14.551, 14.658, 14.425, 13.967, 13.518, 13.287, 13.217, 12.992, 12.407, 11.684, 10.955, 10.323, 9.923, 9.907, 10.285, 10.910, 11.510, 11.863, 11.919, 11.741, 11.571, 11.594, 11.885, 12.379, 12.907, 13.310, 13.478, 13.379, 13.113, 12.819, 12.647, 12.681, 12.916, 13.267, 13.604, 13.823, 13.839, 13.660, 13.336, 12.966, 12.670, 12.502, 12.526, 12.701, 12.955, 13.212, 13.381, 13.397, 13.256, 12.853, 12.490, 12.088, 11.725, 11.439, 11.120, 10.608, 9.653, 8.484, 7.748, 7.514, 7.416, 7.303, 7.168, 6.974, 6.829, 6.708, 6.695, 6.827, 7.119, 7.544, 8.068, 8.662, 9.247, 9.795, 10.253, 10.596, 10.789, 10.840, 10.783, 10.663, 10.455, 10.272, 10.129, 10.070, 10.089, 10.227, 10.486, 10.813, 11.186, 11.517, 11.830, 12.089, 12.276, 12.283, 12.220, 12.092, 11.791, 11.464, 11.072, 10.647, 10.163, 9.704, 9.406, 9.144, 9.044, 9.008, 9.100, 9.205, 9.459, 9.568, 9.893, 10.084, 10.301, 10.326, 10.291, 10.255, 10.195, 9.919, 9.675, 16.7,870405.0,906191.0,901231.23,35895.91,3927.83,11979.35,538.95,18858.41,258.21,232.76,36.77,0.00,571.29,1938.77,32.93,1550.16,23.44,1829.44,70.09,32.69,7.46,89.04,20.47,1041.34,22.99,24844.21,168.94,0.00,135.77,0.00,17.97,66.55,3.56,66.69,2.76,42.23,1.57,0.00,5.17,54.69,1.13,80.33,1.32,12.85,0.93,88.96,1.55,11.02,1.20,0.00,59.00,48.92,10.82,0.00,351.02,0.00,573.59,0.00,615.48,0.00,56.16,0.00,28.13,4.41,1.30,0.00,148.49,0.00,164.77,0.00,72.17,168383.66,59525.32,6513.43,22634.53,1018.33,40344.45,552.40,533.34,84.25,0.00,1426.46,2335.45,39.67,2168.99,32.80,3052.41,116.94,58.36,13.32,130.14,29.92,1496.24,33.03,35520.86,241.54,0.00,172.63,0.00,22.87,83.31,4.46,83.01,3.44,55.76,2.07,0.00,7.27,59.81,1.24,95.00,1.56,16.32,1.18,120.16,2.09,12.92,1.41,0.00,78.67,52.55,11.62,0.00,400.98,0.00,728.18,0.00,736.79,0.00,65.94,0.00,30.37,4.75,1.40,0.00,165.54,0.00,187.49,0.00,81.87
8.5,8.5,1,8.500,16/03/2026 18:38:35,16.337, , , , , , , , , , , , , , , , , , , , , , , , , , , , , , , , , , , , , , , , , , , , , , , , , , , , , , , , , , , , , , , , , , , , , , , , , , , , , , , , , , , , , , , , , , , , , , , , , , , , , , , , , , , , , , , , , , , , , , , , , , , , , , , , , , , , , , , , , , , , , , , , , , , , , , , , , , , , , , , , , , , , , , , , , , , , , , , , , , , , , , , , , , , , , , , , , , , , , , , , , , , , , , , , , , , , , , , , , , , , , , , , , , , , , , , , , , , , , , , , , , , , , , , , , , , , , , , , , , , , , , , , , , , , , , , , , , , , , , , , , , , , , , , , , , , , , , , , , , , , , , , , , , , , , , , , , , , , , , , , , , , , , , , , , , , , , , , , , , , , , , , , , , , , , , , , , , , , , , , , , , , , 
9.0,9.0,1,9.000,16/03/2026 18:38:35,17.395,,7.29, 7.47, 6.41,32.85, 1.85, 6.41,7.572, 6.337, 6.765, 6.141, 6.022, 5.663, 5.579, 5.587, 5.588, 5.754, 5.817, 5.939, 6.000, 6.088, 6.224, 6.352, 6.511, 6.743, 6.948, 7.178, 7.416, 7.640, 7.829, 7.975, 8.115, 8.260, 8.372, 8.428, 8.579, 8.638, 8.739, 8.852, 8.876, 9.025, 9.021, 9.151, 9.128, 9.248, 9.224, 9.391, 9.398, 9.580, 9.630, 9.769, 9.885, 9.973, 10.095, 10.165, 10.267, 10.328, 10.379, 10.465, 10.514, 10.563, 10.627, 10.701, 10.773, 10.815, 10.888, 10.979, 11.044, 11.070, 11.139, 11.244, 11.316, 11.387, 11.470, 11.560, 11.660, 11.778, 11.857, 11.793, 11.821, 11.941, 12.051, 12.056, 12.013, 12.022, 12.098, 12.116, 12.052, 11.994, 12.023, 12.132, 12.232, 12.265, 12.229, 12.221, 12.309, 12.448, 12.532, 12.556, 12.480, 12.420, 12.425, 12.527, 12.588, 12.572, 12.412, 12.191, 11.991, 11.885, 11.806, 11.569, 10.931, 9.939, 9.086, 8.586, 8.328, 8.212, 8.249, 8.403, 8.713, 9.098, 9.463, 9.757, 9.967, 10.133, 10.302, 10.501, 10.740, 11.001, 11.265, 11.484, 11.645, 11.737, 11.766, 11.765, 11.739, 11.742, 11.774, 11.850, 11.938, 12.018, 12.068, 12.104, 12.067, 11.977, 11.847, 11.694, 11.548, 11.403, 11.326, 11.291, 11.319, 11.374, 11.327, 11.317, 11.256, 11.105, 10.810, 10.277, 9.311, 7.809, 6.163, 5.136, 4.773, 4.701, 4.748, 4.887, 5.082, 5.282, 5.484, 5.674, 5.866, 6.067, 6.283, 6.496, 6.737, 6.999, 7.295, 7.592, 7.914, 8.232, 8.540, 8.822, 9.083, 9.298, 9.465, 9.583, 9.652, 9.698, 9.706, 9.714, 9.699, 9.680, 9.618, 9.551, 9.572, 9.609, 9.626, 9.635, 9.655, 9.656, 9.626, 9.544, 9.415, 9.201, 9.043, 8.828, 8.623, 8.408, 8.246, 8.003, 7.809, 7.618, 7.376, 7.201, 7.037, 6.840, 6.711, 6.573, 6.541, 6.392, 6.435, 6.501, 16.7,852499.0,927895.0,890439.00,43581.16,4067.07,11885.54,548.70,16848.81,244.98,0.00,394.03,0.00,337.56,2736.32,37.53,1759.34,25.24,1359.26,63.49,51.18,7.40,0.00,71.65,7262.46,70.40,23618.21,165.41,0.00,130.76,0.00,19.69,36.57,3.12,47.41,2.46,35.76,1.71,0.00,6.10,65.68,1.24,113.80,1.61,5.77,0.91,91.18,1.62,10.19,1.21,0.00,59.77,0.00,497.99,0.00,345.50,0.00,574.37,0.00,603.03,0.00,53.20,0.00,24.46,20.58,1.66,31.77,4.39,0.00,160.04,0.00,60.09,183650.67,72269.58,6744.32,22457.28,1036.75,36045.25,524.09,0.00,902.87,0.00,842.85,3296.18,45.21,2461.68,35.32,2267.92,105.93,91.37,13.21,0.00,104.72,10434.99,101.15,33767.99,236.49,0.00,166.26,0.00,25.06,45.78,3.91,59.01,3.06,47.21,2.26,0.00,8.57,71.83,1.36,134.58,1.90,7.33,1.16,123.16,2.19,11.94,1.42,0.00,79.70,0.00,534.90,0.00,394.67,0.00,729.17,0.00,721.89,0.00,62.46,0.00,26.41,22.17,1.79,35.42,4.89,0.00,182.11,0.00,68.17
9.5,9.5,1,9.500,16/03/2026 18:38:35,20.573, , , , , , , , , , , , , , , , , , , , , , , , , , , , , , , , , , , , , , , , , , , , , , , , , , , , , , , , , , , , , , , , , , , , , , , , , , , , , , , , , , , , , , , , , , , , , , , , , , , , , , , , , , , , , , , , , , , , , , , , , , , , , , , , , , , , , , , , , , , , , , , , , , , , , , , , , , , , , , , , , , , , , , , , , , , , , , , , , , , , , , , , , , , , , , , , , , , , , , , , , , , , , , , , , , , , , , , , , , , , , , , , , , , , , , , , , , , , , , , , , , , , , , , , , , , , , , , , , , , , , , , , , , , , , , , , , , , , , , , , , , , , , , , , , , , , , , , , , , , , , , , , , , , , , , , , , , , , , , , , , , , , , , , , , , , , , , , , , , , , , , , , , , , , , , , , , , , , , , , , , , , , 
10.0,10.0,1,10.000,16/03/2026 18:38:35,21.894,,10.41, 10.89, 8.87,39.40, 0.40, 8.80,7.556, 6.448, 7.393, 7.291, 6.945, 7.067, 7.087, 7.145, 7.352, 7.823, 8.081, 8.329, 8.485, 8.612, 8.925, 9.229, 9.581, 9.992, 10.365, 10.696, 10.991, 11.244, 11.431, 11.650, 11.810, 11.854, 11.895, 11.944, 11.991, 11.995, 12.018, 11.996, 12.026, 11.988, 12.021, 12.015, 12.038, 12.084, 12.092, 12.191, 12.215, 12.304, 12.379, 12.423, 12.547, 12.540, 12.618, 12.617, 12.622, 12.631, 12.584, 12.594, 12.589, 12.541, 12.530, 12.561, 12.568, 12.541, 12.564, 12.623, 12.608, 12.562, 12.598, 12.672, 12.691, 12.668, 12.716, 12.746, 12.775, 12.801, 12.818, 12.759, 12.756, 12.773, 12.823, 12.795, 12.769, 12.727, 12.714, 12.665, 12.613, 12.616, 12.637, 12.657, 12.672, 12.690, 12.721, 12.768, 12.840, 12.904, 12.928, 12.905, 12.886, 12.884, 12.924, 12.986, 12.993, 12.907, 12.754, 12.584, 12.448, 12.380, 12.299, 12.039, 11.372, 10.372, 9.518, 9.076, 8.902, 8.852, 8.884, 8.990, 9.219, 9.533, 9.870, 10.195, 10.484, 10.739, 10.967, 11.161, 11.330, 11.471, 11.610, 11.760, 11.907, 12.061, 12.195, 12.300, 12.359, 12.380, 12.359, 12.298, 12.248, 12.223, 12.226, 12.256, 12.332, 12.380, 12.404, 12.382, 12.281, 12.144, 11.984, 11.822, 11.691, 11.638, 11.496, 11.500, 11.515, 11.501, 11.378, 11.012, 10.214, 8.768, 6.978, 5.697, 5.126, 4.888, 4.794, 4.851, 5.008, 5.255, 5.552, 5.888, 6.245, 6.615, 6.982, 7.307, 7.606, 7.877, 8.124, 8.355, 8.552, 8.768, 8.963, 9.149, 9.344, 9.537, 9.737, 9.923, 10.100, 10.268, 10.399, 10.515, 10.594, 10.623, 10.554, 10.474, 10.484, 10.443, 10.335, 10.235, 10.164, 10.069, 9.953, 9.822, 9.678, 9.504, 9.385, 9.222, 9.121, 9.046, 8.957, 8.893, 8.794, 8.635, 8.460, 8.324, 8.187, 7.944, 7.688, 7.482, 7.272, 7.084, 6.950, 6.958, 16.6,837386.0,987982.0,887192.31,36233.89,4019.09,13184.69,581.10,19127.58,267.15,248.57,38.58,0.00,517.19,3808.84,44.77,2437.45,29.93,1831.63,72.05,56.95,8.03,0.00,76.04,977.52,23.06,34017.48,235.03,0.00,165.68,0.00,20.26,0.00,14.94,57.40,2.80,375.61,4.79,0.00,7.09,85.12,1.50,177.07,2.18,14.76,1.10,130.52,2.01,4.40,1.27,0.00,61.13,0.00,515.16,0.00,356.15,0.00,595.55,0.00,633.46,0.00,57.26,0.00,26.41,18.16,1.77,0.00,159.77,20.07,3.97,0.00,76.85,188797.28,60085.78,6664.76,24911.98,1097.97,40920.30,571.52,569.56,88.40,0.00,1291.37,4588.15,53.93,3410.49,41.88,3056.06,120.21,101.67,14.34,0.00,111.14,1404.54,33.13,48636.28,336.03,0.00,210.66,0.00,25.78,0.00,18.70,71.45,3.49,495.93,6.32,0.00,9.96,93.09,1.64,209.40,2.58,18.74,1.40,176.30,2.72,5.16,1.49,0.00,81.51,0.00,553.34,0.00,406.84,0.00,756.06,0.00,758.32,0.00,67.23,0.00,28.52,19.56,1.91,0.00,178.12,22.84,4.52,0.00,87.18
10.5,10.5,1,10.500,16/03/2026 18:38:35,19.512, , , , , , , , , , , , , , , , , , , , , , , , , , , , , , , , , , , , , , , , , , , , , , , , , , , , , , , , , , , , , , , , , , , , , , , , , , , , , , , , , , , , , , , , , , , , , , , , , , , , , , , , , , , , , , , , , , , , , , , , , , , , , , , , , , , , , , , , , , , , , , , , , , , , , , , , , , , , , , , , , , , , , , , , , , , , , , , , , , , , , , , , , , , , , , , , , , , , , , , , , , , , , , , , , , , , , , , , , , , , , , , , , , , , , , , , , , , , , , , , , , , , , , , , , , , , , , , , , , , , , , , , , , , , , , , , , , , , , , , , , , , , , , , , , , , , , , , , , , , , , , , , , , , , , , , , , , , , , , , , , , , , , , , , , , , , , , , , , , , , , , , , , , , , , , , , , , , , , , , , , , , , 
11.0,11.0,1,11.000,16/03/2026 18:38:35,19.311,,10.45, 11.13, 11.16,39.80, -0.96, 2.61,13.659, 11.606, 11.873, 10.539, 10.180, 9.797, 9.596, 9.689, 9.852, 10.153, 10.264, 10.311, 10.374, 10.458, 10.627, 10.784, 10.895, 11.056, 11.161, 11.235, 11.261, 11.270, 11.274, 11.309, 11.235, 11.129, 11.182, 11.147, 11.026, 11.118, 11.040, 10.992, 11.089, 10.913, 11.109, 10.923, 11.132, 10.968, 11.201, 11.061, 11.333, 11.188, 11.460, 11.403, 11.522, 11.679, 11.515, 11.791, 11.681, 11.648, 11.842, 11.663, 11.717, 11.866, 11.670, 11.752, 11.942, 11.791, 11.782, 12.035, 12.028, 11.858, 11.997, 12.213, 12.145, 12.045, 12.192, 12.314, 12.290, 12.180, 12.272, 12.373, 12.336, 12.262, 12.267, 12.410, 12.473, 12.392, 12.269, 12.267, 12.355, 12.444, 12.441, 12.387, 12.383, 12.482, 12.613, 12.698, 12.724, 12.723, 12.743, 12.805, 12.894, 12.947, 12.974, 12.970, 12.972, 12.958, 12.941, 12.882, 12.824, 12.759, 12.660, 12.457, 11.983, 11.283, 10.674, 10.384, 10.280, 10.161, 10.087, 10.124, 10.347, 10.704, 11.106, 11.465, 11.717, 11.881, 11.967, 12.039, 12.123, 12.267, 12.463, 12.692, 12.928, 13.117, 13.255, 13.312, 13.304, 13.251, 13.181, 13.121, 13.119, 13.174, 13.263, 13.391, 13.505, 13.586, 13.605, 13.553, 13.439, 13.269, 13.083, 12.955, 12.866, 12.846, 12.785, 12.848, 12.925, 12.937, 12.854, 12.550, 11.861, 10.586, 8.947, 7.730, 7.141, 6.872, 6.780, 6.859, 7.044, 7.299, 7.601, 7.950, 8.308, 8.678, 9.030, 9.361, 9.660, 9.920, 10.157, 10.365, 10.548, 10.735, 10.907, 11.060, 11.223, 11.390, 11.576, 11.764, 11.923, 12.098, 12.281, 12.445, 12.565, 12.560, 12.459, 12.362, 12.430, 12.481, 12.384, 12.293, 12.201, 12.095, 11.959, 11.829, 11.646, 11.437, 11.264, 11.128, 11.027, 11.059, 11.109, 11.143, 11.139, 11.137, 11.049, 10.949, 10.842, 10.740, 10.502, 10.347, 10.143, 9.886, 9.939, 9.739, 16.5,790160.0,918221.0,862699.58,61430.17,4458.73,13531.30,621.02,25860.33,328.43,389.69,43.28,0.00,439.78,5148.55,55.40,2221.56,30.84,2346.76,82.91,61.21,8.76,0.00,88.54,482.48,18.03,25104.84,186.30,0.00,140.93,0.00,18.16,12.97,2.76,74.29,3.10,9.59,1.33,0.00,6.28,106.17,1.69,238.96,2.63,20.82,1.15,120.74,1.95,6.90,1.28,0.00,65.70,0.00,536.34,0.00,369.69,74.02,11.61,0.00,652.01,0.00,67.81,0.00,35.00,10.35,1.59,40.56,4.62,0.00,173.58,8.18,1.77,234451.13,101868.16,7393.80,25566.89,1173.39,55323.91,702.62,892.92,99.17,0.00,1098.09,6201.97,66.74,3108.42,43.15,3915.55,138.33,109.27,15.64,0.00,129.41,693.25,25.91,35893.49,266.36,0.00,179.19,0.00,23.11,16.24,3.45,92.47,3.86,12.66,1.76,0.00,8.82,116.11,1.85,282.59,3.11,26.44,1.46,163.09,2.63,8.09,1.50,0.00,87.61,0.00,576.09,0.00,422.31,93.97,14.74,0.00,780.52,0.00,79.61,0.00,37.79,11.15,1.71,45.22,5.15,0.00,197.52,9.28,2.01
11.5,11.5,1,11.500,16/03/2026 18:38:35,21.759, , , , , , , , , , , , , , , , , , , , , , , , , , , , , , , , , , , , , , , , , , , , , , , , , , , , , , , , , , , , , , , , , , , , , , , , , , , , , , , , , , , , , , , , , , , , , , , , , , , , , , , , , , , , , , , , , , , , , , , , , , , , , , , , , , , , , , , , , , , , , , , , , , , , , , , , , , , , , , , , , , , , , , , , , , , , , , , , , , , , , , , , , , , , , , , , , , , , , , , , , , , , , , , , , , , , , , , , , , , , , , , , , , , , , , , , , , , , , , , , , , , , , , , , , , , , , , , , , , , , , , , , , , , , , , , , , , , , , , , , , , , , , , , , , , , , , , , , , , , , , , , , , , , , , , , , , , , , , , , , , , , , , , , , , , , , , , , , , , , , , , , , , , , , , , , , , , , , , , , , , , , , 
12.0,12.0,1,12.000,16/03/2026 18:38:35,22.090,,12.18, 13.07, 12.66,42.87, -1.66, 3.88,12.906, 11.326, 11.251, 10.541, 10.763, 10.577, 10.452, 10.544, 10.958, 11.417, 11.637, 11.804, 11.912, 12.038, 12.246, 12.485, 12.729, 12.974, 13.137, 13.251, 13.324, 13.359, 13.350, 13.315, 13.228, 13.110, 13.055, 12.944, 12.881, 12.814, 12.726, 12.682, 12.572, 12.554, 12.506, 12.500, 12.483, 12.498, 12.494, 12.563, 12.575, 12.662, 12.698, 12.770, 12.831, 12.877, 12.889, 12.929, 12.911, 12.896, 12.883, 12.838, 12.850, 12.814, 12.756, 12.798, 12.823, 12.742, 12.765, 12.845, 12.812, 12.742, 12.789, 12.858, 12.849, 12.776, 12.809, 12.857, 12.847, 12.807, 12.823, 12.790, 12.748, 12.731, 12.723, 12.731, 12.708, 12.638, 12.586, 12.545, 12.515, 12.476, 12.492, 12.507, 12.484, 12.489, 12.504, 12.517, 12.568, 12.620, 12.636, 12.598, 12.548, 12.526, 12.556, 12.621, 12.643, 12.574, 12.419, 12.253, 12.135, 12.094, 12.063, 11.920, 11.441, 10.685, 10.010, 9.643, 9.486, 9.424, 9.457, 9.547, 9.727, 9.964, 10.199, 10.421, 10.601, 10.759, 10.904, 11.038, 11.158, 11.255, 11.359, 11.481, 11.581, 11.691, 11.777, 11.849, 11.875, 11.868, 11.842, 11.801, 11.764, 11.749, 11.763, 11.772, 11.806, 11.830, 11.849, 11.798, 11.719, 11.600, 11.485, 11.368, 11.291, 11.239, 11.171, 11.173, 11.168, 11.146, 11.035, 10.742, 10.150, 9.101, 7.763, 6.746, 6.246, 6.040, 5.993, 6.067, 6.228, 6.421, 6.662, 6.912, 7.169, 7.415, 7.661, 7.888, 8.110, 8.320, 8.517, 8.735, 8.919, 9.125, 9.296, 9.460, 9.633, 9.766, 9.887, 9.991, 10.082, 10.144, 10.201, 10.254, 10.292, 10.263, 10.226, 10.190, 10.211, 10.207, 10.177, 10.191, 10.180, 10.136, 10.096, 10.029, 9.916, 9.769, 9.625, 9.508, 9.401, 9.322, 9.176, 9.094, 8.974, 8.912, 8.759, 8.691, 8.490, 8.449, 8.358, 8.222, 8.085, 8.122, 8.118, 7.940, 16.6,861905.0,986188.0,871786.27,55994.83,4155.10,13697.88,571.86,20493.95,273.65,304.04,38.37,303.58,25.98,3132.44,40.28,1914.83,26.38,1982.83,73.30,0.00,24.98,246.41,23.26,593.68,18.50,28810.03,199.53,0.00,146.80,0.00,16.01,50.40,3.39,82.78,3.15,27.00,1.63,0.00,5.35,70.42,1.34,133.76,1.78,20.87,1.06,119.39,1.81,6.98,1.23,0.00,59.87,0.00,500.50,0.00,347.43,95.44,10.79,53.26,11.72,0.00,68.14,6.28,1.38,17.08,1.66,39.94,4.36,0.00,159.29,15.60,1.73,217104.91,92854.87,6890.30,25881.63,1080.51,43843.42,585.43,696.67,87.92,758.01,64.87,3773.35,48.52,2679.24,36.91,3308.34,122.30,0.00,44.59,360.14,34.00,853.02,26.58,41190.96,285.28,0.00,186.65,0.00,20.37,63.09,4.24,103.04,3.92,35.65,2.15,0.00,7.52,77.01,1.47,158.18,2.11,26.50,1.35,161.27,2.44,8.18,1.44,0.00,79.83,0.00,537.59,0.00,396.88,121.16,13.70,63.76,14.03,0.00,80.00,6.78,1.49,18.40,1.79,44.53,4.86,0.00,181.26,17.70,1.96
12.5,12.5,1,12.500,16/03/2026 18:38:35,21.756,1157885.515, , , , , , , , , , , , , , , , , , , , , , , , , , , , , , , , , , , , , , , , , , , , , , , , , , , , , , , , , , , , , , , , , , , , , , , , , , , , , , , , , , , , , , , , , , , , , , , , , , , , , , , , , , , , , , , , , , , , , , , , , , , , , , , , , , , , , , , , , , , , , , , , , , , , , , , , , , , , , , , , , , , , , , , , , , , , , , , , , , , , , , , , , , , , , , , , , , , , , , , , , , , , , , , , , , , , , , , , , , , , , , , , , , , , , , , , , , , , , , , , , , , , , , , , , , , , , , , , , , , , , , , , , , , , , , , , , , , , , , , , , , , , , , , , , , , , , , , , , , , , , , , , , , , , , , , , , , , , , , , , , , , , , , , , , , , , , , , , , , , , , , , , , , , , , , , , , , , , , , , , , , , 
13.0,13.0,1,13.000,16/03/2026 18:38:35,22.818,,11.84, 12.68, 12.50,42.28, -1.50, 3.29,13.304, 10.959, 11.924, 10.870, 10.422, 10.597, 10.342, 10.551, 10.814, 11.317, 11.489, 11.643, 11.713, 11.855, 12.047, 12.228, 12.411, 12.604, 12.738, 12.837, 12.901, 12.940, 12.917, 12.871, 12.782, 12.687, 12.658, 12.555, 12.482, 12.457, 12.369, 12.320, 12.296, 12.198, 12.250, 12.166, 12.220, 12.204, 12.244, 12.294, 12.350, 12.404, 12.510, 12.510, 12.685, 12.629, 12.769, 12.735, 12.748, 12.805, 12.687, 12.765, 12.763, 12.653, 12.728, 12.755, 12.681, 12.737, 12.791, 12.744, 12.781, 12.848, 12.800, 12.804, 12.957, 12.929, 12.831, 12.846, 13.017, 13.036, 12.926, 12.872, 13.001, 13.027, 12.929, 12.865, 12.916, 12.978, 12.899, 12.740, 12.669, 12.771, 12.884, 12.871, 12.759, 12.755, 12.855, 12.987, 13.059, 13.048, 12.995, 12.965, 13.030, 13.116, 13.167, 13.160, 13.102, 13.036, 12.942, 12.834, 12.747, 12.693, 12.570, 12.308, 11.719, 10.895, 10.216, 9.882, 9.743, 9.620, 9.566, 9.608, 9.816, 10.162, 10.545, 10.897, 11.159, 11.332, 11.439, 11.511, 11.615, 11.777, 11.988, 12.235, 12.470, 12.637, 12.750, 12.760, 12.705, 12.624, 12.565, 12.567, 12.612, 12.713, 12.823, 12.908, 12.948, 12.940, 12.837, 12.721, 12.528, 12.347, 12.230, 12.177, 12.197, 12.275, 12.228, 12.278, 12.265, 12.173, 11.948, 11.503, 10.669, 9.320, 7.766, 6.692, 6.244, 6.143, 6.187, 6.321, 6.522, 6.755, 6.966, 7.189, 7.391, 7.594, 7.801, 8.020, 8.235, 8.517, 8.808, 9.115, 9.440, 9.743, 10.032, 10.281, 10.480, 10.639, 10.777, 10.847, 10.887, 10.928, 10.921, 10.952, 10.972, 10.962, 10.908, 10.907, 10.994, 11.114, 11.146, 11.167, 11.230, 11.222, 11.192, 11.053, 10.863, 10.640, 10.406, 10.163, 9.956, 9.777, 9.580, 9.483, 9.310, 9.200, 9.098, 9.011, 8.918, 8.857, 8.884, 8.823, 8.777, 8.759, 8.809, 8.603, 16.5,850314.0,997020.0,879005.97,45264.71,4083.01,15159.66,602.52,23250.40,296.65,197.28,38.10,94.19,25.28,3690.73,44.16,2314.14,29.37,2192.97,77.34,100.81,9.02,0.00,84.91,559.11,18.30,27454.79,191.29,0.00,144.85,0.00,19.37,32.30,3.12,94.57,3.37,17.01,1.42,0.00,6.65,93.37,1.53,201.87,2.28,17.16,1.08,125.70,1.92,10.30,1.27,0.00,62.34,79.21,11.32,0.00,352.33,0.00,602.50,0.00,641.48,15.44,3.74,0.00,29.13,13.24,1.59,0.00,160.48,15.07,3.79,0.00,83.01,206571.74,75061.37,6770.76,28643.61,1138.44,49740.39,634.63,452.04,87.30,235.18,63.12,4445.87,53.20,3237.96,41.09,3658.96,129.04,179.96,16.10,0.00,124.10,803.35,26.29,39253.32,273.50,0.00,184.17,0.00,24.65,40.43,3.91,117.71,4.19,22.46,1.87,0.00,9.34,102.11,1.67,238.73,2.70,21.79,1.37,169.79,2.59,12.07,1.49,0.00,83.13,85.08,12.16,0.00,402.48,0.00,764.89,0.00,767.92,18.13,4.39,0.00,31.45,14.26,1.71,0.00,178.91,17.15,4.31,0.00,94.17
13.5,13.5,1,13.500,16/03/2026 18:38:35,22.085, , , , , , , , , , , , , , , , , , , , , , , , , , , , , , , , , , , , , , , , , , , , , , , , , , , , , , , , , , , , , , , , , , , , , , , , , , , , , , , , , , , , , , , , , , , , , , , , , , , , , , , , , , , , , , , , , , , , , , , , , , , , , , , , , , , , , , , , , , , , , , , , , , , , , , , , , , , , , , , , , , , , , , , , , , , , , , , , , , , , , , , , , , , , , , , , , , , , , , , , , , , , , , , , , , , , , , , , , , , , , , , , , , , , , , , , , , , , , , , , , , , , , , , , , , , , , , , , , , , , , , , , , , , , , , , , , , , , , , , , , , , , , , , , , , , , , , , , , , , , , , , , , , , , , , , , , , , , , , , , , , , , , , , , , , , , , , , , , , , , , , , , , , , , , , , , , , , , , , , , , , , , 
14.0,14.0,1,14.000,16/03/2026 18:38:35,22.553,,11.13, 11.99, 11.55,41.21, -1.94, 3.97,10.410, 10.311, 9.722, 9.392, 9.230, 9.269, 9.289, 9.501, 9.878, 10.356, 10.622, 10.789, 10.903, 11.065, 11.310, 11.534, 11.744, 11.957, 12.091, 12.185, 12.240, 12.266, 12.241, 12.180, 12.081, 11.976, 11.927, 11.826, 11.727, 11.694, 11.609, 11.528, 11.504, 11.418, 11.437, 11.376, 11.406, 11.403, 11.438, 11.485, 11.565, 11.626, 11.739, 11.787, 11.920, 11.973, 12.020, 12.086, 12.073, 12.100, 12.085, 12.066, 12.097, 12.057, 12.027, 12.091, 12.092, 12.046, 12.100, 12.174, 12.143, 12.115, 12.185, 12.264, 12.249, 12.251, 12.327, 12.323, 12.371, 12.383, 12.441, 12.356, 12.326, 12.337, 12.415, 12.419, 12.371, 12.305, 12.300, 12.307, 12.250, 12.208, 12.202, 12.239, 12.281, 12.315, 12.325, 12.338, 12.403, 12.501, 12.568, 12.569, 12.519, 12.495, 12.516, 12.601, 12.653, 12.628, 12.488, 12.291, 12.148, 12.084, 12.028, 11.810, 11.168, 10.157, 9.292, 8.811, 8.613, 8.551, 8.592, 8.738, 8.998, 9.316, 9.644, 9.944, 10.204, 10.425, 10.652, 10.858, 11.058, 11.253, 11.416, 11.583, 11.712, 11.827, 11.929, 12.014, 12.071, 12.098, 12.106, 12.103, 12.080, 12.077, 12.071, 12.065, 12.059, 12.064, 12.077, 12.036, 11.965, 11.843, 11.719, 11.590, 11.505, 11.442, 11.362, 11.338, 11.299, 11.245, 11.082, 10.692, 9.872, 8.426, 6.736, 5.577, 5.062, 4.860, 4.787, 4.809, 4.923, 5.106, 5.346, 5.619, 5.943, 6.288, 6.637, 7.000, 7.335, 7.642, 7.938, 8.228, 8.463, 8.688, 8.876, 9.059, 9.225, 9.362, 9.516, 9.658, 9.785, 9.929, 10.048, 10.164, 10.271, 10.333, 10.295, 10.285, 10.320, 10.353, 10.274, 10.183, 10.092, 9.928, 9.775, 9.623, 9.408, 9.185, 8.976, 8.760, 8.624, 8.516, 8.447, 8.338, 8.210, 8.169, 8.049, 7.883, 7.701, 7.637, 7.478, 7.251, 7.039, 6.988, 6.827, 6.646, 16.5,882276.0,1057219.0,884998.63,39696.65,3804.29,14179.25,569.08,22298.51,278.54,368.11,37.93,212.70,24.37,4069.59,44.12,2049.90,27.02,1720.98,68.90,79.86,8.08,0.00,78.90,698.69,19.22,29094.62,192.76,0.00,146.21,0.00,18.59,18.08,2.73,80.28,3.00,32.81,1.79,0.00,5.95,91.52,1.46,148.03,1.84,17.18,1.05,113.67,1.76,0.00,33.75,0.00,59.86,0.00,495.80,0.00,339.65,0.00,576.45,0.00,602.11,0.00,56.16,0.00,32.60,30.93,1.84,0.00,148.33,0.00,165.52,0.00,75.55,195733.65,65827.99,6308.56,26791.16,1075.26,47703.98,595.89,843.47,86.91,531.09,60.85,4902.25,53.15,2868.23,37.81,2871.44,114.96,142.56,14.42,0.00,115.32,1003.91,27.62,41597.85,275.60,0.00,185.90,0.00,23.66,22.63,3.42,99.93,3.73,43.32,2.36,0.00,8.36,100.09,1.60,175.06,2.18,21.82,1.33,153.54,2.38,0.00,39.56,0.00,79.82,0.00,532.55,0.00,387.99,0.00,731.81,0.00,720.79,0.00,65.94,0.00,35.20,33.32,1.98,0.00,165.36,0.00,188.35,0.00,85.71
14.5,14.5,1,14.500,16/03/2026 18:38:35,22.152, , , , , , , , , , , , , , , , , , , , , , , , , , , , , , , , , , , , , , , , , , , , , , , , , , , , , , , , , , , , , , , , , , , , , , , , , , , , , , , , , , , , , , , , , , , , , , , , , , , , , , , , , , , , , , , , , , , , , , , , , , , , , , , , , , , , , , , , , , , , , , , , , , , , , , , , , , , , , , , , , , , , , , , , , , , , , , , , , , , , , , , , , , , , , , , , , , , , , , , , , , , , , , , , , , , , , , , , , , , , , , , , , , , , , , , , , , , , , , , , , , , , , , , , , , , , , , , , , , , , , , , , , , , , , , , , , , , , , , , , , , , , , , , , , , , , , , , , , , , , , , , , , , , , , , , , , , , , , , , , , , , , , , , , , , , , , , , , , , , , , , , , , , , , , , , , , , , , , , , , , , , , 
15.0,15.0,1,15.000,16/03/2026 18:38:35,22.155,,12.07, 12.99, 12.68,42.76, -1.97, 3.63,12.663, 10.966, 11.179, 10.627, 10.483, 10.346, 10.409, 10.581, 10.968, 11.402, 11.630, 11.839, 11.955, 12.105, 12.332, 12.534, 12.789, 12.996, 13.119, 13.214, 13.265, 13.279, 13.238, 13.157, 13.048, 12.933, 12.861, 12.759, 12.682, 12.583, 12.520, 12.461, 12.339, 12.342, 12.272, 12.254, 12.253, 12.247, 12.285, 12.336, 12.375, 12.474, 12.527, 12.624, 12.716, 12.748, 12.840, 12.807, 12.879, 12.862, 12.774, 12.872, 12.782, 12.726, 12.807, 12.739, 12.743, 12.807, 12.754, 12.779, 12.871, 12.808, 12.758, 12.892, 12.972, 12.877, 12.885, 12.997, 13.077, 13.029, 12.977, 12.968, 12.990, 12.960, 12.940, 12.943, 12.939, 12.921, 12.877, 12.798, 12.732, 12.750, 12.809, 12.841, 12.795, 12.767, 12.821, 12.911, 13.017, 13.046, 12.999, 12.951, 12.985, 13.045, 13.114, 13.144, 13.082, 12.988, 12.882, 12.780, 12.710, 12.658, 12.519, 12.194, 11.522, 10.569, 9.799, 9.413, 9.243, 9.134, 9.081, 9.122, 9.343, 9.715, 10.137, 10.533, 10.814, 11.003, 11.138, 11.236, 11.369, 11.546, 11.760, 12.004, 12.218, 12.376, 12.462, 12.483, 12.457, 12.399, 12.369, 12.357, 12.381, 12.451, 12.514, 12.552, 12.575, 12.559, 12.509, 12.405, 12.261, 12.132, 12.000, 11.919, 11.865, 11.854, 11.798, 11.803, 11.778, 11.701, 11.517, 11.089, 10.251, 8.816, 7.118, 5.966, 5.457, 5.270, 5.218, 5.275, 5.416, 5.612, 5.852, 6.138, 6.450, 6.767, 7.109, 7.437, 7.740, 8.037, 8.307, 8.584, 8.826, 9.063, 9.260, 9.455, 9.616, 9.779, 9.940, 10.080, 10.232, 10.363, 10.487, 10.588, 10.698, 10.747, 10.708, 10.654, 10.671, 10.670, 10.567, 10.471, 10.380, 10.265, 10.119, 9.939, 9.756, 9.592, 9.390, 9.268, 9.138, 9.053, 8.989, 8.911, 8.816, 8.707, 8.583, 8.454, 8.321, 8.133, 7.998, 7.722, 7.446, 7.287, 7.035, 7.067, 16.4,937992.0,1139612.0,862401.28,59158.06,3850.56,14689.31,557.08,23131.26,278.56,457.57,37.69,273.03,23.74,3823.50,41.73,2108.05,26.37,1970.08,70.52,36.13,7.63,86.32,20.95,838.83,20.58,30319.54,197.55,0.00,148.09,0.00,15.80,18.95,2.66,84.69,2.99,33.07,1.72,0.00,6.06,96.85,1.47,178.15,2.01,21.20,1.07,107.84,1.73,3.68,1.16,0.00,55.76,92.44,10.67,0.00,331.78,0.00,568.55,0.00,593.46,0.00,50.10,0.00,30.63,28.79,1.78,0.00,154.95,41.40,3.75,0.00,70.27,233502.26,98100.38,6385.29,27754.90,1052.58,49485.51,595.93,1048.46,86.36,681.73,59.28,4605.81,50.27,2949.60,36.90,3287.07,117.66,64.50,13.62,126.16,30.62,1205.26,29.57,43349.17,282.45,0.00,188.29,0.00,20.11,23.72,3.33,105.41,3.72,43.66,2.27,0.00,8.52,105.92,1.61,210.68,2.38,26.92,1.36,145.67,2.34,4.31,1.36,0.00,74.35,99.29,11.46,0.00,379.00,0.00,721.78,0.00,710.43,0.00,58.82,0.00,33.07,31.01,1.92,0.00,172.74,47.11,4.27,0.00,79.72
15.5,15.5,1,15.500,16/03/2026 18:38:35,20.831, , , , , , , , , , , , , , , , , , , , , , , , , , , , , , , , , , , , , , , , , , , , , , , , , , , , , , , , , , , , , , , , , , , , , , , , , , , , , , , , , , , , , , , , , , , , , , , , , , , , , , , , , , , , , , , , , , , , , , , , , , , , , , , , , , , , , , , , , , , , , , , , , , , , , , , , , , , , , , , , , , , , , , , , , , , , , , , , , , , , , , , , , , , , , , , , , , , , , , , , , , , , , , , , , , , , , , , , , , , , , , , , , , , , , , , , , , , , , , , , , , , , , , , , , , , , , , , , , , , , , , , , , , , , , , , , , , , , , , , , , , , , , , , , , , , , , , , , , , , , , , , , , , , , , , , , , , , , , , , , , , , , , , , , , , , , , , , , , , , , , , , , , , , , , , , , , , , , , , , , , , , , 
16.0,16.0,1,16.000,16/03/2026 18:38:35,23.210,,11.36, 12.20, 12.01,41.54, -1.73, 3.28,13.614, 11.109, 10.438, 10.043, 10.124, 10.050, 9.942, 10.078, 10.423, 10.844, 11.048, 11.178, 11.282, 11.435, 11.622, 11.814, 12.002, 12.198, 12.302, 12.388, 12.443, 12.452, 12.406, 12.345, 12.271, 12.174, 12.097, 11.997, 11.951, 11.876, 11.826, 11.771, 11.699, 11.683, 11.640, 11.641, 11.623, 11.659, 11.655, 11.747, 11.762, 11.881, 11.913, 12.023, 12.097, 12.156, 12.222, 12.237, 12.274, 12.269, 12.240, 12.267, 12.258, 12.218, 12.229, 12.255, 12.251, 12.254, 12.282, 12.333, 12.337, 12.309, 12.346, 12.432, 12.452, 12.445, 12.534, 12.565, 12.597, 12.614, 12.628, 12.591, 12.560, 12.572, 12.616, 12.610, 12.589, 12.537, 12.510, 12.473, 12.441, 12.450, 12.453, 12.472, 12.503, 12.533, 12.588, 12.634, 12.693, 12.761, 12.807, 12.817, 12.824, 12.815, 12.846, 12.898, 12.910, 12.869, 12.751, 12.593, 12.462, 12.376, 12.273, 12.008, 11.319, 10.306, 9.445, 8.989, 8.784, 8.680, 8.682, 8.799, 9.074, 9.456, 9.846, 10.200, 10.473, 10.698, 10.893, 11.074, 11.275, 11.482, 11.721, 11.933, 12.118, 12.250, 12.348, 12.399, 12.415, 12.402, 12.404, 12.413, 12.444, 12.486, 12.532, 12.563, 12.552, 12.534, 12.496, 12.395, 12.264, 12.117, 11.998, 11.922, 11.874, 11.878, 11.832, 11.835, 11.815, 11.719, 11.489, 11.004, 10.067, 8.495, 6.748, 5.608, 5.157, 5.005, 5.009, 5.110, 5.263, 5.464, 5.690, 5.946, 6.220, 6.496, 6.790, 7.083, 7.369, 7.669, 7.969, 8.291, 8.599, 8.892, 9.189, 9.435, 9.673, 9.876, 10.039, 10.182, 10.291, 10.387, 10.445, 10.503, 10.539, 10.530, 10.448, 10.402, 10.436, 10.478, 10.447, 10.455, 10.399, 10.353, 10.247, 10.119, 9.910, 9.719, 9.499, 9.293, 9.116, 8.935, 8.788, 8.606, 8.408, 8.308, 8.064, 7.918, 7.741, 7.545, 7.402, 7.216, 7.026, 6.961, 6.837, 6.907, 16.4,917361.0,1183338.0,863055.57,50942.34,3759.42,18762.46,602.15,26336.29,299.52,575.31,39.51,203.86,23.50,4277.44,44.54,2270.30,28.05,2333.53,74.76,27.61,7.52,0.00,76.33,647.68,18.39,29912.31,193.53,0.00,144.91,0.00,18.96,62.48,3.51,85.38,3.08,27.63,1.37,3.35,0.58,108.17,1.57,205.27,2.19,23.85,1.10,125.04,1.82,14.12,1.24,0.00,59.10,0.00,476.41,0.00,332.64,0.00,551.03,0.00,595.67,0.00,64.38,0.00,34.23,0.00,41.97,0.00,150.43,0.00,165.72,0.00,78.69,234868.85,84476.45,6234.16,35450.97,1137.74,56342.14,640.77,1318.25,90.53,509.02,58.68,5152.62,53.65,3176.62,39.25,3893.48,124.74,49.29,13.42,0.00,111.56,930.61,26.42,42766.94,276.70,0.00,184.25,0.00,24.13,78.21,4.39,106.27,3.83,36.48,1.81,4.71,0.82,118.29,1.72,242.75,2.59,30.29,1.40,168.90,2.46,16.55,1.45,0.00,78.81,0.00,511.72,0.00,379.98,0.00,699.54,0.00,713.08,0.00,75.59,0.00,36.96,0.00,45.21,0.00,167.71,0.00,188.57,0.00,89.27
16.5,16.5,1,16.500,16/03/2026 18:38:35,25.260, , , , , , , , , , , , , , , , , , , , , , , , , , , , , , , , , , , , , , , , , , , , , , , , , , , , , , , , , , , , , , , , , , , , , , , , , , , , , , , , , , , , , , , , , , , , , , , , , , , , , , , , , , , , , , , , , , , , , , , , , , , , , , , , , , , , , , , , , , , , , , , , , , , , , , , , , , , , , , , , , , , , , , , , , , , , , , , , , , , , , , , , , , , , , , , , , , , , , , , , , , , , , , , , , , , , , , , , , , , , , , , , , , , , , , , , , , , , , , , , , , , , , , , , , , , , , , , , , , , , , , , , , , , , , , , , , , , , , , , , , , , , , , , , , , , , , , , , , , , , , , , , , , , , , , , , , , , , , , , , , , , , , , , , , , , , , , , , , , , , , , , , , , , , , , , , , , , , , , , , , , , , 
17.0,17.0,1,17.000,16/03/2026 18:38:35,21.891,,12.80, 13.74, 13.69,43.85, -1.66, 3.00,15.603, 13.106, 12.755, 12.048, 11.965, 11.752, 11.545, 11.643, 11.998, 12.390, 12.546, 12.736, 12.798, 12.941, 13.126, 13.306, 13.543, 13.725, 13.864, 13.952, 13.998, 14.008, 13.953, 13.832, 13.721, 13.697, 13.695, 13.475, 13.386, 13.451, 13.289, 13.219, 13.233, 13.109, 13.122, 13.123, 13.051, 13.161, 13.058, 13.243, 13.171, 13.355, 13.379, 13.441, 13.610, 13.573, 13.677, 13.749, 13.632, 13.798, 13.716, 13.593, 13.838, 13.656, 13.528, 13.853, 13.725, 13.532, 13.833, 13.865, 13.641, 13.758, 13.936, 13.820, 13.814, 13.968, 14.080, 13.902, 13.973, 14.164, 14.097, 13.920, 13.953, 14.067, 14.029, 13.911, 13.958, 14.077, 14.021, 13.818, 13.700, 13.875, 14.065, 14.023, 13.802, 13.724, 13.909, 14.217, 14.331, 14.213, 14.019, 13.972, 14.150, 14.377, 14.480, 14.368, 14.159, 14.030, 14.015, 14.078, 14.084, 13.990, 13.745, 13.340, 12.653, 11.757, 11.053, 10.689, 10.483, 10.291, 10.178, 10.214, 10.500, 10.957, 11.434, 11.851, 12.115, 12.267, 12.393, 12.517, 12.687, 12.909, 13.155, 13.383, 13.575, 13.702, 13.768, 13.804, 13.810, 13.816, 13.816, 13.849, 13.880, 13.901, 13.909, 13.910, 13.873, 13.854, 13.846, 13.791, 13.715, 13.624, 13.522, 13.448, 13.395, 13.367, 13.263, 13.212, 13.176, 13.071, 12.887, 12.451, 11.584, 10.037, 8.136, 6.801, 6.244, 6.054, 6.028, 6.115, 6.302, 6.536, 6.804, 7.107, 7.423, 7.767, 8.095, 8.447, 8.788, 9.124, 9.477, 9.840, 10.153, 10.455, 10.739, 10.998, 11.212, 11.397, 11.562, 11.691, 11.760, 11.857, 11.908, 11.975, 12.010, 12.004, 11.960, 11.914, 11.969, 12.058, 12.040, 12.029, 12.037, 11.954, 11.880, 11.756, 11.570, 11.383, 11.164, 10.933, 10.660, 10.464, 10.301, 10.079, 9.837, 9.617, 9.420, 9.212, 9.073, 8.882, 8.743, 8.551, 8.569, 8.443, 8.397, 8.403, 16.3,941098.0,1223217.0,872253.11,49116.13,3719.30,17040.37,582.42,21419.78,265.93,442.03,37.31,305.19,23.83,4125.31,43.15,2025.71,26.00,2756.36,78.29,0.00,25.54,148.22,20.22,579.38,17.46,29026.24,187.49,0.00,144.17,0.00,16.56,37.11,3.01,98.58,3.21,39.47,1.64,2.19,0.53,106.61,1.55,200.00,2.14,17.50,1.04,126.88,1.80,0.00,32.25,0.00,57.11,0.00,483.54,0.00,338.74,39.78,10.38,42.70,11.18,0.00,56.95,0.00,26.70,13.04,1.52,38.30,4.23,0.00,154.32,0.00,73.77,217125.54,81448.09,6167.63,32197.14,1100.46,45824.08,568.91,1012.85,85.49,762.03,59.50,4969.37,51.98,2834.39,36.38,4598.97,130.63,0.00,45.59,216.63,29.55,832.48,25.09,41500.09,268.06,0.00,183.31,0.00,21.07,46.45,3.77,122.70,4.00,52.11,2.17,3.08,0.74,116.59,1.70,236.52,2.53,22.22,1.32,171.39,2.43,0.00,37.80,0.00,76.15,0.00,519.38,0.00,386.95,50.50,13.18,51.12,13.38,0.00,66.86,0.00,28.83,14.05,1.64,42.70,4.72,0.00,175.60,0.00,83.69
17.5,17.5,1,17.500,16/03/2026 18:38:35,23.935,1157884.988, , , , , , , , , , , , , , , , , , , , , , , , , , , , , , , , , , , , , , , , , , , , , , , , , , , , , , , , , , , , , , , , , , , , , , , , , , , , , , , , , , , , , , , , , , , , , , , , , , , , , , , , , , , , , , , , , , , , , , , , , , , , , , , , , , , , , , , , , , , , , , , , , , , , , , , , , , , , , , , , , , , , , , , , , , , , , , , , , , , , , , , , , , , , , , , , , , , , , , , , , , , , , , , , , , , , , , , , , , , , , , , , , , , , , , , , , , , , , , , , , , , , , , , , , , , , , , , , , , , , , , , , , , , , , , , , , , , , , , , , , , , , , , , , , , , , , , , , , , , , , , , , , , , , , , , , , , , , , , , , , , , , , , , , , , , , , , , , , , , , , , , , , , , , , , , , , , , , , , , , , , , 
18.0,18.0,1,18.000,16/03/2026 18:38:35,24.007,,11.64, 12.47, 12.38,41.96, -1.52, 3.03,11.045, 12.124, 11.918, 10.542, 10.464, 10.349, 10.401, 10.547, 10.821, 11.187, 11.362, 11.528, 11.601, 11.707, 11.905, 12.087, 12.269, 12.440, 12.557, 12.626, 12.687, 12.707, 12.672, 12.607, 12.528, 12.441, 12.399, 12.328, 12.265, 12.188, 12.182, 12.112, 12.043, 12.063, 11.985, 12.030, 11.989, 12.040, 12.045, 12.126, 12.175, 12.246, 12.348, 12.374, 12.531, 12.534, 12.600, 12.672, 12.625, 12.705, 12.659, 12.645, 12.704, 12.642, 12.632, 12.705, 12.718, 12.672, 12.719, 12.815, 12.802, 12.769, 12.833, 12.939, 12.934, 12.896, 12.989, 13.075, 13.051, 13.063, 13.092, 13.080, 13.055, 13.040, 13.065, 13.104, 13.109, 13.059, 13.011, 12.976, 12.978, 13.022, 13.022, 13.020, 12.990, 13.026, 13.129, 13.245, 13.287, 13.290, 13.282, 13.293, 13.380, 13.450, 13.487, 13.478, 13.427, 13.390, 13.343, 13.283, 13.224, 13.136, 12.981, 12.700, 12.092, 11.170, 10.363, 9.949, 9.756, 9.619, 9.569, 9.659, 9.941, 10.368, 10.803, 11.189, 11.459, 11.642, 11.783, 11.931, 12.110, 12.338, 12.582, 12.808, 12.980, 13.091, 13.159, 13.177, 13.180, 13.191, 13.218, 13.267, 13.299, 13.327, 13.323, 13.309, 13.262, 13.253, 13.242, 13.203, 13.138, 13.052, 12.971, 12.885, 12.832, 12.791, 12.713, 12.678, 12.638, 12.582, 12.418, 12.039, 11.226, 9.638, 7.598, 6.107, 5.471, 5.229, 5.189, 5.291, 5.479, 5.755, 6.070, 6.412, 6.809, 7.208, 7.618, 8.017, 8.400, 8.758, 9.096, 9.401, 9.674, 9.941, 10.177, 10.398, 10.602, 10.794, 10.974, 11.179, 11.335, 11.504, 11.642, 11.788, 11.861, 11.890, 11.807, 11.687, 11.715, 11.707, 11.578, 11.503, 11.413, 11.321, 11.142, 11.002, 10.799, 10.672, 10.508, 10.329, 10.183, 10.097, 9.939, 9.832, 9.707, 9.494, 9.263, 9.103, 8.868, 8.563, 8.400, 8.242, 8.007, 7.796, 7.743, 7.728, 16.3,944189.0,1160046.0,888536.76,53043.50,3929.74,16717.84,576.62,14783.16,223.41,422.04,37.73,612.42,26.67,1354.06,29.14,1065.31,20.24,1109.20,60.43,0.00,21.22,0.00,60.49,412.93,14.96,21342.29,143.96,0.00,124.08,0.00,15.04,33.04,2.78,86.92,2.90,26.01,1.30,3.33,0.54,92.70,1.39,205.42,2.12,18.03,0.98,129.87,1.78,0.00,33.54,0.00,57.52,0.00,473.70,0.00,337.77,0.00,555.14,0.00,592.57,0.00,54.96,0.00,30.74,5.18,1.28,0.00,148.50,0.00,165.60,0.00,78.80,190487.31,87960.75,6516.59,31587.73,1089.50,31626.13,477.95,967.05,86.45,1529.15,66.59,1631.11,35.10,1490.59,28.32,1850.69,100.83,0.00,37.88,0.00,88.41,593.31,21.50,30514.01,205.83,0.00,157.77,0.00,19.14,41.36,3.48,108.19,3.61,34.34,1.72,4.68,0.76,101.38,1.52,242.93,2.51,22.90,1.24,175.42,2.40,0.00,39.32,0.00,76.70,0.00,508.81,0.00,385.84,0.00,704.76,0.00,709.37,0.00,64.53,0.00,33.19,5.58,1.38,0.00,165.55,0.00,188.44,0.00,89.39
18.5,18.5,1,18.500,16/03/2026 18:38:35,22.550, , , , , , , , , , , , , , , , , , , , , , , , , , , , , , , , , , , , , , , , , , , , , , , , , , , , , , , , , , , , , , , , , , , , , , , , , , , , , , , , , , , , , , , , , , , , , , , , , , , , , , , , , , , , , , , , , , , , , , , , , , , , , , , , , , , , , , , , , , , , , , , , , , , , , , , , , , , , , , , , , , , , , , , , , , , , , , , , , , , , , , , , , , , , , , , , , , , , , , , , , , , , , , , , , , , , , , , , , , , , , , , , , , , , , , , , , , , , , , , , , , , , , , , , , , , , , , , , , , , , , , , , , , , , , , , , , , , , , , , , , , , , , , , , , , , , , , , , , , , , , , , , , , , , , , , , , , , , , , , , , , , , , , , , , , , , , , , , , , , , , , , , , , , , , , , , , , , , , , , , , , , , 
19.0,19.0,1,19.000,16/03/2026 18:38:35,19.771,,11.82, 12.60, 12.77,42.16, -1.12, 2.37,12.473, 12.932, 12.626, 11.941, 11.671, 11.134, 11.053, 11.107, 11.279, 11.619, 11.711, 11.839, 11.876, 11.996, 12.131, 12.278, 12.413, 12.574, 12.655, 12.732, 12.769, 12.782, 12.758, 12.733, 12.690, 12.619, 12.544, 12.473, 12.489, 12.409, 12.336, 12.379, 12.272, 12.288, 12.285, 12.245, 12.299, 12.274, 12.345, 12.373, 12.446, 12.504, 12.577, 12.662, 12.733, 12.810, 12.840, 12.879, 12.915, 12.904, 12.895, 12.947, 12.917, 12.903, 12.933, 12.946, 12.961, 12.999, 13.010, 13.062, 13.131, 13.127, 13.127, 13.207, 13.295, 13.245, 13.205, 13.250, 13.351, 13.379, 13.283, 13.287, 13.356, 13.383, 13.314, 13.291, 13.365, 13.404, 13.342, 13.242, 13.244, 13.333, 13.425, 13.411, 13.343, 13.344, 13.440, 13.570, 13.639, 13.637, 13.616, 13.635, 13.687, 13.757, 13.785, 13.801, 13.804, 13.791, 13.737, 13.664, 13.595, 13.548, 13.478, 13.353, 12.955, 12.255, 11.600, 11.211, 11.036, 10.940, 10.954, 11.078, 11.335, 11.671, 11.985, 12.246, 12.416, 12.555, 12.690, 12.842, 13.004, 13.167, 13.320, 13.452, 13.553, 13.641, 13.724, 13.810, 13.871, 13.914, 13.925, 13.914, 13.889, 13.857, 13.824, 13.822, 13.842, 13.908, 13.983, 14.035, 14.029, 13.948, 13.845, 13.715, 13.573, 13.470, 13.343, 13.335, 13.360, 13.392, 13.361, 13.157, 12.582, 11.356, 9.641, 8.292, 7.608, 7.272, 7.121, 7.147, 7.312, 7.593, 7.962, 8.372, 8.813, 9.253, 9.660, 10.012, 10.315, 10.590, 10.824, 11.011, 11.175, 11.347, 11.491, 11.638, 11.803, 11.995, 12.202, 12.439, 12.644, 12.819, 12.987, 13.136, 13.232, 13.234, 13.110, 12.974, 12.992, 12.974, 12.872, 12.748, 12.642, 12.576, 12.449, 12.366, 12.263, 12.151, 12.045, 12.007, 11.932, 11.905, 11.888, 11.856, 11.758, 11.620, 11.439, 11.285, 11.045, 10.722, 10.506, 10.279, 10.097, 9.886, 9.706, 9.746, 16.3,951975.0,1188430.0,896543.66,59055.26,3896.75,15486.87,544.66,5855.94,143.86,681.08,39.40,619.65,25.78,264.55,22.74,550.48,15.79,1298.47,60.60,43.65,7.02,132.68,18.83,384.53,14.17,18455.63,124.21,0.00,105.77,0.00,15.23,11.91,2.24,84.97,2.77,13.73,1.27,0.00,5.76,99.49,1.37,182.63,1.90,18.34,0.94,115.70,1.61,4.66,1.05,0.00,54.78,0.00,452.68,0.00,316.91,0.00,525.04,45.86,9.94,0.00,58.91,0.00,29.49,20.19,1.45,30.11,3.85,0.00,152.16,0.00,63.61,174052.81,97929.91,6461.89,29261.86,1029.11,12527.82,307.76,1560.60,90.28,1547.21,64.37,318.68,27.39,770.23,22.09,2166.49,101.11,77.92,12.53,193.92,27.52,552.51,20.36,26386.82,177.59,0.00,134.48,0.00,19.38,14.91,2.80,105.76,3.45,18.13,1.68,0.00,8.09,108.80,1.50,215.98,2.25,23.29,1.19,156.28,2.17,5.46,1.23,0.00,73.05,0.00,486.23,0.00,362.02,0.00,666.55,54.90,11.90,0.00,69.16,0.00,31.84,21.75,1.56,33.57,4.29,0.00,173.14,0.00,72.16
19.5,19.5,1,19.500,16/03/2026 18:38:35,18.779, , , , , , , , , , , , , , , , , , , , , , , , , , , , , , , , , , , , , , , , , , , , , , , , , , , , , , , , , , , , , , , , , , , , , , , , , , , , , , , , , , , , , , , , , , , , , , , , , , , , , , , , , , , , , , , , , , , , , , , , , , , , , , , , , , , , , , , , , , , , , , , , , , , , , , , , , , , , , , , , , , , , , , , , , , , , , , , , , , , , , , , , , , , , , , , , , , , , , , , , , , , , , , , , , , , , , , , , , , , , , , , , , , , , , , , , , , , , , , , , , , , , , , , , , , , , , , , , , , , , , , , , , , , , , , , , , , , , , , , , , , , , , , , , , , , , , , , , , , , , , , , , , , , , , , , , , , , , , , , , , , , , , , , , , , , , , , , , , , , , , , , , , , , , , , , , , , , , , , , , , , , , 
20.0,20.0,1,20.000,16/03/2026 18:38:52,18.715,,9.46, 10.07, 10.14,37.96, -0.89, 2.38,10.224, 10.044, 10.448, 9.296, 9.242, 8.956, 8.753, 8.786, 8.977, 9.182, 9.342, 9.418, 9.406, 9.511, 9.631, 9.764, 9.901, 10.012, 10.087, 10.144, 10.183, 10.200, 10.199, 10.191, 10.152, 10.098, 10.084, 10.047, 10.045, 10.025, 10.003, 10.009, 9.997, 9.982, 10.034, 10.009, 10.074, 10.075, 10.131, 10.185, 10.261, 10.332, 10.431, 10.470, 10.604, 10.615, 10.702, 10.721, 10.762, 10.796, 10.763, 10.834, 10.831, 10.811, 10.864, 10.882, 10.909, 10.948, 10.988, 11.039, 11.100, 11.093, 11.124, 11.193, 11.256, 11.238, 11.288, 11.337, 11.395, 11.434, 11.411, 11.359, 11.387, 11.423, 11.429, 11.435, 11.465, 11.497, 11.476, 11.436, 11.442, 11.476, 11.537, 11.535, 11.535, 11.566, 11.634, 11.736, 11.805, 11.836, 11.873, 11.911, 11.951, 11.992, 12.012, 12.049, 12.087, 12.102, 12.073, 12.002, 11.918, 11.856, 11.799, 11.653, 11.212, 10.438, 9.711, 9.316, 9.174, 9.100, 9.131, 9.247, 9.509, 9.854, 10.191, 10.465, 10.670, 10.839, 11.004, 11.164, 11.332, 11.517, 11.690, 11.846, 11.976, 12.063, 12.168, 12.234, 12.288, 12.311, 12.334, 12.340, 12.335, 12.327, 12.308, 12.323, 12.350, 12.395, 12.451, 12.449, 12.400, 12.304, 12.215, 12.109, 12.015, 11.951, 11.923, 11.936, 11.950, 11.966, 11.884, 11.597, 10.901, 9.525, 7.697, 6.308, 5.663, 5.432, 5.381, 5.470, 5.653, 5.943, 6.262, 6.615, 7.008, 7.393, 7.761, 8.125, 8.448, 8.760, 9.029, 9.305, 9.527, 9.757, 9.978, 10.192, 10.416, 10.618, 10.806, 11.016, 11.170, 11.317, 11.438, 11.546, 11.602, 11.577, 11.454, 11.324, 11.348, 11.378, 11.296, 11.227, 11.161, 11.136, 11.047, 10.896, 10.756, 10.602, 10.419, 10.267, 10.117, 10.031, 9.965, 9.837, 9.740, 9.563, 9.399, 9.162, 9.020, 8.849, 8.578, 8.405, 8.310, 8.082, 8.131, 7.916, 16.2,986541.0,1127548.0,888872.99,74326.54,4124.24,15028.99,547.93,3987.77,126.77,659.96,40.00,609.31,26.35,0.00,1024.45,563.61,15.95,1124.58,59.98,73.61,7.60,109.54,18.74,370.04,14.03,13631.47,98.17,0.00,91.11,0.00,14.78,0.00,13.08,68.71,2.53,12.03,1.06,0.00,5.48,45.15,0.95,242.23,2.27,15.93,0.84,96.91,1.51,0.00,32.42,0.00,56.12,0.00,461.99,0.00,319.88,36.81,9.33,41.81,10.24,20.74,3.19,0.00,27.60,5.54,1.18,46.55,3.76,0.00,151.96,9.23,1.42,186970.90,123253.90,6839.13,28396.72,1035.29,8531.18,271.20,1512.21,91.65,1521.39,65.79,0.00,1234.06,788.61,22.32,1876.35,100.08,131.41,13.57,160.10,27.39,531.69,20.16,19489.51,140.36,0.00,115.84,0.00,18.81,0.00,16.37,85.52,3.15,15.88,1.40,0.00,7.70,49.38,1.04,286.46,2.68,20.23,1.07,130.90,2.04,0.00,38.00,0.00,74.83,0.00,496.23,0.00,365.41,46.73,11.84,50.05,12.26,24.35,3.75,0.00,29.80,5.97,1.27,51.90,4.19,0.00,172.92,10.47,1.61
20.5,20.5,1,20.500,16/03/2026 18:39:18,19.176, , , , , , , , , , , , , , , , , , , , , , , , , , , , , , , , , , , , , , , , , , , , , , , , , , , , , , , , , , , , , , , , , , , , , , , , , , , , , , , , , , , , , , , , , , , , , , , , , , , , , , , , , , , , , , , , , , , , , , , , , , , , , , , , , , , , , , , , , , , , , , , , , , , , , , , , , , , , , , , , , , , , , , , , , , , , , , , , , , , , , , , , , , , , , , , , , , , , , , , , , , , , , , , , , , , , , , , , , , , , , , , , , , , , , , , , , , , , , , , , , , , , , , , , , , , , , , , , , , , , , , , , , , , , , , , , , , , , , , , , , , , , , , , , , , , , , , , , , , , , , , , , , , , , , , , , , , , , , , , , , , , , , , , , , , , , , , , , , , , , , , , , , , , , , , , , , , , , , , , , , , , , 
21.0,21.0,1,21.000,16/03/2026 18:39:36,19.444,,10.37, 11.06, 11.07,39.69, -1.13, 2.67,12.860, 11.393, 11.113, 9.968, 9.523, 9.489, 9.469, 9.557, 9.715, 10.019, 10.186, 10.276, 10.309, 10.419, 10.598, 10.740, 10.871, 11.024, 11.103, 11.181, 11.211, 11.234, 11.197, 11.186, 11.148, 11.095, 11.050, 11.004, 10.977, 10.957, 10.930, 10.904, 10.888, 10.865, 10.883, 10.873, 10.910, 10.927, 10.985, 11.038, 11.119, 11.170, 11.280, 11.321, 11.448, 11.492, 11.538, 11.609, 11.594, 11.635, 11.623, 11.626, 11.668, 11.626, 11.620, 11.708, 11.700, 11.690, 11.781, 11.842, 11.849, 11.882, 11.933, 11.987, 12.017, 12.053, 12.118, 12.086, 12.160, 12.236, 12.204, 12.095, 12.098, 12.152, 12.197, 12.194, 12.166, 12.178, 12.192, 12.203, 12.183, 12.201, 12.237, 12.281, 12.300, 12.317, 12.343, 12.409, 12.500, 12.568, 12.606, 12.601, 12.596, 12.628, 12.685, 12.762, 12.814, 12.813, 12.759, 12.665, 12.612, 12.603, 12.582, 12.478, 12.115, 11.452, 10.815, 10.478, 10.384, 10.326, 10.325, 10.422, 10.651, 10.967, 11.274, 11.545, 11.728, 11.845, 11.943, 12.033, 12.145, 12.286, 12.443, 12.599, 12.743, 12.848, 12.923, 12.953, 12.966, 12.952, 12.949, 12.947, 12.956, 12.994, 13.010, 13.033, 13.059, 13.084, 13.096, 13.081, 13.027, 12.954, 12.886, 12.835, 12.791, 12.760, 12.715, 12.728, 12.741, 12.713, 12.627, 12.379, 11.803, 10.629, 8.977, 7.617, 6.970, 6.725, 6.673, 6.781, 6.988, 7.256, 7.574, 7.909, 8.273, 8.618, 8.974, 9.327, 9.639, 9.962, 10.255, 10.528, 10.787, 11.009, 11.227, 11.385, 11.527, 11.643, 11.759, 11.883, 11.974, 12.095, 12.189, 12.304, 12.365, 12.373, 12.295, 12.231, 12.337, 12.429, 12.405, 12.356, 12.354, 12.267, 12.157, 12.001, 11.793, 11.613, 11.404, 11.235, 11.099, 11.031, 11.052, 10.982, 10.899, 10.839, 10.728, 10.645, 10.549, 10.397, 10.285, 10.103, 9.919, 9.725, 9.741, 9.626, 16.3,993625.0,1203308.0,874295.12,77874.48,3988.42,15073.67,535.61,4146.64,124.24,446.35,35.65,533.85,24.57,807.21,24.66,822.23,17.24,1173.39,58.37,58.51,6.94,102.24,17.71,549.92,16.12,23412.23,154.84,0.00,120.64,0.00,15.91,13.93,2.34,65.79,2.51,26.83,1.32,0.00,5.63,103.52,1.45,191.73,1.99,13.04,0.93,130.53,1.72,6.26,1.09,0.00,54.94,86.66,9.97,0.00,321.69,0.00,527.83,0.00,547.25,0.00,50.41,0.00,25.95,6.42,1.28,53.13,3.84,0.00,145.56,6.35,1.47,208284.77,129137.36,6613.90,28481.14,1012.02,8871.05,265.79,1022.75,81.69,1332.97,61.35,972.37,29.71,1150.47,24.12,1957.79,97.39,104.45,12.39,149.43,25.88,790.15,23.16,33473.49,221.38,0.00,153.39,0.00,20.25,17.44,2.93,81.89,3.12,35.42,1.74,0.00,7.91,113.21,1.59,226.74,2.35,16.56,1.18,176.32,2.32,7.34,1.28,0.00,73.26,93.08,10.71,0.00,367.48,0.00,670.09,0.00,655.11,0.00,59.18,0.00,28.02,6.92,1.38,59.23,4.28,0.00,165.63,7.20,1.67
21.5,21.5,1,21.500,16/03/2026 18:40:01,20.035, , , , , , , , , , , , , , , , , , , , , , , , , , , , , , , , , , , , , , , , , , , , , , , , , , , , , , , , , , , , , , , , , , , , , , , , , , , , , , , , , , , , , , , , , , , , , , , , , , , , , , , , , , , , , , , , , , , , , , , , , , , , , , , , , , , , , , , , , , , , , , , , , , , , , , , , , , , , , , , , , , , , , , , , , , , , , , , , , , , , , , , , , , , , , , , , , , , , , , , , , , , , , , , , , , , , , , , , , , , , , , , , , , , , , , , , , , , , , , , , , , , , , , , , , , , , , , , , , , , , , , , , , , , , , , , , , , , , , , , , , , , , , , , , , , , , , , , , , , , , , , , , , , , , , , , , , , , , , , , , , , , , , , , , , , , , , , , , , , , , , , , , , , , , , , , , , , , , , , , , , , , , 
22.0,22.0,1,22.000,16/03/2026 18:40:19,23.077,,10.52, 11.28, 11.18,40.04, -1.46, 2.96,10.385, 10.443, 10.479, 9.479, 9.673, 9.532, 9.339, 9.509, 9.779, 10.134, 10.259, 10.393, 10.461, 10.579, 10.768, 10.937, 11.084, 11.257, 11.343, 11.429, 11.466, 11.473, 11.442, 11.413, 11.346, 11.266, 11.209, 11.137, 11.090, 11.057, 11.002, 10.958, 10.913, 10.887, 10.884, 10.875, 10.890, 10.913, 10.938, 11.003, 11.049, 11.134, 11.196, 11.276, 11.357, 11.411, 11.458, 11.485, 11.515, 11.504, 11.500, 11.510, 11.500, 11.487, 11.474, 11.506, 11.535, 11.519, 11.553, 11.620, 11.645, 11.623, 11.670, 11.737, 11.775, 11.756, 11.809, 11.840, 11.840, 11.869, 11.852, 11.813, 11.781, 11.792, 11.830, 11.816, 11.795, 11.774, 11.769, 11.758, 11.767, 11.777, 11.812, 11.834, 11.828, 11.835, 11.886, 11.945, 12.003, 12.047, 12.057, 12.046, 12.054, 12.068, 12.103, 12.175, 12.202, 12.200, 12.147, 12.073, 12.024, 12.021, 12.014, 11.932, 11.638, 11.120, 10.592, 10.291, 10.200, 10.138, 10.123, 10.203, 10.400, 10.652, 10.909, 11.127, 11.272, 11.367, 11.424, 11.479, 11.552, 11.649, 11.771, 11.906, 12.026, 12.123, 12.192, 12.202, 12.199, 12.175, 12.143, 12.120, 12.118, 12.140, 12.171, 12.206, 12.244, 12.279, 12.277, 12.260, 12.206, 12.136, 12.056, 11.964, 11.942, 11.910, 11.881, 11.905, 11.909, 11.911, 11.847, 11.659, 11.212, 10.253, 8.859, 7.665, 7.076, 6.838, 6.785, 6.866, 7.048, 7.288, 7.575, 7.870, 8.191, 8.506, 8.806, 9.097, 9.353, 9.601, 9.832, 10.044, 10.245, 10.423, 10.565, 10.722, 10.852, 10.976, 11.103, 11.195, 11.296, 11.375, 11.459, 11.548, 11.596, 11.589, 11.486, 11.415, 11.486, 11.562, 11.514, 11.480, 11.492, 11.449, 11.374, 11.254, 11.133, 11.010, 10.894, 10.729, 10.645, 10.583, 10.622, 10.563, 10.517, 10.421, 10.384, 10.311, 10.148, 10.024, 10.006, 9.821, 9.724, 9.587, 9.448, 9.424, 16.3,985059.0,1218922.0,890690.61,62752.60,3846.02,12593.94,501.49,4080.24,121.43,551.32,36.27,590.61,24.41,1119.98,25.56,960.77,17.81,1243.91,58.38,23.89,6.38,124.86,17.67,662.41,17.27,24007.63,155.46,0.00,123.34,0.00,15.36,30.35,2.65,47.68,2.25,21.38,1.38,0.00,5.40,94.08,1.36,181.28,1.91,14.83,0.93,131.15,1.71,10.24,1.10,0.00,53.88,0.00,444.70,0.00,307.74,0.00,520.16,0.00,551.96,0.00,56.93,6.99,1.19,19.56,1.48,39.71,3.89,0.00,147.59,0.00,68.52,180318.16,104061.12,6377.76,23795.78,947.55,8729.00,259.78,1263.28,83.11,1474.70,60.95,1349.13,30.79,1344.32,24.92,2075.46,97.41,42.65,11.39,182.49,25.83,951.78,24.81,34324.76,222.27,0.00,156.82,0.00,19.55,37.99,3.32,59.35,2.80,28.23,1.82,0.00,7.59,102.89,1.49,214.38,2.26,18.83,1.18,177.15,2.31,12.00,1.29,0.00,71.85,0.00,477.66,0.00,351.54,0.00,660.35,0.00,660.75,0.00,66.84,7.55,1.28,21.07,1.59,44.27,4.34,0.00,167.94,0.00,77.73
22.5,22.5,1,22.500,16/03/2026 18:40:45,22.022,1157884.588, , , , , , , , , , , , , , , , , , , , , , , , , , , , , , , , , , , , , , , , , , , , , , , , , , , , , , , , , , , , , , , , , , , , , , , , , , , , , , , , , , , , , , , , , , , , , , , , , , , , , , , , , , , , , , , , , , , , , , , , , , , , , , , , , , , , , , , , , , , , , , , , , , , , , , , , , , , , , , , , , , , , , , , , , , , , , , , , , , , , , , , , , , , , , , , , , , , , , , , , , , , , , , , , , , , , , , , , , , , , , , , , , , , , , , , , , , , , , , , , , , , , , , , , , , , , , , , , , , , , , , , , , , , , , , , , , , , , , , , , , , , , , , , , , , , , , , , , , , , , , , , , , , , , , , , , , , , , , , , , , , , , , , , , , , , , , , , , , , , , , , , , , , , , , , , , , , , , , , , , , , , 
23.0,23.0,1,23.000,16/03/2026 18:41:02,25.860,,10.69, 11.46, 11.40,40.34, -1.51, 2.88,11.112, 11.189, 10.511, 10.062, 9.672, 9.543, 9.623, 9.666, 9.933, 10.312, 10.500, 10.589, 10.654, 10.793, 10.968, 11.135, 11.286, 11.464, 11.554, 11.617, 11.645, 11.652, 11.623, 11.574, 11.507, 11.430, 11.380, 11.296, 11.249, 11.201, 11.143, 11.108, 11.055, 11.033, 11.025, 11.009, 11.022, 11.028, 11.067, 11.121, 11.178, 11.259, 11.332, 11.415, 11.502, 11.561, 11.601, 11.640, 11.661, 11.652, 11.640, 11.655, 11.645, 11.627, 11.624, 11.651, 11.670, 11.669, 11.699, 11.763, 11.804, 11.793, 11.802, 11.894, 11.931, 11.927, 12.042, 12.047, 12.123, 12.144, 12.096, 12.045, 12.034, 12.026, 12.072, 12.053, 12.062, 12.039, 12.019, 12.016, 11.995, 12.028, 12.047, 12.071, 12.063, 12.081, 12.126, 12.190, 12.258, 12.325, 12.342, 12.340, 12.347, 12.367, 12.413, 12.477, 12.527, 12.521, 12.452, 12.368, 12.303, 12.294, 12.272, 12.176, 11.811, 11.177, 10.552, 10.216, 10.111, 10.045, 10.061, 10.140, 10.353, 10.623, 10.913, 11.159, 11.334, 11.449, 11.554, 11.652, 11.753, 11.870, 11.997, 12.134, 12.265, 12.363, 12.433, 12.472, 12.488, 12.471, 12.448, 12.439, 12.437, 12.448, 12.481, 12.513, 12.555, 12.568, 12.588, 12.547, 12.507, 12.421, 12.329, 12.242, 12.206, 12.169, 12.118, 12.126, 12.134, 12.112, 12.030, 11.788, 11.246, 10.122, 8.563, 7.283, 6.678, 6.443, 6.395, 6.489, 6.680, 6.953, 7.237, 7.561, 7.890, 8.232, 8.554, 8.869, 9.157, 9.426, 9.686, 9.940, 10.159, 10.359, 10.551, 10.718, 10.872, 11.008, 11.130, 11.248, 11.355, 11.443, 11.534, 11.608, 11.677, 11.655, 11.563, 11.485, 11.570, 11.635, 11.593, 11.574, 11.571, 11.495, 11.394, 11.286, 11.128, 10.977, 10.777, 10.608, 10.505, 10.477, 10.412, 10.368, 10.275, 10.208, 10.089, 9.882, 9.816, 9.649, 9.479, 9.405, 9.243, 9.078, 9.034, 8.874, 16.3,997868.0,1256104.0,857061.39,89948.76,4058.27,12367.05,510.88,5438.87,137.13,501.65,36.27,474.33,24.00,2033.23,30.82,1399.70,20.79,1826.10,66.37,0.00,20.51,0.00,61.32,767.46,18.79,27415.63,181.32,0.00,133.31,0.00,15.10,42.16,2.96,104.11,3.18,36.08,1.62,1.59,0.51,98.69,1.43,194.45,2.06,24.53,1.04,133.02,1.79,16.13,1.18,0.00,54.08,30.42,10.09,0.00,323.51,0.00,533.18,42.20,10.75,0.00,62.46,0.00,26.46,22.75,1.59,19.71,4.13,0.00,153.59,0.00,66.72,235180.43,149159.85,6729.73,23367.08,965.29,11635.56,293.37,1149.46,83.11,1184.36,59.93,2449.24,37.13,1958.47,29.09,3046.84,110.74,0.00,36.61,0.00,89.62,1102.72,27.00,39197.33,259.24,0.00,169.50,0.00,19.22,52.77,3.71,129.59,3.96,47.64,2.14,2.23,0.72,107.93,1.56,229.96,2.44,31.15,1.32,179.68,2.42,18.91,1.38,0.00,72.11,32.67,10.84,0.00,369.56,0.00,676.88,50.52,12.87,0.00,73.33,0.00,28.57,24.51,1.71,21.97,4.60,0.00,174.77,0.00,75.69
23.5,23.5,1,23.500,16/03/2026 18:41:28,27.248, , , , , , , , , , , , , , , , , , , , , , , , , , , , , , , , , , , , , , , , , , , , , , , , , , , , , , , , , , , , , , , , , , , , , , , , , , , , , , , , , , , , , , , , , , , , , , , , , , , , , , , , , , , , , , , , , , , , , , , , , , , , , , , , , , , , , , , , , , , , , , , , , , , , , , , , , , , , , , , , , , , , , , , , , , , , , , , , , , , , , , , , , , , , , , , , , , , , , , , , , , , , , , , , , , , , , , , , , , , , , , , , , , , , , , , , , , , , , , , , , , , , , , , , , , , , , , , , , , , , , , , , , , , , , , , , , , , , , , , , , , , , , , , , , , , , , , , , , , , , , , , , , , , , , , , , , , , , , , , , , , , , , , , , , , , , , , , , , , , , , , , , , , , , , , , , , , , , , , , , , , , , 
24.0,24.0,1,24.000,16/03/2026 18:41:45,25.992,,11.77, 12.71, 12.53,42.32, -2.11, 3.27,10.518, 11.572, 11.109, 10.285, 10.483, 10.337, 10.213, 10.430, 10.821, 11.302, 11.484, 11.684, 11.814, 11.963, 12.189, 12.386, 12.593, 12.782, 12.880, 12.945, 12.973, 12.959, 12.891, 12.818, 12.714, 12.598, 12.493, 12.379, 12.306, 12.207, 12.122, 12.051, 11.964, 11.910, 11.881, 11.830, 11.836, 11.825, 11.856, 11.898, 11.965, 12.028, 12.113, 12.189, 12.284, 12.351, 12.384, 12.433, 12.433, 12.426, 12.409, 12.393, 12.388, 12.350, 12.316, 12.356, 12.349, 12.319, 12.346, 12.415, 12.416, 12.400, 12.437, 12.500, 12.512, 12.491, 12.497, 12.510, 12.567, 12.590, 12.547, 12.461, 12.474, 12.473, 12.479, 12.472, 12.449, 12.442, 12.424, 12.398, 12.367, 12.376, 12.404, 12.431, 12.427, 12.411, 12.441, 12.501, 12.573, 12.630, 12.634, 12.587, 12.595, 12.617, 12.660, 12.715, 12.742, 12.702, 12.636, 12.543, 12.480, 12.471, 12.438, 12.314, 11.949, 11.312, 10.699, 10.350, 10.219, 10.140, 10.124, 10.195, 10.391, 10.671, 10.956, 11.209, 11.385, 11.501, 11.583, 11.645, 11.726, 11.829, 11.960, 12.098, 12.228, 12.329, 12.386, 12.417, 12.411, 12.368, 12.333, 12.300, 12.294, 12.302, 12.341, 12.368, 12.407, 12.427, 12.423, 12.384, 12.291, 12.200, 12.100, 12.012, 11.966, 11.939, 11.887, 11.914, 11.917, 11.901, 11.807, 11.562, 11.013, 9.893, 8.316, 7.012, 6.371, 6.138, 6.087, 6.199, 6.402, 6.682, 6.974, 7.303, 7.632, 7.967, 8.286, 8.578, 8.849, 9.127, 9.365, 9.607, 9.819, 10.019, 10.200, 10.365, 10.515, 10.639, 10.756, 10.873, 10.959, 11.042, 11.103, 11.176, 11.234, 11.229, 11.173, 11.103, 11.141, 11.198, 11.157, 11.106, 11.083, 11.034, 10.921, 10.823, 10.699, 10.543, 10.392, 10.236, 10.126, 10.066, 9.983, 9.908, 9.808, 9.683, 9.560, 9.476, 9.309, 9.167, 8.928, 8.917, 8.688, 8.540, 8.488, 8.206, 16.3,995590.0,1305189.0,862618.03,58387.28,3629.81,16389.46,554.76,21365.54,257.57,537.17,36.75,468.61,23.66,3852.19,40.10,1943.52,24.56,2219.95,70.52,90.07,7.99,0.00,76.44,786.41,19.16,30613.26,190.84,0.00,141.11,0.00,17.17,22.55,2.66,111.82,3.28,35.90,1.57,0.00,5.69,103.78,1.48,160.88,1.83,18.52,1.02,142.93,1.84,8.71,1.15,0.00,55.24,40.50,10.41,0.00,319.29,0.00,523.55,67.72,10.88,0.00,51.70,0.00,30.41,15.22,1.52,0.00,142.54,0.00,157.13,0.00,72.51,232908.36,96822.21,6019.23,30967.27,1048.20,45708.04,551.03,1230.85,84.21,1170.07,59.08,4640.37,48.30,2719.39,34.36,3703.97,117.66,160.79,14.26,0.00,111.72,1129.94,27.53,43769.12,272.85,0.00,179.42,0.00,21.85,28.23,3.33,139.18,4.08,47.40,2.07,0.00,8.00,113.49,1.62,190.26,2.16,23.52,1.30,193.07,2.49,10.21,1.35,0.00,73.66,43.50,11.18,0.00,364.73,0.00,664.66,81.07,13.02,0.00,60.70,0.00,32.84,16.40,1.64,0.00,158.91,0.00,178.80,0.00,82.26
24.5,24.5,1,24.500,16/03/2026 18:42:20,25.595, , , , , , , , , , , , , , , , , , , , , , , , , , , , , , , , , , , , , , , , , , , , , , , , , , , , , , , , , , , , , , , , , , , , , , , , , , , , , , , , , , , , , , , , , , , , , , , , , , , , , , , , , , , , , , , , , , , , , , , , , , , , , , , , , , , , , , , , , , , , , , , , , , , , , , , , , , , , , , , , , , , , , , , , , , , , , , , , , , , , , , , , , , , , , , , , , , , , , , , , , , , , , , , , , , , , , , , , , , , , , , , , , , , , , , , , , , , , , , , , , , , , , , , , , , , , , , , , , , , , , , , , , , , , , , , , , , , , , , , , , , , , , , , , , , , , , , , , , , , , , , , , , , , , , , , , , , , , , , , , , , , , , , , , , , , , , , , , , , , , , , , , , , , , , , , , , , , , , , , , , , , , 
25.0,25.0,1,25.000,16/03/2026 18:42:37,25.395,,11.90, 12.82, 12.72,42.49, -1.97, 3.07,13.778, 12.416, 11.225, 10.864, 10.607, 10.624, 10.555, 10.771, 11.040, 11.455, 11.658, 11.838, 11.949, 12.121, 12.304, 12.502, 12.701, 12.891, 12.978, 13.042, 13.068, 13.059, 12.997, 12.930, 12.826, 12.707, 12.625, 12.515, 12.439, 12.357, 12.277, 12.209, 12.134, 12.094, 12.062, 12.035, 12.038, 12.041, 12.072, 12.131, 12.190, 12.273, 12.354, 12.440, 12.537, 12.611, 12.652, 12.696, 12.716, 12.708, 12.689, 12.687, 12.670, 12.642, 12.624, 12.647, 12.666, 12.646, 12.664, 12.740, 12.757, 12.748, 12.773, 12.849, 12.889, 12.846, 12.905, 12.922, 12.959, 12.976, 12.934, 12.892, 12.878, 12.861, 12.875, 12.872, 12.871, 12.842, 12.832, 12.811, 12.811, 12.839, 12.839, 12.857, 12.862, 12.865, 12.912, 12.973, 13.027, 13.075, 13.106, 13.094, 13.090, 13.105, 13.152, 13.210, 13.245, 13.239, 13.178, 13.093, 13.014, 12.988, 12.969, 12.880, 12.553, 11.931, 11.326, 10.972, 10.829, 10.745, 10.745, 10.834, 11.058, 11.344, 11.638, 11.873, 12.035, 12.126, 12.194, 12.270, 12.362, 12.488, 12.616, 12.756, 12.879, 12.970, 13.036, 13.053, 13.050, 13.011, 12.999, 12.973, 12.972, 12.986, 13.012, 13.038, 13.058, 13.091, 13.092, 13.056, 12.983, 12.908, 12.831, 12.747, 12.694, 12.660, 12.615, 12.624, 12.617, 12.590, 12.516, 12.276, 11.737, 10.632, 9.034, 7.688, 7.042, 6.790, 6.739, 6.834, 7.043, 7.320, 7.618, 7.963, 8.308, 8.640, 8.970, 9.291, 9.582, 9.858, 10.117, 10.360, 10.579, 10.777, 10.958, 11.117, 11.262, 11.392, 11.492, 11.616, 11.707, 11.799, 11.871, 11.950, 12.005, 11.997, 11.926, 11.855, 11.935, 11.989, 11.936, 11.902, 11.892, 11.817, 11.724, 11.637, 11.503, 11.321, 11.138, 11.014, 10.874, 10.813, 10.766, 10.743, 10.657, 10.554, 10.464, 10.367, 10.179, 10.126, 9.832, 9.780, 9.646, 9.471, 9.421, 9.223, 16.3,998205.0,1270759.0,844507.52,78489.70,3762.63,17788.81,558.76,21511.79,257.26,563.61,36.60,482.41,23.50,2908.64,35.02,1765.95,23.26,2454.17,72.53,37.41,7.37,85.24,18.65,797.33,19.12,27981.41,176.10,0.00,131.86,0.00,16.33,16.22,2.45,79.31,2.77,32.05,1.46,0.00,5.68,104.40,1.45,179.19,1.91,15.86,0.97,135.47,1.76,0.00,31.47,0.00,53.88,0.00,441.86,0.00,312.77,0.00,534.61,50.67,10.34,0.00,55.11,0.00,26.87,12.80,1.43,0.00,141.29,0.00,155.39,0.00,71.83,264463.45,130157.57,6239.48,33611.29,1055.76,46020.92,550.37,1291.44,83.86,1204.53,58.68,3503.76,42.19,2470.93,32.55,4094.77,121.02,66.78,13.16,124.58,27.26,1145.64,27.47,40006.25,251.78,0.00,167.66,0.00,20.78,20.30,3.07,98.72,3.45,42.32,1.93,0.00,7.98,114.17,1.59,211.91,2.26,20.14,1.23,182.99,2.38,0.00,36.89,0.00,71.85,0.00,474.61,0.00,357.29,0.00,678.70,60.66,12.38,0.00,64.70,0.00,29.01,13.79,1.54,0.00,157.52,0.00,176.82,0.00,81.49
25.5,25.5,1,25.500,16/03/2026 18:43:03,24.868, , , , , , , , , , , , , , , , , , , , , , , , , , , , , , , , , , , , , , , , , , , , , , , , , , , , , , , , , , , , , , , , , , , , , , , , , , , , , , , , , , , , , , , , , , , , , , , , , , , , , , , , , , , , , , , , , , , , , , , , , , , , , , , , , , , , , , , , , , , , , , , , , , , , , , , , , , , , , , , , , , , , , , , , , , , , , , , , , , , , , , , , , , , , , , , , , , , , , , , , , , , , , , , , , , , , , , , , , , , , , , , , , , , , , , , , , , , , , , , , , , , , , , , , , , , , , , , , , , , , , , , , , , , , , , , , , , , , , , , , , , , , , , , , , , , , , , , , , , , , , , , , , , , , , , , , , , , , , , , , , , , , , , , , , , , , , , , , , , , , , , , , , , , , , , , , , , , , , , , , , , , , 
26.0,26.0,1,26.000,16/03/2026 18:43:20,25.594,,12.20, 13.10, 13.17,42.91, -1.73, 2.65,13.069, 12.588, 12.705, 11.433, 11.391, 11.171, 11.161, 11.321, 11.523, 11.929, 12.045, 12.238, 12.351, 12.484, 12.670, 12.802, 12.986, 13.135, 13.232, 13.296, 13.321, 13.328, 13.283, 13.224, 13.128, 12.974, 12.885, 12.832, 12.739, 12.607, 12.624, 12.503, 12.417, 12.459, 12.309, 12.423, 12.286, 12.442, 12.317, 12.543, 12.427, 12.698, 12.612, 12.851, 12.858, 12.940, 13.072, 12.958, 13.145, 13.048, 13.000, 13.156, 12.993, 13.001, 13.108, 12.983, 13.015, 13.134, 13.045, 13.063, 13.235, 13.206, 13.112, 13.263, 13.434, 13.294, 13.166, 13.315, 13.448, 13.377, 13.294, 13.326, 13.398, 13.376, 13.301, 13.293, 13.384, 13.398, 13.314, 13.221, 13.261, 13.368, 13.420, 13.394, 13.343, 13.364, 13.476, 13.581, 13.632, 13.623, 13.615, 13.653, 13.692, 13.748, 13.787, 13.804, 13.814, 13.814, 13.777, 13.702, 13.621, 13.562, 13.517, 13.420, 13.093, 12.473, 11.862, 11.497, 11.328, 11.209, 11.193, 11.295, 11.558, 11.904, 12.233, 12.498, 12.637, 12.718, 12.783, 12.874, 13.015, 13.177, 13.363, 13.517, 13.656, 13.730, 13.756, 13.770, 13.758, 13.773, 13.779, 13.810, 13.840, 13.860, 13.870, 13.887, 13.886, 13.866, 13.837, 13.829, 13.802, 13.768, 13.725, 13.671, 13.621, 13.590, 13.453, 13.399, 13.353, 13.298, 13.188, 12.937, 12.388, 11.261, 9.658, 8.359, 7.735, 7.487, 7.415, 7.466, 7.599, 7.818, 8.069, 8.382, 8.718, 9.071, 9.453, 9.847, 10.225, 10.576, 10.916, 11.206, 11.453, 11.659, 11.811, 11.901, 11.987, 12.052, 12.138, 12.206, 12.278, 12.382, 12.511, 12.638, 12.792, 12.891, 12.902, 12.910, 13.023, 13.104, 13.063, 12.999, 12.967, 12.840, 12.686, 12.465, 12.268, 11.995, 11.764, 11.556, 11.461, 11.432, 11.407, 11.440, 11.458, 11.413, 11.365, 11.399, 11.259, 11.243, 11.136, 11.028, 10.667, 10.751, 10.503, 10.380, 16.3,1008976.0,1260680.0,879228.90,60391.11,3688.81,14175.41,515.90,11590.33,186.16,410.45,34.04,430.08,22.83,2249.39,30.94,1408.96,20.43,1572.44,61.92,54.07,6.93,138.07,18.33,675.47,17.43,27036.66,169.74,0.00,132.08,0.00,16.73,17.24,2.45,71.27,2.66,38.42,1.50,1.52,0.48,98.24,1.40,180.08,1.90,10.86,0.91,127.91,1.70,10.51,1.11,0.00,52.22,0.00,455.45,0.00,313.75,32.13,9.66,0.00,548.67,0.00,60.84,0.00,29.99,10.44,1.36,40.07,3.92,0.00,146.00,0.00,69.39,201747.15,100145.12,6117.06,26783.91,974.77,24795.60,398.26,940.49,78.00,1073.87,57.00,2709.63,37.27,1971.43,28.59,2623.61,103.31,96.52,12.37,201.80,26.79,970.54,25.04,38655.50,242.68,0.00,167.94,0.00,21.29,21.58,3.07,88.71,3.31,50.73,1.98,2.14,0.67,107.44,1.53,212.96,2.25,13.79,1.16,172.78,2.30,12.32,1.30,0.00,69.63,0.00,489.21,0.00,358.41,40.79,12.26,0.00,656.81,0.00,71.43,0.00,32.38,11.25,1.47,44.67,4.37,0.00,166.13,0.00,78.72
26.5,26.5,1,26.500,16/03/2026 18:43:37,25.068, , , , , , , , , , , , , , , , , , , , , , , , , , , , , , , , , , , , , , , , , , , , , , , , , , , , , , , , , , , , , , , , , , , , , , , , , , , , , , , , , , , , , , , , , , , , , , , , , , , , , , , , , , , , , , , , , , , , , , , , , , , , , , , , , , , , , , , , , , , , , , , , , , , , , , , , , , , , , , , , , , , , , , , , , , , , , , , , , , , , , , , , , , , , , , , , , , , , , , , , , , , , , , , , , , , , , , , , , , , , , , , , , , , , , , , , , , , , , , , , , , , , , , , , , , , , , , , , , , , , , , , , , , , , , , , , , , , , , , , , , , , , , , , , , , , , , , , , , , , , , , , , , , , , , , , , , , , , , , , , , , , , , , , , , , , , , , , , , , , , , , , , , , , , , , , , , , , , , , , , , , , , 
27.0,27.0,1,27.000,16/03/2026 18:44:03,25.067,,11.25, 12.07, 12.00,41.33, -1.59, 2.97,13.283, 11.293, 11.143, 10.702, 10.441, 10.031, 10.026, 10.203, 10.420, 10.843, 11.046, 11.171, 11.210, 11.365, 11.564, 11.734, 11.886, 12.069, 12.161, 12.244, 12.296, 12.300, 12.258, 12.193, 12.123, 12.038, 11.983, 11.877, 11.828, 11.788, 11.713, 11.668, 11.626, 11.559, 11.590, 11.540, 11.583, 11.572, 11.625, 11.666, 11.750, 11.804, 11.906, 11.974, 12.074, 12.148, 12.170, 12.226, 12.229, 12.224, 12.220, 12.215, 12.209, 12.192, 12.177, 12.211, 12.236, 12.218, 12.236, 12.318, 12.349, 12.326, 12.347, 12.464, 12.490, 12.433, 12.556, 12.587, 12.599, 12.612, 12.584, 12.567, 12.545, 12.518, 12.526, 12.560, 12.567, 12.506, 12.465, 12.467, 12.480, 12.520, 12.526, 12.533, 12.523, 12.561, 12.636, 12.691, 12.737, 12.765, 12.794, 12.814, 12.824, 12.841, 12.873, 12.911, 12.952, 12.957, 12.903, 12.822, 12.733, 12.689, 12.660, 12.581, 12.264, 11.661, 11.047, 10.703, 10.556, 10.463, 10.462, 10.571, 10.806, 11.115, 11.388, 11.636, 11.762, 11.861, 11.952, 12.043, 12.155, 12.295, 12.444, 12.577, 12.701, 12.779, 12.828, 12.857, 12.863, 12.872, 12.862, 12.873, 12.869, 12.883, 12.908, 12.923, 12.936, 12.956, 12.964, 12.929, 12.890, 12.818, 12.775, 12.699, 12.657, 12.618, 12.511, 12.511, 12.494, 12.451, 12.366, 12.129, 11.599, 10.514, 8.994, 7.756, 7.166, 6.929, 6.876, 6.956, 7.118, 7.343, 7.608, 7.916, 8.230, 8.558, 8.886, 9.215, 9.535, 9.818, 10.099, 10.352, 10.579, 10.793, 10.949, 11.079, 11.212, 11.314, 11.406, 11.501, 11.595, 11.689, 11.770, 11.880, 11.962, 11.980, 11.922, 11.903, 11.985, 12.062, 12.022, 12.015, 11.973, 11.910, 11.825, 11.674, 11.517, 11.346, 11.112, 10.977, 10.863, 10.787, 10.801, 10.786, 10.701, 10.625, 10.637, 10.514, 10.420, 10.167, 10.223, 10.034, 9.919, 9.916, 9.613, 9.520, 16.3,1003673.0,1285185.0,868095.47,56310.42,3601.15,16997.20,553.35,19997.88,246.05,533.84,36.18,491.40,23.44,3527.25,37.93,1800.67,23.43,2356.25,71.11,37.44,7.19,118.49,18.72,544.83,16.25,28539.85,177.11,0.00,131.97,0.00,16.14,9.66,2.33,70.75,2.66,35.33,1.54,0.00,5.40,98.83,1.41,184.10,1.95,22.18,1.01,134.68,1.76,10.29,1.14,0.00,54.97,0.00,453.79,0.00,316.18,45.37,9.90,0.00,552.01,0.00,54.54,0.00,30.60,16.91,1.48,20.92,4.08,0.00,151.50,0.00,68.15,224047.39,93378.21,5971.70,32115.57,1045.53,42782.16,526.38,1223.22,82.90,1226.98,58.53,4248.94,45.69,2519.51,32.78,3931.39,118.65,66.84,12.84,173.18,27.36,782.83,23.35,40804.67,253.22,0.00,167.80,0.00,20.54,12.09,2.92,88.06,3.31,46.65,2.03,0.00,7.59,108.08,1.54,217.72,2.31,28.17,1.28,181.92,2.38,12.06,1.34,0.00,73.30,0.00,487.42,0.00,361.18,57.60,12.57,0.00,660.81,0.00,64.03,0.00,33.04,18.22,1.59,23.32,4.55,0.00,172.39,0.00,77.31
27.5,27.5,1,27.500,16/03/2026 18:44:21,24.470,1157884.785, , , , , , , , , , , , , , , , , , , , , , , , , , , , , , , , , , , , , , , , , , , , , , , , , , , , , , , , , , , , , , , , , , , , , , , , , , , , , , , , , , , , , , , , , , , , , , , , , , , , , , , , , , , , , , , , , , , , , , , , , , , , , , , , , , , , , , , , , , , , , , , , , , , , , , , , , , , , , , , , , , , , , , , , , , , , , , , , , , , , , , , , , , , , , , , , , , , , , , , , , , , , , , , , , , , , , , , , , , , , , , , , , , , , , , , , , , , , , , , , , , , , , , , , , , , , , , , , , , , , , , , , , , , , , , , , , , , , , , , , , , , , , , , , , , , , , , , , , , , , , , , , , , , , , , , , , , , , , , , , , , , , , , , , , , , , , , , , , , , , , , , , , , , , , , , , , , , , , , , , , , , 
28.0,28.0,1,28.000,16/03/2026 18:44:47,24.272,,11.54, 12.35, 12.43,41.77, -1.39, 2.58,13.733, 11.943, 12.018, 11.384, 11.161, 10.881, 10.585, 10.641, 10.950, 11.289, 11.398, 11.529, 11.593, 11.714, 11.877, 12.032, 12.182, 12.352, 12.428, 12.501, 12.560, 12.568, 12.525, 12.443, 12.382, 12.332, 12.251, 12.161, 12.165, 12.070, 12.040, 12.012, 11.917, 11.955, 11.880, 11.940, 11.873, 11.983, 11.924, 12.067, 12.060, 12.184, 12.264, 12.301, 12.479, 12.449, 12.562, 12.599, 12.554, 12.642, 12.578, 12.551, 12.633, 12.557, 12.525, 12.625, 12.627, 12.574, 12.647, 12.733, 12.723, 12.714, 12.773, 12.831, 12.847, 12.838, 12.920, 12.914, 12.944, 12.996, 12.981, 12.863, 12.831, 12.865, 12.936, 12.924, 12.871, 12.859, 12.890, 12.913, 12.876, 12.835, 12.859, 12.924, 12.974, 12.982, 12.964, 12.991, 13.066, 13.190, 13.255, 13.238, 13.179, 13.145, 13.212, 13.325, 13.411, 13.436, 13.319, 13.179, 13.081, 13.068, 13.094, 13.041, 12.705, 12.039, 11.369, 10.980, 10.851, 10.787, 10.829, 10.961, 11.196, 11.488, 11.731, 11.934, 12.082, 12.208, 12.329, 12.444, 12.580, 12.714, 12.844, 12.965, 13.074, 13.156, 13.229, 13.278, 13.318, 13.325, 13.316, 13.304, 13.294, 13.291, 13.291, 13.303, 13.331, 13.349, 13.367, 13.379, 13.329, 13.259, 13.182, 13.094, 13.035, 12.994, 12.902, 12.886, 12.889, 12.874, 12.788, 12.562, 12.017, 10.924, 9.416, 8.198, 7.602, 7.368, 7.287, 7.347, 7.525, 7.748, 8.025, 8.339, 8.664, 9.004, 9.339, 9.665, 9.968, 10.256, 10.513, 10.746, 10.956, 11.158, 11.334, 11.466, 11.604, 11.740, 11.851, 11.976, 12.090, 12.187, 12.287, 12.378, 12.458, 12.468, 12.391, 12.320, 12.394, 12.462, 12.379, 12.367, 12.317, 12.259, 12.167, 12.041, 11.905, 11.693, 11.539, 11.408, 11.281, 11.256, 11.261, 11.186, 11.130, 11.035, 10.956, 10.863, 10.694, 10.556, 10.420, 10.304, 10.115, 10.027, 9.821, 9.724, 16.3,976765.0,1265630.0,867776.03,41860.55,3450.32,23465.84,625.25,27126.84,292.57,443.27,36.12,512.55,24.09,4772.54,44.96,2176.29,26.53,2401.90,73.16,34.44,7.42,62.58,18.65,765.21,19.08,27937.88,172.17,0.00,135.49,0.00,19.12,0.00,13.02,67.45,2.68,26.28,1.55,2.07,0.53,103.77,1.47,202.57,2.07,15.21,0.99,142.25,1.83,0.00,31.90,0.00,56.84,0.00,457.74,28.93,6.81,0.00,544.42,39.46,10.82,11.97,3.26,0.00,27.83,24.17,1.66,0.00,143.30,0.00,158.63,0.00,74.35,228887.58,69416.34,5721.58,44337.83,1181.39,58033.40,625.91,1015.69,82.76,1279.79,60.15,5749.02,54.16,3045.08,37.12,4007.55,122.07,61.48,13.25,91.46,27.26,1099.48,27.41,39944.01,246.16,0.00,172.27,0.00,24.33,0.00,16.30,83.96,3.34,34.70,2.05,2.91,0.74,113.48,1.61,239.56,2.45,19.32,1.26,192.15,2.47,0.00,37.39,0.00,75.79,0.00,491.66,33.05,7.78,0.00,691.15,47.24,12.95,14.05,3.83,0.00,30.05,26.04,1.79,0.00,159.76,0.00,180.51,0.00,84.35
28.5,28.5,1,28.500,16/03/2026 18:45:04,21.895, , , , , , , , , , , , , , , , , , , , , , , , , , , , , , , , , , , , , , , , , , , , , , , , , , , , , , , , , , , , , , , , , , , , , , , , , , , , , , , , , , , , , , , , , , , , , , , , , , , , , , , , , , , , , , , , , , , , , , , , , , , , , , , , , , , , , , , , , , , , , , , , , , , , , , , , , , , , , , , , , , , , , , , , , , , , , , , , , , , , , , , , , , , , , , , , , , , , , , , , , , , , , , , , , , , , , , , , , , , , , , , , , , , , , , , , , , , , , , , , , , , , , , , , , , , , , , , , , , , , , , , , , , , , , , , , , , , , , , , , , , , , , , , , , , , , , , , , , , , , , , , , , , , , , , , , , , , , , , , , , , , , , , , , , , , , , , , , , , , , , , , , , , , , , , , , , , , , , , , , , , , , 
29.0,29.0,1,29.000,16/03/2026 18:45:30,22.947,,10.60, 11.32, 11.42,40.12, -1.23, 2.46,13.162, 11.238, 11.270, 10.233, 10.203, 10.050, 9.848, 9.922, 10.019, 10.380, 10.502, 10.553, 10.641, 10.709, 10.910, 11.015, 11.165, 11.299, 11.398, 11.468, 11.495, 11.496, 11.439, 11.397, 11.387, 11.348, 11.255, 11.169, 11.194, 11.152, 11.056, 11.098, 11.022, 10.998, 11.046, 10.967, 11.069, 11.001, 11.125, 11.107, 11.241, 11.253, 11.393, 11.425, 11.538, 11.595, 11.624, 11.697, 11.679, 11.719, 11.679, 11.704, 11.742, 11.667, 11.703, 11.771, 11.723, 11.758, 11.845, 11.830, 11.873, 11.944, 11.932, 11.955, 12.077, 12.106, 12.091, 12.100, 12.218, 12.265, 12.168, 12.063, 12.153, 12.233, 12.183, 12.113, 12.146, 12.234, 12.240, 12.130, 12.064, 12.149, 12.300, 12.328, 12.243, 12.176, 12.249, 12.425, 12.571, 12.572, 12.505, 12.455, 12.497, 12.629, 12.753, 12.791, 12.735, 12.643, 12.583, 12.583, 12.608, 12.623, 12.549, 12.365, 11.911, 11.258, 10.692, 10.448, 10.385, 10.292, 10.231, 10.251, 10.437, 10.748, 11.106, 11.445, 11.673, 11.797, 11.852, 11.890, 11.944, 12.066, 12.243, 12.453, 12.661, 12.798, 12.879, 12.889, 12.840, 12.781, 12.736, 12.730, 12.759, 12.839, 12.923, 13.001, 13.052, 13.057, 13.018, 12.936, 12.851, 12.745, 12.671, 12.624, 12.616, 12.649, 12.593, 12.628, 12.616, 12.570, 12.438, 12.141, 11.516, 10.348, 8.784, 7.563, 7.001, 6.807, 6.784, 6.896, 7.083, 7.326, 7.586, 7.868, 8.179, 8.479, 8.775, 9.079, 9.389, 9.696, 9.986, 10.278, 10.543, 10.795, 11.003, 11.166, 11.324, 11.456, 11.542, 11.643, 11.699, 11.775, 11.831, 11.913, 11.992, 11.996, 11.926, 11.911, 12.034, 12.147, 12.136, 12.148, 12.131, 12.107, 11.988, 11.853, 11.680, 11.415, 11.231, 11.006, 10.881, 10.748, 10.697, 10.684, 10.617, 10.514, 10.420, 10.346, 10.287, 10.227, 10.032, 10.015, 9.832, 9.716, 9.624, 9.466, 16.3,953506.0,1199656.0,865078.66,63405.65,3875.68,17800.72,590.27,17412.62,238.01,523.71,38.12,550.23,25.29,3943.61,42.05,2251.80,27.36,2283.48,73.38,45.59,7.63,120.18,20.04,671.13,18.38,25279.16,166.30,0.00,126.33,0.00,17.06,0.00,13.12,71.46,2.75,18.49,1.31,0.00,6.25,102.00,1.47,238.20,2.35,13.92,0.98,130.18,1.81,4.67,1.12,0.00,58.04,0.00,473.86,0.00,329.95,0.00,543.76,0.00,583.45,10.51,3.26,0.00,29.48,10.46,1.43,33.57,4.28,0.00,159.06,0.00,73.10,228445.05,105144.05,6426.95,33633.80,1115.29,37251.43,509.18,1200.01,87.35,1373.87,63.15,4750.49,50.65,3150.73,38.28,3809.97,122.43,81.39,13.62,175.65,29.29,964.31,26.41,36142.72,237.77,0.00,160.63,0.00,21.71,0.00,16.42,88.95,3.42,24.41,1.73,0.00,8.78,111.55,1.61,281.70,2.78,17.68,1.24,175.84,2.44,5.47,1.31,0.00,77.39,0.00,508.98,0.00,376.91,0.00,690.31,0.00,698.45,12.34,3.83,0.00,31.83,11.27,1.54,37.43,4.77,0.00,180.99,0.00,82.93
29.5,29.5,1,29.500,16/03/2026 18:45:56,25.265, , , , , , , , , , , , , , , , , , , , , , , , , , , , , , , , , , , , , , , , , , , , , , , , , , , , , , , , , , , , , , , , , , , , , , , , , , , , , , , , , , , , , , , , , , , , , , , , , , , , , , , , , , , , , , , , , , , , , , , , , , , , , , , , , , , , , , , , , , , , , , , , , , , , , , , , , , , , , , , , , , , , , , , , , , , , , , , , , , , , , , , , , , , , , , , , , , , , , , , , , , , , , , , , , , , , , , , , , , , , , , , , , , , , , , , , , , , , , , , , , , , , , , , , , , , , , , , , , , , , , , , , , , , , , , , , , , , , , , , , , , , , , , , , , , , , , , , , , , , , , , , , , , , , , , , , , , , , , , , , , , , , , , , , , , , , , , , , , , , , , , , , , , , , , , , , , , , , , , , , , , , , 
30.0,30.0,1,30.000,16/03/2026 18:46:56,21.563,,10.37, 11.11, 11.10,39.76, -1.43, 2.70,11.189, 10.833, 11.122, 10.020, 9.793, 9.541, 9.478, 9.498, 9.696, 10.027, 10.208, 10.316, 10.358, 10.485, 10.656, 10.817, 10.947, 11.107, 11.187, 11.252, 11.286, 11.278, 11.251, 11.228, 11.150, 11.061, 11.035, 10.961, 10.913, 10.869, 10.830, 10.773, 10.754, 10.703, 10.730, 10.692, 10.738, 10.723, 10.790, 10.823, 10.898, 10.967, 11.042, 11.120, 11.197, 11.274, 11.293, 11.340, 11.360, 11.352, 11.362, 11.361, 11.347, 11.353, 11.342, 11.360, 11.407, 11.403, 11.416, 11.493, 11.553, 11.523, 11.553, 11.657, 11.691, 11.655, 11.658, 11.715, 11.764, 11.737, 11.716, 11.704, 11.728, 11.752, 11.739, 11.730, 11.727, 11.741, 11.709, 11.699, 11.700, 11.740, 11.802, 11.811, 11.803, 11.806, 11.859, 11.941, 12.006, 12.057, 12.063, 12.054, 12.070, 12.111, 12.169, 12.223, 12.245, 12.242, 12.191, 12.123, 12.085, 12.072, 12.055, 11.976, 11.671, 11.134, 10.601, 10.327, 10.237, 10.165, 10.148, 10.207, 10.393, 10.664, 10.948, 11.195, 11.363, 11.452, 11.511, 11.561, 11.616, 11.721, 11.858, 12.017, 12.166, 12.293, 12.366, 12.392, 12.367, 12.318, 12.263, 12.235, 12.230, 12.279, 12.350, 12.431, 12.495, 12.531, 12.531, 12.497, 12.404, 12.290, 12.197, 12.116, 12.081, 12.087, 12.054, 12.090, 12.148, 12.160, 12.098, 11.885, 11.379, 10.366, 8.899, 7.673, 7.054, 6.816, 6.760, 6.867, 7.069, 7.353, 7.654, 7.977, 8.313, 8.624, 8.925, 9.190, 9.456, 9.693, 9.914, 10.129, 10.317, 10.501, 10.669, 10.832, 10.972, 11.127, 11.246, 11.375, 11.490, 11.579, 11.658, 11.747, 11.799, 11.772, 11.669, 11.595, 11.670, 11.728, 11.680, 11.642, 11.629, 11.621, 11.555, 11.498, 11.380, 11.198, 11.061, 10.936, 10.846, 10.843, 10.819, 10.768, 10.765, 10.698, 10.496, 10.386, 10.320, 10.103, 10.003, 9.885, 9.663, 9.542, 9.480, 9.516, 16.3,948065.0,1167443.0,875550.69,69119.73,4052.76,11518.21,520.34,10123.86,184.64,426.53,37.16,535.38,25.63,2342.26,33.66,1722.91,23.42,1912.29,69.44,48.58,7.61,0.00,72.56,723.09,18.96,25253.02,170.65,0.00,132.67,0.00,15.49,10.43,2.40,91.57,3.09,21.19,1.32,0.00,5.70,116.22,1.60,252.08,2.48,17.92,1.04,130.42,1.85,11.76,1.18,0.00,58.34,0.00,476.00,0.00,330.37,43.97,10.37,0.00,583.81,18.72,3.61,0.00,34.99,9.20,1.39,0.00,150.98,0.00,166.97,0.00,77.81,206889.78,114619.57,6720.59,21763.23,983.16,21658.33,395.01,977.34,85.15,1336.79,64.00,2821.50,40.55,2410.71,32.77,3190.64,115.86,86.72,13.59,0.00,106.05,1038.96,27.24,36105.35,243.99,0.00,168.69,0.00,19.71,13.06,3.00,113.98,3.85,27.98,1.74,0.00,8.01,127.10,1.75,298.11,2.93,22.76,1.32,176.17,2.50,13.79,1.38,0.00,77.79,0.00,511.28,0.00,377.39,55.82,13.16,0.00,698.88,21.98,4.24,0.00,37.78,9.91,1.50,0.00,168.32,0.00,190.00,0.00,88.27
30.5,30.5,1,30.500,16/03/2026 18:47:22,22.749, , , , , , , , , , , , , , , , , , , , , , , , , , , , , , , , , , , , , , , , , , , , , , , , , , , , , , , , , , , , , , , , , , , , , , , , , , , , , , , , , , , , , , , , , , , , , , , , , , , , , , , , , , , , , , , , , , , , , , , , , , , , , , , , , , , , , , , , , , , , , , , , , , , , , , , , , , , , , , , , , , , , , , , , , , , , , , , , , , , , , , , , , , , , , , , , , , , , , , , , , , , , , , , , , , , , , , , , , , , , , , , , , , , , , , , , , , , , , , , , , , , , , , , , , , , , , , , , , , , , , , , , , , , , , , , , , , , , , , , , , , , , , , , , , , , , , , , , , , , , , , , , , , , , , , , , , , , , , , , , , , , , , , , , , , , , , , , , , , , , , , , , , , , , , , , , , , , , , , , , , , , , 
31.0,31.0,1,31.000,16/03/2026 18:47:39,24.868,,9.59, 10.27, 10.17,38.32, -1.39, 2.92,10.004, 9.851, 9.664, 8.772, 8.715, 8.453, 8.620, 8.670, 8.832, 9.180, 9.324, 9.493, 9.513, 9.641, 9.775, 9.962, 10.088, 10.240, 10.340, 10.402, 10.429, 10.443, 10.414, 10.389, 10.341, 10.255, 10.227, 10.171, 10.109, 10.100, 10.049, 10.010, 10.002, 9.950, 9.992, 9.951, 10.021, 10.004, 10.081, 10.115, 10.207, 10.278, 10.346, 10.453, 10.516, 10.612, 10.641, 10.683, 10.735, 10.716, 10.724, 10.762, 10.733, 10.734, 10.764, 10.768, 10.796, 10.825, 10.860, 10.898, 10.975, 10.974, 11.004, 11.063, 11.134, 11.148, 11.161, 11.176, 11.250, 11.269, 11.269, 11.230, 11.224, 11.285, 11.318, 11.310, 11.295, 11.309, 11.312, 11.314, 11.294, 11.302, 11.359, 11.407, 11.448, 11.463, 11.493, 11.559, 11.638, 11.716, 11.766, 11.772, 11.777, 11.794, 11.851, 11.921, 11.989, 11.979, 11.914, 11.807, 11.726, 11.701, 11.676, 11.553, 11.130, 10.402, 9.713, 9.346, 9.229, 9.159, 9.180, 9.300, 9.538, 9.851, 10.156, 10.426, 10.613, 10.760, 10.904, 11.034, 11.185, 11.345, 11.524, 11.693, 11.837, 11.941, 12.022, 12.049, 12.059, 12.054, 12.055, 12.079, 12.107, 12.138, 12.177, 12.196, 12.222, 12.219, 12.212, 12.153, 12.079, 11.994, 11.917, 11.862, 11.830, 11.824, 11.809, 11.817, 11.817, 11.759, 11.615, 11.284, 10.605, 9.340, 7.710, 6.489, 5.947, 5.751, 5.716, 5.815, 6.002, 6.259, 6.526, 6.822, 7.134, 7.454, 7.763, 8.073, 8.371, 8.667, 8.958, 9.244, 9.501, 9.757, 10.002, 10.199, 10.380, 10.523, 10.680, 10.808, 10.925, 11.023, 11.076, 11.145, 11.181, 11.170, 11.066, 10.993, 11.073, 11.173, 11.134, 11.132, 11.108, 11.091, 11.000, 10.882, 10.700, 10.520, 10.340, 10.131, 9.998, 9.907, 9.852, 9.724, 9.666, 9.509, 9.372, 9.191, 9.024, 8.852, 8.705, 8.621, 8.402, 8.333, 8.262, 8.197, 16.3,962891.0,1188972.0,901693.27,46004.66,3793.85,14293.54,540.90,8368.09,167.61,523.41,37.79,559.43,25.43,1358.88,27.99,1174.67,19.66,1554.29,63.98,58.56,7.47,0.00,75.47,559.69,16.69,23233.81,152.63,0.00,122.90,0.00,15.64,0.00,11.40,78.77,2.79,25.04,1.46,0.00,5.55,92.88,1.38,195.20,2.04,14.35,0.96,132.33,1.78,6.43,1.11,0.00,57.40,0.00,468.33,41.12,6.76,0.00,546.83,0.00,574.63,0.00,60.23,0.00,29.00,20.16,1.54,0.00,148.49,11.39,3.39,0.00,72.69,164544.48,76288.41,6291.25,27007.11,1022.01,17902.15,358.57,1199.32,86.59,1396.84,63.50,1636.91,33.72,1643.61,27.51,2593.32,106.75,104.54,13.34,0.00,110.30,804.18,23.98,33218.40,218.22,0.00,156.27,0.00,19.90,0.00,14.27,98.05,3.47,33.06,1.93,0.00,7.80,101.57,1.51,230.84,2.41,18.22,1.22,178.75,2.40,7.54,1.30,0.00,76.54,0.00,503.04,46.97,7.72,0.00,694.21,0.00,687.89,0.00,70.71,0.00,31.31,21.72,1.66,0.00,165.54,12.96,3.86,0.00,82.46
31.5,31.5,1,31.500,16/03/2026 18:48:05,25.862, , , , , , , , , , , , , , , , , , , , , , , , , , , , , , , , , , , , , , , , , , , , , , , , , , , , , , , , , , , , , , , , , , , , , , , , , , , , , , , , , , , , , , , , , , , , , , , , , , , , , , , , , , , , , , , , , , , , , , , , , , , , , , , , , , , , , , , , , , , , , , , , , , , , , , , , , , , , , , , , , , , , , , , , , , , , , , , , , , , , , , , , , , , , , , , , , , , , , , , , , , , , , , , , , , , , , , , , , , , , , , , , , , , , , , , , , , , , , , , , , , , , , , , , , , , , , , , , , , , , , , , , , , , , , , , , , , , , , , , , , , , , , , , , , , , , , , , , , , , , , , , , , , , , , , , , , , , , , , , , , , , , , , , , , , , , , , , , , , , , , , , , , , , , , , , , , , , , , , , , , , , , 
32.0,32.0,1,32.000,16/03/2026 18:48:31,24.204,,12.37, 13.25, 13.49,43.14, -1.54, 2.26,16.013, 13.935, 13.444, 12.537, 12.310, 11.958, 11.543, 11.697, 11.905, 12.256, 12.364, 12.542, 12.545, 12.649, 12.845, 13.014, 13.176, 13.324, 13.405, 13.445, 13.436, 13.435, 13.417, 13.333, 13.200, 13.164, 13.137, 12.893, 12.932, 12.922, 12.694, 12.814, 12.616, 12.644, 12.593, 12.588, 12.556, 12.632, 12.557, 12.738, 12.656, 12.832, 12.875, 12.851, 13.164, 12.901, 13.237, 13.123, 13.061, 13.319, 13.024, 13.137, 13.250, 13.021, 13.114, 13.193, 13.103, 13.145, 13.174, 13.207, 13.302, 13.205, 13.188, 13.396, 13.446, 13.222, 13.278, 13.545, 13.560, 13.299, 13.286, 13.514, 13.542, 13.301, 13.196, 13.412, 13.567, 13.431, 13.177, 13.169, 13.341, 13.466, 13.375, 13.240, 13.251, 13.386, 13.517, 13.503, 13.462, 13.499, 13.615, 13.677, 13.632, 13.536, 13.521, 13.658, 13.830, 13.874, 13.701, 13.436, 13.251, 13.284, 13.439, 13.497, 13.156, 12.346, 11.478, 10.955, 10.839, 10.950, 11.204, 11.462, 11.666, 11.747, 11.775, 11.831, 11.992, 12.278, 12.647, 12.974, 13.184, 13.239, 13.164, 13.036, 12.966, 13.016, 13.204, 13.475, 13.746, 13.908, 13.942, 13.835, 13.637, 13.399, 13.217, 13.166, 13.248, 13.414, 13.626, 13.817, 13.889, 13.849, 13.698, 13.462, 13.208, 13.015, 12.790, 12.775, 12.815, 12.901, 12.945, 12.833, 12.372, 11.289, 9.739, 8.441, 7.751, 7.391, 7.231, 7.228, 7.371, 7.635, 7.962, 8.348, 8.758, 9.170, 9.554, 9.887, 10.169, 10.413, 10.617, 10.799, 10.970, 11.139, 11.297, 11.470, 11.649, 11.820, 12.019, 12.184, 12.323, 12.427, 12.511, 12.617, 12.644, 12.590, 12.464, 12.367, 12.349, 12.390, 12.336, 12.320, 12.338, 12.364, 12.333, 12.337, 12.254, 12.129, 12.056, 11.879, 11.751, 11.681, 11.595, 11.463, 11.260, 11.043, 10.908, 10.623, 10.483, 10.230, 10.093, 9.921, 9.945, 9.724, 9.816, 9.853, 16.3,955572.0,1213599.0,865985.95,76830.26,4133.56,16717.90,577.88,9697.77,182.71,543.03,38.86,487.00,25.62,1423.08,29.28,909.03,19.29,1878.39,69.09,66.65,7.76,0.00,71.91,691.12,18.52,23975.98,163.61,0.00,129.89,0.00,17.77,24.65,2.69,114.24,3.32,28.14,1.55,0.00,5.00,102.18,1.48,193.07,2.08,21.48,1.03,157.31,1.95,11.41,1.16,0.00,57.43,48.62,10.15,38.01,6.85,0.00,552.18,0.00,577.30,0.00,59.19,5.33,1.20,22.68,1.60,26.74,4.18,0.00,158.07,0.00,69.96,224671.49,127405.76,6854.58,31587.85,1091.88,20746.78,390.88,1244.28,89.04,1215.99,63.97,1714.25,35.27,1271.92,26.99,3134.08,115.28,118.98,13.85,0.00,105.10,993.03,26.61,34279.51,233.92,0.00,165.15,0.00,22.61,30.86,3.37,142.20,4.13,37.15,2.05,0.00,7.03,111.74,1.62,228.32,2.46,27.28,1.31,212.49,2.63,13.37,1.36,0.00,76.58,52.22,10.90,43.42,7.82,0.00,701.00,0.00,691.09,0.00,69.49,5.76,1.30,24.43,1.72,29.81,4.66,0.00,179.87,0.00,79.36
32.5,32.5,1,32.500,16/03/2026 18:48:48,20.965,1157884.719, , , , , , , , , , , , , , , , , , , , , , , , , , , , , , , , , , , , , , , , , , , , , , , , , , , , , , , , , , , , , , , , , , , , , , , , , , , , , , , , , , , , , , , , , , , , , , , , , , , , , , , , , , , , , , , , , , , , , , , , , , , , , , , , , , , , , , , , , , , , , , , , , , , , , , , , , , , , , , , , , , , , , , , , , , , , , , , , , , , , , , , , , , , , , , , , , , , , , , , , , , , , , , , , , , , , , , , , , , , , , , , , , , , , , , , , , , , , , , , , , , , , , , , , , , , , , , , , , , , , , , , , , , , , , , , , , , , , , , , , , , , , , , , , , , , , , , , , , , , , , , , , , , , , , , , , , , , , , , , , , , , , , , , , , , , , , , , , , , , , , , , , , , , , , , , , , , , , , , , , , , , 
33.0,33.0,1,33.000,16/03/2026 18:49:14,18.060,,12.56, 13.38, 14.23,43.34, -1.07, 0.80,17.998, 16.570, 16.353, 14.581, 14.113, 13.332, 12.842, 12.755, 12.855, 13.050, 13.047, 13.130, 13.160, 13.127, 13.184, 13.263, 13.398, 13.493, 13.537, 13.550, 13.559, 13.570, 13.521, 13.410, 13.186, 13.014, 13.216, 13.321, 12.887, 12.782, 13.223, 12.746, 12.733, 13.051, 12.487, 13.000, 12.600, 12.870, 12.755, 12.877, 12.903, 12.971, 13.030, 13.139, 13.155, 13.332, 13.195, 13.481, 13.245, 13.461, 13.383, 13.306, 13.545, 13.333, 13.385, 13.568, 13.434, 13.493, 13.639, 13.584, 13.632, 13.700, 13.718, 13.777, 13.853, 13.863, 13.860, 13.850, 13.834, 13.988, 14.092, 13.931, 13.823, 14.021, 14.237, 14.071, 13.816, 13.848, 14.157, 14.216, 13.886, 13.703, 13.979, 14.411, 14.467, 14.113, 13.857, 14.079, 14.609, 14.885, 14.666, 14.233, 14.074, 14.416, 14.961, 15.175, 14.931, 14.491, 14.194, 14.295, 14.641, 14.911, 14.856, 14.462, 13.825, 13.149, 12.822, 12.898, 13.064, 12.929, 12.624, 12.377, 12.439, 12.860, 13.484, 14.078, 14.388, 14.399, 14.215, 14.012, 13.975, 14.171, 14.565, 15.051, 15.408, 15.568, 15.506, 15.296, 15.085, 14.953, 15.004, 15.185, 15.467, 15.712, 15.839, 15.862, 15.762, 15.566, 15.378, 15.274, 15.252, 15.337, 15.514, 15.678, 15.794, 15.812, 15.530, 15.327, 15.087, 14.880, 14.670, 14.438, 13.975, 13.063, 11.757, 10.795, 10.381, 10.163, 10.002, 9.881, 9.790, 9.750, 9.817, 10.025, 10.350, 10.816, 11.362, 11.935, 12.494, 12.982, 13.428, 13.699, 13.860, 13.953, 13.887, 13.767, 13.680, 13.603, 13.642, 13.737, 13.969, 14.274, 14.623, 15.028, 15.383, 15.635, 15.718, 15.732, 15.770, 15.792, 15.527, 15.239, 15.023, 14.683, 14.394, 14.101, 13.860, 13.607, 13.521, 13.576, 13.697, 14.022, 14.338, 14.693, 14.871, 15.063, 15.032, 14.959, 14.844, 14.575, 14.213, 13.769, 13.339, 12.892, 12.472, 12.150, 16.3,942500.0,1200972.0,883937.99,62557.42,4012.93,17049.18,590.03,8222.76,170.66,444.26,38.04,528.47,26.13,1806.34,31.42,1104.01,20.57,1855.22,69.32,94.53,8.23,143.36,21.04,609.73,17.73,20979.82,143.80,0.00,114.64,0.00,16.96,15.24,2.46,73.35,2.73,15.07,1.31,0.00,5.91,91.55,1.39,245.90,2.40,21.70,1.01,145.55,1.89,7.49,1.13,0.00,58.30,0.00,480.27,0.00,334.41,0.00,562.91,0.00,591.09,0.00,59.43,0.00,27.63,15.29,1.48,35.80,4.18,0.00,161.11,0.00,74.93,194756.72,103737.46,6654.54,32213.79,1114.84,17591.24,365.10,1017.96,87.16,1319.54,65.24,2175.93,37.85,1544.74,28.78,3095.42,115.66,168.75,14.69,209.53,30.75,876.08,25.48,29995.77,205.60,0.00,145.76,0.00,21.58,19.08,3.08,91.30,3.40,19.90,1.73,0.00,8.31,100.12,1.52,290.80,2.84,27.56,1.28,196.60,2.55,8.78,1.32,0.00,77.74,0.00,515.86,0.00,382.01,0.00,714.62,0.00,707.59,0.00,69.77,0.00,29.83,16.47,1.59,39.91,4.66,0.00,183.33,0.00,85.00
33.5,33.5,1,33.500,16/03/2026 18:49:40,20.175, , , , , , , , , , , , , , , , , , , , , , , , , , , , , , , , , , , , , , , , , , , , , , , , , , , , , , , , , , , , , , , , , , , , , , , , , , , , , , , , , , , , , , , , , , , , , , , , , , , , , , , , , , , , , , , , , , , , , , , , , , , , , , , , , , , , , , , , , , , , , , , , , , , , , , , , , , , , , , , , , , , , , , , , , , , , , , , , , , , , , , , , , , , , , , , , , , , , , , , , , , , , , , , , , , , , , , , , , , , , , , , , , , , , , , , , , , , , , , , , , , , , , , , , , , , , , , , , , , , , , , , , , , , , , , , , , , , , , , , , , , , , , , , , , , , , , , , , , , , , , , , , , , , , , , , , , , , , , , , , , , , , , , , , , , , , , , , , , , , , , , , , , , , , , , , , , , , , , , , , , , , , 
34.0,34.0,1,34.000,16/03/2026 18:49:58,20.900,,11.56, 12.31, 12.93,41.70, -0.98, 1.19,16.158, 15.421, 14.195, 13.151, 12.381, 11.963, 11.710, 11.551, 11.667, 11.836, 11.839, 11.911, 11.894, 12.006, 12.101, 12.155, 12.228, 12.362, 12.422, 12.468, 12.482, 12.433, 12.359, 12.343, 12.354, 12.224, 12.021, 12.063, 12.222, 11.973, 11.932, 12.020, 11.907, 11.896, 11.845, 11.985, 11.734, 12.096, 11.723, 12.200, 11.821, 12.293, 12.005, 12.350, 12.254, 12.387, 12.422, 12.473, 12.426, 12.594, 12.426, 12.471, 12.703, 12.333, 12.568, 12.755, 12.392, 12.650, 12.836, 12.558, 12.693, 12.900, 12.755, 12.760, 12.961, 12.965, 12.910, 12.870, 12.966, 13.078, 13.142, 12.967, 12.830, 13.015, 13.262, 13.137, 12.802, 12.823, 13.186, 13.301, 12.963, 12.703, 12.926, 13.378, 13.493, 13.165, 12.888, 13.048, 13.482, 13.755, 13.628, 13.297, 13.164, 13.370, 13.714, 13.887, 13.819, 13.608, 13.422, 13.392, 13.468, 13.558, 13.606, 13.526, 13.243, 12.728, 12.187, 11.865, 11.740, 11.684, 11.759, 11.971, 12.265, 12.517, 12.639, 12.686, 12.704, 12.805, 13.043, 13.378, 13.683, 13.849, 13.851, 13.722, 13.559, 13.507, 13.631, 13.919, 14.297, 14.603, 14.731, 14.634, 14.372, 14.029, 13.729, 13.599, 13.711, 14.016, 14.427, 14.796, 15.034, 15.025, 14.812, 14.416, 13.980, 13.607, 13.310, 13.301, 13.476, 13.785, 14.102, 14.255, 13.983, 13.083, 11.574, 10.211, 9.320, 8.755, 8.418, 8.333, 8.490, 8.838, 9.331, 9.912, 10.503, 11.053, 11.502, 11.824, 12.041, 12.145, 12.192, 12.190, 12.194, 12.218, 12.296, 12.445, 12.655, 12.881, 13.162, 13.420, 13.703, 13.942, 14.125, 14.271, 14.344, 14.351, 14.162, 13.994, 13.964, 13.970, 13.850, 13.796, 13.754, 13.761, 13.689, 13.622, 13.540, 13.374, 13.212, 13.175, 13.061, 13.139, 13.232, 13.261, 13.281, 13.222, 13.217, 13.178, 13.150, 12.958, 12.976, 12.754, 12.675, 12.522, 12.362, 12.297, 16.3,958985.0,1251283.0,878199.84,57275.49,3804.19,19570.61,600.65,15715.00,225.63,597.02,39.03,564.97,25.49,2350.33,33.47,1605.87,23.28,1846.97,68.33,0.00,22.57,136.32,19.46,716.35,18.67,20799.04,137.83,0.00,113.30,0.00,13.82,9.00,2.25,77.36,2.76,12.07,1.09,2.36,0.51,73.45,1.21,269.84,2.49,20.85,0.96,127.46,1.75,0.00,31.74,0.00,55.33,0.00,466.98,0.00,328.64,0.00,541.71,0.00,576.84,0.00,64.49,4.13,1.18,6.31,1.25,19.33,4.00,0.00,157.94,0.00,71.93,208238.15,94978.56,6308.40,36977.94,1134.91,33619.65,482.70,1367.99,89.43,1410.68,63.65,2831.22,40.32,2246.94,32.57,3081.66,114.01,0.00,40.29,199.24,28.44,1029.28,26.83,29737.30,197.06,0.00,144.06,0.00,17.59,11.27,2.82,96.29,3.44,15.94,1.44,3.32,0.72,80.32,1.32,319.11,2.94,26.48,1.22,172.17,2.36,0.00,37.21,0.00,73.78,0.00,501.59,0.00,375.42,0.00,687.71,0.00,690.54,0.00,75.71,4.46,1.27,6.80,1.35,21.55,4.46,0.00,179.72,0.00,81.60
34.5,34.5,1,34.500,16/03/2026 18:50:32,23.344, , , , , , , , , , , , , , , , , , , , , , , , , , , , , , , , , , , , , , , , , , , , , , , , , , , , , , , , , , , , , , , , , , , , , , , , , , , , , , , , , , , , , , , , , , , , , , , , , , , , , , , , , , , , , , , , , , , , , , , , , , , , , , , , , , , , , , , , , , , , , , , , , , , , , , , , , , , , , , , , , , , , , , , , , , , , , , , , , , , , , , , , , , , , , , , , , , , , , , , , , , , , , , , , , , , , , , , , , , , , , , , , , , , , , , , , , , , , , , , , , , , , , , , , , , , , , , , , , , , , , , , , , , , , , , , , , , , , , , , , , , , , , , , , , , , , , , , , , , , , , , , , , , , , , , , , , , , , , , , , , , , , , , , , , , , , , , , , , , , , , , , , , , , , , , , , , , , , , , , , , , , , 
35.0,35.0,1,35.000,16/03/2026 18:50:49,24.471,,14.37, 15.27, 16.35,46.00, -0.92, 0.60,22.976, 21.032, 19.364, 17.764, 16.696, 15.760, 15.096, 14.845, 14.902, 14.967, 15.014, 15.003, 15.071, 15.085, 15.054, 15.124, 15.261, 15.370, 15.441, 15.467, 15.517, 15.525, 15.367, 15.067, 14.970, 15.151, 15.206, 14.883, 14.941, 14.855, 14.812, 14.980, 14.439, 15.077, 14.418, 14.876, 14.599, 14.730, 14.707, 14.804, 14.688, 15.071, 14.636, 15.338, 14.776, 15.313, 15.205, 15.038, 15.457, 15.256, 15.023, 15.635, 15.223, 14.984, 15.800, 15.220, 14.954, 15.941, 15.451, 14.863, 15.923, 15.950, 14.943, 15.498, 16.374, 15.636, 14.881, 15.701, 16.407, 15.675, 15.032, 15.680, 16.311, 15.806, 15.187, 15.426, 16.048, 16.059, 15.549, 15.265, 15.519, 15.899, 15.965, 15.789, 15.638, 15.636, 15.760, 15.969, 16.172, 16.246, 16.079, 15.767, 15.652, 15.963, 16.468, 16.735, 16.517, 15.934, 15.424, 15.485, 16.054, 16.661, 16.821, 16.323, 15.289, 14.213, 13.821, 14.284, 15.039, 15.366, 15.090, 14.365, 13.676, 13.483, 14.007, 15.113, 16.232, 16.880, 16.852, 16.220, 15.343, 14.651, 14.508, 15.043, 16.061, 17.159, 17.921, 18.077, 17.609, 16.732, 15.796, 15.165, 14.994, 15.363, 16.155, 17.120, 17.962, 18.339, 18.203, 17.664, 16.883, 16.067, 15.454, 15.167, 15.254, 15.680, 16.248, 16.893, 17.447, 17.718, 17.630, 17.125, 16.200, 14.735, 12.945, 11.577, 10.902, 10.714, 10.823, 11.202, 11.713, 12.317, 12.854, 13.307, 13.665, 13.894, 14.009, 14.088, 14.117, 14.151, 14.191, 14.240, 14.304, 14.440, 14.579, 14.828, 15.112, 15.420, 15.766, 16.098, 16.431, 16.683, 16.914, 17.115, 17.271, 17.310, 17.166, 16.915, 16.757, 16.570, 16.240, 15.961, 15.744, 15.557, 15.427, 15.349, 15.354, 15.306, 15.415, 15.608, 15.933, 16.307, 16.770, 17.117, 17.338, 17.432, 17.472, 17.333, 17.026, 16.632, 16.215, 15.684, 15.047, 14.386, 14.022, 13.635, 16.3,986989.0,1174167.0,879636.46,71726.27,4214.66,16506.46,588.96,9230.12,183.46,660.68,42.19,586.15,27.53,723.95,26.92,1508.13,22.96,1994.37,72.58,28.55,7.70,0.00,62.93,515.99,16.64,15858.82,115.37,0.00,99.02,0.00,18.30,0.00,13.22,71.01,2.65,7.47,1.18,0.00,6.06,43.57,0.98,441.54,3.65,27.38,1.00,387.86,3.35,15.13,1.17,0.00,62.17,0.00,486.58,0.00,338.79,0.00,563.09,0.00,590.80,0.00,62.70,0.00,29.47,15.58,1.45,14.56,4.40,0.00,177.21,0.00,82.45,203907.77,118941.94,6989.07,31188.34,1112.82,19746.32,392.48,1513.86,96.67,1463.56,68.74,872.07,32.43,2110.18,32.13,3327.59,121.10,50.97,13.75,0.00,91.98,741.39,23.91,22674.05,164.95,0.00,125.90,0.00,23.29,0.00,16.55,88.39,3.30,9.86,1.56,0.00,8.52,47.65,1.07,522.16,4.32,34.77,1.27,523.91,4.53,17.74,1.37,0.00,82.90,0.00,522.64,0.00,387.01,0.00,714.85,0.00,707.25,0.00,73.61,0.00,31.82,16.78,1.56,16.23,4.91,0.00,201.65,0.00,93.53
35.5,35.5,1,35.500,16/03/2026 18:51:15,17.860, , , , , , , , , , , , , , , , , , , , , , , , , , , , , , , , , , , , , , , , , , , , , , , , , , , , , , , , , , , , , , , , , , , , , , , , , , , , , , , , , , , , , , , , , , , , , , , , , , , , , , , , , , , , , , , , , , , , , , , , , , , , , , , , , , , , , , , , , , , , , , , , , , , , , , , , , , , , , , , , , , , , , , , , , , , , , , , , , , , , , , , , , , , , , , , , , , , , , , , , , , , , , , , , , , , , , , , , , , , , , , , , , , , , , , , , , , , , , , , , , , , , , , , , , , , , , , , , , , , , , , , , , , , , , , , , , , , , , , , , , , , , , , , , , , , , , , , , , , , , , , , , , , , , , , , , , , , , , , , , , , , , , , , , , , , , , , , , , , , , , , , , , , , , , , , , , , , , , , , , , , , , 
36.0,36.0,1,36.000,16/03/2026 18:51:41,16.534,,13.67, 14.54, 15.53,44.99, -0.90, 0.66,24.620, 19.842, 18.655, 16.764, 15.868, 14.956, 14.462, 14.151, 14.043, 14.243, 14.235, 14.296, 14.246, 14.336, 14.402, 14.453, 14.527, 14.609, 14.657, 14.700, 14.731, 14.732, 14.619, 14.453, 14.360, 14.428, 14.425, 14.156, 14.167, 14.291, 14.013, 14.072, 14.082, 13.857, 14.103, 13.813, 14.067, 13.844, 14.079, 13.907, 14.193, 14.001, 14.357, 14.127, 14.464, 14.391, 14.402, 14.667, 14.369, 14.661, 14.563, 14.421, 14.791, 14.500, 14.457, 14.861, 14.584, 14.485, 14.908, 14.773, 14.551, 14.893, 15.020, 14.686, 14.852, 15.196, 15.139, 14.728, 14.941, 15.418, 15.215, 14.683, 14.821, 15.311, 15.338, 14.851, 14.690, 15.119, 15.488, 15.236, 14.713, 14.677, 15.218, 15.611, 15.401, 14.884, 14.725, 15.184, 15.793, 15.936, 15.514, 15.023, 14.974, 15.458, 16.029, 16.183, 15.816, 15.286, 15.014, 15.226, 15.724, 16.102, 16.014, 15.456, 14.567, 13.750, 13.420, 13.646, 13.990, 13.983, 13.666, 13.211, 13.009, 13.219, 13.827, 14.628, 15.276, 15.564, 15.424, 15.019, 14.598, 14.418, 14.612, 15.162, 15.864, 16.475, 16.799, 16.708, 16.324, 15.762, 15.261, 15.031, 15.124, 15.541, 16.129, 16.712, 17.116, 17.179, 16.896, 16.407, 15.792, 15.246, 14.915, 14.903, 15.154, 15.610, 16.095, 16.574, 16.858, 16.858, 16.529, 15.816, 14.706, 13.105, 11.299, 10.095, 9.707, 9.872, 10.318, 10.924, 11.530, 12.086, 12.429, 12.633, 12.614, 12.464, 12.214, 11.984, 11.839, 11.869, 12.094, 12.509, 13.080, 13.786, 14.499, 15.203, 15.773, 16.200, 16.398, 16.405, 16.232, 15.905, 15.473, 15.043, 14.624, 14.288, 13.988, 13.894, 14.109, 14.509, 14.934, 15.426, 16.000, 16.481, 16.893, 17.178, 17.200, 16.939, 16.533, 16.097, 15.493, 14.964, 14.404, 13.823, 13.319, 12.876, 12.527, 12.354, 12.419, 12.567, 12.848, 13.244, 13.695, 14.236, 14.831, 15.379, 16.2,1004807.0,1239404.0,883959.66,63968.67,3870.58,16885.47,561.24,9538.74,176.69,656.67,38.94,504.12,24.83,862.41,25.50,643.55,16.68,1520.00,63.72,0.00,18.93,97.50,18.10,545.72,16.43,20253.76,134.60,0.00,109.25,0.00,17.33,16.90,2.41,69.74,2.55,14.02,1.15,0.00,3.57,56.59,1.05,221.98,2.17,21.22,0.93,142.26,1.80,0.00,32.54,0.00,57.16,0.00,469.64,0.00,325.61,0.00,543.61,0.00,574.68,0.00,50.40,0.00,25.82,10.02,1.27,0.00,146.55,10.98,3.29,0.00,66.37,196205.13,106077.70,6418.49,31904.46,1060.44,20406.56,378.00,1504.67,89.23,1258.74,62.00,1038.86,30.72,900.46,23.34,2536.11,106.32,0.00,33.79,142.50,26.45,784.11,23.61,28957.69,192.44,0.00,138.91,0.00,22.05,21.16,3.02,86.81,3.17,18.51,1.52,0.00,5.02,61.89,1.15,262.51,2.57,26.95,1.18,192.16,2.43,0.00,38.14,0.00,76.22,0.00,504.45,0.00,371.95,0.00,690.12,0.00,687.95,0.00,59.17,0.00,27.88,10.79,1.37,0.00,163.38,12.49,3.74,0.00,75.29
36.5,36.5,1,36.500,16/03/2026 18:51:59,16.737, , , , , , , , , , , , , , , , , , , , , , , , , , , , , , , , , , , , , , , , , , , , , , , , , , , , , , , , , , , , , , , , , , , , , , , , , , , , , , , , , , , , , , , , , , , , , , , , , , , , , , , , , , , , , , , , , , , , , , , , , , , , , , , , , , , , , , , , , , , , , , , , , , , , , , , , , , , , , , , , , , , , , , , , , , , , , , , , , , , , , , , , , , , , , , , , , , , , , , , , , , , , , , , , , , , , , , , , , , , , , , , , , , , , , , , , , , , , , , , , , , , , , , , , , , , , , , , , , , , , , , , , , , , , , , , , , , , , , , , , , , , , , , , , , , , , , , , , , , , , , , , , , , , , , , , , , , , , , , , , , , , , , , , , , , , , , , , , , , , , , , , , , , , , , , , , , , , , , , , , , , , , 
37.0,37.0,1,37.000,16/03/2026 18:52:24,20.242,,10.28, 10.97, 11.15,39.52, -1.11, 2.17,13.408, 10.654, 11.145, 10.521, 10.174, 9.778, 9.702, 9.799, 9.856, 10.125, 10.217, 10.311, 10.359, 10.454, 10.598, 10.710, 10.834, 10.951, 11.031, 11.079, 11.114, 11.114, 11.095, 11.070, 11.022, 10.958, 10.907, 10.830, 10.814, 10.807, 10.734, 10.701, 10.726, 10.628, 10.676, 10.669, 10.653, 10.756, 10.694, 10.870, 10.815, 11.011, 10.984, 11.155, 11.191, 11.276, 11.363, 11.326, 11.465, 11.386, 11.413, 11.478, 11.407, 11.449, 11.461, 11.457, 11.520, 11.545, 11.553, 11.618, 11.701, 11.695, 11.700, 11.811, 11.896, 11.843, 11.774, 11.850, 11.964, 11.948, 11.868, 11.903, 11.990, 11.980, 11.919, 11.942, 12.052, 12.067, 11.994, 11.911, 11.959, 12.094, 12.169, 12.102, 12.031, 12.092, 12.252, 12.397, 12.412, 12.366, 12.337, 12.402, 12.550, 12.657, 12.657, 12.593, 12.562, 12.602, 12.681, 12.705, 12.652, 12.544, 12.409, 12.276, 11.985, 11.527, 11.050, 10.775, 10.603, 10.397, 10.283, 10.353, 10.669, 11.114, 11.517, 11.803, 11.896, 11.869, 11.836, 11.859, 12.009, 12.282, 12.588, 12.850, 13.013, 13.059, 12.992, 12.888, 12.805, 12.785, 12.860, 12.997, 13.163, 13.294, 13.356, 13.335, 13.250, 13.121, 13.010, 12.919, 12.888, 12.928, 12.985, 13.067, 13.117, 13.141, 13.088, 12.999, 12.870, 12.721, 12.516, 12.204, 11.660, 10.630, 9.253, 8.221, 7.792, 7.652, 7.623, 7.671, 7.744, 7.865, 8.015, 8.197, 8.439, 8.713, 9.039, 9.419, 9.812, 10.206, 10.598, 10.948, 11.241, 11.476, 11.625, 11.740, 11.782, 11.825, 11.834, 11.858, 11.906, 11.965, 12.060, 12.188, 12.329, 12.429, 12.430, 12.445, 12.631, 12.787, 12.776, 12.731, 12.710, 12.606, 12.423, 12.236, 11.992, 11.731, 11.465, 11.301, 11.151, 11.100, 11.063, 11.130, 11.153, 11.136, 11.127, 11.122, 11.076, 10.998, 10.921, 10.816, 10.723, 10.604, 10.439, 10.310, 16.3,974090.0,1263544.0,862469.41,67245.56,3879.82,19231.72,595.63,20716.60,261.74,812.51,41.90,494.40,25.26,2231.69,33.20,1635.75,23.67,1711.84,67.37,60.66,7.64,228.00,21.85,607.23,17.62,21864.50,145.39,0.00,117.44,0.00,15.50,8.51,2.29,65.33,2.61,12.50,1.21,0.00,5.53,89.37,1.36,267.77,2.50,24.16,1.02,162.64,1.96,7.07,1.12,0.00,57.00,0.00,478.66,0.00,333.06,0.00,553.01,0.00,589.76,14.25,3.23,0.00,27.42,12.63,1.39,25.88,4.05,0.00,158.56,0.00,76.29,236513.89,111511.68,6433.81,36337.62,1125.42,44319.74,559.95,1861.76,96.01,1234.47,63.07,2688.30,39.99,2288.75,33.12,2856.19,112.41,108.29,13.64,333.23,31.94,872.49,25.32,31260.63,207.87,0.00,149.32,0.00,19.73,10.65,2.87,81.32,3.25,16.50,1.60,0.00,7.77,97.73,1.49,316.66,2.96,30.68,1.30,219.69,2.65,8.29,1.31,0.00,76.01,0.00,514.14,0.00,380.46,0.00,702.06,0.00,706.00,16.73,3.79,0.00,29.61,13.61,1.50,28.85,4.52,0.00,180.43,0.00,86.55
37.5,37.5,1,37.500,16/03/2026 18:52:50,20.238,1157884.721, , , , , , , , , , , , , , , , , , , , , , , , , , , , , , , , , , , , , , , , , , , , , , , , , , , , , , , , , , , , , , , , , , , , , , , , , , , , , , , , , , , , , , , , , , , , , , , , , , , , , , , , , , , , , , , , , , , , , , , , , , , , , , , , , , , , , , , , , , , , , , , , , , , , , , , , , , , , , , , , , , , , , , , , , , , , , , , , , , , , , , , , , , , , , , , , , , , , , , , , , , , , , , , , , , , , , , , , , , , , , , , , , , , , , , , , , , , , , , , , , , , , , , , , , , , , , , , , , , , , , , , , , , , , , , , , , , , , , , , , , , , , , , , , , , , , , , , , , , , , , , , , , , , , , , , , , , , , , , , , , , , , , , , , , , , , , , , , , , , , , , , , , , , , , , , , , , , , , , , , , , , 
38.0,38.0,1,38.000,16/03/2026 18:53:08,25.463,,10.22, 10.93, 10.89,39.46, -1.29, 2.77,13.327, 10.542, 10.424, 9.962, 9.656, 9.234, 9.305, 9.288, 9.540, 9.853, 10.003, 10.116, 10.179, 10.286, 10.457, 10.611, 10.735, 10.892, 10.974, 11.057, 11.096, 11.113, 11.082, 11.046, 10.990, 10.924, 10.898, 10.825, 10.799, 10.776, 10.731, 10.713, 10.667, 10.664, 10.675, 10.662, 10.697, 10.726, 10.773, 10.843, 10.909, 11.002, 11.087, 11.182, 11.281, 11.360, 11.409, 11.458, 11.493, 11.491, 11.491, 11.519, 11.516, 11.517, 11.519, 11.560, 11.603, 11.603, 11.644, 11.704, 11.758, 11.743, 11.787, 11.894, 11.953, 11.917, 11.958, 11.998, 12.054, 12.073, 12.077, 12.063, 12.031, 12.066, 12.078, 12.113, 12.118, 12.102, 12.084, 12.092, 12.092, 12.114, 12.146, 12.168, 12.195, 12.249, 12.299, 12.358, 12.429, 12.496, 12.557, 12.574, 12.587, 12.608, 12.650, 12.718, 12.782, 12.792, 12.733, 12.634, 12.542, 12.513, 12.485, 12.380, 11.971, 11.248, 10.554, 10.161, 10.031, 9.953, 9.973, 10.092, 10.359, 10.693, 11.021, 11.293, 11.488, 11.630, 11.759, 11.896, 12.033, 12.198, 12.371, 12.538, 12.686, 12.799, 12.874, 12.914, 12.934, 12.939, 12.942, 12.946, 12.965, 12.991, 13.024, 13.044, 13.077, 13.093, 13.111, 13.080, 13.011, 12.941, 12.846, 12.765, 12.714, 12.691, 12.625, 12.627, 12.644, 12.604, 12.495, 12.210, 11.555, 10.269, 8.530, 7.179, 6.553, 6.323, 6.262, 6.354, 6.553, 6.819, 7.127, 7.449, 7.819, 8.180, 8.541, 8.904, 9.250, 9.572, 9.883, 10.163, 10.416, 10.649, 10.864, 11.048, 11.203, 11.337, 11.485, 11.613, 11.748, 11.860, 11.969, 12.070, 12.150, 12.155, 12.052, 11.975, 12.071, 12.169, 12.122, 12.086, 12.051, 11.988, 11.825, 11.686, 11.559, 11.294, 11.094, 10.917, 10.751, 10.721, 10.649, 10.584, 10.476, 10.444, 10.334, 10.255, 10.006, 9.904, 9.663, 9.499, 9.427, 9.334, 9.152, 8.997, 16.3,990883.0,1299406.0,860868.76,61031.52,3677.78,19426.80,591.06,23632.07,273.86,721.30,39.59,552.34,24.62,3993.12,41.29,1862.01,24.93,2294.87,72.40,94.44,8.19,0.00,70.73,678.79,18.01,24223.15,154.30,0.00,122.89,0.00,17.29,12.81,2.38,90.76,2.90,17.49,1.29,0.00,4.66,85.57,1.31,205.58,2.07,19.98,0.97,136.80,1.77,0.00,32.05,0.00,56.75,0.00,474.67,0.00,323.87,0.00,540.65,0.00,574.43,0.00,49.39,4.35,1.12,12.62,1.41,34.88,4.11,0.00,154.31,0.00,73.44,239279.50,101207.09,6098.77,36706.21,1116.79,50556.91,585.88,1652.76,90.72,1379.14,61.47,4810.13,49.74,2605.34,34.88,3828.98,120.80,168.59,14.62,0.00,103.38,975.31,25.88,34632.90,220.61,0.00,156.25,0.00,22.00,16.04,2.98,112.97,3.61,23.09,1.70,0.00,6.55,93.58,1.43,243.12,2.45,25.37,1.23,184.79,2.39,0.00,37.57,0.00,75.67,0.00,509.85,0.00,369.97,0.00,686.37,0.00,687.65,0.00,57.99,4.70,1.21,13.59,1.52,38.89,4.58,0.00,175.59,0.00,83.31
38.5,38.5,1,38.500,16/03/2026 18:53:34,25.131, , , , , , , , , , , , , , , , , , , , , , , , , , , , , , , , , , , , , , , , , , , , , , , , , , , , , , , , , , , , , , , , , , , , , , , , , , , , , , , , , , , , , , , , , , , , , , , , , , , , , , , , , , , , , , , , , , , , , , , , , , , , , , , , , , , , , , , , , , , , , , , , , , , , , , , , , , , , , , , , , , , , , , , , , , , , , , , , , , , , , , , , , , , , , , , , , , , , , , , , , , , , , , , , , , , , , , , , , , , , , , , , , , , , , , , , , , , , , , , , , , , , , , , , , , , , , , , , , , , , , , , , , , , , , , , , , , , , , , , , , , , , , , , , , , , , , , , , , , , , , , , , , , , , , , , , , , , , , , , , , , , , , , , , , , , , , , , , , , , , , , , , , , , , , , , , , , , , , , , , , , , , 
39.0,39.0,1,39.000,16/03/2026 18:53:51,26.587,,10.68, 11.46, 11.37,40.34, -1.54, 2.95,12.808, 10.849, 11.121, 9.974, 10.012, 9.768, 9.642, 9.625, 9.936, 10.269, 10.430, 10.551, 10.658, 10.786, 10.967, 11.113, 11.299, 11.457, 11.539, 11.619, 11.648, 11.649, 11.615, 11.579, 11.509, 11.423, 11.380, 11.305, 11.246, 11.200, 11.139, 11.104, 11.060, 11.038, 11.041, 11.020, 11.051, 11.061, 11.097, 11.163, 11.223, 11.313, 11.397, 11.488, 11.580, 11.645, 11.692, 11.735, 11.761, 11.763, 11.753, 11.771, 11.771, 11.753, 11.744, 11.791, 11.799, 11.799, 11.845, 11.907, 11.929, 11.929, 11.964, 12.045, 12.090, 12.092, 12.131, 12.148, 12.212, 12.224, 12.218, 12.189, 12.160, 12.167, 12.179, 12.195, 12.209, 12.201, 12.170, 12.143, 12.133, 12.168, 12.220, 12.228, 12.236, 12.243, 12.295, 12.378, 12.448, 12.531, 12.545, 12.536, 12.529, 12.556, 12.613, 12.692, 12.717, 12.707, 12.621, 12.528, 12.465, 12.438, 12.416, 12.275, 11.841, 11.107, 10.416, 10.047, 9.916, 9.851, 9.864, 9.969, 10.193, 10.501, 10.812, 11.090, 11.293, 11.430, 11.554, 11.673, 11.789, 11.941, 12.099, 12.272, 12.407, 12.529, 12.614, 12.642, 12.655, 12.654, 12.618, 12.628, 12.629, 12.655, 12.699, 12.734, 12.772, 12.793, 12.787, 12.734, 12.663, 12.557, 12.447, 12.372, 12.325, 12.301, 12.241, 12.266, 12.283, 12.264, 12.152, 11.847, 11.205, 9.941, 8.270, 6.962, 6.340, 6.114, 6.058, 6.171, 6.372, 6.637, 6.951, 7.288, 7.636, 7.984, 8.317, 8.652, 8.963, 9.231, 9.500, 9.764, 10.012, 10.228, 10.431, 10.621, 10.786, 10.956, 11.096, 11.222, 11.350, 11.464, 11.549, 11.663, 11.735, 11.708, 11.615, 11.531, 11.601, 11.673, 11.613, 11.588, 11.575, 11.503, 11.395, 11.283, 11.129, 10.925, 10.751, 10.575, 10.454, 10.409, 10.318, 10.284, 10.202, 10.113, 9.953, 9.847, 9.669, 9.539, 9.361, 9.161, 9.040, 8.846, 8.746, 8.702, 16.3,977914.0,1265594.0,869993.74,48088.34,3546.47,19615.39,589.76,26217.48,288.13,433.42,36.14,520.51,24.28,4319.24,42.67,2503.05,27.91,2424.71,73.66,36.96,7.48,204.24,21.05,652.40,17.90,24308.62,153.05,0.00,123.28,0.00,15.38,20.12,2.51,91.12,2.89,27.05,1.46,0.00,3.96,90.60,1.36,212.57,2.11,17.89,0.97,142.39,1.81,0.00,30.53,0.00,56.37,0.00,460.23,0.00,321.60,0.00,536.47,33.49,10.55,0.00,40.95,0.00,28.52,15.87,1.49,25.73,4.17,0.00,156.68,5.11,1.50,224826.39,79743.73,5881.03,37062.55,1114.33,56087.97,616.41,993.12,82.81,1299.66,60.62,5202.98,51.40,3502.28,39.05,4045.61,122.90,65.98,13.35,298.51,30.77,937.39,25.72,34755.10,218.82,0.00,156.75,0.00,19.57,25.19,3.14,113.42,3.60,35.71,1.93,0.00,5.56,99.08,1.49,251.39,2.50,22.72,1.23,192.34,2.44,0.00,35.79,0.00,75.17,0.00,494.34,0.00,367.37,0.00,681.06,40.09,12.63,0.00,48.08,0.00,30.79,17.10,1.61,28.68,4.65,0.00,178.29,5.80,1.70
39.5,39.5,1,39.500,16/03/2026 18:54:25,25.197, , , , , , , , , , , , , , , , , , , , , , , , , , , , , , , , , , , , , , , , , , , , , , , , , , , , , , , , , , , , , , , , , , , , , , , , , , , , , , , , , , , , , , , , , , , , , , , , , , , , , , , , , , , , , , , , , , , , , , , , , , , , , , , , , , , , , , , , , , , , , , , , , , , , , , , , , , , , , , , , , , , , , , , , , , , , , , , , , , , , , , , , , , , , , , , , , , , , , , , , , , , , , , , , , , , , , , , , , , , , , , , , , , , , , , , , , , , , , , , , , , , , , , , , , , , , , , , , , , , , , , , , , , , , , , , , , , , , , , , , , , , , , , , , , , , , , , , , , , , , , , , , , , , , , , , , , , , , , , , , , , , , , , , , , , , , , , , , , , , , , , , , , , , , , , , , , , , , , , , , , , , , 
40.0,40.0,1,40.000,16/03/2026 18:54:51,19.116,,10.06, 10.81, 10.66,39.25, -1.61, 3.10,10.468, 9.836, 9.592, 9.388, 8.934, 8.981, 8.893, 8.953, 9.239, 9.631, 9.780, 9.922, 10.007, 10.116, 10.315, 10.490, 10.635, 10.793, 10.888, 10.972, 11.016, 11.021, 10.957, 10.915, 10.867, 10.767, 10.730, 10.654, 10.576, 10.587, 10.477, 10.466, 10.412, 10.371, 10.397, 10.354, 10.391, 10.402, 10.419, 10.519, 10.528, 10.661, 10.716, 10.783, 10.939, 10.933, 11.034, 11.088, 11.042, 11.121, 11.089, 11.051, 11.128, 11.092, 11.035, 11.114, 11.165, 11.108, 11.143, 11.240, 11.281, 11.229, 11.258, 11.386, 11.435, 11.411, 11.438, 11.496, 11.576, 11.589, 11.488, 11.481, 11.505, 11.561, 11.531, 11.504, 11.516, 11.556, 11.555, 11.510, 11.449, 11.455, 11.525, 11.587, 11.615, 11.609, 11.625, 11.683, 11.777, 11.866, 11.928, 11.931, 11.920, 11.909, 11.941, 12.011, 12.070, 12.081, 12.021, 11.903, 11.786, 11.714, 11.630, 11.450, 10.936, 10.126, 9.381, 8.978, 8.795, 8.681, 8.665, 8.755, 9.026, 9.406, 9.795, 10.128, 10.368, 10.520, 10.625, 10.741, 10.875, 11.061, 11.267, 11.489, 11.688, 11.837, 11.924, 11.955, 11.929, 11.893, 11.863, 11.847, 11.882, 11.928, 12.002, 12.076, 12.131, 12.139, 12.113, 12.050, 11.922, 11.768, 11.632, 11.534, 11.474, 11.475, 11.438, 11.470, 11.488, 11.469, 11.322, 10.956, 10.177, 8.737, 6.948, 5.648, 5.073, 4.865, 4.829, 4.908, 5.100, 5.356, 5.642, 5.964, 6.303, 6.653, 7.007, 7.335, 7.654, 7.953, 8.245, 8.517, 8.774, 9.012, 9.231, 9.433, 9.601, 9.768, 9.923, 10.074, 10.213, 10.324, 10.444, 10.559, 10.627, 10.653, 10.577, 10.508, 10.595, 10.637, 10.571, 10.508, 10.452, 10.364, 10.260, 10.084, 9.903, 9.684, 9.437, 9.245, 9.108, 8.982, 8.924, 8.793, 8.718, 8.593, 8.520, 8.399, 8.205, 8.043, 7.891, 7.730, 7.622, 7.381, 7.315, 7.330, 16.3,993733.0,1223141.0,872527.08,69457.95,3851.81,16153.64,551.08,8527.52,164.82,403.93,34.87,445.36,23.63,2203.76,31.51,1252.81,20.13,2140.73,69.29,51.61,7.35,120.97,18.94,802.68,19.15,25198.49,163.19,0.00,123.59,0.00,16.77,16.15,2.44,95.61,2.97,30.72,1.50,0.00,5.80,90.30,1.35,226.55,2.22,9.94,0.91,130.22,1.75,0.00,30.78,0.00,54.16,0.00,456.99,24.36,6.67,0.00,531.85,47.77,10.65,0.00,50.19,0.00,27.07,18.21,1.51,23.62,4.06,0.00,153.15,0.00,74.00,212277.90,115180.44,6387.36,30521.70,1041.25,18243.22,352.61,925.55,79.90,1112.02,59.00,2654.66,37.96,1752.94,28.17,3571.79,115.61,92.13,13.12,176.80,27.68,1153.32,27.52,36027.39,233.32,0.00,157.14,0.00,21.34,20.22,3.05,119.01,3.70,40.56,1.98,0.00,8.15,98.75,1.48,267.92,2.63,12.62,1.16,175.90,2.36,0.00,36.08,0.00,72.22,0.00,490.86,27.83,7.62,0.00,675.19,57.19,12.75,0.00,58.93,0.00,29.23,19.62,1.63,26.33,4.53,0.00,174.27,0.00,83.95
40.5,40.5,1,40.500,16/03/2026 18:55:26,21.493, , , , , , , , , , , , , , , , , , , , , , , , , , , , , , , , , , , , , , , , , , , , , , , , , , , , , , , , , , , , , , , , , , , , , , , , , , , , , , , , , , , , , , , , , , , , , , , , , , , , , , , , , , , , , , , , , , , , , , , , , , , , , , , , , , , , , , , , , , , , , , , , , , , , , , , , , , , , , , , , , , , , , , , , , , , , , , , , , , , , , , , , , , , , , , , , , , , , , , , , , , , , , , , , , , , , , , , , , , , , , , , , , , , , , , , , , , , , , , , , , , , , , , , , , , , , , , , , , , , , , , , , , , , , , , , , , , , , , , , , , , , , , , , , , , , , , , , , , , , , , , , , , , , , , , , , , , , , , , , , , , , , , , , , , , , , , , , , , , , , , , , , , , , , , , , , , , , , , , , , , , , , 
41.0,41.0,1,41.000,16/03/2026 18:55:52,25.793,,9.74, 10.43, 10.40,38.61, -1.41, 2.74,10.544, 10.213, 10.491, 9.339, 9.153, 8.981, 8.720, 8.885, 9.078, 9.378, 9.526, 9.689, 9.718, 9.854, 10.001, 10.168, 10.298, 10.418, 10.510, 10.565, 10.583, 10.609, 10.578, 10.528, 10.482, 10.426, 10.363, 10.298, 10.267, 10.219, 10.187, 10.149, 10.113, 10.096, 10.093, 10.092, 10.118, 10.142, 10.189, 10.244, 10.336, 10.390, 10.511, 10.585, 10.675, 10.780, 10.795, 10.867, 10.915, 10.891, 10.919, 10.951, 10.929, 10.925, 10.958, 10.964, 10.992, 11.019, 11.070, 11.105, 11.157, 11.195, 11.227, 11.295, 11.370, 11.392, 11.432, 11.421, 11.493, 11.541, 11.521, 11.515, 11.486, 11.537, 11.581, 11.583, 11.569, 11.559, 11.562, 11.576, 11.577, 11.603, 11.627, 11.656, 11.692, 11.757, 11.795, 11.859, 11.920, 11.991, 12.041, 12.073, 12.098, 12.128, 12.173, 12.220, 12.261, 12.283, 12.241, 12.178, 12.113, 12.080, 12.035, 11.899, 11.482, 10.775, 10.127, 9.794, 9.678, 9.611, 9.595, 9.674, 9.901, 10.218, 10.551, 10.861, 11.091, 11.237, 11.358, 11.454, 11.564, 11.691, 11.859, 12.034, 12.206, 12.362, 12.479, 12.534, 12.540, 12.521, 12.488, 12.458, 12.451, 12.471, 12.518, 12.585, 12.651, 12.701, 12.716, 12.683, 12.597, 12.499, 12.374, 12.277, 12.204, 12.181, 12.123, 12.150, 12.175, 12.160, 12.082, 11.797, 11.164, 9.900, 8.208, 6.901, 6.272, 6.020, 5.957, 6.028, 6.221, 6.480, 6.782, 7.130, 7.488, 7.853, 8.213, 8.553, 8.885, 9.189, 9.484, 9.755, 9.991, 10.208, 10.402, 10.580, 10.731, 10.863, 11.007, 11.147, 11.268, 11.384, 11.490, 11.606, 11.678, 11.681, 11.596, 11.518, 11.608, 11.694, 11.645, 11.598, 11.593, 11.537, 11.394, 11.287, 11.101, 10.852, 10.643, 10.482, 10.312, 10.247, 10.238, 10.186, 10.124, 10.039, 9.877, 9.769, 9.676, 9.510, 9.335, 9.137, 9.026, 9.025, 8.825, 8.732, 16.3,979906.0,1173541.0,888685.99,63565.15,3876.31,15190.47,537.22,4396.10,127.25,374.29,34.88,526.78,24.63,566.83,23.57,877.59,17.37,1245.71,59.45,68.22,7.40,0.00,69.42,602.25,16.86,23194.69,152.11,0.00,118.97,0.00,15.54,23.39,2.55,69.87,2.65,24.70,1.25,0.00,5.47,95.36,1.38,211.99,2.12,19.76,0.98,141.71,1.82,5.34,1.10,0.00,55.52,75.03,9.86,0.00,314.28,0.00,522.94,0.00,553.93,19.80,3.33,0.00,28.95,5.13,1.25,0.00,146.68,13.82,3.36,0.00,77.48,184678.54,105408.55,6427.99,28701.83,1015.06,9404.73,272.23,857.64,79.92,1315.32,61.50,682.81,28.39,1227.93,24.30,2078.46,99.19,121.79,13.21,0.00,101.46,865.34,24.23,33162.46,217.48,0.00,151.27,0.00,19.78,29.28,3.19,86.97,3.30,32.61,1.65,0.00,7.69,104.29,1.51,250.70,2.51,25.09,1.24,191.42,2.46,6.26,1.29,0.00,74.03,80.59,10.59,0.00,359.01,0.00,663.88,0.00,663.11,23.25,3.91,0.00,31.26,5.53,1.35,0.00,163.52,15.73,3.82,0.00,87.90
41.5,41.5,1,41.500,16/03/2026 18:56:26,22.086, , , , , , , , , , , , , , , , , , , , , , , , , , , , , , , , , , , , , , , , , , , , , , , , , , , , , , , , , , , , , , , , , , , , , , , , , , , , , , , , , , , , , , , , , , , , , , , , , , , , , , , , , , , , , , , , , , , , , , , , , , , , , , , , , , , , , , , , , , , , , , , , , , , , , , , , , , , , , , , , , , , , , , , , , , , , , , , , , , , , , , , , , , , , , , , , , , , , , , , , , , , , , , , , , , , , , , , , , , , , , , , , , , , , , , , , , , , , , , , , , , , , , , , , , , , , , , , , , , , , , , , , , , , , , , , , , , , , , , , , , , , , , , , , , , , , , , , , , , , , , , , , , , , , , , , , , , , , , , , , , , , , , , , , , , , , , , , , , , , , , , , , , , , , , , , , , , , , , , , , , , , , 
42.0,42.0,1,42.000,16/03/2026 18:56:52,19.708,,9.72, 10.40, 10.46,38.55, -1.32, 2.45,13.473, 10.997, 10.347, 9.542, 9.168, 8.967, 8.989, 9.102, 9.157, 9.467, 9.595, 9.728, 9.752, 9.866, 10.030, 10.139, 10.278, 10.396, 10.483, 10.527, 10.551, 10.560, 10.537, 10.494, 10.435, 10.364, 10.321, 10.264, 10.229, 10.194, 10.150, 10.129, 10.091, 10.074, 10.078, 10.075, 10.099, 10.124, 10.159, 10.225, 10.295, 10.379, 10.463, 10.547, 10.641, 10.714, 10.758, 10.812, 10.842, 10.846, 10.844, 10.862, 10.871, 10.851, 10.852, 10.892, 10.924, 10.920, 10.970, 11.048, 11.100, 11.091, 11.139, 11.231, 11.276, 11.277, 11.308, 11.335, 11.407, 11.420, 11.403, 11.375, 11.387, 11.414, 11.421, 11.445, 11.452, 11.439, 11.443, 11.456, 11.451, 11.482, 11.524, 11.571, 11.590, 11.610, 11.654, 11.734, 11.819, 11.895, 11.929, 11.948, 11.949, 11.973, 12.039, 12.126, 12.188, 12.200, 12.147, 12.072, 12.023, 12.013, 12.004, 11.932, 11.608, 11.004, 10.386, 10.068, 9.982, 9.924, 9.923, 10.020, 10.232, 10.524, 10.824, 11.097, 11.271, 11.390, 11.486, 11.568, 11.670, 11.796, 11.943, 12.106, 12.259, 12.376, 12.454, 12.502, 12.502, 12.487, 12.469, 12.456, 12.464, 12.503, 12.553, 12.607, 12.675, 12.697, 12.705, 12.674, 12.614, 12.529, 12.445, 12.371, 12.337, 12.318, 12.260, 12.289, 12.321, 12.308, 12.212, 11.975, 11.408, 10.277, 8.663, 7.368, 6.745, 6.504, 6.450, 6.542, 6.752, 7.016, 7.322, 7.659, 8.012, 8.358, 8.686, 9.002, 9.305, 9.593, 9.864, 10.109, 10.349, 10.561, 10.767, 10.933, 11.099, 11.249, 11.379, 11.522, 11.622, 11.737, 11.822, 11.911, 11.955, 11.925, 11.820, 11.722, 11.821, 11.919, 11.886, 11.862, 11.866, 11.826, 11.765, 11.652, 11.522, 11.288, 11.091, 10.929, 10.808, 10.771, 10.737, 10.704, 10.614, 10.533, 10.406, 10.259, 10.218, 10.104, 9.941, 9.782, 9.557, 9.507, 9.365, 9.243, 16.3,991009.0,1187331.0,887544.33,63696.54,3874.02,11635.19,506.12,5257.66,135.78,488.84,36.35,454.43,24.03,2195.12,31.60,1472.56,21.13,1778.47,65.80,42.88,7.20,0.00,69.66,543.49,16.26,24183.39,158.49,0.00,124.76,0.00,14.31,0.00,13.30,48.51,2.30,21.43,1.40,2.49,0.52,107.47,1.48,252.10,2.39,13.25,0.96,147.50,1.87,6.16,1.10,0.00,56.10,0.00,460.69,0.00,322.32,84.53,9.94,0.00,570.07,0.00,59.56,4.68,1.17,18.93,1.52,0.00,144.42,0.00,160.02,0.00,74.05,185082.78,105626.43,6424.19,21984.26,956.29,11247.90,290.48,1120.11,83.29,1134.67,60.00,2644.25,38.07,2060.41,29.57,2967.37,109.79,76.55,12.85,0.00,101.81,780.91,23.36,34576.05,226.60,0.00,158.63,0.00,18.21,0.00,16.65,60.38,2.86,28.29,1.85,3.50,0.73,117.53,1.62,298.13,2.83,16.83,1.22,199.24,2.53,7.22,1.29,0.00,74.81,0.00,494.83,0.00,368.20,107.31,12.62,0.00,682.43,0.00,69.93,5.05,1.26,20.39,1.64,0.00,161.00,0.00,182.09,0.00,84.00
42.5,42.5,1,42.500,16/03/2026 18:57:36,26.183,1157883.997, , , , , , , , , , , , , , , , , , , , , , , , , , , , , , , , , , , , , , , , , , , , , , , , , , , , , , , , , , , , , , , , , , , , , , , , , , , , , , , , , , , , , , , , , , , , , , , , , , , , , , , , , , , , , , , , , , , , , , , , , , , , , , , , , , , , , , , , , , , , , , , , , , , , , , , , , , , , , , , , , , , , , , , , , , , , , , , , , , , , , , , , , , , , , , , , , , , , , , , , , , , , , , , , , , , , , , , , , , , , , , , , , , , , , , , , , , , , , , , , , , , , , , , , , , , , , , , , , , , , , , , , , , , , , , , , , , , , , , , , , , , , , , , , , , , , , , , , , , , , , , , , , , , , , , , , , , , , , , , , , , , , , , , , , , , , , , , , , , , , , , , , , , , , , , , , , , , , , , , , , , , 
43.0,43.0,1,43.000,16/03/2026 18:57:53,25.852,,12.00, 12.89, 12.99,42.60, -1.73, 2.58,15.988, 12.201, 12.663, 11.496, 11.368, 11.167, 11.068, 11.161, 11.355, 11.737, 11.885, 12.079, 12.167, 12.326, 12.502, 12.630, 12.798, 12.960, 13.050, 13.092, 13.099, 13.112, 13.066, 12.959, 12.901, 12.817, 12.663, 12.651, 12.506, 12.469, 12.384, 12.312, 12.249, 12.200, 12.162, 12.178, 12.113, 12.215, 12.133, 12.284, 12.285, 12.354, 12.498, 12.502, 12.642, 12.726, 12.712, 12.782, 12.813, 12.779, 12.762, 12.779, 12.761, 12.712, 12.701, 12.746, 12.757, 12.730, 12.746, 12.830, 12.870, 12.831, 12.833, 12.946, 13.037, 12.989, 12.951, 12.961, 13.070, 13.158, 13.057, 12.918, 12.891, 12.999, 13.065, 13.029, 12.910, 12.844, 12.876, 12.958, 12.970, 12.934, 12.866, 12.847, 12.886, 12.997, 13.097, 13.144, 13.129, 13.100, 13.091, 13.129, 13.218, 13.305, 13.345, 13.333, 13.288, 13.198, 13.133, 13.102, 13.100, 13.136, 13.107, 12.952, 12.497, 11.788, 11.147, 10.836, 10.756, 10.741, 10.779, 10.874, 11.060, 11.282, 11.519, 11.729, 11.892, 12.030, 12.164, 12.290, 12.416, 12.565, 12.703, 12.829, 12.938, 12.994, 13.044, 13.064, 13.056, 13.045, 13.042, 13.054, 13.079, 13.131, 13.175, 13.208, 13.240, 13.240, 13.209, 13.142, 13.035, 12.939, 12.844, 12.776, 12.748, 12.731, 12.682, 12.714, 12.741, 12.733, 12.635, 12.361, 11.801, 10.663, 9.109, 7.843, 7.230, 6.966, 6.916, 7.007, 7.210, 7.490, 7.792, 8.124, 8.471, 8.794, 9.114, 9.418, 9.703, 9.959, 10.197, 10.430, 10.615, 10.805, 10.966, 11.118, 11.251, 11.371, 11.485, 11.611, 11.716, 11.815, 11.895, 12.014, 12.070, 12.087, 12.047, 11.983, 12.068, 12.122, 12.088, 12.054, 12.072, 12.036, 11.931, 11.850, 11.660, 11.471, 11.288, 11.115, 10.981, 10.926, 10.914, 10.815, 10.751, 10.664, 10.529, 10.468, 10.304, 10.170, 10.106, 9.845, 9.821, 9.755, 9.656, 9.568, 16.3,990622.0,1191621.0,876478.27,69785.77,3914.51,14091.92,527.60,6885.98,151.30,442.62,35.75,428.14,23.79,1460.06,27.87,1538.25,21.39,2104.75,69.28,52.62,7.39,0.00,67.37,685.05,17.88,25377.43,166.21,0.00,129.03,0.00,16.92,18.61,2.51,67.69,2.63,19.11,1.37,0.00,5.36,90.29,1.37,218.67,2.19,19.62,0.99,153.88,1.90,5.52,1.11,0.00,54.76,0.00,470.00,0.00,317.31,0.00,543.17,38.61,10.59,0.00,60.44,0.00,31.20,17.47,1.50,19.69,4.11,0.00,155.78,0.00,76.32,204765.56,115724.05,6491.34,26626.16,996.88,14731.42,323.68,1014.20,81.92,1069.02,59.40,1758.79,33.57,2152.33,29.93,3511.76,115.59,93.94,13.19,0.00,98.47,984.31,25.69,36283.22,237.64,0.00,164.06,0.00,21.53,23.30,3.14,84.25,3.27,25.23,1.81,0.00,7.53,98.74,1.50,258.60,2.59,24.92,1.26,207.86,2.57,6.47,1.30,0.00,73.02,0.00,504.83,0.00,362.47,0.00,689.56,46.22,12.68,0.00,70.96,0.00,33.69,18.82,1.62,21.95,4.58,0.00,177.26,0.00,86.58
43.5,43.5,1,43.500,16/03/2026 18:58:36,25.257, , , , , , , , , , , , , , , , , , , , , , , , , , , , , , , , , , , , , , , , , , , , , , , , , , , , , , , , , , , , , , , , , , , , , , , , , , , , , , , , , , , , , , , , , , , , , , , , , , , , , , , , , , , , , , , , , , , , , , , , , , , , , , , , , , , , , , , , , , , , , , , , , , , , , , , , , , , , , , , , , , , , , , , , , , , , , , , , , , , , , , , , , , , , , , , , , , , , , , , , , , , , , , , , , , , , , , , , , , , , , , , , , , , , , , , , , , , , , , , , , , , , , , , , , , , , , , , , , , , , , , , , , , , , , , , , , , , , , , , , , , , , , , , , , , , , , , , , , , , , , , , , , , , , , , , , , , , , , , , , , , , , , , , , , , , , , , , , , , , , , , , , , , , , , , , , , , , , , , , , , , , , 
44.0,44.0,1,44.000,16/03/2026 18:58:53,25.588,,11.34, 12.20, 12.21,41.53, -1.83, 2.73,13.207, 11.734, 11.167, 10.548, 10.594, 10.302, 10.233, 10.339, 10.650, 11.001, 11.212, 11.369, 11.459, 11.612, 11.792, 11.933, 12.104, 12.265, 12.344, 12.400, 12.426, 12.414, 12.364, 12.291, 12.204, 12.092, 12.002, 11.903, 11.827, 11.757, 11.680, 11.615, 11.546, 11.498, 11.476, 11.445, 11.449, 11.456, 11.479, 11.548, 11.588, 11.686, 11.749, 11.839, 11.931, 11.992, 12.038, 12.074, 12.079, 12.086, 12.058, 12.053, 12.057, 12.018, 11.996, 12.042, 12.047, 12.016, 12.054, 12.137, 12.132, 12.120, 12.156, 12.250, 12.271, 12.257, 12.321, 12.335, 12.357, 12.331, 12.319, 12.315, 12.281, 12.272, 12.285, 12.275, 12.293, 12.276, 12.228, 12.193, 12.173, 12.210, 12.243, 12.249, 12.230, 12.236, 12.293, 12.364, 12.438, 12.491, 12.500, 12.475, 12.469, 12.503, 12.566, 12.628, 12.636, 12.601, 12.509, 12.418, 12.355, 12.340, 12.309, 12.165, 11.739, 11.034, 10.391, 10.043, 9.923, 9.844, 9.854, 9.938, 10.130, 10.419, 10.710, 10.973, 11.176, 11.317, 11.417, 11.508, 11.615, 11.731, 11.868, 12.017, 12.161, 12.282, 12.355, 12.400, 12.394, 12.365, 12.334, 12.310, 12.303, 12.325, 12.358, 12.408, 12.445, 12.468, 12.461, 12.414, 12.331, 12.230, 12.119, 12.028, 11.978, 11.963, 11.859, 11.879, 11.893, 11.867, 11.765, 11.499, 10.889, 9.726, 8.142, 6.880, 6.255, 6.020, 5.977, 6.065, 6.261, 6.520, 6.815, 7.135, 7.473, 7.790, 8.119, 8.424, 8.713, 8.984, 9.252, 9.483, 9.696, 9.901, 10.086, 10.250, 10.397, 10.541, 10.668, 10.783, 10.885, 10.977, 11.052, 11.129, 11.195, 11.190, 11.138, 11.084, 11.135, 11.191, 11.168, 11.125, 11.102, 11.029, 10.960, 10.820, 10.714, 10.522, 10.308, 10.182, 10.037, 9.948, 9.870, 9.812, 9.746, 9.586, 9.491, 9.369, 9.179, 9.056, 8.961, 8.800, 8.675, 8.491, 8.308, 8.412, 16.3,1020606.0,1268576.0,895195.47,42549.55,3523.04,13694.39,513.85,9673.65,170.96,296.81,32.60,418.12,22.73,2460.46,31.88,1616.77,21.50,2051.01,66.64,0.00,24.00,105.13,18.25,870.30,19.58,30323.74,187.30,0.00,140.17,0.00,15.50,29.18,2.74,81.09,2.84,30.57,1.71,2.81,0.54,100.99,1.43,167.63,1.85,9.90,0.95,147.61,1.85,4.61,1.10,0.00,53.57,52.29,10.00,33.88,6.77,0.00,528.84,46.99,10.95,0.00,55.61,0.00,25.79,37.04,1.84,0.00,139.58,0.00,154.68,0.00,62.48,173159.53,70558.89,5842.17,25875.04,970.90,20695.18,365.74,680.10,74.70,1044.01,56.75,2963.88,38.40,2262.19,30.08,3422.10,111.19,0.00,42.84,153.65,26.67,1250.48,28.13,43355.18,267.79,0.00,178.22,0.00,19.73,36.53,3.43,100.93,3.53,40.36,2.26,3.95,0.76,110.44,1.56,198.24,2.19,12.57,1.21,199.39,2.50,5.40,1.29,0.00,71.43,56.17,10.74,38.70,7.73,0.00,671.37,56.25,13.11,0.00,65.29,0.00,27.85,39.90,1.98,0.00,155.61,0.00,176.01,0.00,70.88
44.5,44.5,1,44.500,16/03/2026 18:59:45,25.923, , , , , , , , , , , , , , , , , , , , , , , , , , , , , , , , , , , , , , , , , , , , , , , , , , , , , , , , , , , , , , , , , , , , , , , , , , , , , , , , , , , , , , , , , , , , , , , , , , , , , , , , , , , , , , , , , , , , , , , , , , , , , , , , , , , , , , , , , , , , , , , , , , , , , , , , , , , , , , , , , , , , , , , , , , , , , , , , , , , , , , , , , , , , , , , , , , , , , , , , , , , , , , , , , , , , , , , , , , , , , , , , , , , , , , , , , , , , , , , , , , , , , , , , , , , , , , , , , , , , , , , , , , , , , , , , , , , , , , , , , , , , , , , , , , , , , , , , , , , , , , , , , , , , , , , , , , , , , , , , , , , , , , , , , , , , , , , , , , , , , , , , , , , , , , , , , , , , , , , , , , , , 
45.0,45.0,1,45.000,16/03/2026 19:00:11,23.277,,10.90, 11.73, 11.58,40.78, -1.81, 3.13,10.746, 11.243, 11.049, 9.864, 9.504, 9.787, 9.640, 9.806, 10.024, 10.436, 10.635, 10.779, 10.894, 11.025, 11.223, 11.390, 11.575, 11.744, 11.852, 11.925, 11.954, 11.953, 11.918, 11.847, 11.757, 11.662, 11.586, 11.491, 11.425, 11.357, 11.290, 11.232, 11.176, 11.130, 11.112, 11.084, 11.099, 11.104, 11.143, 11.200, 11.267, 11.352, 11.428, 11.523, 11.605, 11.678, 11.722, 11.766, 11.788, 11.781, 11.759, 11.769, 11.769, 11.738, 11.725, 11.767, 11.761, 11.740, 11.790, 11.854, 11.861, 11.845, 11.889, 11.973, 11.988, 11.995, 12.007, 12.042, 12.088, 12.121, 12.073, 12.068, 12.023, 12.021, 12.037, 12.041, 12.060, 12.022, 12.002, 11.972, 11.954, 11.974, 12.009, 12.021, 12.020, 12.026, 12.078, 12.145, 12.222, 12.282, 12.298, 12.284, 12.286, 12.314, 12.360, 12.422, 12.448, 12.431, 12.334, 12.221, 12.142, 12.108, 12.072, 11.911, 11.438, 10.672, 9.992, 9.610, 9.480, 9.404, 9.415, 9.508, 9.732, 10.024, 10.325, 10.604, 10.807, 10.958, 11.090, 11.210, 11.348, 11.488, 11.641, 11.789, 11.938, 12.049, 12.138, 12.185, 12.184, 12.187, 12.172, 12.166, 12.161, 12.182, 12.202, 12.227, 12.256, 12.281, 12.258, 12.219, 12.136, 12.030, 11.925, 11.839, 11.781, 11.756, 11.676, 11.685, 11.675, 11.650, 11.520, 11.228, 10.576, 9.354, 7.750, 6.498, 5.892, 5.667, 5.623, 5.710, 5.907, 6.164, 6.444, 6.764, 7.097, 7.437, 7.740, 8.053, 8.343, 8.624, 8.885, 9.127, 9.355, 9.578, 9.756, 9.926, 10.096, 10.231, 10.366, 10.500, 10.614, 10.700, 10.809, 10.896, 10.935, 10.970, 10.881, 10.834, 10.878, 10.916, 10.881, 10.837, 10.794, 10.715, 10.625, 10.508, 10.328, 10.184, 9.973, 9.838, 9.709, 9.619, 9.545, 9.451, 9.384, 9.307, 9.137, 8.986, 8.891, 8.650, 8.485, 8.342, 8.155, 8.104, 7.928, 7.963, 16.3,981948.0,1234850.0,894507.45,59267.11,3841.62,13131.88,505.51,4271.20,125.13,637.17,37.86,644.67,25.27,0.00,1075.99,449.92,14.49,1141.53,57.43,33.78,6.62,260.42,20.86,802.67,19.05,24260.13,157.58,0.00,124.94,0.00,14.57,15.34,2.37,67.83,2.57,35.49,1.54,0.00,5.56,110.09,1.48,160.34,1.79,14.71,0.96,98.13,1.54,6.77,1.09,0.00,53.79,0.00,450.92,0.00,314.87,0.00,528.65,47.40,10.48,0.00,54.07,0.00,26.07,18.92,1.48,17.05,4.03,0.00,153.12,0.00,66.44,174830.57,98281.21,6370.47,24812.20,955.14,9137.53,267.69,1459.99,86.75,1609.68,63.10,0.00,1296.14,629.53,20.27,1904.64,95.82,60.30,11.82,380.62,30.49,1153.31,27.37,34685.77,225.30,0.00,158.86,0.00,18.54,19.20,2.97,84.43,3.20,46.86,2.03,0.00,7.81,120.39,1.62,189.62,2.12,18.68,1.22,132.55,2.08,7.94,1.28,0.00,71.73,0.00,484.34,0.00,359.69,0.00,671.13,56.74,12.55,0.00,63.48,0.00,28.15,20.38,1.59,19.01,4.49,0.00,174.24,0.00,75.37
45.5,45.5,1,45.500,16/03/2026 19:00:46,26.584, , , , , , , , , , , , , , , , , , , , , , , , , , , , , , , , , , , , , , , , , , , , , , , , , , , , , , , , , , , , , , , , , , , , , , , , , , , , , , , , , , , , , , , , , , , , , , , , , , , , , , , , , , , , , , , , , , , , , , , , , , , , , , , , , , , , , , , , , , , , , , , , , , , , , , , , , , , , , , , , , , , , , , , , , , , , , , , , , , , , , , , , , , , , , , , , , , , , , , , , , , , , , , , , , , , , , , , , , , , , , , , , , , , , , , , , , , , , , , , , , , , , , , , , , , , , , , , , , , , , , , , , , , , , , , , , , , , , , , , , , , , , , , , , , , , , , , , , , , , , , , , , , , , , , , , , , , , , , , , , , , , , , , , , , , , , , , , , , , , , , , , , , , , , , , , , , , , , , , , , , , , , 
46.0,46.0,1,46.000,16/03/2026 19:01:12,25.922,,11.10, 11.98, 11.79,41.18, -2.08, 3.25,13.165, 10.807, 11.102, 9.831, 9.705, 9.832, 9.678, 9.879, 10.176, 10.617, 10.798, 10.978, 11.106, 11.284, 11.479, 11.663, 11.849, 12.042, 12.132, 12.197, 12.237, 12.219, 12.157, 12.079, 11.989, 11.874, 11.784, 11.670, 11.588, 11.500, 11.419, 11.352, 11.282, 11.228, 11.208, 11.172, 11.176, 11.185, 11.211, 11.268, 11.330, 11.414, 11.505, 11.589, 11.694, 11.770, 11.812, 11.869, 11.888, 11.880, 11.869, 11.854, 11.845, 11.821, 11.794, 11.811, 11.821, 11.807, 11.827, 11.883, 11.906, 11.890, 11.904, 11.986, 12.031, 12.020, 11.944, 12.008, 12.057, 12.064, 12.031, 11.970, 11.964, 11.984, 11.987, 11.980, 11.975, 11.965, 11.944, 11.897, 11.857, 11.868, 11.920, 11.937, 11.910, 11.907, 11.957, 12.036, 12.103, 12.142, 12.143, 12.138, 12.143, 12.175, 12.210, 12.248, 12.259, 12.235, 12.159, 12.049, 11.965, 11.911, 11.851, 11.681, 11.215, 10.482, 9.817, 9.432, 9.258, 9.172, 9.174, 9.266, 9.496, 9.795, 10.089, 10.347, 10.526, 10.673, 10.798, 10.920, 11.056, 11.193, 11.344, 11.479, 11.589, 11.676, 11.741, 11.787, 11.816, 11.815, 11.799, 11.787, 11.773, 11.765, 11.760, 11.760, 11.770, 11.781, 11.783, 11.742, 11.677, 11.582, 11.487, 11.368, 11.308, 11.247, 11.195, 11.192, 11.182, 11.148, 11.038, 10.753, 10.133, 8.939, 7.363, 6.138, 5.565, 5.335, 5.295, 5.368, 5.545, 5.784, 6.058, 6.354, 6.675, 7.007, 7.324, 7.627, 7.908, 8.165, 8.413, 8.650, 8.870, 9.055, 9.239, 9.405, 9.551, 9.684, 9.808, 9.935, 10.049, 10.138, 10.223, 10.318, 10.386, 10.393, 10.343, 10.292, 10.321, 10.334, 10.270, 10.206, 10.163, 10.116, 9.993, 9.874, 9.718, 9.540, 9.403, 9.274, 9.167, 9.058, 8.983, 8.917, 8.797, 8.665, 8.576, 8.457, 8.258, 8.123, 8.015, 7.847, 7.682, 7.634, 7.508, 7.398, 16.3,1055848.0,1269141.0,892478.56,64581.86,3655.04,12534.66,463.28,3443.48,108.55,559.36,34.06,596.02,22.96,0.00,871.14,266.68,12.32,995.52,53.02,0.00,17.84,106.12,16.35,636.33,16.26,23295.40,143.91,0.00,117.86,0.00,13.61,39.30,2.66,70.11,2.50,39.04,1.46,0.00,5.14,59.55,1.03,111.55,1.37,11.90,0.82,92.15,1.41,0.00,28.38,0.00,52.10,0.00,426.70,39.65,6.03,0.00,488.43,0.00,522.26,12.40,2.95,0.00,24.94,16.87,1.35,0.00,134.46,13.47,3.08,0.00,64.02,177942.97,107094.53,6061.06,23683.77,875.35,7366.76,232.22,1281.70,78.04,1488.20,57.33,0.00,1049.38,373.14,17.24,1661.02,88.46,0.00,31.85,155.10,23.90,914.30,23.36,33306.45,205.75,0.00,149.86,0.00,17.32,49.19,3.33,87.27,3.11,51.55,1.93,0.00,7.22,65.12,1.13,131.92,1.62,15.11,1.04,124.47,1.90,0.00,33.27,0.00,69.47,0.00,458.32,45.29,6.89,0.00,620.07,0.00,625.20,14.56,3.46,0.00,26.93,18.17,1.45,0.00,149.90,15.33,3.50,0.00,72.63
46.5,46.5,1,46.500,16/03/2026 19:01:46,28.167, , , , , , , , , , , , , , , , , , , , , , , , , , , , , , , , , , , , , , , , , , , , , , , , , , , , , , , , , , , , , , , , , , , , , , , , , , , , , , , , , , , , , , , , , , , , , , , , , , , , , , , , , , , , , , , , , , , , , , , , , , , , , , , , , , , , , , , , , , , , , , , , , , , , , , , , , , , , , , , , , , , , , , , , , , , , , , , , , , , , , , , , , , , , , , , , , , , , , , , , , , , , , , , , , , , , , , , , , , , , , , , , , , , , , , , , , , , , , , , , , , , , , , , , , , , , , , , , , , , , , , , , , , , , , , , , , , , , , , , , , , , , , , , , , , , , , , , , , , , , , , , , , , , , , , , , , , , , , , , , , , , , , , , , , , , , , , , , , , , , , , , , , , , , , , , , , , , , , , , , , , , , 
47.0,47.0,1,47.000,16/03/2026 19:02:12,28.832,,12.64, 13.62, 13.73,43.68, -2.04, 2.61,16.340, 13.892, 13.384, 12.060, 12.093, 11.733, 11.559, 11.641, 11.996, 12.421, 12.577, 12.778, 12.875, 13.023, 13.213, 13.378, 13.573, 13.726, 13.824, 13.880, 13.887, 13.858, 13.793, 13.715, 13.598, 13.452, 13.323, 13.173, 13.122, 13.046, 12.874, 12.805, 12.785, 12.632, 12.621, 12.625, 12.513, 12.629, 12.533, 12.683, 12.659, 12.790, 12.824, 12.956, 12.980, 13.146, 13.048, 13.250, 13.088, 13.221, 13.119, 13.091, 13.185, 12.978, 13.075, 13.083, 12.984, 13.096, 13.046, 13.034, 13.177, 13.088, 13.026, 13.230, 13.264, 13.114, 13.099, 13.225, 13.190, 13.126, 13.219, 13.198, 13.068, 13.044, 13.137, 13.158, 13.062, 12.962, 13.008, 13.026, 12.966, 12.889, 12.926, 13.019, 13.036, 12.975, 12.955, 13.028, 13.150, 13.229, 13.201, 13.128, 13.110, 13.161, 13.239, 13.297, 13.268, 13.190, 13.095, 13.015, 12.959, 12.906, 12.834, 12.666, 12.238, 11.581, 10.979, 10.625, 10.433, 10.286, 10.257, 10.353, 10.614, 10.946, 11.235, 11.479, 11.609, 11.687, 11.791, 11.921, 12.067, 12.233, 12.391, 12.501, 12.582, 12.638, 12.682, 12.737, 12.792, 12.825, 12.835, 12.827, 12.782, 12.737, 12.699, 12.677, 12.710, 12.766, 12.814, 12.826, 12.778, 12.671, 12.567, 12.402, 12.278, 12.180, 12.036, 12.063, 12.096, 12.129, 12.074, 11.843, 11.253, 10.096, 8.524, 7.278, 6.631, 6.355, 6.287, 6.375, 6.593, 6.889, 7.217, 7.556, 7.904, 8.232, 8.512, 8.758, 8.968, 9.176, 9.353, 9.555, 9.768, 9.966, 10.179, 10.398, 10.603, 10.772, 10.943, 11.072, 11.176, 11.250, 11.297, 11.317, 11.323, 11.274, 11.185, 11.105, 11.133, 11.148, 11.113, 11.123, 11.166, 11.154, 11.124, 11.066, 10.935, 10.795, 10.634, 10.426, 10.295, 10.113, 9.979, 9.862, 9.708, 9.575, 9.386, 9.313, 9.248, 9.107, 8.963, 8.913, 8.962, 8.880, 8.797, 8.682, 16.3,1061459.0,1299660.0,885222.70,60788.65,3572.26,13564.92,484.83,6664.99,140.24,418.02,32.43,638.87,23.07,1020.22,23.55,1151.23,17.97,1650.12,60.49,33.33,6.52,76.55,16.58,669.62,16.76,27569.48,167.55,0.00,127.37,0.00,15.30,36.04,2.70,101.98,2.91,32.37,1.43,0.00,5.18,83.85,1.24,132.45,1.54,10.30,0.87,114.04,1.56,3.77,1.04,0.00,51.65,0.00,427.00,0.00,305.29,0.00,504.71,0.00,534.15,0.00,36.85,0.00,26.50,16.53,1.40,0.00,132.31,0.00,146.69,0.00,60.18,190042.70,100804.35,5923.79,25630.41,916.07,14258.65,300.02,957.84,74.31,1595.20,57.60,1228.96,28.37,1610.81,25.14,2753.21,100.93,59.50,11.64,111.88,24.23,962.14,24.08,39417.29,239.55,0.00,161.95,0.00,19.47,45.11,3.38,126.94,3.62,42.74,1.89,0.00,7.28,91.70,1.36,156.64,1.82,13.08,1.10,154.04,2.11,4.42,1.22,0.00,68.87,0.00,458.65,0.00,348.74,0.00,640.74,0.00,639.43,0.00,43.26,0.00,28.61,17.81,1.51,0.00,147.50,0.00,166.92,0.00,68.27
47.5,47.5,1,47.500,16/03/2026 19:02:55,28.437,1157884.589, , , , , , , , , , , , , , , , , , , , , , , , , , , , , , , , , , , , , , , , , , , , , , , , , , , , , , , , , , , , , , , , , , , , , , , , , , , , , , , , , , , , , , , , , , , , , , , , , , , , , , , , , , , , , , , , , , , , , , , , , , , , , , , , , , , , , , , , , , , , , , , , , , , , , , , , , , , , , , , , , , , , , , , , , , , , , , , , , , , , , , , , , , , , , , , , , , , , , , , , , , , , , , , , , , , , , , , , , , , , , , , , , , , , , , , , , , , , , , , , , , , , , , , , , , , , , , , , , , , , , , , , , , , , , , , , , , , , , , , , , , , , , , , , , , , , , , , , , , , , , , , , , , , , , , , , , , , , , , , , , , , , , , , , , , , , , , , , , , , , , , , , , , , , , , , , , , , , , , , , , , , 
48.0,48.0,1,48.000,16/03/2026 19:03:12,27.313,,13.50, 14.54, 14.84,45.00, -2.09, 2.26,16.854, 15.726, 14.131, 13.773, 13.137, 12.801, 12.662, 12.740, 13.018, 13.421, 13.616, 13.795, 13.867, 14.006, 14.209, 14.375, 14.568, 14.692, 14.781, 14.847, 14.838, 14.799, 14.709, 14.592, 14.431, 14.265, 14.213, 14.079, 13.914, 13.820, 13.769, 13.621, 13.519, 13.492, 13.367, 13.397, 13.334, 13.349, 13.364, 13.391, 13.466, 13.513, 13.613, 13.707, 13.757, 13.913, 13.842, 13.994, 13.917, 13.945, 13.929, 13.845, 13.941, 13.815, 13.772, 13.922, 13.803, 13.747, 13.895, 13.858, 13.790, 13.871, 13.891, 13.842, 13.975, 13.985, 13.822, 13.819, 13.953, 13.982, 13.870, 13.811, 13.897, 13.926, 13.801, 13.732, 13.829, 13.907, 13.770, 13.561, 13.483, 13.649, 13.761, 13.698, 13.546, 13.521, 13.664, 13.842, 13.913, 13.845, 13.766, 13.769, 13.849, 13.931, 13.943, 13.890, 13.849, 13.811, 13.746, 13.626, 13.478, 13.350, 13.192, 12.947, 12.355, 11.512, 10.774, 10.310, 10.043, 9.883, 9.876, 10.022, 10.333, 10.714, 11.056, 11.317, 11.457, 11.580, 11.722, 11.902, 12.129, 12.366, 12.589, 12.766, 12.884, 12.949, 12.986, 13.011, 13.036, 13.061, 13.089, 13.116, 13.126, 13.129, 13.118, 13.121, 13.111, 13.101, 13.086, 13.023, 12.931, 12.812, 12.644, 12.525, 12.424, 12.358, 12.297, 12.295, 12.303, 12.275, 12.140, 11.786, 11.027, 9.728, 8.198, 7.093, 6.553, 6.329, 6.254, 6.296, 6.467, 6.706, 6.989, 7.317, 7.656, 7.982, 8.258, 8.538, 8.750, 8.948, 9.118, 9.281, 9.434, 9.606, 9.790, 9.984, 10.195, 10.408, 10.619, 10.831, 11.013, 11.171, 11.281, 11.361, 11.409, 11.369, 11.286, 11.149, 11.093, 11.014, 10.902, 10.819, 10.751, 10.695, 10.632, 10.582, 10.479, 10.398, 10.278, 10.207, 10.091, 10.069, 9.951, 9.847, 9.736, 9.537, 9.404, 9.138, 8.952, 8.791, 8.562, 8.336, 8.172, 8.110, 8.015, 8.065, 16.3,1020998.0,1319629.0,877630.62,54238.97,3523.61,14303.43,513.61,15620.85,212.63,494.53,34.64,457.44,22.54,2938.63,33.95,1804.82,22.79,1791.30,63.61,38.32,6.76,185.97,19.06,887.44,19.56,28974.61,176.84,0.00,134.95,0.00,16.43,23.27,2.56,82.47,2.75,29.24,1.50,0.00,5.61,92.41,1.34,178.53,1.88,16.23,0.95,117.41,1.64,0.00,30.72,0.00,53.31,43.53,9.85,0.00,303.24,0.00,520.42,0.00,546.12,0.00,42.55,0.00,21.15,21.39,1.53,28.55,3.97,0.00,145.94,0.00,59.74,205521.50,89943.17,5843.12,27025.80,970.45,33418.23,454.89,1133.15,79.37,1142.18,56.28,3539.89,40.90,2525.32,31.89,2988.77,106.13,68.41,12.07,271.81,27.86,1275.11,28.10,41426.27,252.84,0.00,171.59,0.00,20.91,29.13,3.20,102.65,3.42,38.61,1.98,0.00,7.88,101.06,1.47,211.13,2.22,20.61,1.21,158.59,2.22,0.00,36.01,0.00,71.09,46.76,10.58,0.00,346.40,0.00,660.68,0.00,653.76,0.00,49.96,0.00,22.84,23.04,1.65,31.83,4.43,0.00,166.07,0.00,67.77
48.5,48.5,1,48.500,16/03/2026 19:03:56,27.183, , , , , , , , , , , , , , , , , , , , , , , , , , , , , , , , , , , , , , , , , , , , , , , , , , , , , , , , , , , , , , , , , , , , , , , , , , , , , , , , , , , , , , , , , , , , , , , , , , , , , , , , , , , , , , , , , , , , , , , , , , , , , , , , , , , , , , , , , , , , , , , , , , , , , , , , , , , , , , , , , , , , , , , , , , , , , , , , , , , , , , , , , , , , , , , , , , , , , , , , , , , , , , , , , , , , , , , , , , , , , , , , , , , , , , , , , , , , , , , , , , , , , , , , , , , , , , , , , , , , , , , , , , , , , , , , , , , , , , , , , , , , , , , , , , , , , , , , , , , , , , , , , , , , , , , , , , , , , , , , , , , , , , , , , , , , , , , , , , , , , , , , , , , , , , , , , , , , , , , , , , , , 
49.0,49.0,1,49.000,16/03/2026 19:04:13,27.379,,13.75, 14.81, 15.11,45.37, -2.06, 2.28,18.613, 15.964, 14.932, 14.077, 13.595, 13.320, 12.996, 13.032, 13.253, 13.621, 13.809, 14.030, 14.155, 14.322, 14.520, 14.680, 14.848, 14.975, 15.039, 15.073, 15.086, 15.062, 14.952, 14.818, 14.728, 14.620, 14.444, 14.305, 14.274, 14.090, 14.029, 13.937, 13.805, 13.778, 13.706, 13.675, 13.673, 13.661, 13.706, 13.753, 13.832, 13.928, 13.991, 14.176, 14.184, 14.388, 14.398, 14.427, 14.586, 14.464, 14.498, 14.598, 14.454, 14.478, 14.560, 14.462, 14.478, 14.592, 14.540, 14.527, 14.665, 14.671, 14.600, 14.677, 14.858, 14.842, 14.689, 14.735, 14.887, 14.955, 14.834, 14.759, 14.811, 14.870, 14.883, 14.791, 14.779, 14.801, 14.809, 14.739, 14.651, 14.648, 14.725, 14.798, 14.796, 14.783, 14.795, 14.875, 14.982, 15.072, 15.091, 15.069, 15.040, 15.070, 15.148, 15.219, 15.264, 15.201, 15.059, 14.896, 14.769, 14.727, 14.663, 14.444, 13.804, 12.809, 11.976, 11.511, 11.310, 11.183, 11.179, 11.288, 11.565, 11.962, 12.368, 12.731, 12.994, 13.189, 13.349, 13.504, 13.679, 13.882, 14.123, 14.366, 14.574, 14.717, 14.791, 14.813, 14.792, 14.751, 14.737, 14.749, 14.796, 14.870, 14.936, 15.021, 15.053, 15.030, 14.914, 14.788, 14.624, 14.461, 14.320, 14.251, 14.242, 14.248, 14.202, 14.238, 14.225, 14.122, 13.887, 13.370, 12.409, 10.811, 8.977, 7.751, 7.267, 7.147, 7.187, 7.347, 7.572, 7.838, 8.110, 8.383, 8.648, 8.894, 9.118, 9.370, 9.595, 9.854, 10.129, 10.436, 10.764, 11.115, 11.437, 11.778, 12.072, 12.341, 12.560, 12.721, 12.841, 12.871, 12.893, 12.884, 12.849, 12.783, 12.657, 12.536, 12.534, 12.535, 12.517, 12.516, 12.597, 12.643, 12.674, 12.704, 12.646, 12.494, 12.308, 12.165, 11.957, 11.807, 11.607, 11.390, 11.065, 10.805, 10.446, 10.183, 9.921, 9.595, 9.376, 9.204, 9.134, 8.943, 9.075, 9.004, 16.3,1022567.0,1304845.0,899447.56,48778.68,3469.95,13479.07,486.50,7038.67,145.04,688.35,36.19,580.20,23.13,520.96,21.51,696.13,15.51,1457.54,58.51,69.99,6.85,74.21,16.30,838.87,18.48,25756.19,156.64,0.00,125.54,0.00,14.62,0.00,12.29,72.54,2.56,36.83,1.55,0.00,4.98,74.46,1.18,149.05,1.65,13.34,0.87,106.01,1.51,0.00,29.38,0.00,52.23,35.12,9.41,22.62,6.35,0.00,492.75,0.00,527.55,0.00,52.36,5.24,1.12,22.45,1.49,35.94,3.69,0.00,139.87,0.00,64.28,167427.92,80888.50,5754.13,25468.20,919.22,15058.07,310.29,1577.26,82.92,1448.70,57.75,627.55,25.91,974.03,21.70,2431.90,97.62,124.95,12.23,108.46,23.82,1205.32,26.55,36824.75,223.96,0.00,159.62,0.00,18.61,0.00,15.38,90.29,3.19,48.63,2.05,0.00,7.00,81.43,1.29,176.27,1.95,16.94,1.10,143.20,2.04,0.00,34.44,0.00,69.65,37.72,10.11,25.84,7.25,0.00,625.56,0.00,631.53,0.00,61.47,5.66,1.21,24.18,1.61,40.07,4.11,0.00,159.16,0.00,72.92
49.5,49.5,1,49.500,16/03/2026 19:05:05,28.110, , , , , , , , , , , , , , , , , , , , , , , , , , , , , , , , , , , , , , , , , , , , , , , , , , , , , , , , , , , , , , , , , , , , , , , , , , , , , , , , , , , , , , , , , , , , , , , , , , , , , , , , , , , , , , , , , , , , , , , , , , , , , , , , , , , , , , , , , , , , , , , , , , , , , , , , , , , , , , , , , , , , , , , , , , , , , , , , , , , , , , , , , , , , , , , , , , , , , , , , , , , , , , , , , , , , , , , , , , , , , , , , , , , , , , , , , , , , , , , , , , , , , , , , , , , , , , , , , , , , , , , , , , , , , , , , , , , , , , , , , , , , , , , , , , , , , , , , , , , , , , , , , , , , , , , , , , , , , , , , , , , , , , , , , , , , , , , , , , , , , , , , , , , , , , , , , , , , , , , , , , , , 
50.0,50.0,1,50.000,16/03/2026 19:05:31,25.857,,12.70, 13.66, 13.75,43.75, -1.90, 2.68,16.340, 13.603, 13.318, 12.448, 12.036, 11.678, 11.552, 11.779, 11.994, 12.387, 12.624, 12.776, 12.885, 13.039, 13.240, 13.403, 13.618, 13.753, 13.842, 13.885, 13.902, 13.900, 13.830, 13.750, 13.664, 13.520, 13.429, 13.337, 13.221, 13.157, 13.056, 12.998, 12.907, 12.863, 12.807, 12.808, 12.759, 12.828, 12.790, 12.906, 12.938, 13.011, 13.179, 13.162, 13.379, 13.404, 13.413, 13.576, 13.505, 13.511, 13.585, 13.496, 13.493, 13.555, 13.477, 13.465, 13.565, 13.547, 13.511, 13.587, 13.687, 13.642, 13.628, 13.720, 13.833, 13.798, 13.756, 13.727, 13.828, 13.891, 13.808, 13.735, 13.698, 13.762, 13.830, 13.807, 13.737, 13.689, 13.688, 13.745, 13.746, 13.732, 13.696, 13.688, 13.761, 13.854, 13.923, 13.935, 13.930, 13.944, 13.997, 14.074, 14.131, 14.160, 14.154, 14.128, 14.137, 14.148, 14.136, 14.101, 14.041, 13.982, 13.891, 13.727, 13.309, 12.658, 12.056, 11.752, 11.623, 11.523, 11.479, 11.508, 11.705, 12.004, 12.358, 12.667, 12.897, 13.045, 13.158, 13.223, 13.303, 13.412, 13.540, 13.698, 13.848, 13.967, 14.060, 14.106, 14.121, 14.099, 14.066, 14.052, 14.054, 14.071, 14.090, 14.135, 14.171, 14.165, 14.154, 14.094, 14.041, 13.951, 13.870, 13.832, 13.807, 13.796, 13.707, 13.709, 13.687, 13.611, 13.465, 13.147, 12.495, 11.263, 9.596, 8.309, 7.728, 7.554, 7.554, 7.704, 7.933, 8.214, 8.506, 8.810, 9.097, 9.381, 9.641, 9.906, 10.164, 10.413, 10.674, 10.949, 11.225, 11.499, 11.764, 12.017, 12.250, 12.437, 12.609, 12.737, 12.857, 12.931, 12.965, 13.011, 13.009, 12.950, 12.810, 12.708, 12.721, 12.718, 12.674, 12.665, 12.693, 12.696, 12.702, 12.696, 12.619, 12.500, 12.396, 12.309, 12.216, 12.165, 12.058, 12.031, 11.893, 11.721, 11.485, 11.319, 11.116, 10.770, 10.626, 10.506, 10.103, 10.109, 10.015, 9.873, 16.3,999261.0,1280065.0,874127.81,66293.89,3762.19,15681.03,534.82,9946.63,174.81,550.35,36.17,599.56,24.29,1598.21,28.01,1207.77,19.41,1973.21,66.65,36.29,6.93,0.00,62.86,625.37,16.86,26651.44,169.14,0.00,128.87,0.00,15.83,43.87,2.93,105.06,3.09,27.43,1.38,0.00,5.18,83.97,1.31,192.12,1.99,14.30,0.92,111.44,1.62,8.04,1.11,0.00,53.66,0.00,450.16,0.00,309.38,67.62,9.71,0.00,548.63,0.00,52.09,0.00,31.13,10.15,1.38,39.77,4.06,0.00,149.41,4.62,1.46,210440.44,109933.55,6238.75,29628.72,1010.52,21279.17,373.98,1261.05,82.88,1497.04,60.65,1925.21,33.74,1689.92,27.16,3292.29,111.21,64.78,12.37,0.00,91.87,898.56,24.23,38104.73,241.83,0.00,163.86,0.00,20.15,54.92,3.67,130.77,3.85,36.22,1.82,0.00,7.28,91.83,1.43,227.20,2.35,18.16,1.17,150.53,2.19,9.42,1.30,0.00,71.55,0.00,483.52,0.00,353.41,85.84,12.33,0.00,656.77,0.00,61.16,0.00,33.61,10.93,1.49,44.34,4.53,0.00,170.01,5.24,1.66
50.5,50.5,1,50.500,16/03/2026 19:06:05,23.410, , , , , , , , , , , , , , , , , , , , , , , , , , , , , , , , , , , , , , , , , , , , , , , , , , , , , , , , , , , , , , , , , , , , , , , , , , , , , , , , , , , , , , , , , , , , , , , , , , , , , , , , , , , , , , , , , , , , , , , , , , , , , , , , , , , , , , , , , , , , , , , , , , , , , , , , , , , , , , , , , , , , , , , , , , , , , , , , , , , , , , , , , , , , , , , , , , , , , , , , , , , , , , , , , , , , , , , , , , , , , , , , , , , , , , , , , , , , , , , , , , , , , , , , , , , , , , , , , , , , , , , , , , , , , , , , , , , , , , , , , , , , , , , , , , , , , , , , , , , , , , , , , , , , , , , , , , , , , , , , , , , , , , , , , , , , , , , , , , , , , , , , , , , , , , , , , , , , , , , , , , , , 
51.0,51.0,1,51.000,16/03/2026 19:06:31,21.492,,11.15, 11.95, 11.98,41.14, -1.57, 2.70,12.752, 12.842, 11.993, 11.038, 10.378, 10.332, 9.995, 10.235, 10.494, 10.822, 11.006, 11.101, 11.214, 11.348, 11.536, 11.654, 11.825, 11.975, 12.061, 12.126, 12.174, 12.152, 12.093, 12.051, 12.008, 11.881, 11.827, 11.765, 11.680, 11.651, 11.576, 11.549, 11.480, 11.461, 11.436, 11.442, 11.433, 11.479, 11.488, 11.570, 11.643, 11.715, 11.830, 11.898, 12.001, 12.093, 12.121, 12.176, 12.213, 12.197, 12.200, 12.218, 12.209, 12.183, 12.198, 12.218, 12.229, 12.235, 12.272, 12.337, 12.394, 12.394, 12.406, 12.500, 12.571, 12.551, 12.508, 12.547, 12.639, 12.665, 12.582, 12.517, 12.561, 12.639, 12.627, 12.561, 12.530, 12.581, 12.636, 12.624, 12.544, 12.502, 12.563, 12.673, 12.752, 12.742, 12.713, 12.720, 12.814, 12.954, 13.055, 13.053, 12.994, 12.941, 12.962, 13.078, 13.190, 13.234, 13.164, 13.016, 12.878, 12.822, 12.811, 12.739, 12.392, 11.731, 11.062, 10.655, 10.465, 10.361, 10.357, 10.484, 10.752, 11.099, 11.425, 11.688, 11.859, 11.961, 12.042, 12.144, 12.263, 12.434, 12.621, 12.805, 12.954, 13.054, 13.106, 13.119, 13.109, 13.090, 13.083, 13.088, 13.119, 13.158, 13.197, 13.247, 13.287, 13.281, 13.257, 13.205, 13.115, 13.047, 12.946, 12.896, 12.874, 12.863, 12.765, 12.784, 12.775, 12.726, 12.587, 12.270, 11.620, 10.382, 8.741, 7.474, 6.904, 6.714, 6.695, 6.807, 7.003, 7.248, 7.531, 7.825, 8.131, 8.449, 8.746, 9.048, 9.326, 9.613, 9.896, 10.176, 10.438, 10.690, 10.933, 11.143, 11.315, 11.471, 11.615, 11.726, 11.847, 11.905, 11.953, 12.013, 12.049, 12.035, 11.950, 11.894, 11.958, 12.020, 11.986, 11.978, 11.996, 11.954, 11.927, 11.837, 11.707, 11.512, 11.326, 11.169, 10.997, 10.927, 10.863, 10.742, 10.661, 10.487, 10.381, 10.164, 10.055, 9.924, 9.830, 9.579, 9.484, 9.387, 9.209, 9.218, 16.3,1004364.0,1248145.0,881813.43,53522.22,3612.77,13823.11,520.01,15099.51,212.35,575.34,36.35,392.17,22.72,3183.58,35.89,1529.57,21.53,1680.66,63.63,94.98,7.61,108.04,18.57,666.49,17.44,26803.74,167.50,0.00,127.07,0.00,16.76,24.83,2.62,66.59,2.60,26.44,1.48,0.00,4.52,97.54,1.40,200.09,2.03,16.96,0.96,115.18,1.64,8.03,1.11,0.00,55.35,0.00,451.61,0.00,314.54,42.53,9.94,46.56,10.40,10.42,3.11,0.00,25.28,20.48,1.52,31.48,3.93,0.00,147.55,0.00,72.68,198718.00,88754.60,5990.97,26118.25,982.54,32302.91,454.29,1318.31,83.29,979.21,56.73,3834.95,43.23,2140.18,30.12,2804.17,106.17,169.56,13.59,157.91,27.14,957.64,25.06,38322.48,239.48,0.00,161.57,0.00,21.33,31.08,3.28,82.89,3.24,34.91,1.95,0.00,6.35,106.67,1.53,236.63,2.40,21.54,1.22,155.58,2.22,9.41,1.30,0.00,73.81,0.00,485.08,0.00,359.31,53.99,12.62,55.74,12.45,12.23,3.65,0.00,27.30,22.06,1.64,35.10,4.38,0.00,167.90,0.00,82.45
51.5,51.5,1,51.500,16/03/2026 19:07:14,25.792, , , , , , , , , , , , , , , , , , , , , , , , , , , , , , , , , , , , , , , , , , , , , , , , , , , , , , , , , , , , , , , , , , , , , , , , , , , , , , , , , , , , , , , , , , , , , , , , , , , , , , , , , , , , , , , , , , , , , , , , , , , , , , , , , , , , , , , , , , , , , , , , , , , , , , , , , , , , , , , , , , , , , , , , , , , , , , , , , , , , , , , , , , , , , , , , , , , , , , , , , , , , , , , , , , , , , , , , , , , , , , , , , , , , , , , , , , , , , , , , , , , , , , , , , , , , , , , , , , , , , , , , , , , , , , , , , , , , , , , , , , , , , , , , , , , , , , , , , , , , , , , , , , , , , , , , , , , , , , , , , , , , , , , , , , , , , , , , , , , , , , , , , , , , , , , , , , , , , , , , , , , , 
52.0,52.0,1,52.000,16/03/2026 19:07:32,25.528,,12.71, 13.61, 13.77,43.67, -1.56, 2.50,15.872, 14.383, 14.087, 12.564, 12.302, 11.962, 11.884, 11.888, 12.077, 12.458, 12.634, 12.778, 12.867, 13.011, 13.156, 13.303, 13.486, 13.636, 13.738, 13.809, 13.841, 13.830, 13.772, 13.730, 13.654, 13.520, 13.463, 13.367, 13.268, 13.245, 13.123, 13.105, 12.995, 12.975, 12.930, 12.927, 12.899, 12.953, 12.922, 13.045, 13.035, 13.158, 13.228, 13.274, 13.433, 13.437, 13.484, 13.561, 13.517, 13.541, 13.549, 13.498, 13.512, 13.519, 13.453, 13.477, 13.541, 13.499, 13.503, 13.590, 13.642, 13.583, 13.629, 13.725, 13.791, 13.702, 13.626, 13.740, 13.751, 13.746, 13.699, 13.690, 13.700, 13.683, 13.669, 13.652, 13.700, 13.687, 13.648, 13.580, 13.544, 13.590, 13.687, 13.710, 13.679, 13.638, 13.655, 13.744, 13.849, 13.912, 13.924, 13.867, 13.832, 13.858, 13.934, 14.025, 14.076, 14.047, 13.943, 13.817, 13.737, 13.723, 13.761, 13.728, 13.452, 12.900, 12.335, 11.987, 11.843, 11.758, 11.763, 11.876, 12.104, 12.383, 12.630, 12.845, 12.972, 13.031, 13.081, 13.144, 13.227, 13.347, 13.512, 13.669, 13.793, 13.892, 13.932, 13.943, 13.917, 13.861, 13.819, 13.808, 13.817, 13.864, 13.944, 14.011, 14.061, 14.075, 14.057, 14.005, 13.926, 13.821, 13.726, 13.643, 13.601, 13.596, 13.541, 13.568, 13.618, 13.627, 13.560, 13.343, 12.844, 11.826, 10.367, 9.157, 8.555, 8.311, 8.253, 8.337, 8.530, 8.793, 9.097, 9.424, 9.756, 10.073, 10.382, 10.656, 10.914, 11.144, 11.346, 11.545, 11.715, 11.867, 12.018, 12.142, 12.274, 12.387, 12.517, 12.655, 12.788, 12.901, 13.001, 13.139, 13.240, 13.248, 13.190, 13.137, 13.186, 13.219, 13.154, 13.080, 13.058, 12.960, 12.883, 12.767, 12.622, 12.451, 12.328, 12.190, 12.133, 12.133, 12.223, 12.165, 12.116, 12.155, 12.091, 12.062, 11.964, 11.938, 11.823, 11.607, 11.599, 11.426, 11.384, 11.365, 16.3,1030595.0,1260725.0,889247.82,53755.78,3588.79,12181.04,488.59,8240.77,156.77,357.78,32.70,450.05,22.48,2274.82,30.40,1623.99,21.07,2072.96,66.11,37.16,6.75,118.27,17.46,792.90,18.44,28082.87,173.50,0.00,131.80,0.00,16.89,19.46,2.50,97.07,3.04,32.07,1.37,0.00,5.50,94.42,1.38,187.43,1.94,11.00,0.91,130.63,1.71,0.00,29.56,0.00,53.20,0.00,454.13,0.00,310.93,68.46,9.76,55.09,10.51,21.24,3.49,0.00,30.23,5.37,1.26,33.61,3.87,0.00,143.40,7.96,1.50,182664.82,89141.91,5951.20,23015.62,923.17,17629.77,335.38,819.80,74.93,1123.73,56.13,2740.26,36.62,2272.30,29.48,3458.72,110.30,66.34,12.05,172.86,25.52,1139.27,26.50,40151.31,248.06,0.00,167.58,0.00,21.49,24.36,3.13,120.82,3.78,42.34,1.81,0.00,7.73,103.26,1.51,221.65,2.29,13.97,1.16,176.45,2.31,0.00,34.65,0.00,70.94,0.00,487.79,0.00,355.18,86.91,12.39,65.95,12.58,24.94,4.10,0.00,32.64,5.78,1.36,37.47,4.31,0.00,163.18,9.03,1.70
52.5,52.5,1,52.500,16/03/2026 19:08:15,27.177,1157883.997, , , , , , , , , , , , , , , , , , , , , , , , , , , , , , , , , , , , , , , , , , , , , , , , , , , , , , , , , , , , , , , , , , , , , , , , , , , , , , , , , , , , , , , , , , , , , , , , , , , , , , , , , , , , , , , , , , , , , , , , , , , , , , , , , , , , , , , , , , , , , , , , , , , , , , , , , , , , , , , , , , , , , , , , , , , , , , , , , , , , , , , , , , , , , , , , , , , , , , , , , , , , , , , , , , , , , , , , , , , , , , , , , , , , , , , , , , , , , , , , , , , , , , , , , , , , , , , , , , , , , , , , , , , , , , , , , , , , , , , , , , , , , , , , , , , , , , , , , , , , , , , , , , , , , , , , , , , , , , , , , , , , , , , , , , , , , , , , , , , , , , , , , , , , , , , , , , , , , , , , , , , 
53.0,53.0,1,53.000,16/03/2026 19:08:32,26.979,,13.45, 14.42, 14.57,44.83, -1.67, 2.59,15.845, 15.533, 14.135, 13.045, 12.822, 12.553, 12.380, 12.574, 12.769, 13.188, 13.341, 13.556, 13.628, 13.770, 13.950, 14.101, 14.281, 14.461, 14.569, 14.667, 14.679, 14.639, 14.594, 14.531, 14.447, 14.327, 14.213, 14.148, 14.074, 13.945, 13.937, 13.801, 13.786, 13.683, 13.705, 13.638, 13.683, 13.632, 13.724, 13.703, 13.845, 13.865, 13.984, 14.082, 14.131, 14.263, 14.271, 14.309, 14.360, 14.313, 14.312, 14.334, 14.290, 14.263, 14.290, 14.279, 14.288, 14.323, 14.331, 14.356, 14.403, 14.411, 14.439, 14.465, 14.555, 14.547, 14.489, 14.491, 14.519, 14.562, 14.545, 14.490, 14.457, 14.488, 14.491, 14.487, 14.472, 14.462, 14.427, 14.389, 14.321, 14.343, 14.402, 14.450, 14.440, 14.423, 14.421, 14.487, 14.594, 14.704, 14.728, 14.684, 14.622, 14.611, 14.682, 14.792, 14.857, 14.824, 14.688, 14.494, 14.361, 14.307, 14.294, 14.174, 13.699, 12.864, 12.080, 11.604, 11.396, 11.297, 11.335, 11.493, 11.776, 12.109, 12.425, 12.696, 12.876, 13.024, 13.174, 13.336, 13.514, 13.712, 13.899, 14.046, 14.179, 14.268, 14.311, 14.345, 14.359, 14.384, 14.404, 14.432, 14.459, 14.476, 14.488, 14.471, 14.444, 14.422, 14.379, 14.317, 14.268, 14.194, 14.143, 14.091, 14.057, 14.032, 13.908, 13.871, 13.819, 13.714, 13.521, 13.156, 12.414, 11.069, 9.341, 8.100, 7.560, 7.397, 7.401, 7.508, 7.691, 7.929, 8.174, 8.430, 8.699, 8.985, 9.276, 9.557, 9.869, 10.176, 10.506, 10.829, 11.148, 11.443, 11.717, 11.962, 12.165, 12.319, 12.450, 12.560, 12.619, 12.662, 12.709, 12.744, 12.771, 12.756, 12.703, 12.651, 12.740, 12.782, 12.783, 12.792, 12.787, 12.765, 12.709, 12.614, 12.503, 12.303, 12.138, 11.911, 11.722, 11.618, 11.497, 11.362, 11.172, 10.948, 10.848, 10.533, 10.401, 10.171, 10.189, 10.019, 9.820, 9.794, 9.687, 9.653, 16.3,994356.0,1193163.0,889407.20,58257.14,3803.97,12700.78,504.04,6019.48,142.05,680.57,38.17,516.94,24.21,857.36,24.52,801.19,16.76,1549.03,62.30,53.84,7.12,0.00,74.70,851.01,19.56,27648.65,177.72,0.00,135.54,0.00,15.43,44.79,3.00,71.06,2.68,34.94,1.47,0.00,5.50,107.57,1.48,187.66,2.00,13.94,0.97,132.34,1.78,3.54,1.09,0.00,55.39,0.00,461.75,0.00,320.49,0.00,527.92,48.77,10.76,0.00,53.66,0.00,27.72,12.19,1.39,0.00,142.21,0.00,157.42,0.00,59.27,182721.98,96606.40,6308.03,23997.65,952.36,12877.68,303.89,1559.43,87.46,1290.75,60.45,1032.78,29.54,1121.03,23.45,2584.55,103.95,96.11,12.71,0.00,109.18,1222.76,28.10,39530.49,254.09,0.00,172.34,0.00,19.64,56.07,3.76,88.45,3.34,46.13,1.94,0.00,7.73,117.64,1.62,221.93,2.37,17.70,1.23,178.76,2.40,4.15,1.28,0.00,73.86,0.00,495.97,0.00,366.11,0.00,670.20,58.38,12.88,0.00,63.00,0.00,29.93,13.13,1.50,0.00,158.54,0.00,179.13,0.00,67.24
53.5,53.5,1,53.500,16/03/2026 19:09:15,24.000, , , , , , , , , , , , , , , , , , , , , , , , , , , , , , , , , , , , , , , , , , , , , , , , , , , , , , , , , , , , , , , , , , , , , , , , , , , , , , , , , , , , , , , , , , , , , , , , , , , , , , , , , , , , , , , , , , , , , , , , , , , , , , , , , , , , , , , , , , , , , , , , , , , , , , , , , , , , , , , , , , , , , , , , , , , , , , , , , , , , , , , , , , , , , , , , , , , , , , , , , , , , , , , , , , , , , , , , , , , , , , , , , , , , , , , , , , , , , , , , , , , , , , , , , , , , , , , , , , , , , , , , , , , , , , , , , , , , , , , , , , , , , , , , , , , , , , , , , , , , , , , , , , , , , , , , , , , , , , , , , , , , , , , , , , , , , , , , , , , , , , , , , , , , , , , , , , , , , , , , , , , , 
54.0,54.0,1,54.000,16/03/2026 19:09:41,24.796,,10.75, 11.51, 11.46,40.42, -1.37, 2.84,12.880, 11.383, 11.173, 10.399, 9.972, 9.790, 9.871, 9.847, 10.026, 10.392, 10.496, 10.627, 10.714, 10.842, 10.997, 11.156, 11.313, 11.503, 11.584, 11.636, 11.671, 11.716, 11.685, 11.616, 11.586, 11.505, 11.439, 11.399, 11.328, 11.307, 11.257, 11.218, 11.183, 11.157, 11.166, 11.160, 11.170, 11.218, 11.224, 11.341, 11.373, 11.486, 11.604, 11.658, 11.805, 11.885, 11.895, 12.002, 12.021, 11.988, 12.035, 12.059, 12.012, 12.020, 12.071, 12.069, 12.063, 12.129, 12.190, 12.201, 12.212, 12.280, 12.347, 12.381, 12.394, 12.450, 12.499, 12.546, 12.513, 12.499, 12.582, 12.630, 12.579, 12.527, 12.508, 12.600, 12.681, 12.690, 12.605, 12.473, 12.450, 12.537, 12.674, 12.714, 12.667, 12.608, 12.647, 12.774, 12.951, 13.081, 13.121, 13.066, 13.000, 12.996, 13.083, 13.230, 13.332, 13.322, 13.176, 12.977, 12.809, 12.724, 12.662, 12.463, 11.828, 10.837, 9.961, 9.483, 9.245, 9.108, 9.091, 9.214, 9.531, 9.958, 10.405, 10.799, 11.083, 11.293, 11.453, 11.591, 11.759, 11.973, 12.216, 12.479, 12.726, 12.928, 13.065, 13.130, 13.134, 13.094, 13.046, 13.005, 13.007, 13.047, 13.116, 13.197, 13.284, 13.331, 13.325, 13.254, 13.127, 12.951, 12.765, 12.603, 12.485, 12.436, 12.343, 12.367, 12.384, 12.352, 12.189, 11.758, 10.826, 9.202, 7.318, 6.056, 5.499, 5.292, 5.224, 5.257, 5.384, 5.582, 5.839, 6.137, 6.468, 6.821, 7.206, 7.576, 7.928, 8.280, 8.626, 8.956, 9.248, 9.520, 9.755, 9.976, 10.168, 10.323, 10.484, 10.635, 10.743, 10.845, 10.963, 11.083, 11.167, 11.196, 11.134, 11.119, 11.200, 11.262, 11.199, 11.161, 11.120, 11.028, 10.914, 10.740, 10.550, 10.252, 9.999, 9.738, 9.508, 9.373, 9.212, 9.060, 8.875, 8.680, 8.515, 8.344, 8.108, 8.017, 7.862, 7.651, 7.516, 7.454, 7.270, 7.340, 16.3,984670.0,1196184.0,876228.87,74869.90,3981.23,12334.21,503.07,5398.48,137.22,304.25,33.81,524.31,24.54,782.67,24.49,899.81,17.70,1709.43,64.81,66.99,7.46,0.00,69.97,538.66,16.15,25742.00,169.44,0.00,131.31,0.00,15.99,24.63,2.61,103.85,3.11,19.48,1.19,0.00,5.91,97.35,1.40,193.88,2.04,16.11,0.96,116.46,1.68,11.44,1.13,0.00,56.64,0.00,454.17,0.00,319.51,0.00,529.98,0.00,567.45,0.00,55.85,0.00,29.21,4.60,1.25,12.63,4.20,0.00,157.81,0.00,64.56,204499.23,124154.94,6601.98,23305.03,950.53,11549.16,293.56,697.15,77.47,1309.15,61.27,942.81,29.50,1259.02,24.77,2852.17,108.14,119.59,13.32,0.00,102.27,773.97,23.20,36804.47,242.26,0.00,166.96,0.00,20.35,30.83,3.27,129.26,3.87,25.72,1.57,0.00,8.31,106.46,1.53,229.28,2.41,20.46,1.22,157.31,2.27,13.41,1.32,0.00,75.53,0.00,487.83,0.00,364.99,0.00,672.82,0.00,679.30,0.00,65.57,0.00,31.54,4.96,1.35,14.08,4.68,0.00,179.57,0.00,73.24
54.5,54.5,1,54.500,16/03/2026 19:10:33,23.475, , , , , , , , , , , , , , , , , , , , , , , , , , , , , , , , , , , , , , , , , , , , , , , , , , , , , , , , , , , , , , , , , , , , , , , , , , , , , , , , , , , , , , , , , , , , , , , , , , , , , , , , , , , , , , , , , , , , , , , , , , , , , , , , , , , , , , , , , , , , , , , , , , , , , , , , , , , , , , , , , , , , , , , , , , , , , , , , , , , , , , , , , , , , , , , , , , , , , , , , , , , , , , , , , , , , , , , , , , , , , , , , , , , , , , , , , , , , , , , , , , , , , , , , , , , , , , , , , , , , , , , , , , , , , , , , , , , , , , , , , , , , , , , , , , , , , , , , , , , , , , , , , , , , , , , , , , , , , , , , , , , , , , , , , , , , , , , , , , , , , , , , , , , , , , , , , , , , , , , , , , , , 
55.0,55.0,1,55.000,16/03/2026 19:10:50,25.393,,11.35, 12.14, 12.11,41.44, -1.41, 2.86,12.908, 12.461, 11.879, 10.980, 10.455, 10.344, 10.323, 10.341, 10.583, 10.946, 11.128, 11.252, 11.315, 11.437, 11.621, 11.780, 11.960, 12.133, 12.233, 12.290, 12.313, 12.340, 12.339, 12.271, 12.211, 12.140, 12.056, 12.020, 11.950, 11.932, 11.867, 11.848, 11.784, 11.790, 11.767, 11.795, 11.761, 11.848, 11.831, 11.942, 12.008, 12.058, 12.222, 12.248, 12.359, 12.490, 12.463, 12.544, 12.629, 12.554, 12.560, 12.652, 12.596, 12.533, 12.620, 12.669, 12.598, 12.621, 12.747, 12.792, 12.733, 12.751, 12.880, 12.949, 12.930, 12.877, 13.070, 13.101, 13.099, 13.046, 13.045, 13.097, 13.150, 13.086, 12.995, 13.003, 13.095, 13.157, 13.096, 12.968, 12.881, 12.930, 13.070, 13.154, 13.123, 13.069, 13.048, 13.135, 13.288, 13.436, 13.487, 13.429, 13.364, 13.328, 13.387, 13.504, 13.601, 13.617, 13.502, 13.323, 13.171, 13.090, 13.034, 12.888, 12.404, 11.567, 10.808, 10.374, 10.158, 10.024, 9.996, 10.098, 10.384, 10.779, 11.181, 11.534, 11.778, 11.944, 12.060, 12.162, 12.270, 12.435, 12.635, 12.854, 13.073, 13.244, 13.362, 13.411, 13.417, 13.386, 13.333, 13.288, 13.270, 13.285, 13.318, 13.374, 13.442, 13.489, 13.511, 13.487, 13.392, 13.264, 13.120, 12.992, 12.906, 12.846, 12.699, 12.715, 12.714, 12.691, 12.560, 12.226, 11.483, 10.088, 8.301, 7.004, 6.402, 6.175, 6.101, 6.177, 6.330, 6.559, 6.813, 7.119, 7.449, 7.794, 8.143, 8.497, 8.838, 9.181, 9.512, 9.832, 10.120, 10.398, 10.636, 10.857, 11.038, 11.192, 11.327, 11.442, 11.542, 11.621, 11.701, 11.757, 11.802, 11.807, 11.735, 11.694, 11.736, 11.811, 11.767, 11.768, 11.742, 11.710, 11.642, 11.531, 11.379, 11.162, 10.958, 10.799, 10.593, 10.443, 10.365, 10.202, 10.061, 9.884, 9.632, 9.482, 9.248, 9.102, 8.871, 8.702, 8.525, 8.323, 8.258, 8.165, 16.2,1024567.0,1179438.0,884036.56,74223.89,3823.24,9134.87,438.16,3392.66,109.96,353.75,32.31,451.55,22.56,608.71,21.96,770.62,15.51,1798.76,63.23,76.36,7.29,121.96,18.08,727.39,17.64,23712.64,151.33,0.00,119.23,0.00,12.78,19.28,2.35,65.18,2.45,31.69,1.33,0.00,4.92,80.76,1.23,163.37,1.75,17.98,0.91,110.52,1.56,5.49,1.05,0.00,51.63,0.00,433.94,19.74,6.23,0.00,504.88,47.55,10.07,0.00,54.10,0.00,30.28,7.66,1.24,21.04,3.86,0.00,147.41,0.00,69.51,190333.56,123083.68,6339.99,17260.00,827.89,7258.04,235.24,810.57,74.03,1127.48,56.33,733.25,26.45,1078.26,21.70,3001.22,105.50,136.32,13.01,178.25,26.42,1045.14,25.35,33903.00,216.36,0.00,151.60,0.00,16.26,24.13,2.94,81.13,3.05,41.84,1.76,0.00,6.91,88.32,1.35,193.20,2.07,22.83,1.16,149.29,2.11,6.44,1.23,0.00,68.85,0.00,466.10,22.55,7.12,0.00,640.95,56.92,12.05,0.00,63.52,0.00,32.70,8.25,1.34,23.46,4.30,0.00,167.74,0.00,78.85
55.5,55.5,1,55.500,16/03/2026 19:11:34,28.172, , , , , , , , , , , , , , , , , , , , , , , , , , , , , , , , , , , , , , , , , , , , , , , , , , , , , , , , , , , , , , , , , , , , , , , , , , , , , , , , , , , , , , , , , , , , , , , , , , , , , , , , , , , , , , , , , , , , , , , , , , , , , , , , , , , , , , , , , , , , , , , , , , , , , , , , , , , , , , , , , , , , , , , , , , , , , , , , , , , , , , , , , , , , , , , , , , , , , , , , , , , , , , , , , , , , , , , , , , , , , , , , , , , , , , , , , , , , , , , , , , , , , , , , , , , , , , , , , , , , , , , , , , , , , , , , , , , , , , , , , , , , , , , , , , , , , , , , , , , , , , , , , , , , , , , , , , , , , , , , , , , , , , , , , , , , , , , , , , , , , , , , , , , , , , , , , , , , , , , , , , , , 
56.0,56.0,1,56.000,16/03/2026 19:11:51,28.497,,13.03, 14.03, 14.12,44.28, -1.99, 2.71,13.211, 12.813, 12.632, 12.011, 11.908, 11.706, 11.730, 12.053, 12.231, 12.785, 12.954, 13.162, 13.234, 13.414, 13.611, 13.757, 13.950, 14.116, 14.231, 14.297, 14.302, 14.275, 14.207, 14.126, 14.027, 13.869, 13.767, 13.651, 13.545, 13.458, 13.363, 13.276, 13.185, 13.113, 13.090, 13.023, 13.052, 13.001, 13.082, 13.063, 13.166, 13.233, 13.266, 13.433, 13.449, 13.526, 13.623, 13.563, 13.608, 13.647, 13.533, 13.533, 13.586, 13.498, 13.441, 13.507, 13.526, 13.460, 13.475, 13.541, 13.585, 13.542, 13.552, 13.602, 13.672, 13.637, 13.687, 13.638, 13.684, 13.729, 13.742, 13.656, 13.535, 13.521, 13.603, 13.658, 13.638, 13.507, 13.401, 13.397, 13.456, 13.520, 13.530, 13.423, 13.365, 13.390, 13.494, 13.632, 13.709, 13.681, 13.605, 13.542, 13.562, 13.659, 13.772, 13.846, 13.819, 13.707, 13.537, 13.418, 13.386, 13.418, 13.437, 13.323, 12.895, 12.137, 11.437, 11.030, 10.882, 10.824, 10.870, 10.988, 11.233, 11.508, 11.774, 11.993, 12.140, 12.249, 12.340, 12.458, 12.592, 12.749, 12.903, 13.048, 13.179, 13.259, 13.307, 13.309, 13.293, 13.257, 13.233, 13.217, 13.225, 13.271, 13.309, 13.344, 13.371, 13.382, 13.366, 13.310, 13.205, 13.090, 12.993, 12.907, 12.849, 12.814, 12.711, 12.740, 12.764, 12.740, 12.648, 12.397, 11.806, 10.650, 9.032, 7.732, 7.088, 6.815, 6.729, 6.807, 6.997, 7.254, 7.559, 7.893, 8.233, 8.597, 8.931, 9.256, 9.559, 9.841, 10.070, 10.337, 10.559, 10.749, 10.916, 11.067, 11.205, 11.324, 11.422, 11.534, 11.622, 11.698, 11.776, 11.871, 11.954, 11.983, 11.965, 11.926, 11.979, 12.009, 11.994, 11.950, 11.908, 11.859, 11.747, 11.647, 11.514, 11.309, 11.147, 10.991, 10.828, 10.773, 10.695, 10.618, 10.508, 10.425, 10.276, 10.161, 10.033, 9.919, 9.855, 9.742, 9.582, 9.363, 9.406, 9.148, 16.3,1046744.0,1305739.0,853568.12,56663.15,3378.50,18823.42,548.01,28957.65,291.34,459.77,33.90,486.01,22.23,3808.75,37.97,2306.55,25.72,2666.03,72.40,42.33,7.27,0.00,67.74,954.54,20.12,30714.18,181.16,0.00,138.62,0.00,18.40,29.69,2.72,95.05,3.00,27.33,1.54,0.00,5.56,94.09,1.35,135.08,1.59,11.79,0.92,110.62,1.58,7.31,1.09,0.00,52.84,0.00,443.52,0.00,308.91,0.00,517.46,0.00,545.51,11.04,3.25,0.00,29.00,27.46,1.64,0.00,133.60,0.00,149.53,0.00,68.63,252040.25,93963.13,5602.48,35566.15,1035.44,61950.11,623.27,1053.50,77.68,1213.52,55.51,4588.04,45.74,3227.34,35.99,4448.25,120.80,75.57,12.98,0.00,99.01,1371.52,28.91,43913.41,259.01,0.00,176.25,0.00,23.42,37.17,3.40,118.31,3.73,36.08,2.03,0.00,7.81,102.90,1.48,159.75,1.88,14.97,1.17,149.42,2.13,8.57,1.28,0.00,70.46,0.00,476.39,0.00,352.88,0.00,656.93,0.00,653.03,12.96,3.82,0.00,31.31,29.58,1.77,0.00,148.94,0.00,170.15,0.00,77.86
56.5,56.5,1,56.500,16/03/2026 19:12:34,29.957, , , , , , , , , , , , , , , , , , , , , , , , , , , , , , , , , , , , , , , , , , , , , , , , , , , , , , , , , , , , , , , , , , , , , , , , , , , , , , , , , , , , , , , , , , , , , , , , , , , , , , , , , , , , , , , , , , , , , , , , , , , , , , , , , , , , , , , , , , , , , , , , , , , , , , , , , , , , , , , , , , , , , , , , , , , , , , , , , , , , , , , , , , , , , , , , , , , , , , , , , , , , , , , , , , , , , , , , , , , , , , , , , , , , , , , , , , , , , , , , , , , , , , , , , , , , , , , , , , , , , , , , , , , , , , , , , , , , , , , , , , , , , , , , , , , , , , , , , , , , , , , , , , , , , , , , , , , , , , , , , , , , , , , , , , , , , , , , , , , , , , , , , , , , , , , , , , , , , , , , , , , , 
57.0,57.0,1,57.000,16/03/2026 19:13:00,28.763,,14.11, 15.16, 15.47,45.86, -1.89, 2.29,18.386, 16.203, 15.606, 14.041, 13.990, 13.570, 13.191, 13.280, 13.577, 13.984, 14.197, 14.383, 14.481, 14.617, 14.775, 14.926, 15.130, 15.281, 15.391, 15.419, 15.426, 15.424, 15.328, 15.223, 15.128, 14.962, 14.874, 14.722, 14.637, 14.509, 14.447, 14.310, 14.276, 14.137, 14.178, 14.032, 14.118, 14.025, 14.104, 14.131, 14.145, 14.301, 14.289, 14.420, 14.530, 14.518, 14.629, 14.666, 14.608, 14.669, 14.661, 14.569, 14.582, 14.601, 14.527, 14.492, 14.568, 14.585, 14.522, 14.538, 14.642, 14.653, 14.628, 14.615, 14.714, 14.752, 14.722, 14.685, 14.649, 14.697, 14.762, 14.713, 14.589, 14.519, 14.542, 14.628, 14.685, 14.590, 14.446, 14.353, 14.368, 14.475, 14.564, 14.541, 14.437, 14.371, 14.411, 14.539, 14.689, 14.762, 14.728, 14.622, 14.551, 14.569, 14.688, 14.798, 14.839, 14.776, 14.612, 14.430, 14.323, 14.314, 14.299, 14.186, 13.738, 12.986, 12.286, 11.885, 11.692, 11.605, 11.611, 11.711, 11.930, 12.209, 12.503, 12.780, 12.990, 13.157, 13.294, 13.415, 13.550, 13.672, 13.785, 13.901, 13.997, 14.067, 14.158, 14.237, 14.295, 14.321, 14.341, 14.346, 14.336, 14.326, 14.292, 14.258, 14.207, 14.169, 14.137, 14.121, 14.103, 14.068, 14.048, 14.026, 14.001, 13.984, 13.858, 13.828, 13.758, 13.635, 13.408, 13.041, 12.336, 11.092, 9.498, 8.321, 7.811, 7.686, 7.715, 7.868, 8.100, 8.373, 8.641, 8.919, 9.181, 9.430, 9.664, 9.882, 10.085, 10.301, 10.532, 10.794, 11.063, 11.341, 11.627, 11.914, 12.163, 12.404, 12.606, 12.784, 12.906, 12.991, 13.057, 13.107, 13.108, 13.074, 12.932, 12.784, 12.741, 12.678, 12.570, 12.493, 12.450, 12.401, 12.342, 12.335, 12.241, 12.182, 12.113, 12.045, 11.968, 11.976, 11.955, 11.860, 11.781, 11.623, 11.498, 11.360, 11.197, 10.973, 10.698, 10.539, 10.226, 10.128, 9.878, 9.795, 16.3,1040329.0,1347537.0,837581.48,61735.14,3363.11,22123.12,579.69,32825.43,312.72,502.16,34.53,412.57,21.73,4741.16,42.75,2487.14,26.87,2696.90,72.95,49.63,7.30,202.81,19.76,1043.37,21.15,32945.83,192.68,0.00,141.62,0.00,16.79,33.73,2.81,81.11,2.82,45.13,1.66,0.00,5.04,85.40,1.31,143.12,1.65,13.24,0.92,122.39,1.64,0.00,28.95,0.00,52.39,0.00,444.85,0.00,303.18,36.85,9.58,40.73,10.31,0.00,56.87,0.00,26.50,17.64,1.51,26.62,3.95,0.00,142.09,7.27,1.47,280059.35,102373.89,5576.96,41800.81,1095.30,70224.59,669.01,1150.63,79.12,1030.15,54.26,5711.22,51.50,3480.02,37.60,4499.76,121.72,88.60,13.03,296.42,28.88,1499.16,30.39,47104.10,275.48,0.00,180.07,0.00,21.37,42.22,3.52,100.96,3.51,59.59,2.19,0.00,7.08,93.39,1.43,169.25,1.95,16.81,1.17,165.32,2.22,0.00,33.94,0.00,69.86,0.00,477.82,0.00,346.33,46.78,12.16,48.76,12.34,0.00,66.77,0.00,28.61,19.00,1.63,29.68,4.40,0.00,161.68,8.25,1.67
57.5,57.5,1,57.500,16/03/2026 19:13:35,26.190,1157884.851, , , , , , , , , , , , , , , , , , , , , , , , , , , , , , , , , , , , , , , , , , , , , , , , , , , , , , , , , , , , , , , , , , , , , , , , , , , , , , , , , , , , , , , , , , , , , , , , , , , , , , , , , , , , , , , , , , , , , , , , , , , , , , , , , , , , , , , , , , , , , , , , , , , , , , , , , , , , , , , , , , , , , , , , , , , , , , , , , , , , , , , , , , , , , , , , , , , , , , , , , , , , , , , , , , , , , , , , , , , , , , , , , , , , , , , , , , , , , , , , , , , , , , , , , , , , , , , , , , , , , , , , , , , , , , , , , , , , , , , , , , , , , , , , , , , , , , , , , , , , , , , , , , , , , , , , , , , , , , , , , , , , , , , , , , , , , , , , , , , , , , , , , , , , , , , , , , , , , , , , , , , 
58.0,58.0,1,58.000,16/03/2026 19:14:00,25.662,,11.65, 12.57, 12.52,42.11, -2.14, 2.95,13.398, 12.826, 11.925, 11.098, 10.925, 10.354, 10.439, 10.542, 10.878, 11.246, 11.458, 11.647, 11.781, 11.955, 12.162, 12.330, 12.507, 12.662, 12.766, 12.829, 12.832, 12.812, 12.742, 12.648, 12.553, 12.420, 12.297, 12.228, 12.088, 12.032, 11.924, 11.858, 11.779, 11.719, 11.683, 11.656, 11.637, 11.677, 11.672, 11.769, 11.827, 11.900, 12.052, 12.096, 12.240, 12.366, 12.351, 12.492, 12.526, 12.466, 12.547, 12.554, 12.474, 12.526, 12.548, 12.484, 12.516, 12.594, 12.573, 12.566, 12.656, 12.693, 12.669, 12.697, 12.836, 12.872, 12.812, 12.791, 12.875, 12.965, 12.993, 12.924, 12.843, 12.882, 12.969, 12.995, 12.952, 12.881, 12.834, 12.825, 12.822, 12.862, 12.881, 12.848, 12.820, 12.852, 12.942, 13.079, 13.180, 13.208, 13.179, 13.147, 13.152, 13.237, 13.362, 13.442, 13.436, 13.311, 13.124, 12.953, 12.874, 12.869, 12.842, 12.589, 11.819, 10.665, 9.683, 9.163, 8.949, 8.910, 8.997, 9.164, 9.467, 9.833, 10.186, 10.492, 10.756, 10.982, 11.227, 11.471, 11.723, 11.983, 12.231, 12.431, 12.597, 12.694, 12.764, 12.787, 12.807, 12.830, 12.842, 12.884, 12.926, 12.975, 13.004, 13.025, 13.008, 12.984, 12.908, 12.801, 12.677, 12.501, 12.354, 12.257, 12.201, 12.170, 12.117, 12.141, 12.122, 12.045, 11.815, 11.304, 10.319, 8.643, 6.727, 5.462, 4.949, 4.766, 4.738, 4.824, 4.988, 5.210, 5.474, 5.767, 6.100, 6.437, 6.770, 7.109, 7.437, 7.768, 8.088, 8.390, 8.693, 8.965, 9.235, 9.470, 9.688, 9.878, 10.037, 10.200, 10.326, 10.420, 10.516, 10.612, 10.691, 10.713, 10.676, 10.627, 10.652, 10.648, 10.597, 10.533, 10.473, 10.386, 10.265, 10.123, 9.933, 9.704, 9.449, 9.256, 9.019, 8.851, 8.699, 8.461, 8.306, 8.049, 7.893, 7.663, 7.502, 7.303, 7.108, 6.929, 6.815, 6.612, 6.598, 6.551, 16.3,1048256.0,1279203.0,895449.75,56581.97,3540.81,12303.75,461.54,4901.70,123.10,372.74,31.47,505.72,22.13,0.00,992.47,593.01,14.26,1215.61,55.00,0.00,20.40,128.37,16.52,868.56,18.55,26633.75,161.21,0.00,128.03,0.00,16.56,14.28,2.29,57.90,2.37,39.07,1.44,0.00,5.29,66.81,1.11,118.30,1.44,12.57,0.85,91.09,1.41,0.00,29.30,0.00,51.37,0.00,427.60,0.00,293.69,0.00,496.95,0.00,515.87,15.80,3.13,0.00,29.79,11.50,1.30,17.73,3.74,0.00,141.58,0.00,66.60,172596.41,93828.51,5871.64,23247.48,872.06,10486.38,263.35,854.08,72.11,1262.73,55.26,0.00,1195.53,829.74,19.95,2028.24,91.77,0.00,36.42,187.62,24.14,1247.98,26.65,38079.44,230.49,0.00,162.79,0.00,21.07,17.88,2.87,72.07,2.95,51.58,1.90,0.00,7.43,73.06,1.21,139.90,1.70,15.96,1.08,123.04,1.90,0.00,34.35,0.00,68.50,0.00,459.29,0.00,335.49,0.00,630.89,0.00,617.55,18.55,3.67,0.00,32.17,12.39,1.40,19.77,4.17,0.00,161.10,0.00,75.55
58.5,58.5,1,58.500,16/03/2026 19:14:44,27.715, , , , , , , , , , , , , , , , , , , , , , , , , , , , , , , , , , , , , , , , , , , , , , , , , , , , , , , , , , , , , , , , , , , , , , , , , , , , , , , , , , , , , , , , , , , , , , , , , , , , , , , , , , , , , , , , , , , , , , , , , , , , , , , , , , , , , , , , , , , , , , , , , , , , , , , , , , , , , , , , , , , , , , , , , , , , , , , , , , , , , , , , , , , , , , , , , , , , , , , , , , , , , , , , , , , , , , , , , , , , , , , , , , , , , , , , , , , , , , , , , , , , , , , , , , , , , , , , , , , , , , , , , , , , , , , , , , , , , , , , , , , , , , , , , , , , , , , , , , , , , , , , , , , , , , , , , , , , , , , , , , , , , , , , , , , , , , , , , , , , , , , , , , , , , , , , , , , , , , , , , , , , 
59.0,59.0,1,59.000,16/03/2026 19:15:01,27.712,,12.33, 13.35, 13.29,43.28, -2.41, 3.01,14.823, 12.368, 12.562, 11.680, 11.364, 11.136, 11.006, 11.215, 11.509, 11.925, 12.150, 12.348, 12.530, 12.734, 12.957, 13.138, 13.345, 13.493, 13.583, 13.642, 13.650, 13.603, 13.498, 13.427, 13.300, 13.110, 13.031, 12.874, 12.755, 12.676, 12.514, 12.484, 12.317, 12.326, 12.195, 12.243, 12.145, 12.235, 12.173, 12.304, 12.347, 12.402, 12.589, 12.578, 12.776, 12.872, 12.848, 13.014, 13.003, 12.946, 13.022, 12.994, 12.919, 12.950, 12.951, 12.896, 12.923, 12.954, 12.955, 12.971, 13.018, 13.040, 13.052, 13.086, 13.155, 13.174, 13.125, 13.130, 13.179, 13.181, 13.207, 13.169, 13.122, 13.129, 13.152, 13.170, 13.159, 13.107, 13.044, 13.007, 13.006, 13.029, 13.053, 13.053, 13.032, 13.057, 13.117, 13.204, 13.272, 13.306, 13.296, 13.277, 13.298, 13.350, 13.414, 13.466, 13.456, 13.380, 13.270, 13.151, 13.085, 13.066, 13.012, 12.808, 12.237, 11.345, 10.575, 10.168, 10.012, 9.956, 9.988, 10.074, 10.297, 10.586, 10.887, 11.182, 11.436, 11.648, 11.850, 12.026, 12.177, 12.323, 12.461, 12.576, 12.665, 12.756, 12.835, 12.918, 12.974, 13.008, 13.034, 13.034, 13.028, 13.005, 12.975, 12.938, 12.902, 12.884, 12.866, 12.825, 12.777, 12.706, 12.649, 12.585, 12.554, 12.509, 12.358, 12.324, 12.261, 12.161, 11.968, 11.584, 10.817, 9.447, 7.706, 6.430, 5.879, 5.692, 5.684, 5.805, 6.001, 6.241, 6.511, 6.789, 7.089, 7.389, 7.695, 7.983, 8.266, 8.557, 8.851, 9.150, 9.444, 9.705, 9.985, 10.219, 10.436, 10.614, 10.773, 10.893, 11.000, 11.055, 11.111, 11.150, 11.175, 11.148, 11.096, 11.013, 10.998, 10.984, 10.942, 10.881, 10.866, 10.813, 10.749, 10.652, 10.541, 10.378, 10.268, 10.134, 10.011, 9.925, 9.771, 9.662, 9.482, 9.300, 9.112, 8.895, 8.688, 8.511, 8.330, 7.973, 7.862, 7.694, 7.436, 7.464, 16.3,1062782.0,1303776.0,865501.56,65851.66,3462.53,15826.11,502.83,17676.40,218.87,489.45,32.71,491.94,21.55,2077.76,28.37,1305.75,18.97,1740.94,61.01,0.00,20.21,71.45,15.32,760.60,17.46,27590.84,163.03,0.00,124.65,0.00,15.61,58.13,3.02,77.40,2.62,21.01,1.37,0.00,4.47,72.82,1.14,123.68,1.46,19.79,0.90,111.89,1.50,0.00,28.46,0.00,50.30,0.00,419.04,0.00,288.88,30.00,8.93,56.21,9.54,0.00,54.57,0.00,24.46,24.70,1.48,19.94,3.66,0.00,138.14,0.00,59.45,227901.62,109200.21,5741.83,29902.84,950.08,37815.74,468.24,1121.51,74.95,1228.33,53.81,2502.88,34.17,1827.01,26.54,2904.75,101.79,0.00,36.08,104.43,22.39,1092.86,25.09,39447.83,233.09,0.00,158.49,0.00,19.87,72.77,3.78,96.34,3.26,27.74,1.81,0.00,6.28,79.64,1.25,146.26,1.73,25.13,1.14,151.14,2.03,0.00,33.36,0.00,67.07,0.00,450.10,0.00,330.00,38.09,11.34,67.29,11.42,0.00,64.07,0.00,26.41,26.61,1.59,22.23,4.08,0.00,157.19,0.00,67.44
59.5,59.5,1,59.500,16/03/2026 19:15:53,27.253, , , , , , , , , , , , , , , , , , , , , , , , , , , , , , , , , , , , , , , , , , , , , , , , , , , , , , , , , , , , , , , , , , , , , , , , , , , , , , , , , , , , , , , , , , , , , , , , , , , , , , , , , , , , , , , , , , , , , , , , , , , , , , , , , , , , , , , , , , , , , , , , , , , , , , , , , , , , , , , , , , , , , , , , , , , , , , , , , , , , , , , , , , , , , , , , , , , , , , , , , , , , , , , , , , , , , , , , , , , , , , , , , , , , , , , , , , , , , , , , , , , , , , , , , , , , , , , , , , , , , , , , , , , , , , , , , , , , , , , , , , , , , , , , , , , , , , , , , , , , , , , , , , , , , , , , , , , , , , , , , , , , , , , , , , , , , , , , , , , , , , , , , , , , , , , , , , , , , , , , , , , , 
60.0,60.0,1,60.000,16/03/2026 19:16:19,28.901,,13.36, 14.42, 14.57,44.83, -2.22, 2.59,16.535, 14.958, 14.070, 12.727, 12.503, 12.504, 12.289, 12.389, 12.697, 13.165, 13.320, 13.551, 13.692, 13.838, 14.065, 14.227, 14.425, 14.589, 14.657, 14.714, 14.715, 14.676, 14.577, 14.485, 14.344, 14.183, 14.081, 13.916, 13.836, 13.696, 13.612, 13.498, 13.422, 13.309, 13.311, 13.196, 13.269, 13.174, 13.282, 13.284, 13.348, 13.502, 13.492, 13.677, 13.775, 13.785, 13.936, 13.945, 13.908, 13.993, 13.945, 13.866, 13.916, 13.906, 13.804, 13.821, 13.896, 13.867, 13.821, 13.887, 13.982, 13.932, 13.908, 13.978, 14.071, 14.082, 13.974, 13.947, 13.969, 14.032, 14.056, 13.972, 13.916, 13.906, 13.949, 14.007, 13.994, 13.916, 13.823, 13.782, 13.808, 13.896, 13.915, 13.881, 13.800, 13.780, 13.866, 14.012, 14.149, 14.173, 14.106, 14.020, 13.987, 14.048, 14.180, 14.312, 14.350, 14.258, 14.063, 13.884, 13.780, 13.780, 13.812, 13.733, 13.309, 12.512, 11.735, 11.255, 11.006, 10.898, 10.929, 11.090, 11.404, 11.771, 12.112, 12.361, 12.493, 12.566, 12.621, 12.715, 12.857, 13.060, 13.291, 13.516, 13.698, 13.797, 13.844, 13.817, 13.723, 13.631, 13.559, 13.526, 13.551, 13.615, 13.706, 13.797, 13.857, 13.898, 13.895, 13.801, 13.648, 13.465, 13.280, 13.141, 13.048, 13.010, 12.951, 13.012, 13.075, 13.095, 13.015, 12.740, 12.068, 10.753, 8.932, 7.477, 6.796, 6.504, 6.434, 6.520, 6.713, 6.984, 7.318, 7.667, 8.058, 8.446, 8.834, 9.201, 9.535, 9.848, 10.139, 10.399, 10.624, 10.834, 10.991, 11.134, 11.263, 11.352, 11.462, 11.560, 11.639, 11.754, 11.849, 11.944, 12.053, 12.125, 12.132, 12.123, 12.186, 12.220, 12.156, 12.105, 12.054, 11.956, 11.827, 11.657, 11.503, 11.302, 11.077, 10.898, 10.751, 10.603, 10.513, 10.406, 10.244, 10.113, 10.029, 9.875, 9.732, 9.505, 9.426, 9.253, 9.182, 8.938, 8.991, 8.845, 16.3,1068017.0,1278669.0,889027.63,57463.99,3469.41,12242.78,465.22,11381.91,177.57,502.10,33.25,457.82,21.78,1066.14,23.56,986.49,16.97,841.92,51.04,45.10,6.32,145.62,17.42,711.66,16.99,24553.18,147.40,0.00,116.37,0.00,14.20,24.26,2.41,79.28,2.61,27.89,1.39,0.00,4.72,70.25,1.10,118.35,1.41,13.44,0.84,113.57,1.50,0.00,29.75,0.00,51.02,66.99,9.16,22.38,6.12,0.00,483.40,0.00,515.04,0.00,56.56,0.00,28.30,21.30,1.42,15.91,3.74,0.00,142.59,0.00,57.25,186248.06,95291.14,5753.24,23132.28,879.02,24349.72,379.88,1150.49,76.19,1143.13,54.38,1284.28,28.38,1380.30,23.74,1404.74,85.16,80.51,11.28,212.83,25.46,1022.54,24.41,35104.76,210.74,0.00,147.96,0.00,18.07,30.37,3.02,98.68,3.25,36.82,1.84,0.00,6.63,76.83,1.20,139.96,1.67,17.07,1.07,153.41,2.03,0.00,34.87,0.00,68.03,71.95,9.84,25.57,6.99,0.00,613.69,0.00,616.56,0.00,66.40,0.00,30.56,22.94,1.53,17.74,4.17,0.00,162.25,0.00,64.95
60.5,60.5,1,60.500,16/03/2026 19:16:53,29.499, , , , , , , , , , , , , , , , , , , , , , , , , , , , , , , , , , , , , , , , , , , , , , , , , , , , , , , , , , , , , , , , , , , , , , , , , , , , , , , , , , , , , , , , , , , , , , , , , , , , , , , , , , , , , , , , , , , , , , , , , , , , , , , , , , , , , , , , , , , , , , , , , , , , , , , , , , , , , , , , , , , , , , , , , , , , , , , , , , , , , , , , , , , , , , , , , , , , , , , , , , , , , , , , , , , , , , , , , , , , , , , , , , , , , , , , , , , , , , , , , , , , , , , , , , , , , , , , , , , , , , , , , , , , , , , , , , , , , , , , , , , , , , , , , , , , , , , , , , , , , , , , , , , , , , , , , , , , , , , , , , , , , , , , , , , , , , , , , , , , , , , , , , , , , , , , , , , , , , , , , , , , 
61.0,61.0,1,61.000,16/03/2026 19:17:19,30.360,,13.52, 14.61, 14.75,45.09, -2.31, 2.62,13.713, 13.935, 13.305, 12.709, 12.376, 12.230, 12.326, 12.433, 12.778, 13.294, 13.521, 13.752, 13.897, 14.042, 14.263, 14.425, 14.631, 14.789, 14.856, 14.895, 14.891, 14.880, 14.799, 14.642, 14.485, 14.388, 14.237, 14.060, 14.005, 13.834, 13.740, 13.662, 13.505, 13.502, 13.375, 13.404, 13.295, 13.388, 13.306, 13.461, 13.447, 13.555, 13.694, 13.677, 13.919, 13.902, 13.941, 14.092, 13.976, 14.013, 14.063, 13.927, 13.944, 13.989, 13.859, 13.853, 13.964, 13.911, 13.840, 13.945, 14.050, 13.942, 13.908, 14.046, 14.170, 14.068, 13.980, 14.064, 14.209, 14.188, 14.070, 13.949, 14.002, 14.089, 14.069, 13.965, 13.908, 13.951, 13.993, 13.955, 13.860, 13.791, 13.843, 13.926, 14.006, 13.982, 13.953, 13.944, 14.029, 14.142, 14.241, 14.232, 14.169, 14.104, 14.114, 14.190, 14.293, 14.322, 14.251, 14.078, 13.912, 13.815, 13.766, 13.650, 13.253, 12.555, 11.876, 11.448, 11.201, 11.050, 11.017, 11.126, 11.403, 11.772, 12.147, 12.430, 12.608, 12.701, 12.750, 12.815, 12.917, 13.071, 13.285, 13.501, 13.692, 13.810, 13.892, 13.882, 13.815, 13.734, 13.672, 13.638, 13.650, 13.706, 13.771, 13.853, 13.901, 13.907, 13.896, 13.799, 13.677, 13.515, 13.373, 13.260, 13.190, 13.173, 13.100, 13.151, 13.204, 13.185, 13.085, 12.776, 12.096, 10.796, 9.063, 7.695, 7.039, 6.784, 6.734, 6.846, 7.070, 7.364, 7.707, 8.066, 8.439, 8.799, 9.125, 9.442, 9.722, 9.976, 10.210, 10.424, 10.631, 10.818, 10.998, 11.165, 11.334, 11.487, 11.632, 11.775, 11.923, 12.036, 12.167, 12.272, 12.355, 12.381, 12.362, 12.313, 12.326, 12.283, 12.195, 12.098, 12.000, 11.899, 11.765, 11.613, 11.443, 11.314, 11.163, 11.034, 10.930, 10.892, 10.859, 10.814, 10.749, 10.647, 10.586, 10.418, 10.324, 10.170, 9.915, 9.820, 9.585, 9.389, 9.219, 9.162, 16.3,1037764.0,1302341.0,885636.83,60208.59,3541.01,13491.42,483.96,6966.20,142.41,566.44,34.10,517.17,22.17,1172.38,24.15,1217.83,18.29,1747.45,61.08,27.48,6.36,58.26,15.53,749.24,17.44,27139.04,164.12,0.00,125.80,0.00,15.67,19.03,2.38,78.30,2.65,29.98,1.41,1.76,0.47,80.31,1.22,119.04,1.45,4.31,0.81,124.42,1.59,0.00,28.72,0.00,50.32,0.00,424.43,0.00,294.62,0.00,500.53,0.00,514.33,0.00,56.52,0.00,27.89,16.66,1.41,27.88,3.75,0.00,140.76,0.00,67.15,189485.25,99842.45,5871.97,25491.53,914.42,14903.03,304.66,1297.92,78.14,1291.32,55.36,1412.25,29.09,1704.00,25.59,2915.61,101.91,49.06,11.35,85.15,22.70,1076.54,25.06,38801.87,234.65,0.00,159.95,0.00,19.94,23.82,2.98,97.46,3.30,39.58,1.86,2.47,0.66,87.83,1.33,140.78,1.71,5.47,1.03,168.06,2.15,0.00,33.67,0.00,67.10,0.00,455.89,0.00,336.55,0.00,635.43,0.00,615.71,0.00,66.36,0.00,30.11,17.95,1.52,31.08,4.18,0.00,160.17,0.00,76.18
61.5,61.5,1,61.500,16/03/2026 19:18:02,29.693, , , , , , , , , , , , , , , , , , , , , , , , , , , , , , , , , , , , , , , , , , , , , , , , , , , , , , , , , , , , , , , , , , , , , , , , , , , , , , , , , , , , , , , , , , , , , , , , , , , , , , , , , , , , , , , , , , , , , , , , , , , , , , , , , , , , , , , , , , , , , , , , , , , , , , , , , , , , , , , , , , , , , , , , , , , , , , , , , , , , , , , , , , , , , , , , , , , , , , , , , , , , , , , , , , , , , , , , , , , , , , , , , , , , , , , , , , , , , , , , , , , , , , , , , , , , , , , , , , , , , , , , , , , , , , , , , , , , , , , , , , , , , , , , , , , , , , , , , , , , , , , , , , , , , , , , , , , , , , , , , , , , , , , , , , , , , , , , , , , , , , , , , , , , , , , , , , , , , , , , , , , , 
62.0,62.0,1,62.000,16/03/2026 19:18:20,29.297,,13.94, 15.03, 15.33,45.68, -2.20, 2.29,18.125, 15.632, 14.885, 14.170, 13.543, 13.091, 12.996, 13.138, 13.483, 13.848, 14.035, 14.261, 14.367, 14.522, 14.719, 14.899, 15.076, 15.226, 15.304, 15.347, 15.324, 15.275, 15.201, 15.086, 14.891, 14.770, 14.674, 14.424, 14.418, 14.247, 14.123, 14.089, 13.885, 13.920, 13.743, 13.808, 13.676, 13.776, 13.705, 13.826, 13.865, 13.927, 14.091, 14.100, 14.278, 14.329, 14.347, 14.454, 14.420, 14.422, 14.427, 14.384, 14.373, 14.345, 14.297, 14.329, 14.340, 14.291, 14.332, 14.411, 14.390, 14.334, 14.424, 14.508, 14.508, 14.450, 14.505, 14.561, 14.527, 14.459, 14.479, 14.529, 14.506, 14.372, 14.324, 14.398, 14.489, 14.438, 14.294, 14.167, 14.205, 14.328, 14.410, 14.366, 14.241, 14.200, 14.318, 14.495, 14.619, 14.609, 14.513, 14.427, 14.445, 14.560, 14.708, 14.787, 14.743, 14.586, 14.411, 14.289, 14.269, 14.317, 14.314, 14.145, 13.585, 12.690, 11.915, 11.494, 11.356, 11.339, 11.394, 11.504, 11.722, 11.992, 12.251, 12.494, 12.708, 12.890, 13.074, 13.259, 13.424, 13.581, 13.718, 13.822, 13.919, 13.982, 14.054, 14.101, 14.141, 14.173, 14.204, 14.218, 14.223, 14.221, 14.195, 14.160, 14.107, 14.082, 14.066, 14.035, 13.976, 13.928, 13.874, 13.825, 13.797, 13.767, 13.598, 13.563, 13.502, 13.422, 13.242, 12.890, 12.191, 10.897, 9.201, 7.915, 7.327, 7.137, 7.117, 7.217, 7.414, 7.649, 7.919, 8.199, 8.502, 8.800, 9.101, 9.404, 9.724, 10.018, 10.325, 10.636, 10.928, 11.195, 11.446, 11.659, 11.846, 11.980, 12.103, 12.197, 12.278, 12.325, 12.371, 12.439, 12.478, 12.486, 12.424, 12.416, 12.462, 12.478, 12.454, 12.435, 12.433, 12.399, 12.313, 12.200, 12.045, 11.866, 11.698, 11.486, 11.364, 11.200, 11.084, 10.969, 10.807, 10.599, 10.425, 10.332, 10.172, 9.996, 9.868, 9.819, 9.681, 9.653, 9.523, 9.558, 16.3,1003733.0,1243864.0,877990.26,67340.43,3878.94,13747.38,519.82,7239.92,153.95,391.70,34.78,711.05,25.53,1158.84,26.21,1089.71,18.93,1102.13,57.46,54.29,6.99,0.00,68.75,800.04,18.99,27790.21,179.43,0.00,138.20,0.00,17.46,51.49,3.13,90.22,2.94,37.97,1.61,0.00,4.88,94.24,1.39,143.77,1.70,14.98,0.96,121.84,1.70,8.15,1.13,0.00,55.95,0.00,466.91,0.00,325.28,0.00,529.10,0.00,564.16,0.00,49.28,0.00,29.77,21.40,1.54,0.00,139.55,0.00,157.17,0.00,70.29,202260.80,111669.00,6432.35,25975.16,982.18,15488.61,329.35,897.53,79.69,1775.42,63.75,1395.94,31.57,1524.73,26.49,1838.90,95.87,96.92,12.48,0.00,100.48,1149.53,27.29,39732.88,256.54,0.00,175.72,0.00,22.22,64.45,3.92,112.30,3.66,50.13,2.13,0.00,6.86,103.06,1.52,170.02,2.01,19.02,1.22,164.58,2.30,9.55,1.32,0.00,74.61,0.00,501.51,0.00,371.58,0.00,671.70,0.00,675.36,0.00,57.86,0.00,32.14,23.05,1.66,0.00,155.58,0.00,178.84,0.00,79.74
62.5,62.5,1,62.500,16/03/2026 19:19:03,28.441,1157884.389, , , , , , , , , , , , , , , , , , , , , , , , , , , , , , , , , , , , , , , , , , , , , , , , , , , , , , , , , , , , , , , , , , , , , , , , , , , , , , , , , , , , , , , , , , , , , , , , , , , , , , , , , , , , , , , , , , , , , , , , , , , , , , , , , , , , , , , , , , , , , , , , , , , , , , , , , , , , , , , , , , , , , , , , , , , , , , , , , , , , , , , , , , , , , , , , , , , , , , , , , , , , , , , , , , , , , , , , , , , , , , , , , , , , , , , , , , , , , , , , , , , , , , , , , , , , , , , , , , , , , , , , , , , , , , , , , , , , , , , , , , , , , , , , , , , , , , , , , , , , , , , , , , , , , , , , , , , , , , , , , , , , , , , , , , , , , , , , , , , , , , , , , , , , , , , , , , , , , , , , , , , 
63.0,63.0,1,63.000,16/03/2026 19:19:20,28.568,,13.46, 14.50, 14.63,44.94, -2.05, 2.63,15.351, 14.981, 14.148, 12.556, 12.827, 12.502, 12.418, 12.428, 12.776, 13.180, 13.416, 13.597, 13.742, 13.914, 14.092, 14.254, 14.458, 14.614, 14.713, 14.764, 14.770, 14.744, 14.687, 14.603, 14.471, 14.292, 14.176, 14.094, 13.979, 13.814, 13.820, 13.656, 13.570, 13.565, 13.407, 13.505, 13.345, 13.492, 13.379, 13.554, 13.530, 13.678, 13.725, 13.864, 13.921, 14.029, 14.104, 14.035, 14.222, 14.094, 14.033, 14.228, 14.030, 13.966, 14.147, 14.020, 13.942, 14.103, 14.094, 14.013, 14.120, 14.166, 14.113, 14.150, 14.275, 14.243, 14.134, 14.156, 14.235, 14.182, 14.156, 14.166, 14.176, 14.113, 14.062, 14.128, 14.202, 14.172, 14.024, 13.906, 13.938, 14.056, 14.132, 14.052, 13.939, 13.934, 14.072, 14.228, 14.311, 14.293, 14.223, 14.190, 14.217, 14.302, 14.389, 14.431, 14.399, 14.321, 14.182, 14.057, 13.967, 13.951, 13.909, 13.716, 13.169, 12.289, 11.484, 11.025, 10.800, 10.718, 10.740, 10.893, 11.192, 11.550, 11.868, 12.126, 12.300, 12.426, 12.553, 12.732, 12.941, 13.173, 13.404, 13.585, 13.702, 13.756, 13.755, 13.731, 13.714, 13.713, 13.747, 13.807, 13.881, 13.945, 13.976, 13.965, 13.912, 13.837, 13.758, 13.628, 13.526, 13.432, 13.360, 13.320, 13.315, 13.346, 13.299, 13.300, 13.296, 13.211, 13.013, 12.606, 11.824, 10.407, 8.620, 7.293, 6.699, 6.496, 6.472, 6.585, 6.808, 7.097, 7.409, 7.752, 8.099, 8.434, 8.761, 9.072, 9.364, 9.611, 9.871, 10.109, 10.342, 10.557, 10.770, 10.980, 11.188, 11.386, 11.579, 11.745, 11.903, 12.062, 12.192, 12.305, 12.412, 12.437, 12.378, 12.309, 12.263, 12.202, 12.076, 11.940, 11.831, 11.689, 11.531, 11.371, 11.226, 11.085, 10.929, 10.824, 10.788, 10.754, 10.745, 10.681, 10.650, 10.585, 10.551, 10.337, 10.226, 10.032, 9.795, 9.495, 9.348, 9.182, 8.824, 8.831, 16.3,996434.0,1193446.0,889114.91,69031.55,3870.02,10823.67,466.46,4552.39,125.25,433.55,34.32,813.07,25.67,0.00,971.45,421.00,13.80,1108.68,56.19,0.00,19.99,228.01,18.83,501.31,15.24,22252.43,144.26,0.00,118.58,0.00,17.42,15.54,2.34,90.78,2.86,17.91,1.46,0.00,5.23,80.27,1.22,136.47,1.58,21.33,0.93,114.92,1.56,6.16,1.05,0.00,53.68,46.50,9.37,0.00,303.75,30.11,9.36,57.58,10.05,13.76,3.26,4.99,1.19,32.50,1.64,50.60,3.69,0.00,140.43,0.00,64.01,183859.52,114473.35,6417.56,20450.92,881.36,9739.09,267.95,993.42,78.64,2030.16,64.10,0.00,1170.21,589.07,19.31,1849.83,93.75,0.00,35.69,333.25,27.52,720.30,21.90,31815.27,206.25,0.00,150.77,0.00,22.17,19.45,2.93,113.00,3.56,23.65,1.93,0.00,7.35,87.78,1.33,161.39,1.87,27.09,1.18,155.23,2.11,7.22,1.23,0.00,71.58,49.95,10.06,0.00,346.98,38.23,11.88,68.93,12.03,16.16,3.83,5.39,1.28,35.01,1.77,56.41,4.11,0.00,159.80,0.00,72.62
63.5,63.5,1,63.500,16/03/2026 19:20:03,30.155, , , , , , , , , , , , , , , , , , , , , , , , , , , , , , , , , , , , , , , , , , , , , , , , , , , , , , , , , , , , , , , , , , , , , , , , , , , , , , , , , , , , , , , , , , , , , , , , , , , , , , , , , , , , , , , , , , , , , , , , , , , , , , , , , , , , , , , , , , , , , , , , , , , , , , , , , , , , , , , , , , , , , , , , , , , , , , , , , , , , , , , , , , , , , , , , , , , , , , , , , , , , , , , , , , , , , , , , , , , , , , , , , , , , , , , , , , , , , , , , , , , , , , , , , , , , , , , , , , , , , , , , , , , , , , , , , , , , , , , , , , , , , , , , , , , , , , , , , , , , , , , , , , , , , , , , , , , , , , , , , , , , , , , , , , , , , , , , , , , , , , , , , , , , , , , , , , , , , , , , , , , , 
64.0,64.0,1,64.000,16/03/2026 19:20:29,29.097,,12.86, 13.87, 13.68,44.04, -2.10, 3.36,13.504, 12.363, 11.862, 11.521, 11.458, 11.156, 11.194, 11.398, 11.836, 12.275, 12.552, 12.774, 12.883, 13.073, 13.297, 13.500, 13.742, 13.916, 14.038, 14.111, 14.137, 14.130, 14.090, 14.021, 13.895, 13.746, 13.660, 13.540, 13.429, 13.345, 13.258, 13.164, 13.085, 13.015, 12.978, 12.948, 12.920, 12.952, 12.941, 13.027, 13.068, 13.148, 13.270, 13.301, 13.477, 13.491, 13.556, 13.631, 13.575, 13.631, 13.597, 13.537, 13.589, 13.534, 13.454, 13.537, 13.548, 13.457, 13.512, 13.601, 13.573, 13.525, 13.599, 13.680, 13.669, 13.643, 13.697, 13.705, 13.716, 13.714, 13.729, 13.700, 13.624, 13.625, 13.630, 13.657, 13.660, 13.578, 13.516, 13.468, 13.453, 13.461, 13.492, 13.476, 13.458, 13.490, 13.552, 13.632, 13.671, 13.697, 13.705, 13.706, 13.734, 13.772, 13.791, 13.801, 13.792, 13.727, 13.626, 13.509, 13.398, 13.335, 13.225, 12.959, 12.315, 11.379, 10.584, 10.169, 9.979, 9.875, 9.856, 9.923, 10.152, 10.504, 10.899, 11.257, 11.538, 11.745, 11.896, 12.019, 12.146, 12.304, 12.475, 12.675, 12.869, 13.028, 13.147, 13.196, 13.197, 13.149, 13.092, 13.056, 13.057, 13.074, 13.123, 13.173, 13.198, 13.213, 13.197, 13.119, 12.989, 12.831, 12.668, 12.547, 12.487, 12.472, 12.401, 12.422, 12.421, 12.385, 12.213, 11.814, 10.984, 9.519, 7.714, 6.416, 5.826, 5.624, 5.603, 5.722, 5.923, 6.197, 6.502, 6.835, 7.154, 7.488, 7.788, 8.090, 8.358, 8.616, 8.889, 9.161, 9.420, 9.681, 9.941, 10.174, 10.399, 10.597, 10.777, 10.937, 11.053, 11.145, 11.216, 11.282, 11.302, 11.301, 11.243, 11.167, 11.143, 11.141, 11.068, 11.016, 10.999, 10.908, 10.842, 10.721, 10.640, 10.474, 10.309, 10.184, 10.004, 9.925, 9.824, 9.665, 9.453, 9.272, 9.028, 8.894, 8.663, 8.348, 8.215, 8.056, 7.872, 7.684, 7.582, 7.596, 16.3,991463.0,1170261.0,895434.19,63739.52,3851.94,11602.33,477.12,3708.16,117.16,434.51,34.69,665.85,24.97,0.00,973.48,444.06,14.01,663.96,51.02,42.95,6.64,0.00,67.40,576.27,16.16,22132.52,143.47,0.00,118.88,0.00,13.54,9.46,2.17,66.73,2.52,37.58,1.50,0.00,5.78,83.05,1.24,143.54,1.63,16.76,0.91,107.06,1.55,0.00,30.73,0.00,52.59,0.00,440.08,0.00,310.15,46.44,9.14,0.00,532.12,14.67,3.10,0.00,27.45,18.39,1.42,0.00,140.52,11.97,3.19,0.00,65.96,173169.31,105697.70,6387.58,21922.17,901.50,7933.00,250.64,995.62,79.49,1662.56,62.35,0.00,1172.66,621.33,19.60,1107.81,85.13,76.67,11.85,0.00,98.51,828.01,23.22,31643.83,205.13,0.00,151.15,0.00,17.23,11.84,2.72,83.06,3.14,49.62,1.98,0.00,8.12,90.82,1.36,169.75,1.93,21.28,1.16,144.61,2.09,0.00,36.02,0.00,70.13,0.00,472.70,0.00,354.29,58.96,11.60,0.00,637.00,17.22,3.64,0.00,29.64,19.81,1.53,0.00,156.66,13.62,3.63,0.00,74.83
64.5,64.5,1,64.500,16/03/2026 19:21:12,28.508, , , , , , , , , , , , , , , , , , , , , , , , , , , , , , , , , , , , , , , , , , , , , , , , , , , , , , , , , , , , , , , , , , , , , , , , , , , , , , , , , , , , , , , , , , , , , , , , , , , , , , , , , , , , , , , , , , , , , , , , , , , , , , , , , , , , , , , , , , , , , , , , , , , , , , , , , , , , , , , , , , , , , , , , , , , , , , , , , , , , , , , , , , , , , , , , , , , , , , , , , , , , , , , , , , , , , , , , , , , , , , , , , , , , , , , , , , , , , , , , , , , , , , , , , , , , , , , , , , , , , , , , , , , , , , , , , , , , , , , , , , , , , , , , , , , , , , , , , , , , , , , , , , , , , , , , , , , , , , , , , , , , , , , , , , , , , , , , , , , , , , , , , , , , , , , , , , , , , , , , , , , , 
65.0,65.0,1,65.000,16/03/2026 19:21:38,27.118,,13.25, 14.25, 14.31,44.59, -1.92, 2.79,13.047, 13.147, 12.735, 12.189, 12.456, 12.219, 12.085, 12.133, 12.464, 12.949, 13.114, 13.325, 13.414, 13.575, 13.781, 13.952, 14.148, 14.308, 14.430, 14.510, 14.526, 14.501, 14.436, 14.358, 14.252, 14.115, 14.013, 13.909, 13.812, 13.701, 13.673, 13.514, 13.494, 13.380, 13.380, 13.324, 13.324, 13.314, 13.341, 13.389, 13.449, 13.520, 13.619, 13.670, 13.826, 13.826, 13.929, 13.953, 13.926, 13.988, 13.913, 13.900, 13.945, 13.865, 13.832, 13.894, 13.887, 13.837, 13.867, 13.922, 13.914, 13.859, 13.892, 13.959, 14.011, 13.981, 13.904, 13.933, 14.033, 14.066, 13.954, 13.943, 13.977, 13.949, 13.947, 13.934, 13.914, 13.901, 13.847, 13.747, 13.649, 13.653, 13.692, 13.715, 13.682, 13.675, 13.737, 13.834, 13.926, 13.956, 13.944, 13.922, 13.938, 13.969, 14.023, 14.035, 13.986, 13.872, 13.716, 13.553, 13.441, 13.369, 13.209, 12.814, 11.911, 10.735, 9.838, 9.399, 9.214, 9.128, 9.126, 9.194, 9.416, 9.763, 10.156, 10.564, 10.928, 11.211, 11.439, 11.637, 11.810, 11.982, 12.170, 12.377, 12.589, 12.780, 12.945, 13.049, 13.072, 13.072, 13.023, 12.974, 12.941, 12.940, 12.960, 12.996, 13.049, 13.064, 13.061, 12.984, 12.817, 12.613, 12.411, 12.230, 12.126, 12.086, 12.048, 12.085, 12.110, 12.067, 11.876, 11.412, 10.443, 8.847, 7.072, 5.863, 5.345, 5.153, 5.105, 5.175, 5.344, 5.574, 5.860, 6.182, 6.522, 6.857, 7.176, 7.487, 7.766, 8.008, 8.254, 8.469, 8.678, 8.893, 9.104, 9.333, 9.561, 9.792, 10.022, 10.240, 10.446, 10.636, 10.785, 10.897, 10.992, 11.006, 10.917, 10.806, 10.746, 10.644, 10.475, 10.351, 10.198, 10.086, 9.929, 9.813, 9.663, 9.501, 9.381, 9.301, 9.211, 9.181, 9.097, 9.024, 8.857, 8.754, 8.505, 8.356, 8.128, 7.956, 7.642, 7.419, 7.091, 6.976, 6.816, 6.605, 16.3,982996.0,1140255.0,885235.82,65445.51,3830.95,12838.44,500.78,13321.61,204.12,461.98,35.96,513.46,24.50,155.01,21.64,822.77,17.08,933.36,55.71,0.00,19.95,0.00,59.37,411.73,14.28,19307.06,126.91,0.00,112.23,0.00,17.48,19.46,2.40,74.24,2.62,23.68,1.30,0.00,5.25,88.61,1.27,163.69,1.75,9.50,0.86,123.40,1.63,10.33,1.07,0.00,53.84,0.00,447.26,0.00,309.48,0.00,519.25,0.00,550.68,12.68,3.13,0.00,33.79,15.24,1.33,12.38,3.93,0.00,155.12,0.00,63.35,195389.94,108526.70,6352.77,24257.75,946.21,28499.38,436.68,1058.57,82.40,1282.06,61.17,186.73,26.07,1151.22,23.90,1557.31,92.95,0.00,35.61,0.00,86.77,591.59,20.52,27604.15,181.45,0.00,142.70,0.00,22.24,24.36,3.00,92.41,3.26,31.27,1.72,0.00,7.38,96.90,1.39,193.58,2.07,12.06,1.09,166.69,2.20,12.11,1.25,0.00,71.79,0.00,480.41,0.00,353.53,0.00,659.20,0.00,659.22,14.89,3.67,0.00,36.49,16.42,1.43,13.80,4.38,0.00,176.51,0.00,71.87
65.5,65.5,1,65.500,16/03/2026 19:22:22,27.313, , , , , , , , , , , , , , , , , , , , , , , , , , , , , , , , , , , , , , , , , , , , , , , , , , , , , , , , , , , , , , , , , , , , , , , , , , , , , , , , , , , , , , , , , , , , , , , , , , , , , , , , , , , , , , , , , , , , , , , , , , , , , , , , , , , , , , , , , , , , , , , , , , , , , , , , , , , , , , , , , , , , , , , , , , , , , , , , , , , , , , , , , , , , , , , , , , , , , , , , , , , , , , , , , , , , , , , , , , , , , , , , , , , , , , , , , , , , , , , , , , , , , , , , , , , , , , , , , , , , , , , , , , , , , , , , , , , , , , , , , , , , , , , , , , , , , , , , , , , , , , , , , , , , , , , , , , , , , , , , , , , , , , , , , , , , , , , , , , , , , , , , , , , , , , , , , , , , , , , , , , , , 
66.0,66.0,1,66.000,16/03/2026 19:22:39,25.195,,11.92, 12.82, 12.78,42.49, -1.83, 2.93,11.053, 10.960, 11.932, 10.417, 10.853, 10.593, 10.640, 10.812, 11.122, 11.530, 11.714, 11.920, 11.990, 12.148, 12.331, 12.510, 12.687, 12.865, 12.966, 13.018, 13.046, 13.067, 13.033, 12.921, 12.811, 12.762, 12.651, 12.509, 12.509, 12.371, 12.323, 12.256, 12.178, 12.127, 12.108, 12.052, 12.099, 12.040, 12.137, 12.117, 12.226, 12.285, 12.321, 12.509, 12.456, 12.642, 12.647, 12.613, 12.772, 12.655, 12.623, 12.739, 12.627, 12.586, 12.669, 12.625, 12.606, 12.650, 12.646, 12.657, 12.677, 12.613, 12.611, 12.712, 12.774, 12.715, 12.676, 12.788, 12.857, 12.840, 12.818, 12.833, 12.849, 12.822, 12.734, 12.761, 12.843, 12.854, 12.707, 12.497, 12.385, 12.467, 12.567, 12.531, 12.407, 12.378, 12.496, 12.695, 12.816, 12.790, 12.704, 12.658, 12.719, 12.833, 12.921, 12.906, 12.762, 12.550, 12.348, 12.204, 12.116, 12.023, 11.777, 11.145, 9.942, 8.504, 7.529, 7.131, 7.004, 6.956, 6.923, 6.937, 7.109, 7.450, 7.901, 8.407, 8.883, 9.285, 9.587, 9.817, 10.008, 10.194, 10.405, 10.656, 10.943, 11.222, 11.453, 11.604, 11.671, 11.645, 11.573, 11.496, 11.441, 11.437, 11.491, 11.558, 11.626, 11.674, 11.662, 11.549, 11.348, 11.081, 10.819, 10.588, 10.429, 10.384, 10.337, 10.374, 10.414, 10.369, 10.133, 9.548, 8.425, 6.697, 5.054, 4.132, 3.763, 3.585, 3.524, 3.544, 3.644, 3.812, 4.021, 4.270, 4.557, 4.840, 5.127, 5.402, 5.664, 5.915, 6.136, 6.372, 6.572, 6.802, 7.024, 7.256, 7.476, 7.700, 7.910, 8.121, 8.324, 8.504, 8.651, 8.775, 8.873, 8.919, 8.876, 8.816, 8.786, 8.725, 8.591, 8.457, 8.335, 8.192, 8.007, 7.843, 7.687, 7.444, 7.275, 7.077, 6.941, 6.806, 6.705, 6.553, 6.425, 6.260, 6.058, 5.916, 5.773, 5.566, 5.339, 5.182, 5.028, 4.899, 4.805, 4.743, 16.2,958513.0,1131554.0,911040.42,51166.08,3947.83,15052.36,544.19,4575.95,133.39,594.15,39.19,569.64,26.15,0.00,1109.72,181.54,13.72,196.47,45.98,27.26,6.31,122.97,18.15,398.78,14.30,15413.31,106.87,0.00,100.56,0.00,14.81,11.11,2.19,77.17,2.62,28.75,1.36,0.00,5.51,73.24,1.17,181.84,1.88,15.45,0.88,126.95,1.65,4.35,1.04,0.00,55.91,50.09,9.59,0.00,320.04,39.05,9.22,0.00,546.62,0.00,57.48,0.00,30.28,13.98,1.33,39.08,3.76,0.00,151.44,0.00,71.32,150083.13,84847.47,6546.59,28440.87,1028.23,9789.49,285.37,1361.41,89.80,1422.34,65.29,0.00,1336.77,254.01,19.20,327.81,76.72,48.66,11.26,179.73,26.53,572.98,20.55,22037.08,152.80,0.00,127.86,0.00,18.85,13.91,2.74,96.05,3.26,37.96,1.80,0.00,7.74,80.10,1.28,215.04,2.22,19.62,1.12,171.48,2.23,5.10,1.22,0.00,74.55,53.80,10.30,0.00,365.59,49.57,11.70,0.00,654.36,0.00,67.48,0.00,32.70,15.06,1.43,43.57,4.19,0.00,172.32,0.00,80.91
66.5,66.5,1,66.500,16/03/2026 19:23:22,22.289, , , , , , , , , , , , , , , , , , , , , , , , , , , , , , , , , , , , , , , , , , , , , , , , , , , , , , , , , , , , , , , , , , , , , , , , , , , , , , , , , , , , , , , , , , , , , , , , , , , , , , , , , , , , , , , , , , , , , , , , , , , , , , , , , , , , , , , , , , , , , , , , , , , , , , , , , , , , , , , , , , , , , , , , , , , , , , , , , , , , , , , , , , , , , , , , , , , , , , , , , , , , , , , , , , , , , , , , , , , , , , , , , , , , , , , , , , , , , , , , , , , , , , , , , , , , , , , , , , , , , , , , , , , , , , , , , , , , , , , , , , , , , , , , , , , , , , , , , , , , , , , , , , , , , , , , , , , , , , , , , , , , , , , , , , , , , , , , , , , , , , , , , , , , , , , , , , , , , , , , , , , , 
67.0,67.0,1,67.000,16/03/2026 19:23:39,24.935,,11.47, 12.28, 12.51,41.66, -1.45, 2.17,15.150, 12.964, 12.677, 11.458, 11.233, 10.873, 10.779, 10.758, 11.037, 11.350, 11.488, 11.602, 11.671, 11.780, 11.934, 12.083, 12.213, 12.341, 12.401, 12.440, 12.442, 12.432, 12.424, 12.395, 12.281, 12.147, 12.156, 12.068, 11.931, 11.975, 11.875, 11.787, 11.839, 11.661, 11.802, 11.622, 11.775, 11.638, 11.806, 11.691, 11.920, 11.802, 12.047, 11.983, 12.113, 12.230, 12.110, 12.348, 12.238, 12.220, 12.362, 12.201, 12.251, 12.354, 12.187, 12.248, 12.402, 12.273, 12.237, 12.435, 12.403, 12.234, 12.320, 12.518, 12.465, 12.386, 12.410, 12.559, 12.565, 12.511, 12.534, 12.595, 12.583, 12.493, 12.507, 12.563, 12.613, 12.535, 12.402, 12.334, 12.293, 12.323, 12.310, 12.268, 12.247, 12.319, 12.425, 12.507, 12.535, 12.555, 12.590, 12.624, 12.676, 12.694, 12.688, 12.675, 12.621, 12.543, 12.392, 12.203, 12.020, 11.871, 11.660, 11.173, 10.151, 8.846, 7.911, 7.448, 7.246, 7.167, 7.172, 7.259, 7.501, 7.871, 8.283, 8.705, 9.085, 9.409, 9.719, 9.995, 10.264, 10.506, 10.740, 10.969, 11.180, 11.364, 11.528, 11.670, 11.772, 11.832, 11.844, 11.841, 11.816, 11.798, 11.783, 11.791, 11.811, 11.834, 11.827, 11.790, 11.655, 11.483, 11.280, 11.097, 10.932, 10.825, 10.724, 10.687, 10.658, 10.592, 10.397, 9.882, 8.873, 7.279, 5.744, 4.905, 4.563, 4.375, 4.251, 4.202, 4.218, 4.299, 4.460, 4.696, 4.993, 5.328, 5.679, 6.020, 6.360, 6.667, 6.920, 7.141, 7.328, 7.468, 7.615, 7.750, 7.881, 8.033, 8.211, 8.414, 8.642, 8.883, 9.117, 9.363, 9.571, 9.728, 9.789, 9.744, 9.742, 9.670, 9.482, 9.269, 9.049, 8.798, 8.505, 8.262, 8.028, 7.709, 7.515, 7.379, 7.262, 7.287, 7.305, 7.361, 7.342, 7.331, 7.284, 7.250, 7.116, 6.939, 6.788, 6.520, 6.230, 6.037, 5.717, 5.481, 16.3,979891.0,1148252.0,880580.06,80650.62,4160.04,16557.26,564.48,5143.03,140.30,644.21,40.15,521.54,26.10,0.00,801.62,150.56,13.90,770.02,55.96,0.00,20.64,0.00,63.07,245.65,12.41,14200.46,102.04,0.00,93.88,0.00,14.33,12.80,2.21,57.36,2.29,6.86,1.12,0.00,5.52,67.35,1.12,213.15,2.09,10.35,0.84,122.88,1.67,0.00,32.08,0.00,55.64,0.00,462.91,0.00,318.99,0.00,526.09,0.00,565.68,0.00,49.22,0.00,27.86,17.42,1.39,0.00,152.75,28.46,3.29,0.00,75.67,201610.21,133740.97,6898.49,31284.32,1066.56,11002.66,300.15,1476.12,92.00,1302.24,65.17,0.00,965.64,210.66,19.45,1284.77,93.37,0.00,36.85,0.00,92.18,352.96,17.83,20303.02,145.89,0.00,119.37,0.00,18.24,16.02,2.77,71.40,2.85,9.06,1.48,0.00,7.76,73.65,1.22,252.07,2.47,13.14,1.07,165.98,2.26,0.00,37.60,0.00,74.19,0.00,497.22,0.00,364.39,0.00,667.88,0.00,677.18,0.00,57.79,0.00,30.08,18.77,1.50,0.00,170.29,32.38,3.74,0.00,85.84
67.5,67.5,1,67.500,16/03/2026 19:24:23,22.150,1157884.328, , , , , , , , , , , , , , , , , , , , , , , , , , , , , , , , , , , , , , , , , , , , , , , , , , , , , , , , , , , , , , , , , , , , , , , , , , , , , , , , , , , , , , , , , , , , , , , , , , , , , , , , , , , , , , , , , , , , , , , , , , , , , , , , , , , , , , , , , , , , , , , , , , , , , , , , , , , , , , , , , , , , , , , , , , , , , , , , , , , , , , , , , , , , , , , , , , , , , , , , , , , , , , , , , , , , , , , , , , , , , , , , , , , , , , , , , , , , , , , , , , , , , , , , , , , , , , , , , , , , , , , , , , , , , , , , , , , , , , , , , , , , , , , , , , , , , , , , , , , , , , , , , , , , , , , , , , , , , , , , , , , , , , , , , , , , , , , , , , , , , , , , , , , , , , , , , , , , , , , , , , , 
68.0,68.0,1,68.000,16/03/2026 19:24:40,17.323,,9.81, 10.49, 10.77,38.70, -1.21, 1.82,10.936, 10.853, 10.438, 9.798, 9.543, 9.301, 9.288, 9.300, 9.534, 9.817, 9.897, 10.001, 10.005, 10.079, 10.200, 10.316, 10.416, 10.506, 10.562, 10.596, 10.630, 10.656, 10.612, 10.543, 10.478, 10.412, 10.354, 10.300, 10.284, 10.207, 10.171, 10.186, 10.087, 10.100, 10.089, 10.047, 10.108, 10.068, 10.136, 10.139, 10.213, 10.238, 10.335, 10.345, 10.471, 10.468, 10.551, 10.554, 10.590, 10.604, 10.570, 10.630, 10.604, 10.606, 10.630, 10.618, 10.683, 10.681, 10.651, 10.754, 10.793, 10.684, 10.743, 10.871, 10.850, 10.821, 10.903, 10.986, 11.008, 10.989, 11.016, 11.011, 10.953, 10.968, 11.017, 11.027, 11.018, 11.001, 10.979, 10.920, 10.845, 10.856, 10.924, 10.978, 10.942, 10.910, 10.956, 11.088, 11.199, 11.243, 11.194, 11.138, 11.182, 11.294, 11.394, 11.402, 11.300, 11.169, 11.065, 11.001, 10.972, 10.923, 10.739, 10.306, 9.460, 8.402, 7.677, 7.357, 7.230, 7.136, 7.059, 7.053, 7.245, 7.598, 8.035, 8.483, 8.844, 9.098, 9.281, 9.422, 9.558, 9.745, 9.971, 10.228, 10.477, 10.689, 10.834, 10.914, 10.915, 10.883, 10.856, 10.828, 10.839, 10.876, 10.937, 11.013, 11.083, 11.107, 11.080, 11.001, 10.859, 10.680, 10.490, 10.326, 10.221, 10.188, 10.121, 10.157, 10.193, 10.181, 10.025, 9.586, 8.661, 7.155, 5.586, 4.641, 4.236, 4.046, 3.961, 3.971, 4.071, 4.240, 4.487, 4.771, 5.092, 5.428, 5.745, 6.041, 6.310, 6.521, 6.687, 6.860, 7.009, 7.157, 7.312, 7.502, 7.719, 7.947, 8.210, 8.470, 8.731, 8.992, 9.198, 9.373, 9.479, 9.513, 9.432, 9.320, 9.223, 9.072, 8.876, 8.697, 8.519, 8.385, 8.253, 8.122, 8.033, 7.861, 7.787, 7.726, 7.697, 7.728, 7.741, 7.693, 7.564, 7.434, 7.300, 7.052, 6.786, 6.436, 6.128, 5.868, 5.612, 5.396, 5.266, 5.099, 16.2,1039116.0,1185344.0,897883.83,70956.81,4115.72,14324.74,537.58,5869.16,147.53,547.11,39.02,696.01,27.29,0.00,876.45,103.58,13.70,164.03,46.41,0.00,17.52,0.00,55.33,238.49,11.86,8481.31,66.21,0.00,69.69,0.00,12.64,15.86,2.15,47.65,2.02,9.95,0.96,0.00,4.10,32.40,0.79,286.43,2.47,23.17,0.85,260.69,2.36,3.98,0.99,0.00,57.20,31.35,9.17,0.00,307.06,0.00,520.93,0.00,541.88,0.00,46.44,0.00,27.82,5.97,1.10,17.47,3.73,0.00,159.24,0.00,73.74,174079.27,117665.96,6825.00,27066.06,1015.74,12556.10,315.62,1253.63,89.41,1737.87,68.14,0.00,1055.78,144.93,19.17,273.68,77.43,0.00,31.28,0.00,80.87,342.67,17.04,12126.10,94.66,0.00,88.61,0.00,16.09,19.85,2.69,59.31,2.51,13.14,1.27,0.00,5.76,35.43,0.86,338.73,2.92,29.42,1.08,352.13,3.19,4.67,1.16,0.00,76.27,33.67,9.85,0.00,350.76,0.00,661.33,0.00,648.69,0.00,54.52,0.00,30.04,6.43,1.18,19.48,4.16,0.00,181.20,0.00,83.65
68.5,68.5,1,68.500,16/03/2026 19:25:23,18.577, , , , , , , , , , , , , , , , , , , , , , , , , , , , , , , , , , , , , , , , , , , , , , , , , , , , , , , , , , , , , , , , , , , , , , , , , , , , , , , , , , , , , , , , , , , , , , , , , , , , , , , , , , , , , , , , , , , , , , , , , , , , , , , , , , , , , , , , , , , , , , , , , , , , , , , , , , , , , , , , , , , , , , , , , , , , , , , , , , , , , , , , , , , , , , , , , , , , , , , , , , , , , , , , , , , , , , , , , , , , , , , , , , , , , , , , , , , , , , , , , , , , , , , , , , , , , , , , , , , , , , , , , , , , , , , , , , , , , , , , , , , , , , , , , , , , , , , , , , , , , , , , , , , , , , , , , , , , , , , , , , , , , , , , , , , , , , , , , , , , , , , , , , , , , , , , , , , , , , , , , , , , 
69.0,69.0,1,69.000,16/03/2026 19:25:49,24.865,,10.57, 11.34, 11.40,40.15, -1.60, 2.56,10.384, 11.286, 10.432, 9.828, 9.812, 9.765, 9.517, 9.777, 9.939, 10.308, 10.474, 10.587, 10.673, 10.791, 10.939, 11.092, 11.237, 11.395, 11.459, 11.522, 11.532, 11.513, 11.482, 11.442, 11.374, 11.286, 11.203, 11.116, 11.057, 11.013, 10.931, 10.849, 10.869, 10.718, 10.841, 10.664, 10.809, 10.672, 10.842, 10.737, 10.945, 10.859, 11.055, 11.046, 11.139, 11.241, 11.210, 11.295, 11.321, 11.275, 11.294, 11.323, 11.260, 11.272, 11.297, 11.255, 11.302, 11.340, 11.315, 11.367, 11.452, 11.377, 11.390, 11.525, 11.554, 11.480, 11.534, 11.637, 11.636, 11.545, 11.582, 11.661, 11.643, 11.501, 11.522, 11.671, 11.728, 11.595, 11.441, 11.461, 11.601, 11.680, 11.589, 11.446, 11.446, 11.618, 11.798, 11.843, 11.757, 11.669, 11.712, 11.863, 11.998, 12.031, 11.967, 11.868, 11.842, 11.879, 11.928, 11.922, 11.835, 11.710, 11.543, 11.287, 10.790, 10.082, 9.485, 9.181, 9.025, 8.892, 8.806, 8.815, 9.011, 9.350, 9.753, 10.143, 10.432, 10.624, 10.730, 10.792, 10.837, 10.924, 11.078, 11.279, 11.518, 11.738, 11.907, 11.995, 11.979, 11.901, 11.788, 11.688, 11.634, 11.659, 11.742, 11.865, 12.008, 12.129, 12.167, 12.114, 11.969, 11.752, 11.529, 11.371, 11.246, 11.210, 11.172, 11.269, 11.379, 11.445, 11.383, 11.096, 10.358, 8.999, 7.267, 5.981, 5.375, 5.110, 5.032, 5.120, 5.336, 5.633, 5.988, 6.364, 6.748, 7.113, 7.435, 7.735, 7.986, 8.181, 8.373, 8.539, 8.707, 8.885, 9.071, 9.289, 9.512, 9.734, 9.970, 10.172, 10.359, 10.536, 10.649, 10.750, 10.821, 10.776, 10.696, 10.573, 10.540, 10.475, 10.403, 10.289, 10.248, 10.192, 10.127, 10.030, 9.932, 9.781, 9.692, 9.589, 9.501, 9.436, 9.417, 9.263, 9.153, 8.976, 8.829, 8.545, 8.446, 8.165, 7.934, 7.670, 7.553, 7.420, 7.273, 7.161, 16.2,995025.0,1188482.0,887182.69,71487.34,4021.84,13418.74,515.89,7738.00,161.65,690.43,39.69,709.35,26.43,0.00,895.35,880.13,17.38,1235.16,60.66,0.00,20.69,0.00,59.97,521.79,15.91,15503.30,107.86,0.00,96.38,0.00,14.78,10.04,2.17,61.37,2.40,23.42,1.24,0.00,5.89,65.58,1.11,222.92,2.14,17.70,0.89,165.59,1.88,0.00,32.07,0.00,55.51,0.00,460.56,0.00,317.43,30.18,9.29,0.00,566.98,0.00,60.63,0.00,32.66,8.68,1.26,27.63,3.94,0.00,157.59,0.00,75.88,190794.97,118545.73,6669.32,25354.21,974.75,16554.17,345.82,1582.03,90.94,1771.18,65.99,0.00,1078.54,1231.48,24.32,2060.86,101.21,0.00,36.94,0.00,87.65,749.73,22.86,22165.75,154.21,0.00,122.55,0.00,18.81,12.57,2.72,76.39,2.99,30.92,1.64,0.00,8.28,71.72,1.21,263.63,2.53,22.48,1.13,223.67,2.54,0.00,37.59,0.00,74.02,0.00,494.69,0.00,362.61,38.31,11.79,0.00,678.73,0.00,71.18,0.00,35.27,9.35,1.36,30.80,4.39,0.00,179.32,0.00,86.08
69.5,69.5,1,69.500,16/03/2026 19:26:32,27.771, , , , , , , , , , , , , , , , , , , , , , , , , , , , , , , , , , , , , , , , , , , , , , , , , , , , , , , , , , , , , , , , , , , , , , , , , , , , , , , , , , , , , , , , , , , , , , , , , , , , , , , , , , , , , , , , , , , , , , , , , , , , , , , , , , , , , , , , , , , , , , , , , , , , , , , , , , , , , , , , , , , , , , , , , , , , , , , , , , , , , , , , , , , , , , , , , , , , , , , , , , , , , , , , , , , , , , , , , , , , , , , , , , , , , , , , , , , , , , , , , , , , , , , , , , , , , , , , , , , , , , , , , , , , , , , , , , , , , , , , , , , , , , , , , , , , , , , , , , , , , , , , , , , , , , , , , , , , , , , , , , , , , , , , , , , , , , , , , , , , , , , , , , , , , , , , , , , , , , , , , , , , 
70.0,70.0,1,70.000,16/03/2026 19:26:58,27.241,,12.49, 13.39, 12.84,43.35, -1.57, 4.24,11.028, 11.575, 11.997, 10.863, 10.783, 10.622, 10.462, 10.787, 11.043, 11.552, 11.752, 12.000, 12.092, 12.265, 12.502, 12.728, 12.986, 13.219, 13.403, 13.537, 13.643, 13.708, 13.709, 13.653, 13.577, 13.493, 13.464, 13.366, 13.264, 13.270, 13.149, 13.096, 13.078, 12.954, 13.020, 12.898, 12.985, 12.919, 12.991, 13.013, 13.070, 13.173, 13.201, 13.339, 13.374, 13.454, 13.510, 13.483, 13.553, 13.520, 13.465, 13.528, 13.463, 13.420, 13.461, 13.431, 13.421, 13.466, 13.447, 13.443, 13.540, 13.524, 13.479, 13.546, 13.676, 13.593, 13.505, 13.527, 13.646, 13.669, 13.525, 13.479, 13.516, 13.566, 13.525, 13.453, 13.477, 13.504, 13.462, 13.365, 13.310, 13.335, 13.381, 13.403, 13.359, 13.336, 13.386, 13.460, 13.530, 13.563, 13.550, 13.556, 13.557, 13.570, 13.593, 13.613, 13.604, 13.589, 13.520, 13.414, 13.314, 13.227, 13.124, 12.936, 12.468, 11.742, 11.115, 10.735, 10.541, 10.403, 10.354, 10.411, 10.662, 11.012, 11.379, 11.687, 11.880, 11.985, 12.033, 12.094, 12.187, 12.350, 12.551, 12.773, 12.969, 13.098, 13.155, 13.141, 13.069, 13.007, 12.960, 12.939, 12.972, 13.035, 13.123, 13.172, 13.197, 13.185, 13.135, 13.038, 12.898, 12.748, 12.630, 12.558, 12.542, 12.554, 12.524, 12.573, 12.581, 12.555, 12.402, 12.060, 11.362, 10.098, 8.480, 7.252, 6.685, 6.479, 6.448, 6.577, 6.785, 7.053, 7.343, 7.648, 7.949, 8.246, 8.521, 8.796, 9.050, 9.311, 9.557, 9.807, 10.043, 10.280, 10.499, 10.708, 10.884, 11.062, 11.212, 11.330, 11.446, 11.499, 11.558, 11.606, 11.647, 11.638, 11.583, 11.523, 11.548, 11.573, 11.525, 11.467, 11.452, 11.409, 11.328, 11.228, 11.089, 10.956, 10.825, 10.634, 10.506, 10.434, 10.312, 10.238, 10.105, 9.897, 9.807, 9.605, 9.441, 9.302, 9.205, 9.077, 8.886, 8.774, 8.573, 8.742, 16.3,982186.0,1192251.0,881715.39,68514.72,3939.24,15982.96,547.87,10258.10,183.09,470.95,36.87,632.16,25.80,159.71,22.29,842.19,17.46,1194.84,59.76,0.00,20.09,0.00,59.08,630.03,17.20,19058.32,127.86,0.00,111.23,0.00,15.69,18.55,2.39,61.10,2.42,26.39,1.38,0.00,5.02,68.66,1.13,163.22,1.77,16.35,0.89,110.31,1.58,4.54,1.05,0.00,55.04,0.00,451.56,0.00,319.45,0.00,534.25,53.39,10.19,0.00,55.51,0.00,25.89,18.15,1.39,0.00,140.88,0.00,157.03,0.00,61.64,200597.49,113616.30,6532.35,30199.21,1035.18,21945.51,391.69,1079.12,84.48,1578.44,64.42,192.39,26.85,1178.40,24.43,1993.58,99.71,0.00,35.86,0.00,86.35,905.25,24.71,27248.52,182.81,0.00,141.43,0.00,19.97,23.22,2.99,76.05,3.01,34.84,1.82,0.00,7.05,75.09,1.24,193.02,2.09,20.76,1.13,149.00,2.13,5.32,1.23,0.00,73.39,0.00,485.03,0.00,364.92,0.00,678.24,63.91,12.20,0.00,65.17,0.00,27.96,19.55,1.50,0.00,157.06,0.00,178.69,0.00,69.93
70.5,70.5,1,70.500,16/03/2026 19:27:41,26.717, , , , , , , , , , , , , , , , , , , , , , , , , , , , , , , , , , , , , , , , , , , , , , , , , , , , , , , , , , , , , , , , , , , , , , , , , , , , , , , , , , , , , , , , , , , , , , , , , , , , , , , , , , , , , , , , , , , , , , , , , , , , , , , , , , , , , , , , , , , , , , , , , , , , , , , , , , , , , , , , , , , , , , , , , , , , , , , , , , , , , , , , , , , , , , , , , , , , , , , , , , , , , , , , , , , , , , , , , , , , , , , , , , , , , , , , , , , , , , , , , , , , , , , , , , , , , , , , , , , , , , , , , , , , , , , , , , , , , , , , , , , , , , , , , , , , , , , , , , , , , , , , , , , , , , , , , , , , , , , , , , , , , , , , , , , , , , , , , , , , , , , , , , , , , , , , , , , , , , , , , , , , 
71.0,71.0,1,71.000,16/03/2026 19:27:59,27.775,,12.84, 13.80, 13.62,43.95, -1.84, 3.33,13.527, 13.412, 12.628, 11.642, 11.490, 11.402, 11.272, 11.451, 11.842, 12.274, 12.496, 12.696, 12.812, 12.955, 13.184, 13.377, 13.603, 13.778, 13.918, 14.039, 14.103, 14.088, 13.994, 13.905, 13.885, 13.794, 13.648, 13.545, 13.500, 13.402, 13.345, 13.240, 13.217, 13.103, 13.128, 13.062, 13.081, 13.080, 13.114, 13.150, 13.265, 13.234, 13.493, 13.364, 13.687, 13.591, 13.682, 13.838, 13.643, 13.840, 13.767, 13.646, 13.837, 13.711, 13.608, 13.794, 13.765, 13.642, 13.777, 13.858, 13.788, 13.752, 13.864, 13.933, 13.931, 13.907, 13.879, 13.906, 13.956, 13.968, 13.939, 13.941, 13.948, 13.928, 13.910, 13.928, 13.966, 13.943, 13.853, 13.749, 13.718, 13.804, 13.856, 13.825, 13.752, 13.762, 13.876, 14.012, 14.062, 14.053, 14.012, 14.007, 14.069, 14.160, 14.184, 14.180, 14.122, 14.066, 13.985, 13.893, 13.793, 13.697, 13.554, 13.263, 12.626, 11.711, 10.952, 10.529, 10.293, 10.127, 10.080, 10.164, 10.466, 10.901, 11.337, 11.698, 11.928, 12.059, 12.167, 12.291, 12.479, 12.726, 13.019, 13.281, 13.478, 13.570, 13.590, 13.548, 13.491, 13.453, 13.474, 13.557, 13.686, 13.806, 13.875, 13.872, 13.816, 13.709, 13.565, 13.427, 13.259, 13.152, 13.097, 13.121, 13.189, 13.275, 13.264, 13.265, 13.200, 13.033, 12.716, 12.170, 11.212, 9.669, 7.890, 6.694, 6.253, 6.197, 6.285, 6.464, 6.711, 6.940, 7.173, 7.383, 7.598, 7.804, 8.014, 8.244, 8.515, 8.799, 9.148, 9.511, 9.912, 10.322, 10.696, 11.040, 11.319, 11.539, 11.683, 11.760, 11.779, 11.758, 11.736, 11.692, 11.636, 11.591, 11.487, 11.450, 11.493, 11.587, 11.633, 11.699, 11.762, 11.823, 11.798, 11.745, 11.646, 11.441, 11.237, 11.023, 10.772, 10.578, 10.277, 10.048, 9.765, 9.501, 9.300, 9.055, 8.835, 8.686, 8.479, 8.376, 8.367, 8.444, 8.529, 8.496, 16.3,992915.0,1183879.0,884109.12,69549.86,3992.99,15699.41,548.09,9674.71,179.01,453.31,36.80,633.92,25.98,308.88,23.10,647.38,16.49,624.84,52.84,39.38,6.92,0.00,64.08,532.32,16.10,17217.94,117.53,0.00,108.63,0.00,15.21,12.65,2.24,54.37,2.27,26.27,1.35,0.00,5.43,64.84,1.09,138.47,1.60,14.38,0.86,112.66,1.56,0.00,31.26,0.00,54.40,0.00,465.34,0.00,318.30,31.82,9.45,36.29,10.31,0.00,49.65,0.00,24.99,17.18,1.36,0.00,140.98,0.00,157.37,0.00,64.86,196713.76,115332.85,6621.48,29663.45,1035.60,20697.44,382.96,1038.70,84.32,1582.84,64.87,372.08,27.83,905.82,23.07,1042.54,88.16,70.30,12.35,0.00,93.66,764.86,23.13,24617.24,168.04,0.00,138.12,0.00,19.36,15.83,2.80,67.68,2.83,34.68,1.78,0.00,7.63,70.91,1.19,163.75,1.89,18.26,1.09,152.18,2.11,0.00,36.64,0.00,72.54,0.00,499.83,0.00,363.60,40.40,12.00,43.44,12.34,0.00,58.29,0.00,26.98,18.51,1.47,0.00,157.17,0.00,179.07,0.00,73.58
71.5,71.5,1,71.500,16/03/2026 19:28:42,28.034, , , , , , , , , , , , , , , , , , , , , , , , , , , , , , , , , , , , , , , , , , , , , , , , , , , , , , , , , , , , , , , , , , , , , , , , , , , , , , , , , , , , , , , , , , , , , , , , , , , , , , , , , , , , , , , , , , , , , , , , , , , , , , , , , , , , , , , , , , , , , , , , , , , , , , , , , , , , , , , , , , , , , , , , , , , , , , , , , , , , , , , , , , , , , , , , , , , , , , , , , , , , , , , , , , , , , , , , , , , , , , , , , , , , , , , , , , , , , , , , , , , , , , , , , , , , , , , , , , , , , , , , , , , , , , , , , , , , , , , , , , , , , , , , , , , , , , , , , , , , , , , , , , , , , , , , , , , , , , , , , , , , , , , , , , , , , , , , , , , , , , , , , , , , , , , , , , , , , , , , , , , , 
72.0,72.0,1,72.000,16/03/2026 19:28:59,29.292,,12.61, 13.65, 13.42,43.73, -2.43, 3.45,10.656, 10.851, 11.195, 11.137, 10.801, 11.106, 10.924, 11.186, 11.522, 11.987, 12.288, 12.547, 12.712, 12.893, 13.126, 13.351, 13.574, 13.751, 13.882, 13.948, 13.952, 13.932, 13.868, 13.768, 13.627, 13.493, 13.380, 13.204, 13.125, 13.002, 12.884, 12.817, 12.691, 12.646, 12.575, 12.549, 12.537, 12.538, 12.558, 12.613, 12.689, 12.759, 12.880, 12.968, 13.071, 13.192, 13.194, 13.281, 13.308, 13.253, 13.286, 13.266, 13.212, 13.227, 13.195, 13.173, 13.217, 13.204, 13.202, 13.243, 13.290, 13.253, 13.274, 13.359, 13.411, 13.378, 13.356, 13.426, 13.423, 13.460, 13.438, 13.420, 13.362, 13.345, 13.382, 13.400, 13.383, 13.300, 13.251, 13.227, 13.221, 13.207, 13.200, 13.175, 13.186, 13.259, 13.330, 13.384, 13.414, 13.421, 13.455, 13.494, 13.534, 13.567, 13.573, 13.555, 13.552, 13.498, 13.426, 13.323, 13.223, 13.128, 12.968, 12.651, 11.946, 10.935, 10.127, 9.708, 9.507, 9.391, 9.347, 9.405, 9.636, 10.014, 10.427, 10.833, 11.150, 11.390, 11.576, 11.716, 11.844, 11.991, 12.172, 12.368, 12.574, 12.751, 12.878, 12.968, 12.989, 12.958, 12.910, 12.856, 12.813, 12.807, 12.832, 12.859, 12.899, 12.932, 12.943, 12.890, 12.792, 12.629, 12.463, 12.305, 12.195, 12.126, 12.015, 12.020, 12.015, 11.984, 11.816, 11.431, 10.572, 9.042, 7.206, 5.925, 5.364, 5.127, 5.032, 5.077, 5.209, 5.413, 5.686, 6.001, 6.356, 6.734, 7.103, 7.487, 7.829, 8.159, 8.473, 8.750, 9.013, 9.242, 9.451, 9.625, 9.789, 9.919, 10.048, 10.186, 10.305, 10.420, 10.547, 10.668, 10.787, 10.849, 10.879, 10.872, 10.890, 10.894, 10.848, 10.749, 10.643, 10.508, 10.330, 10.147, 9.932, 9.668, 9.424, 9.206, 9.033, 8.866, 8.758, 8.631, 8.461, 8.375, 8.280, 8.137, 8.012, 7.872, 7.699, 7.540, 7.299, 7.223, 7.094, 6.969, 16.3,1022036.0,1208069.0,898895.57,47468.35,3555.29,15105.96,517.88,8770.29,163.72,547.68,35.66,532.57,23.63,504.87,22.33,717.36,15.96,1302.07,58.05,59.02,6.86,75.79,17.06,860.77,19.07,24496.18,152.24,0.00,125.45,0.00,15.97,30.17,2.63,81.68,2.72,43.05,1.63,0.00,4.44,82.79,1.24,143.45,1.63,4.31,0.83,112.10,1.57,5.43,1.05,0.00,52.34,0.00,440.31,0.00,307.14,73.91,9.58,37.45,10.08,0.00,52.45,0.00,23.19,23.09,1.50,26.04,3.86,0.00,145.91,0.00,60.05,169677.93,78715.62,5895.65,28542.15,978.51,18762.59,350.25,1254.94,81.71,1329.78,59.00,608.17,26.90,1003.73,22.33,2172.50,96.86,105.36,12.25,110.77,24.93,1236.79,27.40,35023.26,217.66,0.00,159.51,0.00,20.32,37.77,3.29,101.67,3.39,56.84,2.15,0.00,6.24,90.54,1.36,169.64,1.93,5.47,1.05,151.42,2.12,6.37,1.23,0.00,69.79,0.00,472.94,0.00,350.86,93.83,12.16,44.83,12.07,0.00,61.58,0.00,25.04,24.87,1.62,29.03,4.30,0.00,166.03,0.00,68.12
72.5,72.5,1,72.500,16/03/2026 19:29:42,29.761,1157883.730, , , , , , , , , , , , , , , , , , , , , , , , , , , , , , , , , , , , , , , , , , , , , , , , , , , , , , , , , , , , , , , , , , , , , , , , , , , , , , , , , , , , , , , , , , , , , , , , , , , , , , , , , , , , , , , , , , , , , , , , , , , , , , , , , , , , , , , , , , , , , , , , , , , , , , , , , , , , , , , , , , , , , , , , , , , , , , , , , , , , , , , , , , , , , , , , , , , , , , , , , , , , , , , , , , , , , , , , , , , , , , , , , , , , , , , , , , , , , , , , , , , , , , , , , , , , , , , , , , , , , , , , , , , , , , , , , , , , , , , , , , , , , , , , , , , , , , , , , , , , , , , , , , , , , , , , , , , , , , , , , , , , , , , , , , , , , , , , , , , , , , , , , , , , , , , , , , , , , , , , , , , 
73.0,73.0,1,73.000,16/03/2026 19:30:00,30.358,,13.73, 14.83, 14.74,45.40, -2.32, 3.17,15.539, 13.140, 13.374, 12.556, 12.431, 12.241, 12.267, 12.428, 12.774, 13.204, 13.519, 13.751, 13.909, 14.078, 14.288, 14.484, 14.746, 14.971, 15.134, 15.182, 15.110, 15.027, 15.057, 15.008, 14.714, 14.626, 14.618, 14.281, 14.339, 14.168, 13.995, 14.057, 13.719, 13.922, 13.574, 13.837, 13.511, 13.824, 13.568, 13.821, 13.817, 13.822, 14.153, 13.937, 14.324, 14.305, 14.239, 14.544, 14.368, 14.355, 14.525, 14.358, 14.301, 14.422, 14.342, 14.247, 14.335, 14.382, 14.294, 14.279, 14.381, 14.394, 14.303, 14.302, 14.481, 14.565, 14.558, 14.419, 14.513, 14.710, 14.741, 14.461, 14.306, 14.421, 14.653, 14.642, 14.387, 14.189, 14.241, 14.400, 14.393, 14.168, 13.927, 13.891, 14.113, 14.380, 14.454, 14.296, 14.097, 14.090, 14.320, 14.592, 14.725, 14.617, 14.336, 14.125, 14.100, 14.236, 14.345, 14.291, 14.036, 13.651, 13.161, 12.545, 11.571, 10.428, 9.658, 9.260, 8.969, 8.637, 8.360, 8.276, 8.554, 9.123, 9.827, 10.509, 11.032, 11.307, 11.402, 11.392, 11.415, 11.558, 11.840, 12.259, 12.724, 13.127, 13.416, 13.519, 13.443, 13.236, 12.992, 12.788, 12.690, 12.720, 12.867, 13.093, 13.317, 13.477, 13.511, 13.413, 13.132, 12.761, 12.330, 11.944, 11.702, 11.587, 11.520, 11.638, 11.765, 11.861, 11.767, 11.306, 10.222, 8.440, 6.621, 5.521, 4.999, 4.685, 4.483, 4.398, 4.457, 4.612, 4.885, 5.232, 5.654, 6.106, 6.548, 6.969, 7.332, 7.650, 7.890, 8.079, 8.234, 8.338, 8.433, 8.522, 8.630, 8.752, 8.905, 9.096, 9.309, 9.550, 9.778, 10.057, 10.310, 10.482, 10.599, 10.656, 10.675, 10.648, 10.526, 10.306, 10.102, 9.820, 9.516, 9.184, 8.861, 8.446, 8.125, 7.832, 7.641, 7.543, 7.403, 7.329, 7.282, 7.295, 7.348, 7.329, 7.259, 7.281, 7.263, 7.096, 7.071, 6.849, 6.702, 6.609, 16.3,1006895.0,1201719.0,868667.83,44861.52,3437.35,23954.82,612.52,23149.91,265.66,445.45,35.15,499.70,23.55,2403.15,32.31,1599.39,22.42,1695.56,64.08,0.00,22.42,196.44,19.94,992.48,21.03,30764.57,186.49,0.00,140.50,0.00,15.65,27.23,2.72,95.91,3.08,42.36,1.71,2.65,0.55,100.25,1.43,162.80,1.81,12.59,0.96,132.58,1.75,3.40,1.10,0.00,53.82,0.00,446.33,67.51,6.77,56.07,10.01,42.22,10.86,0.00,61.87,0.00,29.25,23.57,1.64,0.00,138.91,0.00,153.46,0.00,66.97,226047.23,74392.77,5700.07,45261.74,1157.33,49525.41,568.34,1020.69,80.54,1247.70,58.80,2894.85,38.92,2237.88,31.37,2829.03,106.92,0.00,40.02,287.11,29.14,1426.03,30.22,43985.45,266.63,0.00,178.64,0.00,19.92,34.09,3.40,119.38,3.83,55.93,2.26,3.72,0.77,109.63,1.56,192.53,2.14,15.99,1.22,179.09,2.36,3.99,1.29,0.00,71.77,0.00,479.41,77.12,7.73,71.18,12.71,50.54,13.00,0.00,72.64,0.00,31.58,25.39,1.77,0.00,154.86,0.00,174.62,0.00,75.97
73.5,73.5,1,73.500,16/03/2026 19:30:43,28.769, , , , , , , , , , , , , , , , , , , , , , , , , , , , , , , , , , , , , , , , , , , , , , , , , , , , , , , , , , , , , , , , , , , , , , , , , , , , , , , , , , , , , , , , , , , , , , , , , , , , , , , , , , , , , , , , , , , , , , , , , , , , , , , , , , , , , , , , , , , , , , , , , , , , , , , , , , , , , , , , , , , , , , , , , , , , , , , , , , , , , , , , , , , , , , , , , , , , , , , , , , , , , , , , , , , , , , , , , , , , , , , , , , , , , , , , , , , , , , , , , , , , , , , , , , , , , , , , , , , , , , , , , , , , , , , , , , , , , , , , , , , , , , , , , , , , , , , , , , , , , , , , , , , , , , , , , , , , , , , , , , , , , , , , , , , , , , , , , , , , , , , , , , , , , , , , , , , , , , , , , , , , 
74.0,74.0,1,74.000,16/03/2026 19:31:00,28.504,,15.65, 16.83, 17.02,48.05, -1.98, 2.68,18.447, 17.258, 16.363, 15.144, 14.767, 14.632, 14.520, 14.616, 14.921, 15.289, 15.602, 15.824, 15.987, 16.130, 16.366, 16.568, 16.801, 17.003, 17.081, 17.067, 17.014, 17.062, 17.164, 16.966, 16.615, 16.722, 16.677, 16.187, 16.481, 16.159, 16.028, 16.183, 15.718, 16.085, 15.579, 16.005, 15.537, 15.971, 15.620, 15.947, 15.902, 15.908, 16.289, 15.997, 16.482, 16.394, 16.352, 16.735, 16.441, 16.523, 16.727, 16.431, 16.541, 16.702, 16.415, 16.458, 16.733, 16.543, 16.392, 16.682, 16.738, 16.404, 16.419, 16.793, 16.843, 16.588, 16.444, 16.765, 16.952, 16.723, 16.556, 16.697, 16.948, 16.858, 16.548, 16.460, 16.702, 16.900, 16.716, 16.265, 15.974, 16.144, 16.468, 16.569, 16.331, 16.024, 16.044, 16.388, 16.777, 16.920, 16.736, 16.398, 16.257, 16.406, 16.756, 16.997, 16.915, 16.512, 15.951, 15.537, 15.427, 15.526, 15.533, 15.005, 13.575, 11.656, 10.221, 9.561, 9.445, 9.632, 9.910, 10.161, 10.428, 10.639, 10.830, 11.105, 11.510, 12.048, 12.669, 13.269, 13.755, 14.113, 14.290, 14.320, 14.316, 14.339, 14.474, 14.735, 15.048, 15.351, 15.591, 15.706, 15.673, 15.558, 15.330, 15.069, 14.872, 14.738, 14.712, 14.758, 14.809, 14.827, 14.807, 14.721, 14.636, 14.449, 14.130, 13.833, 13.540, 13.204, 12.775, 12.090, 10.916, 9.302, 7.958, 7.471, 7.415, 7.392, 7.308, 7.175, 7.035, 6.852, 6.720, 6.633, 6.672, 6.835, 7.147, 7.558, 8.065, 8.633, 9.189, 9.719, 10.175, 10.555, 10.836, 11.031, 11.128, 11.157, 11.117, 11.033, 10.954, 10.912, 10.886, 10.967, 11.134, 11.325, 11.574, 11.808, 12.079, 12.322, 12.494, 12.584, 12.626, 12.558, 12.393, 12.154, 11.793, 11.227, 10.722, 10.216, 9.704, 9.330, 8.938, 8.616, 8.345, 8.229, 8.208, 8.205, 8.336, 8.554, 8.792, 8.950, 9.290, 9.520, 9.690, 9.866, 16.3,978553.0,1276052.0,848146.06,71112.04,3792.60,19655.55,590.26,20910.99,257.80,380.23,35.45,493.59,24.21,3152.51,37.07,2362.76,27.36,1561.35,64.13,90.12,7.67,66.02,18.49,894.98,20.38,30489.80,193.77,0.00,143.61,0.00,16.39,34.49,2.91,62.90,2.71,16.29,1.41,0.00,5.47,87.23,1.37,197.64,2.09,14.56,0.97,129.37,1.77,7.71,1.14,0.00,56.12,0.00,456.19,39.49,6.87,0.00,537.97,0.00,569.05,34.81,3.83,0.00,29.13,19.60,1.58,39.91,4.07,0.00,148.69,0.00,73.19,257571.60,117923.37,6289.18,37138.43,1115.27,44735.61,551.52,871.25,81.23,1232.45,60.45,3797.53,44.65,3305.99,38.28,2605.10,107.00,160.88,13.69,96.49,27.02,1285.94,29.28,43592.60,277.04,0.00,182.60,0.00,20.86,43.17,3.64,78.29,3.37,21.51,1.86,0.00,7.69,95.39,1.50,233.73,2.47,18.49,1.23,174.75,2.39,9.04,1.34,0.00,74.83,0.00,490.00,45.11,7.85,0.00,682.96,0.00,681.21,40.87,4.50,0.00,31.45,21.11,1.70,44.49,4.54,0.00,169.19,0.00,83.03
74.5,74.5,1,74.500,16/03/2026 19:31:52,28.704, , , , , , , , , , , , , , , , , , , , , , , , , , , , , , , , , , , , , , , , , , , , , , , , , , , , , , , , , , , , , , , , , , , , , , , , , , , , , , , , , , , , , , , , , , , , , , , , , , , , , , , , , , , , , , , , , , , , , , , , , , , , , , , , , , , , , , , , , , , , , , , , , , , , , , , , , , , , , , , , , , , , , , , , , , , , , , , , , , , , , , , , , , , , , , , , , , , , , , , , , , , , , , , , , , , , , , , , , , , , , , , , , , , , , , , , , , , , , , , , , , , , , , , , , , , , , , , , , , , , , , , , , , , , , , , , , , , , , , , , , , , , , , , , , , , , , , , , , , , , , , , , , , , , , , , , , , , , , , , , , , , , , , , , , , , , , , , , , , , , , , , , , , , , , , , , , , , , , , , , , , , , 
75.0,75.0,1,75.000,16/03/2026 19:32:18,28.900,,13.94, 15.02, 15.16,45.66, -2.07, 2.64,16.029, 15.294, 14.887, 13.588, 13.308, 13.031, 12.880, 12.882, 13.248, 13.678, 13.876, 14.107, 14.228, 14.403, 14.577, 14.772, 14.979, 15.164, 15.252, 15.278, 15.283, 15.287, 15.214, 15.063, 14.971, 14.825, 14.708, 14.580, 14.481, 14.359, 14.284, 14.164, 14.109, 13.997, 14.023, 13.878, 14.010, 13.853, 14.028, 13.993, 14.051, 14.274, 14.186, 14.425, 14.567, 14.489, 14.720, 14.778, 14.647, 14.784, 14.833, 14.677, 14.710, 14.811, 14.708, 14.633, 14.742, 14.804, 14.732, 14.710, 14.779, 14.812, 14.807, 14.823, 14.896, 14.947, 14.965, 14.968, 14.969, 14.980, 15.048, 15.022, 14.989, 14.933, 14.908, 14.916, 14.968, 14.957, 14.866, 14.735, 14.577, 14.585, 14.659, 14.730, 14.733, 14.707, 14.698, 14.752, 14.822, 14.945, 15.028, 15.052, 15.030, 14.981, 14.958, 14.945, 14.947, 14.908, 14.799, 14.633, 14.453, 14.280, 14.007, 13.484, 12.439, 11.133, 10.207, 9.785, 9.620, 9.515, 9.448, 9.445, 9.615, 9.952, 10.408, 10.915, 11.404, 11.829, 12.198, 12.471, 12.679, 12.831, 12.968, 13.096, 13.258, 13.429, 13.631, 13.837, 14.004, 14.121, 14.187, 14.181, 14.134, 14.068, 13.959, 13.858, 13.772, 13.698, 13.666, 13.614, 13.561, 13.483, 13.409, 13.341, 13.276, 13.213, 13.053, 12.966, 12.824, 12.607, 12.233, 11.550, 10.389, 8.628, 6.890, 5.925, 5.630, 5.577, 5.625, 5.734, 5.870, 6.033, 6.216, 6.390, 6.575, 6.772, 6.992, 7.226, 7.475, 7.736, 8.044, 8.363, 8.696, 9.021, 9.366, 9.700, 10.001, 10.272, 10.508, 10.707, 10.855, 10.956, 11.047, 11.100, 11.126, 11.093, 11.026, 10.911, 10.849, 10.771, 10.669, 10.572, 10.470, 10.343, 10.262, 10.154, 10.004, 9.817, 9.635, 9.460, 9.323, 9.210, 9.063, 8.906, 8.731, 8.585, 8.322, 8.154, 7.946, 7.686, 7.485, 7.258, 7.041, 6.843, 6.861, 6.869, 16.3,1001914.0,1287489.0,856888.28,58437.17,3591.12,20615.74,587.60,22801.96,264.55,519.85,36.36,413.43,23.00,3313.13,37.04,2460.73,27.10,2039.39,68.06,0.00,21.92,120.61,17.73,1107.28,22.15,30517.54,188.36,0.00,140.54,0.00,14.96,59.14,3.28,69.21,2.76,31.11,1.55,0.00,5.52,100.92,1.45,182.58,1.95,9.92,0.94,148.31,1.84,15.54,1.18,0.00,54.78,0.00,447.59,0.00,321.30,60.15,10.00,0.00,560.21,24.28,3.61,0.00,31.51,18.47,1.54,45.30,3.95,0.00,144.22,0.00,71.34,244032.37,96904.94,5955.07,38952.67,1110.25,48781.03,565.96,1191.17,83.31,1032.29,57.43,3991.01,44.62,3443.07,37.92,3402.71,113.56,0.00,39.13,176.28,25.91,1590.98,31.83,43632.26,269.31,0.00,178.69,0.00,19.04,74.03,4.11,86.15,3.44,41.08,2.05,0.00,7.76,110.37,1.59,215.92,2.31,12.60,1.19,200.33,2.49,18.22,1.38,0.00,73.05,0.00,480.76,0.00,367.03,76.36,12.70,0.00,670.63,28.51,4.24,0.00,34.02,19.90,1.66,50.50,4.40,0.00,164.11,0.00,80.93
75.5,75.5,1,75.500,16/03/2026 19:33:01,28.834, , , , , , , , , , , , , , , , , , , , , , , , , , , , , , , , , , , , , , , , , , , , , , , , , , , , , , , , , , , , , , , , , , , , , , , , , , , , , , , , , , , , , , , , , , , , , , , , , , , , , , , , , , , , , , , , , , , , , , , , , , , , , , , , , , , , , , , , , , , , , , , , , , , , , , , , , , , , , , , , , , , , , , , , , , , , , , , , , , , , , , , , , , , , , , , , , , , , , , , , , , , , , , , , , , , , , , , , , , , , , , , , , , , , , , , , , , , , , , , , , , , , , , , , , , , , , , , , , , , , , , , , , , , , , , , , , , , , , , , , , , , , , , , , , , , , , , , , , , , , , , , , , , , , , , , , , , , , , , , , , , , , , , , , , , , , , , , , , , , , , , , , , , , , , , , , , , , , , , , , , , , , 
76.0,76.0,1,76.000,16/03/2026 19:33:18,29.957,,13.58, 14.61, 14.67,45.10, -1.95, 2.82,15.515, 14.300, 13.404, 12.531, 12.761, 12.505, 12.244, 12.445, 12.776, 13.233, 13.453, 13.673, 13.774, 13.941, 14.150, 14.324, 14.542, 14.714, 14.800, 14.860, 14.867, 14.874, 14.810, 14.691, 14.598, 14.491, 14.346, 14.283, 14.162, 14.083, 14.010, 13.905, 13.860, 13.777, 13.765, 13.735, 13.716, 13.768, 13.730, 13.846, 13.893, 13.968, 14.096, 14.173, 14.267, 14.379, 14.418, 14.433, 14.491, 14.511, 14.446, 14.464, 14.503, 14.433, 14.385, 14.467, 14.498, 14.418, 14.423, 14.551, 14.595, 14.479, 14.498, 14.641, 14.730, 14.634, 14.544, 14.636, 14.763, 14.756, 14.634, 14.555, 14.594, 14.682, 14.670, 14.588, 14.547, 14.575, 14.602, 14.555, 14.442, 14.380, 14.408, 14.481, 14.547, 14.546, 14.541, 14.529, 14.575, 14.688, 14.789, 14.835, 14.811, 14.739, 14.694, 14.700, 14.769, 14.800, 14.760, 14.626, 14.473, 14.319, 14.142, 13.831, 13.166, 12.174, 11.359, 10.925, 10.709, 10.557, 10.486, 10.525, 10.765, 11.159, 11.617, 12.073, 12.451, 12.726, 12.908, 13.040, 13.117, 13.226, 13.369, 13.544, 13.758, 13.963, 14.151, 14.302, 14.363, 14.367, 14.309, 14.233, 14.139, 14.090, 14.039, 14.021, 14.027, 14.078, 14.132, 14.122, 14.086, 13.987, 13.868, 13.732, 13.626, 13.530, 13.405, 13.324, 13.254, 13.168, 12.962, 12.554, 11.680, 10.102, 8.114, 6.660, 6.009, 5.797, 5.772, 5.883, 6.087, 6.365, 6.674, 6.991, 7.348, 7.712, 8.056, 8.405, 8.760, 9.114, 9.471, 9.840, 10.184, 10.512, 10.817, 11.090, 11.332, 11.521, 11.693, 11.824, 11.929, 12.018, 12.056, 12.109, 12.127, 12.100, 12.029, 11.959, 11.987, 11.998, 11.969, 11.900, 11.895, 11.810, 11.670, 11.548, 11.400, 11.191, 10.991, 10.809, 10.592, 10.413, 10.316, 10.130, 9.926, 9.763, 9.515, 9.286, 9.099, 8.782, 8.609, 8.388, 8.233, 8.108, 7.719, 7.920, 16.3,1003141.0,1245743.0,873853.53,57922.51,3620.86,15122.80,529.64,15169.30,212.51,327.32,33.13,286.47,21.89,2774.84,33.69,1742.81,22.56,2524.41,72.05,108.33,8.08,153.55,19.90,886.69,19.88,28535.58,177.68,0.00,135.75,0.00,13.61,20.01,2.51,73.62,2.71,23.28,1.57,0.00,4.83,86.47,1.33,185.91,1.96,18.73,0.97,125.47,1.71,0.00,30.88,0.00,54.14,0.00,449.11,0.00,316.01,0.00,519.24,0.00,548.94,0.00,56.54,0.00,28.46,30.57,1.72,21.90,4.04,0.00,149.69,5.87,1.49,211745.59,96051.50,6004.38,28573.97,1000.74,32452.21,454.63,750.01,75.91,715.29,54.66,3342.58,40.58,2438.55,31.57,4211.96,120.21,193.39,14.42,224.42,29.08,1274.03,28.56,40798.57,254.04,0.00,172.60,0.00,17.32,25.05,3.14,91.64,3.37,30.74,2.07,0.00,6.79,94.56,1.45,219.86,2.32,23.79,1.23,169.48,2.31,0.00,36.20,0.00,72.19,0.00,482.40,0.00,360.99,0.00,659.18,0.00,657.14,0.00,66.38,0.00,30.73,32.93,1.85,24.41,4.50,0.00,170.33,6.66,1.69
76.5,76.5,1,76.500,16/03/2026 19:34:01,31.611, , , , , , , , , , , , , , , , , , , , , , , , , , , , , , , , , , , , , , , , , , , , , , , , , , , , , , , , , , , , , , , , , , , , , , , , , , , , , , , , , , , , , , , , , , , , , , , , , , , , , , , , , , , , , , , , , , , , , , , , , , , , , , , , , , , , , , , , , , , , , , , , , , , , , , , , , , , , , , , , , , , , , , , , , , , , , , , , , , , , , , , , , , , , , , , , , , , , , , , , , , , , , , , , , , , , , , , , , , , , , , , , , , , , , , , , , , , , , , , , , , , , , , , , , , , , , , , , , , , , , , , , , , , , , , , , , , , , , , , , , , , , , , , , , , , , , , , , , , , , , , , , , , , , , , , , , , , , , , , , , , , , , , , , , , , , , , , , , , , , , , , , , , , , , , , , , , , , , , , , , , , , 
77.0,77.0,1,77.000,16/03/2026 19:34:19,31.873,,14.06, 15.16, 15.20,45.85, -2.15, 2.87,15.760, 14.066, 14.145, 13.282, 12.872, 12.777, 12.644, 12.890, 13.246, 13.685, 13.945, 14.145, 14.295, 14.481, 14.689, 14.899, 15.100, 15.276, 15.376, 15.427, 15.450, 15.418, 15.341, 15.266, 15.108, 14.962, 14.877, 14.696, 14.638, 14.490, 14.420, 14.306, 14.234, 14.136, 14.136, 14.043, 14.085, 14.052, 14.084, 14.164, 14.189, 14.316, 14.398, 14.465, 14.620, 14.677, 14.693, 14.801, 14.806, 14.752, 14.789, 14.799, 14.710, 14.696, 14.737, 14.704, 14.657, 14.703, 14.768, 14.751, 14.721, 14.771, 14.835, 14.841, 14.851, 14.878, 14.902, 14.905, 14.868, 14.855, 14.907, 14.893, 14.800, 14.728, 14.725, 14.801, 14.850, 14.767, 14.640, 14.554, 14.568, 14.658, 14.713, 14.676, 14.571, 14.530, 14.626, 14.779, 14.897, 14.907, 14.838, 14.749, 14.733, 14.807, 14.945, 15.037, 15.026, 14.889, 14.699, 14.535, 14.472, 14.499, 14.499, 14.318, 13.704, 12.718, 11.829, 11.327, 11.137, 11.092, 11.162, 11.324, 11.600, 11.916, 12.217, 12.480, 12.674, 12.853, 13.039, 13.241, 13.465, 13.684, 13.874, 14.013, 14.108, 14.142, 14.172, 14.175, 14.176, 14.198, 14.231, 14.279, 14.333, 14.375, 14.393, 14.367, 14.303, 14.243, 14.182, 14.066, 13.950, 13.857, 13.771, 13.738, 13.721, 13.737, 13.675, 13.691, 13.674, 13.594, 13.375, 12.954, 12.114, 10.577, 8.604, 7.107, 6.440, 6.217, 6.213, 6.372, 6.635, 6.965, 7.340, 7.719, 8.103, 8.461, 8.800, 9.109, 9.424, 9.698, 9.962, 10.237, 10.505, 10.759, 11.032, 11.285, 11.530, 11.743, 11.937, 12.100, 12.251, 12.379, 12.468, 12.540, 12.601, 12.601, 12.530, 12.447, 12.411, 12.346, 12.245, 12.128, 12.059, 11.962, 11.837, 11.712, 11.567, 11.443, 11.300, 11.160, 11.041, 10.909, 10.846, 10.757, 10.629, 10.390, 10.200, 10.083, 9.888, 9.673, 9.333, 9.128, 8.993, 8.751, 8.643, 8.480, 16.3,1026591.0,1248807.0,882696.46,55034.55,3568.92,14483.26,508.33,11484.43,182.26,356.44,32.54,629.13,23.54,1874.50,28.39,1504.57,20.66,1277.38,57.41,28.87,6.33,152.23,17.99,879.85,19.26,29035.80,177.54,0.00,131.79,0.00,17.18,36.07,2.79,90.86,2.90,36.23,1.42,0.00,5.04,82.63,1.26,134.77,1.59,18.43,0.94,119.64,1.62,5.29,1.08,0.00,51.29,0.00,441.96,0.00,307.14,0.00,505.74,0.00,538.13,0.00,55.17,0.00,24.06,7.68,1.28,30.93,3.93,0.00,144.52,0.00,61.08,195821.01,91262.46,5918.25,27365.58,960.47,24569.04,389.92,816.73,74.56,1570.88,58.78,2258.03,34.20,2105.20,28.91,2131.30,95.79,51.54,11.30,222.49,26.29,1264.20,27.67,41513.76,253.84,0.00,167.57,0.00,21.86,45.15,3.49,113.09,3.61,47.84,1.87,0.00,7.08,90.36,1.38,159.38,1.88,23.40,1.19,161.61,2.19,6.20,1.27,0.00,68.39,0.00,474.72,0.00,350.86,0.00,642.05,0.00,644.20,0.00,64.77,0.00,25.98,8.27,1.38,34.48,4.38,0.00,164.45,0.00,69.29
77.5,77.5,1,77.500,16/03/2026 19:35:02,31.414,1157883.598, , , , , , , , , , , , , , , , , , , , , , , , , , , , , , , , , , , , , , , , , , , , , , , , , , , , , , , , , , , , , , , , , , , , , , , , , , , , , , , , , , , , , , , , , , , , , , , , , , , , , , , , , , , , , , , , , , , , , , , , , , , , , , , , , , , , , , , , , , , , , , , , , , , , , , , , , , , , , , , , , , , , , , , , , , , , , , , , , , , , , , , , , , , , , , , , , , , , , , , , , , , , , , , , , , , , , , , , , , , , , , , , , , , , , , , , , , , , , , , , , , , , , , , , , , , , , , , , , , , , , , , , , , , , , , , , , , , , , , , , , , , , , , , , , , , , , , , , , , , , , , , , , , , , , , , , , , , , , , , , , , , , , , , , , , , , , , , , , , , , , , , , , , , , , , , , , , , , , , , , , , , 
78.0,78.0,1,78.000,16/03/2026 19:35:19,31.082,,14.19, 15.27, 15.48,46.00, -1.99, 2.50,15.632, 15.844, 14.906, 13.800, 13.657, 13.076, 13.002, 13.258, 13.571, 14.014, 14.181, 14.419, 14.519, 14.654, 14.831, 15.006, 15.195, 15.396, 15.502, 15.552, 15.537, 15.520, 15.466, 15.343, 15.213, 15.071, 14.974, 14.810, 14.739, 14.616, 14.523, 14.446, 14.355, 14.285, 14.268, 14.168, 14.248, 14.126, 14.283, 14.228, 14.331, 14.462, 14.429, 14.639, 14.695, 14.712, 14.855, 14.847, 14.828, 14.897, 14.843, 14.797, 14.829, 14.782, 14.725, 14.776, 14.785, 14.733, 14.769, 14.870, 14.833, 14.781, 14.851, 14.975, 14.967, 14.867, 14.838, 14.940, 15.028, 14.938, 14.798, 14.776, 14.888, 14.938, 14.825, 14.688, 14.673, 14.773, 14.864, 14.827, 14.643, 14.520, 14.546, 14.699, 14.858, 14.877, 14.783, 14.675, 14.664, 14.792, 14.971, 15.095, 15.093, 14.986, 14.845, 14.795, 14.843, 14.944, 15.021, 14.998, 14.913, 14.757, 14.543, 14.251, 13.772, 13.090, 12.539, 12.266, 12.153, 12.041, 11.936, 11.883, 11.992, 12.245, 12.603, 13.002, 13.358, 13.628, 13.802, 13.901, 13.916, 13.922, 13.936, 13.994, 14.104, 14.250, 14.433, 14.597, 14.711, 14.767, 14.764, 14.697, 14.596, 14.499, 14.399, 14.325, 14.282, 14.309, 14.364, 14.397, 14.433, 14.417, 14.378, 14.318, 14.266, 14.202, 13.986, 13.913, 13.815, 13.711, 13.563, 13.247, 12.587, 11.320, 9.558, 8.146, 7.519, 7.314, 7.319, 7.466, 7.700, 7.999, 8.304, 8.624, 8.940, 9.262, 9.565, 9.868, 10.175, 10.462, 10.750, 11.065, 11.341, 11.626, 11.893, 12.109, 12.326, 12.492, 12.633, 12.754, 12.841, 12.922, 12.955, 13.009, 13.038, 13.050, 12.977, 12.919, 12.930, 12.949, 12.887, 12.832, 12.782, 12.733, 12.624, 12.469, 12.356, 12.221, 12.072, 11.910, 11.756, 11.678, 11.608, 11.507, 11.344, 11.227, 11.092, 10.912, 10.776, 10.583, 10.439, 10.168, 10.015, 9.857, 9.657, 9.703, 16.3,1014104.0,1270068.0,873645.78,59498.01,3628.60,15656.64,529.35,12324.62,191.59,371.16,33.49,536.97,23.49,1889.68,29.10,1523.94,21.00,2018.40,66.63,32.33,6.88,0.00,69.86,972.80,20.56,30761.10,190.69,0.00,139.81,0.00,16.96,45.15,3.04,103.47,3.15,29.05,1.54,0.00,4.28,86.70,1.33,167.11,1.85,16.36,0.97,130.89,1.75,3.82,1.10,0.00,52.46,97.10,9.98,22.92,6.74,0.00,524.03,44.43,10.76,0.00,55.05,0.00,27.45,21.58,1.57,0.00,135.47,0.00,150.82,0.00,67.45,210941.81,98664.11,6017.22,29582.64,1000.19,26366.49,409.88,850.46,76.74,1340.76,58.65,2276.32,35.05,2132.31,29.38,3367.69,111.17,57.72,12.28,0.00,102.10,1397.76,29.54,43980.49,272.64,0.00,177.77,0.00,21.58,56.52,3.81,128.79,3.92,38.36,2.03,0.00,6.01,94.82,1.45,197.62,2.19,20.78,1.23,176.80,2.36,4.48,1.29,0.00,69.95,104.30,10.72,26.18,7.70,0.00,665.27,53.19,12.88,0.00,64.63,0.00,29.64,23.25,1.69,0.00,151.03,0.00,171.62,0.00,76.52
78.5,78.5,1,78.500,16/03/2026 19:36:02,29.563, , , , , , , , , , , , , , , , , , , , , , , , , , , , , , , , , , , , , , , , , , , , , , , , , , , , , , , , , , , , , , , , , , , , , , , , , , , , , , , , , , , , , , , , , , , , , , , , , , , , , , , , , , , , , , , , , , , , , , , , , , , , , , , , , , , , , , , , , , , , , , , , , , , , , , , , , , , , , , , , , , , , , , , , , , , , , , , , , , , , , , , , , , , , , , , , , , , , , , , , , , , , , , , , , , , , , , , , , , , , , , , , , , , , , , , , , , , , , , , , , , , , , , , , , , , , , , , , , , , , , , , , , , , , , , , , , , , , , , , , , , , , , , , , , , , , , , , , , , , , , , , , , , , , , , , , , , , , , , , , , , , , , , , , , , , , , , , , , , , , , , , , , , , , , , , , , , , , , , , , , , , , 
79.0,79.0,1,79.000,16/03/2026 19:36:28,26.449,,14.43, 15.52, 15.74,46.34, -1.98, 2.51,16.144, 15.568, 14.863, 14.179, 13.504, 13.322, 13.379, 13.478, 13.786, 14.195, 14.438, 14.647, 14.745, 14.889, 15.084, 15.265, 15.507, 15.658, 15.747, 15.762, 15.784, 15.798, 15.692, 15.583, 15.485, 15.303, 15.229, 15.077, 14.986, 14.904, 14.768, 14.732, 14.599, 14.582, 14.507, 14.479, 14.485, 14.447, 14.528, 14.523, 14.643, 14.698, 14.793, 14.913, 14.977, 15.098, 15.118, 15.149, 15.231, 15.176, 15.129, 15.218, 15.174, 15.047, 15.117, 15.198, 15.078, 15.030, 15.198, 15.265, 15.138, 15.099, 15.297, 15.399, 15.300, 15.181, 15.267, 15.416, 15.421, 15.226, 15.143, 15.246, 15.395, 15.347, 15.138, 15.025, 15.146, 15.322, 15.369, 15.182, 14.945, 14.886, 15.061, 15.284, 15.352, 15.241, 15.090, 15.011, 15.145, 15.388, 15.564, 15.595, 15.449, 15.286, 15.210, 15.273, 15.436, 15.567, 15.573, 15.436, 15.229, 15.028, 14.863, 14.684, 14.280, 13.609, 12.992, 12.623, 12.379, 12.175, 12.045, 12.048, 12.277, 12.654, 13.111, 13.538, 13.852, 14.042, 14.127, 14.164, 14.174, 14.213, 14.321, 14.482, 14.695, 14.909, 15.100, 15.221, 15.262, 15.228, 15.148, 15.036, 14.938, 14.872, 14.840, 14.835, 14.890, 14.962, 15.055, 15.097, 15.081, 15.006, 14.898, 14.775, 14.638, 14.544, 14.347, 14.291, 14.243, 14.196, 14.069, 13.793, 13.148, 11.854, 10.116, 8.741, 8.133, 7.891, 7.816, 7.856, 8.002, 8.210, 8.459, 8.756, 9.083, 9.426, 9.790, 10.163, 10.541, 10.904, 11.263, 11.614, 11.927, 12.231, 12.495, 12.715, 12.877, 12.995, 13.108, 13.179, 13.227, 13.266, 13.281, 13.323, 13.365, 13.361, 13.346, 13.306, 13.351, 13.425, 13.428, 13.411, 13.421, 13.404, 13.326, 13.274, 13.152, 12.976, 12.793, 12.584, 12.407, 12.269, 12.112, 11.934, 11.703, 11.501, 11.334, 11.100, 10.920, 10.736, 10.578, 10.317, 10.218, 10.105, 10.057, 9.917, 16.3,1000160.0,1241858.0,869197.24,64180.78,3779.47,16974.28,561.18,13759.44,207.14,463.99,36.18,1232.83,28.91,2337.44,32.50,1705.51,22.92,1500.09,62.67,43.21,6.96,162.44,19.55,880.12,20.07,26778.80,171.54,0.00,132.47,0.00,16.31,12.18,2.38,73.25,2.64,32.10,1.49,0.00,5.30,70.13,1.22,257.96,2.43,23.09,0.99,160.01,1.94,11.83,1.16,0.00,55.55,0.00,457.57,47.12,6.75,39.89,9.81,0.00,565.07,0.00,39.57,0.00,27.33,12.98,1.45,33.00,4.10,0.00,153.32,10.31,1.57,220606.91,106429.43,6267.40,32072.27,1060.33,29436.05,443.14,1063.17,82.90,3078.26,72.19,2815.69,39.15,2386.36,32.07,2502.89,104.56,77.14,12.42,237.42,28.57,1264.59,28.84,38286.82,245.26,0.00,168.43,0.00,20.76,15.25,2.98,91.18,3.29,42.38,1.97,0.00,7.45,76.69,1.33,305.06,2.87,29.32,1.26,216.14,2.62,13.87,1.36,0.00,74.07,0.00,491.48,53.83,7.71,50.64,12.45,0.00,676.45,0.00,46.46,0.00,29.51,13.98,1.56,36.79,4.57,0.00,174.46,11.70,1.78
79.5,79.5,1,79.500,16/03/2026 19:37:12,30.554, , , , , , , , , , , , , , , , , , , , , , , , , , , , , , , , , , , , , , , , , , , , , , , , , , , , , , , , , , , , , , , , , , , , , , , , , , , , , , , , , , , , , , , , , , , , , , , , , , , , , , , , , , , , , , , , , , , , , , , , , , , , , , , , , , , , , , , , , , , , , , , , , , , , , , , , , , , , , , , , , , , , , , , , , , , , , , , , , , , , , , , , , , , , , , , , , , , , , , , , , , , , , , , , , , , , , , , , , , , , , , , , , , , , , , , , , , , , , , , , , , , , , , , , , , , , , , , , , , , , , , , , , , , , , , , , , , , , , , , , , , , , , , , , , , , , , , , , , , , , , , , , , , , , , , , , , , , , , , , , , , , , , , , , , , , , , , , , , , , , , , , , , , , , , , , , , , , , , , , , , , , , 
80.0,80.0,1,80.000,16/03/2026 19:37:37,27.113,,13.67, 14.65, 14.85,45.16, -1.65, 2.49,15.997, 16.060, 14.909, 13.716, 13.177, 13.028, 12.790, 12.906, 13.087, 13.450, 13.586, 13.751, 13.858, 13.989, 14.228, 14.437, 14.633, 14.680, 14.710, 14.902, 14.964, 14.803, 14.855, 14.786, 14.587, 14.613, 14.394, 14.423, 14.238, 14.283, 14.093, 14.157, 13.962, 14.041, 13.943, 13.924, 14.033, 13.871, 14.102, 14.078, 14.073, 14.404, 14.294, 14.397, 14.754, 14.601, 14.616, 14.965, 14.830, 14.638, 14.902, 14.996, 14.685, 14.668, 14.975, 14.970, 14.677, 14.707, 15.054, 15.134, 14.855, 14.753, 15.080, 15.352, 15.218, 14.922, 14.835, 15.171, 15.462, 15.315, 14.979, 14.856, 15.067, 15.336, 15.401, 15.180, 14.924, 14.905, 15.080, 15.305, 15.342, 15.211, 14.995, 14.896, 14.996, 15.242, 15.504, 15.624, 15.566, 15.404, 15.286, 15.286, 15.452, 15.696, 15.909, 15.989, 15.884, 15.652, 15.392, 15.229, 15.229, 15.369, 15.510, 15.438, 14.878, 13.854, 12.865, 12.267, 11.992, 11.935, 12.070, 12.348, 12.760, 13.229, 13.605, 13.875, 13.988, 14.017, 14.043, 14.118, 14.281, 14.548, 14.878, 15.224, 15.522, 15.749, 15.853, 15.843, 15.744, 15.587, 15.427, 15.311, 15.252, 15.291, 15.405, 15.566, 15.737, 15.883, 15.984, 15.988, 15.881, 15.713, 15.487, 15.283, 15.077, 14.920, 14.735, 14.684, 14.686, 14.698, 14.621, 14.355, 13.650, 12.263, 10.411, 9.025, 8.407, 8.178, 8.092, 8.134, 8.250, 8.436, 8.662, 8.908, 9.197, 9.518, 9.857, 10.228, 10.617, 11.028, 11.438, 11.854, 12.255, 12.630, 12.973, 13.287, 13.536, 13.734, 13.888, 14.012, 14.068, 14.092, 14.081, 14.074, 14.037, 13.931, 13.787, 13.653, 13.650, 13.675, 13.605, 13.576, 13.599, 13.600, 13.582, 13.551, 13.500, 13.407, 13.291, 13.189, 13.096, 13.056, 13.010, 12.883, 12.781, 12.555, 12.356, 12.099, 11.832, 11.491, 11.191, 10.830, 10.481, 10.312, 10.049, 9.743, 16.3,985339.0,1252708.0,868181.53,57512.64,3626.54,16322.53,547.96,16066.01,219.94,514.02,35.97,836.67,25.68,3224.77,36.41,2254.48,25.68,2441.03,71.96,44.91,7.34,105.89,18.89,979.68,21.02,30820.68,192.08,0.00,141.97,0.00,14.61,23.21,2.64,95.41,3.07,32.37,1.56,0.00,5.12,92.54,1.39,198.89,2.07,18.77,1.01,151.90,1.90,6.22,1.13,0.00,54.30,0.00,456.91,0.00,314.34,0.00,532.14,41.05,10.74,0.00,56.01,0.00,27.61,17.52,1.55,17.31,4.26,0.00,154.28,0.00,69.63,221520.83,95371.82,6013.80,30840.81,1035.35,34370.58,470.53,1177.81,82.42,2089.08,64.12,3884.57,43.86,3154.48,35.93,4072.84,120.06,80.17,13.10,154.76,27.61,1407.64,30.20,44065.68,274.63,0.00,180.51,0.00,18.59,29.05,3.30,118.76,3.82,42.74,2.06,0.00,7.19,101.20,1.52,235.21,2.45,23.84,1.28,205.18,2.57,7.29,1.32,0.00,72.41,0.00,490.77,0.00,359.08,0.00,675.56,49.14,12.86,0.00,65.76,0.00,29.81,18.87,1.67,19.30,4.75,0.00,175.56,0.00,78.99
80.5,80.5,1,80.500,16/03/2026 19:38:21,25.725, , , , , , , , , , , , , , , , , , , , , , , , , , , , , , , , , , , , , , , , , , , , , , , , , , , , , , , , , , , , , , , , , , , , , , , , , , , , , , , , , , , , , , , , , , , , , , , , , , , , , , , , , , , , , , , , , , , , , , , , , , , , , , , , , , , , , , , , , , , , , , , , , , , , , , , , , , , , , , , , , , , , , , , , , , , , , , , , , , , , , , , , , , , , , , , , , , , , , , , , , , , , , , , , , , , , , , , , , , , , , , , , , , , , , , , , , , , , , , , , , , , , , , , , , , , , , , , , , , , , , , , , , , , , , , , , , , , , , , , , , , , , , , , , , , , , , , , , , , , , , , , , , , , , , , , , , , , , , , , , , , , , , , , , , , , , , , , , , , , , , , , , , , , , , , , , , , , , , , , , , , , , 
81.0,81.0,1,81.000,16/03/2026 19:38:38,28.634,,13.40, 14.29, 14.51,44.64, -1.18, 2.40,15.803, 15.382, 14.124, 13.674, 13.224, 12.784, 12.526, 12.532, 12.842, 13.124, 13.308, 13.476, 13.526, 13.669, 13.813, 13.932, 14.059, 14.233, 14.414, 14.427, 14.391, 14.536, 14.466, 14.351, 14.453, 14.184, 14.291, 14.116, 14.145, 14.055, 14.056, 13.957, 14.019, 13.852, 14.058, 13.830, 14.066, 13.982, 14.008, 14.249, 14.099, 14.351, 14.492, 14.388, 14.697, 14.791, 14.636, 14.869, 14.990, 14.758, 14.804, 15.043, 14.919, 14.715, 14.902, 15.114, 14.941, 14.782, 15.027, 15.289, 15.148, 14.912, 15.050, 15.399, 15.485, 15.218, 14.918, 15.124, 15.469, 15.547, 15.267, 15.019, 15.045, 15.349, 15.585, 15.508, 15.208, 14.990, 15.027, 15.267, 15.449, 15.449, 15.268, 15.019, 14.950, 15.127, 15.455, 15.737, 15.806, 15.679, 15.442, 15.274, 15.316, 15.565, 15.876, 16.089, 16.083, 15.848, 15.486, 15.154, 15.008, 15.082, 15.232, 15.202, 14.646, 13.571, 12.509, 11.798, 11.394, 11.194, 11.224, 11.486, 11.988, 12.591, 13.129, 13.531, 13.734, 13.774, 13.768, 13.775, 13.870, 14.094, 14.412, 14.797, 15.200, 15.507, 15.735, 15.798, 15.735, 15.574, 15.373, 15.175, 15.065, 15.031, 15.090, 15.205, 15.396, 15.583, 15.738, 15.794, 15.744, 15.607, 15.384, 15.128, 14.915, 14.700, 14.462, 14.375, 14.332, 14.298, 14.177, 13.855, 13.068, 11.554, 9.639, 8.323, 7.770, 7.557, 7.485, 7.492, 7.589, 7.716, 7.899, 8.106, 8.371, 8.676, 9.016, 9.396, 9.833, 10.265, 10.718, 11.171, 11.624, 12.049, 12.417, 12.765, 13.041, 13.267, 13.411, 13.529, 13.580, 13.598, 13.567, 13.569, 13.506, 13.411, 13.265, 13.128, 13.132, 13.142, 13.101, 13.077, 13.103, 13.132, 13.103, 13.082, 13.048, 12.946, 12.815, 12.702, 12.568, 12.472, 12.373, 12.236, 12.040, 11.759, 11.486, 11.213, 10.771, 10.538, 10.133, 9.842, 9.498, 9.102, 8.828, 8.693, 16.3,1016813.0,1193143.0,912756.42,33832.69,3467.97,13922.20,509.18,9003.01,165.79,411.66,34.07,305.32,22.15,1033.77,24.75,1019.26,17.68,1173.42,56.80,37.60,6.55,0.00,68.71,619.57,16.59,25295.52,156.45,0.00,129.55,0.00,17.48,30.79,2.69,87.00,2.83,21.03,1.51,0.00,4.45,79.55,1.23,152.29,1.70,9.74,0.88,122.44,1.65,12.44,1.11,0.00,54.06,0.00,450.50,0.00,313.11,0.00,522.05,41.77,10.58,0.00,55.93,0.00,28.13,32.51,1.67,0.00,136.66,0.00,151.70,0.00,64.07,145847.28,56103.93,5750.85,26305.48,962.08,19260.45,354.68,943.26,78.07,762.35,55.31,1245.28,29.81,1426.15,24.74,1957.84,94.77,67.12,11.69,0.00,100.42,890.22,23.84,36166.11,223.68,0.00,164.72,0.00,22.24,38.54,3.37,108.29,3.52,27.77,1.99,0.00,6.25,87.00,1.35,180.10,2.01,12.37,1.12,165.39,2.23,14.58,1.30,0.00,72.09,0.00,483.89,0.00,357.67,0.00,662.75,50.00,12.67,0.00,65.67,0.00,30.37,35.02,1.80,0.00,152.35,0.00,172.62,0.00,72.68
81.5,81.5,1,81.500,16/03/2026 19:39:21,34.457, , , , , , , , , , , , , , , , , , , , , , , , , , , , , , , , , , , , , , , , , , , , , , , , , , , , , , , , , , , , , , , , , , , , , , , , , , , , , , , , , , , , , , , , , , , , , , , , , , , , , , , , , , , , , , , , , , , , , , , , , , , , , , , , , , , , , , , , , , , , , , , , , , , , , , , , , , , , , , , , , , , , , , , , , , , , , , , , , , , , , , , , , , , , , , , , , , , , , , , , , , , , , , , , , , , , , , , , , , , , , , , , , , , , , , , , , , , , , , , , , , , , , , , , , , , , , , , , , , , , , , , , , , , , , , , , , , , , , , , , , , , , , , , , , , , , , , , , , , , , , , , , , , , , , , , , , , , , , , , , , , , , , , , , , , , , , , , , , , , , , , , , , , , , , , , , , , , , , , , , , , , , 
82.0,82.0,1,82.000,16/03/2026 19:39:38,33.197,,14.08, 15.10, 15.32,45.77, -1.67, 2.48,15.750, 15.246, 14.855, 14.279, 13.604, 13.295, 13.192, 13.285, 13.474, 13.828, 14.031, 14.217, 14.334, 14.478, 14.632, 14.796, 15.020, 15.154, 15.221, 15.332, 15.357, 15.295, 15.316, 15.176, 15.106, 15.003, 14.863, 14.809, 14.659, 14.647, 14.505, 14.473, 14.388, 14.306, 14.341, 14.231, 14.312, 14.276, 14.292, 14.411, 14.413, 14.530, 14.650, 14.687, 14.819, 14.921, 14.914, 14.963, 15.028, 14.993, 14.930, 14.963, 14.989, 14.913, 14.856, 14.931, 14.982, 14.929, 14.906, 14.984, 15.061, 15.043, 15.011, 15.065, 15.152, 15.173, 15.081, 15.080, 15.047, 15.058, 15.129, 15.130, 15.085, 15.019, 14.962, 14.957, 15.027, 15.089, 15.056, 14.930, 14.772, 14.742, 14.817, 14.922, 14.993, 14.998, 14.979, 14.954, 14.961, 15.021, 15.111, 15.190, 15.239, 15.261, 15.237, 15.203, 15.136, 15.046, 14.963, 14.903, 14.873, 14.872, 14.798, 14.521, 13.800, 12.732, 11.822, 11.328, 11.149, 11.107, 11.176, 11.337, 11.637, 12.001, 12.348, 12.647, 12.856, 13.014, 13.162, 13.329, 13.521, 13.767, 14.024, 14.265, 14.468, 14.590, 14.665, 14.661, 14.623, 14.552, 14.501, 14.457, 14.455, 14.499, 14.566, 14.648, 14.725, 14.762, 14.748, 14.679, 14.531, 14.344, 14.168, 14.006, 13.928, 13.862, 13.782, 13.791, 13.812, 13.789, 13.643, 13.284, 12.455, 10.906, 8.948, 7.506, 6.824, 6.547, 6.471, 6.532, 6.719, 6.981, 7.304, 7.678, 8.085, 8.489, 8.884, 9.276, 9.654, 9.978, 10.315, 10.611, 10.903, 11.148, 11.384, 11.581, 11.772, 11.927, 12.068, 12.203, 12.298, 12.410, 12.514, 12.639, 12.755, 12.822, 12.823, 12.804, 12.876, 12.889, 12.839, 12.770, 12.718, 12.598, 12.491, 12.287, 12.118, 11.835, 11.636, 11.395, 11.207, 11.059, 10.853, 10.712, 10.556, 10.330, 10.189, 9.987, 9.730, 9.595, 9.344, 9.235, 9.066, 8.993, 8.804, 8.776, 16.3,1010456.0,1218706.0,893673.32,51608.84,3703.28,12092.04,492.97,7308.44,152.27,505.03,35.53,457.33,23.37,1187.34,25.72,1170.74,18.90,1811.16,64.51,30.31,6.76,103.39,18.08,653.74,17.32,28812.02,182.11,0.00,138.70,0.00,15.91,44.15,3.00,108.19,3.22,35.40,1.65,0.00,5.04,73.73,1.24,129.69,1.60,21.83,0.99,131.84,1.74,11.89,1.16,0.00,55.30,0.00,457.91,0.00,320.03,0.00,544.53,0.00,571.85,0.00,59.48,4.21,1.17,25.35,1.64,0.00,137.95,0.00,153.39,0.00,73.09,175514.38,85581.69,6141.06,22847.46,931.45,15635.20,325.76,1157.21,81.41,1141.91,58.35,1430.28,30.98,1638.11,26.44,3021.91,107.63,54.11,12.07,151.11,26.42,939.32,24.89,41193.81,260.37,0.00,176.35,0.00,20.25,55.27,3.76,134.67,4.01,46.74,2.18,0.00,7.08,80.63,1.36,153.37,1.89,27.72,1.26,178.09,2.35,13.94,1.36,0.00,73.74,0.00,491.85,0.00,365.58,0.00,691.29,0.00,684.56,0.00,69.83,4.55,1.26,27.31,1.77,0.00,153.79,0.00,174.54,0.00,82.92
82.5,82.5,1,82.500,16/03/2026 19:40:22,33.001,1157883.399, , , , , , , , , , , , , , , , , , , , , , , , , , , , , , , , , , , , , , , , , , , , , , , , , , , , , , , , , , , , , , , , , , , , , , , , , , , , , , , , , , , , , , , , , , , , , , , , , , , , , , , , , , , , , , , , , , , , , , , , , , , , , , , , , , , , , , , , , , , , , , , , , , , , , , , , , , , , , , , , , , , , , , , , , , , , , , , , , , , , , , , , , , , , , , , , , , , , , , , , , , , , , , , , , , , , , , , , , , , , , , , , , , , , , , , , , , , , , , , , , , , , , , , , , , , , , , , , , , , , , , , , , , , , , , , , , , , , , , , , , , , , , , , , , , , , , , , , , , , , , , , , , , , , , , , , , , , , , , , , , , , , , , , , , , , , , , , , , , , , , , , , , , , , , , , , , , , , , , , , , , , 
83.0,83.0,1,83.000,16/03/2026 19:40:39,31.477,,14.26, 15.39, 15.58,46.16, -2.28, 2.56,15.517, 15.901, 14.905, 13.639, 13.363, 13.323, 12.938, 13.240, 13.577, 14.072, 14.279, 14.535, 14.629, 14.817, 14.974, 15.197, 15.416, 15.549, 15.656, 15.721, 15.701, 15.669, 15.574, 15.438, 15.317, 15.119, 15.012, 14.839, 14.726, 14.590, 14.488, 14.356, 14.280, 14.157, 14.140, 14.063, 14.026, 14.053, 14.038, 14.101, 14.177, 14.241, 14.322, 14.437, 14.543, 14.580, 14.644, 14.722, 14.677, 14.641, 14.667, 14.662, 14.579, 14.520, 14.544, 14.571, 14.521, 14.460, 14.505, 14.610, 14.629, 14.520, 14.528, 14.642, 14.731, 14.682, 14.565, 14.595, 14.633, 14.703, 14.632, 14.567, 14.508, 14.491, 14.513, 14.504, 14.493, 14.465, 14.417, 14.360, 14.301, 14.277, 14.293, 14.330, 14.340, 14.353, 14.374, 14.423, 14.476, 14.503, 14.506, 14.501, 14.509, 14.530, 14.574, 14.629, 14.623, 14.543, 14.399, 14.235, 14.140, 14.100, 14.043, 13.846, 13.272, 12.382, 11.578, 11.102, 10.849, 10.723, 10.722, 10.824, 11.095, 11.454, 11.829, 12.169, 12.406, 12.573, 12.693, 12.793, 12.904, 13.054, 13.230, 13.414, 13.590, 13.738, 13.827, 13.879, 13.878, 13.855, 13.818, 13.782, 13.768, 13.767, 13.787, 13.818, 13.859, 13.879, 13.861, 13.782, 13.664, 13.509, 13.362, 13.243, 13.161, 13.129, 13.051, 13.070, 13.075, 13.034, 12.905, 12.551, 11.802, 10.414, 8.669, 7.354, 6.741, 6.483, 6.406, 6.472, 6.638, 6.870, 7.156, 7.483, 7.827, 8.187, 8.531, 8.886, 9.219, 9.534, 9.835, 10.136, 10.382, 10.619, 10.841, 11.031, 11.196, 11.344, 11.465, 11.564, 11.645, 11.740, 11.784, 11.832, 11.911, 11.935, 11.907, 11.882, 11.899, 11.902, 11.867, 11.805, 11.774, 11.694, 11.612, 11.518, 11.366, 11.230, 11.067, 10.935, 10.788, 10.713, 10.618, 10.457, 10.321, 10.184, 9.979, 9.821, 9.625, 9.445, 9.208, 8.954, 8.772, 8.475, 8.435, 8.263, 16.3,1004567.0,1204770.0,886687.85,51547.53,3535.37,14893.26,510.81,12814.16,193.23,422.04,33.63,392.19,22.25,1204.63,25.31,1037.05,17.83,1408.48,58.91,37.78,6.45,0.00,62.28,854.30,18.87,27997.29,171.20,0.00,134.13,0.00,17.68,19.12,2.48,108.04,3.12,39.41,1.53,0.00,5.34,78.09,1.23,115.63,1.46,9.19,0.87,147.40,1.75,0.00,30.48,0.00,53.13,0.00,433.64,0.00,304.39,124.30,9.40,0.00,526.90,0.00,56.53,0.00,26.78,13.34,1.40,48.96,3.81,0.00,139.33,0.00,65.48,190426.56,85480.02,5862.62,28140.26,965.16,27413.78,413.38,967.05,77.06,979.26,55.56,1451.10,30.49,1451.05,24.95,2350.04,98.29,67.44,11.51,0.00,91.03,1227.49,27.11,40028.95,244.77,0.00,170.54,0.00,22.50,23.93,3.10,134.48,3.88,52.03,2.02,0.00,7.50,85.40,1.35,136.74,1.73,11.67,1.10,199.10,2.36,0.00,35.73,0.00,70.85,0.00,465.78,0.00,347.71,157.80,11.93,0.00,630.75,0.00,66.37,0.00,28.92,14.37,1.51,54.58,4.25,0.00,158.54,0.00,74.28
83.5,83.5,1,83.500,16/03/2026 19:41:22,32.137, , , , , , , , , , , , , , , , , , , , , , , , , , , , , , , , , , , , , , , , , , , , , , , , , , , , , , , , , , , , , , , , , , , , , , , , , , , , , , , , , , , , , , , , , , , , , , , , , , , , , , , , , , , , , , , , , , , , , , , , , , , , , , , , , , , , , , , , , , , , , , , , , , , , , , , , , , , , , , , , , , , , , , , , , , , , , , , , , , , , , , , , , , , , , , , , , , , , , , , , , , , , , , , , , , , , , , , , , , , , , , , , , , , , , , , , , , , , , , , , , , , , , , , , , , , , , , , , , , , , , , , , , , , , , , , , , , , , , , , , , , , , , , , , , , , , , , , , , , , , , , , , , , , , , , , , , , , , , , , , , , , , , , , , , , , , , , , , , , , , , , , , , , , , , , , , , , , , , , , , , , , , 
84.0,84.0,1,84.000,16/03/2026 19:41:48,31.017,,13.88, 15.00, 15.07,45.64, -2.36, 2.81,15.788, 14.724, 14.084, 12.760, 12.768, 12.494, 12.571, 12.696, 13.086, 13.577, 13.831, 14.031, 14.197, 14.371, 14.575, 14.780, 15.007, 15.169, 15.264, 15.313, 15.341, 15.283, 15.185, 15.083, 14.906, 14.784, 14.607, 14.512, 14.330, 14.265, 14.103, 14.010, 13.923, 13.784, 13.806, 13.694, 13.672, 13.743, 13.655, 13.750, 13.892, 13.850, 13.977, 14.194, 14.173, 14.215, 14.426, 14.434, 14.298, 14.371, 14.478, 14.373, 14.218, 14.264, 14.380, 14.320, 14.166, 14.160, 14.342, 14.432, 14.309, 14.167, 14.264, 14.481, 14.569, 14.408, 14.289, 14.359, 14.490, 14.574, 14.510, 14.328, 14.213, 14.212, 14.296, 14.372, 14.390, 14.295, 14.163, 14.032, 13.977, 14.053, 14.169, 14.248, 14.212, 14.121, 14.054, 14.056, 14.138, 14.290, 14.422, 14.493, 14.485, 14.397, 14.305, 14.218, 14.190, 14.189, 14.187, 14.185, 14.167, 14.113, 13.945, 13.544, 12.698, 11.553, 10.658, 10.247, 10.144, 10.184, 10.312, 10.474, 10.729, 11.018, 11.256, 11.467, 11.627, 11.778, 11.986, 12.235, 12.533, 12.861, 13.179, 13.457, 13.639, 13.721, 13.713, 13.607, 13.479, 13.336, 13.238, 13.198, 13.241, 13.339, 13.498, 13.675, 13.835, 13.929, 13.937, 13.851, 13.685, 13.430, 13.164, 12.909, 12.701, 12.563, 12.394, 12.385, 12.409, 12.416, 12.341, 12.030, 11.287, 9.840, 8.036, 6.740, 6.202, 5.983, 5.920, 5.952, 6.055, 6.214, 6.409, 6.625, 6.880, 7.164, 7.463, 7.774, 8.129, 8.483, 8.851, 9.218, 9.584, 9.935, 10.254, 10.576, 10.826, 11.067, 11.250, 11.413, 11.506, 11.591, 11.608, 11.644, 11.642, 11.585, 11.469, 11.360, 11.261, 11.208, 11.067, 10.972, 10.887, 10.785, 10.717, 10.606, 10.523, 10.370, 10.250, 10.166, 10.033, 9.971, 9.964, 9.916, 9.807, 9.682, 9.521, 9.424, 9.223, 9.021, 8.815, 8.745, 8.251, 8.179, 7.863, 7.741, 16.3,982206.0,1157308.0,893961.11,55803.39,3854.19,13522.91,514.19,6180.66,145.48,589.41,37.66,459.22,24.30,0.00,1085.44,634.62,15.96,1317.88,59.93,0.00,21.75,169.90,19.31,660.58,17.62,26166.66,169.97,0.00,133.05,0.00,17.56,30.13,2.75,69.76,2.68,28.87,1.52,0.00,4.76,73.79,1.23,141.99,1.69,24.93,1.01,139.03,1.79,0.00,32.30,0.00,56.23,0.00,464.67,0.00,318.78,0.00,542.22,0.00,571.11,0.00,62.15,4.72,1.21,20.47,1.55,0.00,141.16,0.00,156.30,0.00,72.73,176161.94,92537.41,6391.31,25551.03,971.54,13222.50,311.23,1350.55,86.29,1146.63,60.67,0.00,1307.53,887.96,22.33,2198.87,99.99,0.00,38.83,248.32,28.22,949.15,25.32,37411.62,243.01,0.00,169.17,0.00,22.35,37.72,3.44,86.83,3.34,38.12,2.01,0.00,6.69,80.70,1.35,167.92,2.00,31.66,1.28,187.80,2.42,0.00,37.86,0.00,74.98,0.00,499.11,0.00,364.15,0.00,688.36,0.00,683.68,0.00,72.97,5.10,1.31,22.05,1.67,0.00,157.37,0.00,177.85,0.00,82.51
84.5,84.5,1,84.500,16/03/2026 19:42:40,30.684, , , , , , , , , , , , , , , , , , , , , , , , , , , , , , , , , , , , , , , , , , , , , , , , , , , , , , , , , , , , , , , , , , , , , , , , , , , , , , , , , , , , , , , , , , , , , , , , , , , , , , , , , , , , , , , , , , , , , , , , , , , , , , , , , , , , , , , , , , , , , , , , , , , , , , , , , , , , , , , , , , , , , , , , , , , , , , , , , , , , , , , , , , , , , , , , , , , , , , , , , , , , , , , , , , , , , , , , , , , , , , , , , , , , , , , , , , , , , , , , , , , , , , , , , , , , , , , , , , , , , , , , , , , , , , , , , , , , , , , , , , , , , , , , , , , , , , , , , , , , , , , , , , , , , , , , , , , , , , , , , , , , , , , , , , , , , , , , , , , , , , , , , , , , , , , , , , , , , , , , , , , , 
85.0,85.0,1,85.000,16/03/2026 19:42:57,31.809,,12.31, 13.32, 13.27,43.23, -2.37, 2.96,14.104, 12.829, 12.640, 11.360, 11.441, 11.148, 10.986, 11.163, 11.441, 11.925, 12.124, 12.388, 12.529, 12.747, 12.929, 13.078, 13.302, 13.489, 13.517, 13.605, 13.629, 13.530, 13.531, 13.344, 13.293, 13.076, 13.029, 12.821, 12.792, 12.589, 12.587, 12.392, 12.361, 12.271, 12.183, 12.213, 12.134, 12.146, 12.215, 12.210, 12.298, 12.426, 12.478, 12.579, 12.725, 12.810, 12.840, 12.901, 12.969, 12.975, 12.915, 12.918, 12.953, 12.933, 12.875, 12.861, 12.893, 12.937, 12.946, 12.923, 12.916, 12.980, 13.085, 13.130, 13.090, 13.038, 13.031, 13.185, 13.238, 13.212, 13.112, 13.043, 13.075, 13.169, 13.242, 13.215, 13.119, 13.003, 12.979, 13.007, 13.072, 13.145, 13.130, 13.047, 12.959, 12.936, 13.046, 13.223, 13.378, 13.450, 13.433, 13.365, 13.283, 13.267, 13.328, 13.410, 13.500, 13.525, 13.458, 13.327, 13.193, 13.060, 12.885, 12.564, 11.851, 10.874, 10.099, 9.724, 9.579, 9.521, 9.511, 9.552, 9.742, 10.025, 10.355, 10.691, 10.995, 11.279, 11.540, 11.786, 12.024, 12.256, 12.451, 12.629, 12.754, 12.837, 12.878, 12.885, 12.853, 12.827, 12.801, 12.809, 12.849, 12.932, 13.038, 13.134, 13.224, 13.263, 13.226, 13.129, 12.958, 12.741, 12.518, 12.324, 12.150, 12.064, 11.962, 11.973, 11.998, 11.990, 11.875, 11.538, 10.724, 9.226, 7.445, 6.241, 5.727, 5.524, 5.440, 5.443, 5.519, 5.659, 5.837, 6.062, 6.323, 6.619, 6.921, 7.258, 7.606, 7.961, 8.332, 8.694, 9.039, 9.379, 9.688, 9.982, 10.219, 10.431, 10.614, 10.755, 10.859, 10.925, 10.970, 10.995, 10.998, 10.981, 10.870, 10.761, 10.718, 10.646, 10.532, 10.424, 10.381, 10.320, 10.229, 10.162, 10.051, 9.850, 9.745, 9.594, 9.472, 9.451, 9.387, 9.320, 9.181, 9.064, 8.987, 8.800, 8.581, 8.433, 8.158, 7.988, 7.730, 7.510, 7.292, 6.992, 16.3,1025877.0,1215055.0,892429.28,43555.18,3436.91,11594.08,471.07,12788.63,190.99,380.63,32.62,517.14,22.67,1710.92,27.26,1473.73,19.90,1468.38,59.09,61.72,6.81,85.84,17.30,960.88,19.96,32227.29,194.00,0.00,142.49,0.00,16.35,53.86,3.14,88.53,2.88,47.48,1.66,0.00,4.86,81.57,1.28,138.96,1.64,13.95,0.93,130.59,1.71,0.00,30.14,0.00,51.07,0.00,433.58,21.04,6.58,53.21,9.69,69.30,10.61,0.00,43.35,0.00,25.94,13.65,1.47,34.17,4.14,0.00,144.96,0.00,65.56,178837.01,72226.50,5699.34,21906.58,890.07,27359.16,408.59,872.16,74.74,1291.25,56.60,2060.98,32.84,2062.05,27.84,2449.98,98.59,110.18,12.16,125.46,25.28,1380.63,28.68,46076.77,277.37,0.00,181.17,0.00,20.81,67.42,3.93,110.19,3.58,62.69,2.19,0.00,6.83,89.20,1.40,164.33,1.94,17.72,1.18,176.40,2.31,0.00,35.33,0.00,68.10,0.00,465.71,24.03,7.52,67.55,12.30,82.96,12.70,0.00,50.90,0.00,28.01,14.70,1.58,38.09,4.62,0.00,164.95,0.00,74.37
85.5,85.5,1,85.500,16/03/2026 19:43:40,30.881, , , , , , , , , , , , , , , , , , , , , , , , , , , , , , , , , , , , , , , , , , , , , , , , , , , , , , , , , , , , , , , , , , , , , , , , , , , , , , , , , , , , , , , , , , , , , , , , , , , , , , , , , , , , , , , , , , , , , , , , , , , , , , , , , , , , , , , , , , , , , , , , , , , , , , , , , , , , , , , , , , , , , , , , , , , , , , , , , , , , , , , , , , , , , , , , , , , , , , , , , , , , , , , , , , , , , , , , , , , , , , , , , , , , , , , , , , , , , , , , , , , , , , , , , , , , , , , , , , , , , , , , , , , , , , , , , , , , , , , , , , , , , , , , , , , , , , , , , , , , , , , , , , , , , , , , , , , , , , , , , , , , , , , , , , , , , , , , , , , , , , , , , , , , , , , , , , , , , , , , , , , , 
86.0,86.0,1,86.000,16/03/2026 19:43:58,31.943,,12.80, 13.83, 13.94,43.99, -2.33, 2.63,13.266, 12.982, 12.668, 12.158, 11.615, 11.681, 11.554, 11.774, 12.129, 12.561, 12.792, 12.976, 13.127, 13.265, 13.469, 13.627, 13.847, 13.999, 14.105, 14.147, 14.115, 14.087, 14.011, 13.853, 13.766, 13.589, 13.446, 13.356, 13.153, 13.139, 12.929, 12.921, 12.738, 12.722, 12.613, 12.605, 12.550, 12.570, 12.564, 12.604, 12.696, 12.723, 12.834, 12.929, 12.982, 13.076, 13.122, 13.127, 13.148, 13.150, 13.102, 13.078, 13.071, 13.025, 12.982, 12.995, 12.990, 12.959, 12.974, 13.040, 13.051, 13.010, 13.023, 13.110, 13.151, 13.066, 13.112, 13.155, 13.208, 13.211, 13.139, 13.071, 13.006, 13.062, 13.064, 13.025, 12.985, 12.928, 12.919, 12.937, 12.932, 12.911, 12.874, 12.849, 12.844, 12.890, 12.974, 13.048, 13.073, 13.072, 13.043, 13.028, 13.068, 13.125, 13.185, 13.217, 13.199, 13.134, 13.017, 12.924, 12.885, 12.886, 12.849, 12.687, 12.197, 11.408, 10.710, 10.317, 10.160, 10.116, 10.152, 10.250, 10.463, 10.725, 10.984, 11.229, 11.408, 11.546, 11.685, 11.832, 11.966, 12.117, 12.261, 12.391, 12.487, 12.545, 12.576, 12.582, 12.583, 12.567, 12.580, 12.601, 12.629, 12.658, 12.709, 12.727, 12.739, 12.700, 12.631, 12.533, 12.422, 12.301, 12.191, 12.136, 12.109, 12.120, 12.037, 12.088, 12.089, 12.058, 11.921, 11.612, 10.945, 9.688, 8.046, 6.755, 6.156, 5.932, 5.912, 6.022, 6.260, 6.547, 6.868, 7.206, 7.557, 7.892, 8.201, 8.489, 8.740, 8.987, 9.204, 9.396, 9.587, 9.766, 9.938, 10.095, 10.247, 10.385, 10.545, 10.698, 10.816, 10.941, 11.048, 11.157, 11.235, 11.289, 11.238, 11.189, 11.205, 11.191, 11.093, 11.045, 10.986, 10.889, 10.791, 10.670, 10.538, 10.277, 10.088, 9.969, 9.849, 9.771, 9.738, 9.681, 9.572, 9.544, 9.374, 9.274, 9.141, 8.976, 8.892, 8.729, 8.555, 8.382, 8.114, 8.080, 16.4,1000295.0,1256702.0,890145.26,36943.90,3398.74,14968.44,528.58,14943.27,209.41,240.47,31.85,384.96,22.30,3293.21,36.00,2151.89,24.87,2458.55,70.45,84.15,7.63,0.00,74.46,748.05,18.26,32961.56,199.61,0.00,146.20,0.00,17.97,56.13,3.27,93.32,3.06,32.91,1.54,0.00,4.68,88.54,1.36,142.56,1.70,19.61,1.00,137.22,1.78,0.00,31.09,0.00,53.89,0.00,443.30,72.94,6.77,0.00,515.51,0.00,554.12,0.00,58.61,0.00,28.94,15.75,1.51,17.34,4.18,0.00,149.20,0.00,68.30,183283.19,61263.18,5636.05,28282.31,998.73,31968.66,448.00,551.00,72.98,961.21,55.68,3967.02,43.37,3010.94,34.80,4102.08,117.55,150.22,13.62,0.00,108.83,1074.83,26.24,47126.59,285.39,0.00,185.89,0.00,22.87,70.26,4.09,116.16,3.81,43.45,2.03,0.00,6.58,96.83,1.49,168.59,2.01,24.90,1.27,185.35,2.40,0.00,36.44,0.00,71.86,0.00,476.15,83.32,7.73,0.00,654.45,0.00,663.34,0.00,68.81,0.00,31.25,16.97,1.63,19.33,4.66,0.00,169.78,0.00,77.48
86.5,86.5,1,86.500,16/03/2026 19:44:41,31.347, , , , , , , , , , , , , , , , , , , , , , , , , , , , , , , , , , , , , , , , , , , , , , , , , , , , , , , , , , , , , , , , , , , , , , , , , , , , , , , , , , , , , , , , , , , , , , , , , , , , , , , , , , , , , , , , , , , , , , , , , , , , , , , , , , , , , , , , , , , , , , , , , , , , , , , , , , , , , , , , , , , , , , , , , , , , , , , , , , , , , , , , , , , , , , , , , , , , , , , , , , , , , , , , , , , , , , , , , , , , , , , , , , , , , , , , , , , , , , , , , , , , , , , , , , , , , , , , , , , , , , , , , , , , , , , , , , , , , , , , , , , , , , , , , , , , , , , , , , , , , , , , , , , , , , , , , , , , , , , , , , , , , , , , , , , , , , , , , , , , , , , , , , , , , , , , , , , , , , , , , , , , 
87.0,87.0,1,87.000,16/03/2026 19:45:07,32.534,,13.15, 14.21, 14.48,44.53, -2.32, 2.28,15.465, 13.987, 13.462, 12.660, 12.540, 12.210, 12.268, 12.274, 12.624, 13.083, 13.285, 13.478, 13.593, 13.750, 13.921, 14.076, 14.286, 14.401, 14.484, 14.522, 14.519, 14.445, 14.361, 14.234, 14.088, 13.923, 13.779, 13.654, 13.498, 13.408, 13.257, 13.179, 13.037, 12.961, 12.907, 12.824, 12.833, 12.782, 12.802, 12.864, 12.866, 12.973, 13.048, 13.089, 13.211, 13.279, 13.269, 13.308, 13.342, 13.292, 13.230, 13.238, 13.226, 13.141, 13.090, 13.120, 13.133, 13.086, 13.074, 13.124, 13.176, 13.161, 13.127, 13.172, 13.233, 13.205, 13.249, 13.205, 13.198, 13.206, 13.223, 13.145, 13.074, 13.029, 13.016, 13.027, 13.061, 13.014, 12.947, 12.890, 12.855, 12.880, 12.913, 12.918, 12.894, 12.879, 12.911, 12.961, 13.018, 13.063, 13.056, 13.034, 13.035, 13.049, 13.092, 13.138, 13.141, 13.100, 13.007, 12.902, 12.838, 12.821, 12.790, 12.667, 12.273, 11.597, 10.973, 10.618, 10.468, 10.386, 10.384, 10.462, 10.661, 10.927, 11.192, 11.430, 11.602, 11.722, 11.803, 11.887, 11.961, 12.066, 12.180, 12.307, 12.427, 12.516, 12.592, 12.616, 12.619, 12.598, 12.575, 12.544, 12.519, 12.524, 12.530, 12.544, 12.574, 12.583, 12.556, 12.520, 12.454, 12.363, 12.275, 12.207, 12.164, 12.127, 12.002, 12.000, 12.008, 11.962, 11.842, 11.573, 11.018, 9.905, 8.410, 7.200, 6.610, 6.386, 6.345, 6.443, 6.646, 6.904, 7.195, 7.502, 7.821, 8.123, 8.423, 8.697, 8.945, 9.194, 9.417, 9.627, 9.828, 10.007, 10.159, 10.319, 10.464, 10.592, 10.723, 10.826, 10.929, 11.022, 11.096, 11.189, 11.263, 11.266, 11.238, 11.201, 11.203, 11.219, 11.166, 11.114, 11.081, 11.020, 10.953, 10.852, 10.723, 10.536, 10.333, 10.271, 10.105, 10.070, 9.996, 9.897, 9.810, 9.738, 9.632, 9.536, 9.449, 9.245, 9.056, 8.914, 8.798, 8.578, 8.636, 8.388, 16.3,1000032.0,1257454.0,876383.90,63397.22,3769.10,11922.54,490.67,8108.81,158.45,509.85,35.31,581.43,23.93,1769.90,28.52,1269.14,19.42,2329.05,69.50,0.00,24.07,69.37,17.15,893.09,19.82,32007.42,202.03,0.00,145.08,0.00,16.78,42.52,3.03,126.37,3.53,38.23,1.61,0.00,4.21,93.41,1.40,131.69,1.63,19.72,1.00,121.05,1.69,12.27,1.16,0.00,52.51,42.10,10.22,0.00,310.67,66.99,10.08,0.00,551.74,23.98,3.81,0.00,33.79,17.05,1.52,22.93,4.13,0.00,147.69,0.00,63.72,203489.78,105130.08,6250.21,22527.19,927.10,17347.46,338.98,1168.25,80.91,1451.77,59.75,2132.03,34.36,1775.79,27.17,3886.01,115.96,0.00,42.97,101.39,25.07,1283.23,28.48,45762.41,288.85,0.00,184.47,0.00,21.35,53.23,3.79,157.29,4.39,50.48,2.13,0.00,5.92,102.15,1.53,155.74,1.93,25.04,1.27,163.51,2.28,14.38,1.36,0.00,70.02,45.22,10.98,0.00,354.89,85.05,12.80,0.00,660.49,28.15,4.47,0.00,36.49,18.37,1.64,25.56,4.60,0.00,168.06,0.00,72.29
87.5,87.5,1,87.500,16/03/2026 19:45:41,32.997,1157883.601, , , , , , , , , , , , , , , , , , , , , , , , , , , , , , , , , , , , , , , , , , , , , , , , , , , , , , , , , , , , , , , , , , , , , , , , , , , , , , , , , , , , , , , , , , , , , , , , , , , , , , , , , , , , , , , , , , , , , , , , , , , , , , , , , , , , , , , , , , , , , , , , , , , , , , , , , , , , , , , , , , , , , , , , , , , , , , , , , , , , , , , , , , , , , , , , , , , , , , , , , , , , , , , , , , , , , , , , , , , , , , , , , , , , , , , , , , , , , , , , , , , , , , , , , , , , , , , , , , , , , , , , , , , , , , , , , , , , , , , , , , , , , , , , , , , , , , , , , , , , , , , , , , , , , , , , , , , , , , , , , , , , , , , , , , , , , , , , , , , , , , , , , , , , , , , , , , , , , , , , , , , 
88.0,88.0,1,88.000,16/03/2026 19:46:07,31.013,,14.14, 15.22, 15.61,45.93, -2.05, 2.12,18.277, 15.068, 14.945, 14.141, 13.870, 13.584, 13.207, 13.386, 13.662, 14.099, 14.336, 14.532, 14.625, 14.747, 14.949, 15.101, 15.191, 15.266, 15.457, 15.673, 15.536, 15.296, 15.502, 15.319, 14.920, 15.193, 14.678, 14.765, 14.583, 14.396, 14.439, 14.137, 14.212, 14.015, 13.944, 14.085, 13.665, 14.213, 13.617, 14.110, 14.086, 13.801, 14.499, 14.117, 14.164, 14.774, 14.274, 14.291, 14.865, 14.411, 14.121, 14.702, 14.618, 14.002, 14.251, 14.736, 14.378, 13.926, 14.337, 14.785, 14.441, 13.962, 14.260, 14.818, 14.754, 14.197, 13.976, 14.464, 14.917, 14.738, 14.132, 13.887, 14.256, 14.727, 14.712, 14.231, 13.805, 13.863, 14.321, 14.656, 14.527, 14.050, 13.662, 13.681, 14.096, 14.554, 14.715, 14.499, 14.094, 13.813, 13.901, 14.266, 14.689, 14.915, 14.803, 14.434, 14.036, 13.783, 13.841, 14.100, 14.414, 14.598, 14.489, 13.976, 13.041, 11.903, 11.109, 10.911, 11.086, 11.371, 11.617, 11.722, 11.757, 11.717, 11.662, 11.686, 11.829, 12.121, 12.559, 13.019, 13.427, 13.729, 13.843, 13.820, 13.660, 13.445, 13.246, 13.155, 13.179, 13.339, 13.600, 13.887, 14.148, 14.340, 14.413, 14.353, 14.186, 13.911, 13.565, 13.261, 12.995, 12.836, 12.816, 12.894, 13.093, 13.325, 13.505, 13.719, 13.802, 13.770, 13.525, 13.003, 12.078, 10.580, 8.794, 7.453, 6.795, 6.576, 6.615, 6.871, 7.257, 7.749, 8.241, 8.747, 9.215, 9.612, 9.922, 10.158, 10.296, 10.376, 10.389, 10.398, 10.380, 10.378, 10.414, 10.505, 10.637, 10.838, 11.090, 11.383, 11.706, 12.028, 12.340, 12.640, 12.883, 13.043, 13.096, 13.088, 13.035, 12.960, 12.760, 12.523, 12.246, 12.008, 11.675, 11.433, 11.124, 10.773, 10.530, 10.386, 10.272, 10.288, 10.264, 10.417, 10.463, 10.572, 10.672, 10.786, 10.952, 10.894, 10.875, 10.899, 10.735, 10.623, 10.450, 10.341, 16.3,990023.0,1238569.0,872296.91,62942.00,3658.41,13830.13,507.00,12977.98,195.83,335.54,32.85,425.87,22.67,1956.13,29.36,1456.97,20.55,2037.43,66.58,79.17,7.36,58.75,17.00,754.05,18.23,30185.39,187.63,0.00,138.75,0.00,18.41,47.67,3.07,86.47,2.92,37.50,1.71,0.00,5.66,81.25,1.29,136.04,1.64,13.09,0.92,124.81,1.67,0.00,30.69,0.00,52.75,0.00,440.55,0.00,307.67,61.61,9.69,0.00,538.86,0.00,58.13,0.00,27.78,29.90,1.70,45.38,3.85,0.00,140.28,0.00,66.02,213178.36,104375.19,6066.65,26131.51,957.96,27764.25,418.95,768.84,75.27,1063.36,56.60,2356.36,35.37,2038.60,28.75,3399.44,111.09,141.33,13.14,85.87,24.85,1083.45,26.19,43157.37,268.26,0.00,176.42,0.00,23.43,59.67,3.84,107.63,3.63,49.51,2.26,0.00,7.95,88.85,1.41,160.88,1.94,16.62,1.17,168.59,2.26,0.00,35.98,0.00,70.34,0.00,473.20,0.00,351.46,78.22,12.30,0.00,645.07,0.00,68.25,0.00,30.00,32.21,1.83,50.59,4.29,0.00,159.63,0.00,74.90
88.5,88.5,1,88.500,16/03/2026 19:46:50,27.642, , , , , , , , , , , , , , , , , , , , , , , , , , , , , , , , , , , , , , , , , , , , , , , , , , , , , , , , , , , , , , , , , , , , , , , , , , , , , , , , , , , , , , , , , , , , , , , , , , , , , , , , , , , , , , , , , , , , , , , , , , , , , , , , , , , , , , , , , , , , , , , , , , , , , , , , , , , , , , , , , , , , , , , , , , , , , , , , , , , , , , , , , , , , , , , , , , , , , , , , , , , , , , , , , , , , , , , , , , , , , , , , , , , , , , , , , , , , , , , , , , , , , , , , , , , , , , , , , , , , , , , , , , , , , , , , , , , , , , , , , , , , , , , , , , , , , , , , , , , , , , , , , , , , , , , , , , , , , , , , , , , , , , , , , , , , , , , , , , , , , , , , , , , , , , , , , , , , , , , , , , , , 
89.0,89.0,1,89.000,16/03/2026 19:47:08,21.426,,15.63, 16.72, 17.39,47.91, -1.52, 1.68,20.890, 19.907, 17.895, 16.879, 16.082, 15.705, 15.220, 15.200, 15.458, 15.754, 16.002, 16.132, 16.177, 16.285, 16.422, 16.545, 16.703, 16.856, 16.914, 16.949, 16.987, 16.924, 16.851, 16.824, 16.595, 16.608, 16.377, 16.350, 16.215, 16.131, 16.061, 15.979, 15.848, 15.940, 15.578, 16.049, 15.386, 16.032, 15.643, 15.663, 16.237, 15.562, 16.159, 16.371, 15.788, 16.500, 16.582, 15.975, 16.514, 16.758, 16.080, 16.248, 16.787, 16.371, 16.003, 16.492, 16.744, 16.260, 16.137, 16.623, 16.795, 16.360, 16.195, 16.646, 16.947, 16.676, 16.296, 16.431, 16.891, 17.062, 16.656, 16.225, 16.368, 16.801, 17.015, 16.756, 16.293, 16.123, 16.402, 16.779, 16.846, 16.520, 16.117, 15.957, 16.228, 16.694, 17.057, 17.034, 16.698, 16.323, 16.181, 16.425, 16.891, 17.291, 17.415, 17.139, 16.679, 16.229, 16.013, 16.108, 16.423, 16.761, 16.843, 16.401, 15.257, 13.693, 12.439, 11.931, 11.971, 12.312, 12.748, 13.119, 13.423, 13.585, 13.607, 13.571, 13.587, 13.758, 14.150, 14.692, 15.301, 15.867, 16.286, 16.506, 16.509, 16.328, 16.047, 15.784, 15.619, 15.607, 15.785, 16.085, 16.475, 16.841, 17.153, 17.318, 17.333, 17.131, 16.762, 16.340, 15.881, 15.498, 15.236, 15.176, 15.300, 15.541, 15.681, 16.025, 16.290, 16.389, 16.232, 15.678, 14.501, 12.581, 10.374, 8.910, 8.170, 7.823, 7.716, 7.821, 8.111, 8.581, 9.115, 9.706, 10.287, 10.858, 11.332, 11.727, 12.033, 12.223, 12.344, 12.404, 12.394, 12.393, 12.388, 12.444, 12.552, 12.699, 12.969, 13.268, 13.602, 13.992, 14.390, 14.788, 15.155, 15.451, 15.589, 15.663, 15.727, 15.668, 15.504, 15.262, 15.003, 14.638, 14.310, 13.965, 13.551, 13.020, 12.625, 12.315, 12.109, 12.057, 12.050, 12.106, 12.203, 12.344, 12.498, 12.646, 12.731, 12.804, 12.974, 12.960, 12.901, 12.858, 12.579, 12.499, 16.3,980280.0,1245150.0,872251.89,57494.56,3614.20,16557.51,548.95,14608.45,209.38,353.56,33.80,487.59,23.39,3117.55,35.79,1787.03,23.11,2249.51,69.90,0.00,23.76,192.86,19.75,742.90,18.55,29429.43,183.49,0.00,135.68,0.00,16.50,23.59,2.64,87.23,2.92,8.57,1.36,0.00,3.45,94.85,1.40,199.82,2.06,18.63,1.00,133.53,1.78,13.82,1.17,0.00,53.73,0.00,455.01,0.00,313.19,0.00,526.94,92.01,10.68,0.00,54.66,0.00,25.87,24.49,1.65,30.63,4.17,0.00,151.31,0.00,71.24,214221.94,95341.84,5993.34,31284.80,1037.22,31252.37,447.93,810.14,77.45,1217.47,58.40,3755.41,43.11,2500.42,32.34,3753.29,116.63,0.00,42.42,281.88,28.87,1067.43,26.65,42076.55,262.34,0.00,172.51,0.00,21.00,29.53,3.30,108.58,3.63,11.32,1.80,0.00,4.85,103.73,1.53,236.31,2.44,23.66,1.27,180.37,2.40,16.20,1.37,0.00,71.65,0.00,488.73,0.00,357.77,0.00,668.96,110.15,12.79,0.00,64.17,0.00,27.93,26.38,1.78,34.15,4.65,0.00,172.18,0.00,80.82
89.5,89.5,1,89.500,16/03/2026 19:48:00,20.631, , , , , , , , , , , , , , , , , , , , , , , , , , , , , , , , , , , , , , , , , , , , , , , , , , , , , , , , , , , , , , , , , , , , , , , , , , , , , , , , , , , , , , , , , , , , , , , , , , , , , , , , , , , , , , , , , , , , , , , , , , , , , , , , , , , , , , , , , , , , , , , , , , , , , , , , , , , , , , , , , , , , , , , , , , , , , , , , , , , , , , , , , , , , , , , , , , , , , , , , , , , , , , , , , , , , , , , , , , , , , , , , , , , , , , , , , , , , , , , , , , , , , , , , , , , , , , , , , , , , , , , , , , , , , , , , , , , , , , , , , , , , , , , , , , , , , , , , , , , , , , , , , , , , , , , , , , , , , , , , , , , , , , , , , , , , , , , , , , , , , , , , , , , , , , , , , , , , , , , , , , , , 
90.0,90.0,1,90.000,16/03/2026 19:48:25,20.695,,9.88, 10.58, 10.79,38.86, -1.40, 2.02,10.712, 10.422, 11.186, 9.954, 9.634, 9.508, 9.271, 9.409, 9.535, 9.792, 9.918, 9.999, 10.050, 10.138, 10.287, 10.367, 10.492, 10.635, 10.744, 10.756, 10.678, 10.723, 10.744, 10.577, 10.554, 10.542, 10.360, 10.440, 10.273, 10.298, 10.217, 10.206, 10.152, 10.141, 10.096, 10.152, 10.074, 10.213, 10.138, 10.273, 10.319, 10.350, 10.518, 10.532, 10.632, 10.761, 10.750, 10.807, 10.875, 10.850, 10.834, 10.877, 10.885, 10.841, 10.853, 10.925, 10.954, 10.927, 10.979, 11.074, 11.134, 11.076, 11.126, 11.233, 11.334, 11.319, 11.217, 11.272, 11.346, 11.418, 11.385, 11.311, 11.328, 11.426, 11.498, 11.484, 11.458, 11.410, 11.444, 11.480, 11.496, 11.506, 11.504, 11.520, 11.580, 11.658, 11.769, 11.849, 11.894, 11.931, 11.966, 12.015, 12.083, 12.160, 12.226, 12.269, 12.274, 12.222, 12.151, 12.099, 12.055, 12.050, 12.003, 11.781, 11.175, 10.251, 9.471, 9.110, 9.027, 9.002, 9.055, 9.159, 9.400, 9.709, 10.032, 10.339, 10.606, 10.815, 11.033, 11.235, 11.430, 11.634, 11.820, 12.013, 12.158, 12.265, 12.366, 12.431, 12.462, 12.484, 12.516, 12.547, 12.594, 12.649, 12.691, 12.734, 12.760, 12.757, 12.697, 12.637, 12.534, 12.401, 12.281, 12.202, 12.167, 12.173, 12.132, 12.175, 12.187, 12.139, 11.968, 11.570, 10.724, 9.220, 7.454, 6.212, 5.662, 5.453, 5.422, 5.516, 5.710, 5.969, 6.270, 6.614, 6.964, 7.318, 7.659, 7.986, 8.298, 8.593, 8.874, 9.125, 9.363, 9.601, 9.816, 10.016, 10.214, 10.390, 10.575, 10.754, 10.920, 11.050, 11.191, 11.310, 11.400, 11.411, 11.319, 11.252, 11.345, 11.404, 11.339, 11.297, 11.258, 11.164, 11.021, 10.859, 10.624, 10.343, 10.083, 9.863, 9.690, 9.565, 9.526, 9.414, 9.359, 9.243, 9.127, 9.019, 8.865, 8.748, 8.570, 8.506, 8.466, 8.218, 8.087, 7.981, 16.3,977037.0,1216056.0,894244.23,45929.51,3657.25,14209.74,538.70,8642.48,166.46,326.78,34.17,527.28,24.32,3192.55,36.75,1421.10,21.39,1953.99,67.51,84.30,7.75,56.24,18.61,684.82,18.03,28092.72,179.13,0.00,141.01,0.00,16.79,21.25,2.62,79.28,2.84,30.63,1.46,0.00,5.66,110.47,1.56,201.61,2.10,21.25,1.04,120.14,1.74,10.87,1.18,0.00,55.64,0.00,471.52,0.00,327.44,0.00,547.45,0.00,574.40,0.00,56.08,0.00,26.75,9.07,1.43,15.23,4.30,0.00,159.23,14.43,1.68,174813.60,76163.79,6064.73,26848.77,1017.85,18489.16,356.11,748.77,78.30,1316.57,60.72,3845.76,44.27,1988.41,29.93,3260.22,112.64,150.49,13.84,82.20,27.20,983.98,25.91,40165.39,256.11,0.00,179.29,0.00,21.37,26.60,3.28,98.68,3.53,40.44,1.93,0.00,7.95,120.81,1.71,238.42,2.48,26.99,1.32,162.28,2.35,12.74,1.38,0.00,74.19,0.00,506.47,0.00,374.04,0.00,695.00,0.00,687.62,0.00,65.84,0.00,28.88,9.77,1.54,16.98,4.79,0.00,181.19,16.37,1.91
90.5,90.5,1,90.500,16/03/2026 19:49:00,26.849, , , , , , , , , , , , , , , , , , , , , , , , , , , , , , , , , , , , , , , , , , , , , , , , , , , , , , , , , , , , , , , , , , , , , , , , , , , , , , , , , , , , , , , , , , , , , , , , , , , , , , , , , , , , , , , , , , , , , , , , , , , , , , , , , , , , , , , , , , , , , , , , , , , , , , , , , , , , , , , , , , , , , , , , , , , , , , , , , , , , , , , , , , , , , , , , , , , , , , , , , , , , , , , , , , , , , , , , , , , , , , , , , , , , , , , , , , , , , , , , , , , , , , , , , , , , , , , , , , , , , , , , , , , , , , , , , , , , , , , , , , , , , , , , , , , , , , , , , , , , , , , , , , , , , , , , , , , , , , , , , , , , , , , , , , , , , , , , , , , , , , , , , , , , , , , , , , , , , , , , , , , , 
91.0,91.0,1,91.000,16/03/2026 19:49:26,31.344,,11.89, 12.80, 12.96,42.46, -1.90, 2.42,13.001, 13.203, 12.054, 11.447, 11.347, 11.158, 10.961, 11.022, 11.345, 11.707, 11.875, 12.030, 12.172, 12.302, 12.473, 12.625, 12.764, 12.910, 12.980, 13.028, 13.027, 13.014, 12.948, 12.864, 12.767, 12.639, 12.544, 12.445, 12.347, 12.282, 12.188, 12.114, 12.038, 11.980, 11.950, 11.926, 11.911, 11.952, 11.930, 12.042, 12.064, 12.144, 12.274, 12.301, 12.434, 12.532, 12.516, 12.594, 12.641, 12.577, 12.574, 12.619, 12.566, 12.516, 12.550, 12.570, 12.552, 12.545, 12.601, 12.654, 12.643, 12.631, 12.687, 12.765, 12.772, 12.755, 12.772, 12.800, 12.797, 12.817, 12.803, 12.809, 12.806, 12.793, 12.759, 12.757, 12.790, 12.778, 12.720, 12.632, 12.573, 12.619, 12.694, 12.732, 12.714, 12.679, 12.685, 12.775, 12.888, 12.991, 13.032, 12.988, 12.946, 12.935, 12.988, 13.085, 13.126, 13.123, 12.994, 12.827, 12.668, 12.593, 12.531, 12.345, 11.792, 10.925, 10.146, 9.691, 9.471, 9.349, 9.341, 9.444, 9.723, 10.098, 10.481, 10.824, 11.080, 11.246, 11.376, 11.491, 11.620, 11.778, 11.967, 12.172, 12.385, 12.544, 12.662, 12.717, 12.716, 12.680, 12.620, 12.573, 12.554, 12.555, 12.602, 12.668, 12.730, 12.788, 12.784, 12.737, 12.629, 12.494, 12.326, 12.190, 12.089, 12.027, 11.889, 11.898, 11.909, 11.865, 11.737, 11.397, 10.628, 9.225, 7.484, 6.207, 5.634, 5.415, 5.350, 5.402, 5.559, 5.780, 6.046, 6.345, 6.679, 7.036, 7.386, 7.734, 8.078, 8.403, 8.713, 8.999, 9.255, 9.503, 9.732, 9.913, 10.076, 10.211, 10.357, 10.461, 10.570, 10.670, 10.755, 10.842, 10.940, 10.968, 10.934, 10.896, 10.948, 10.978, 10.954, 10.911, 10.845, 10.776, 10.665, 10.554, 10.365, 10.120, 9.942, 9.711, 9.508, 9.353, 9.227, 9.168, 8.980, 8.797, 8.612, 8.555, 8.341, 8.147, 7.933, 7.748, 7.709, 7.581, 7.423, 7.497, 16.3,1013556.0,1192845.0,889266.51,62359.24,3741.26,11602.42,475.23,3675.70,114.45,437.24,33.87,571.65,23.59,891.62,23.74,1159.10,18.13,1290.13,57.70,21.81,6.26,75.96,16.59,725.60,17.68,27276.86,171.67,0.00,133.79,0.00,15.07,24.28,2.54,101.64,3.03,40.21,1.52,1.98,0.49,83.85,1.28,143.50,1.66,10.85,0.89,120.26,1.63,7.42,1.09,0.00,53.33,0.00,441.51,0.00,312.77,72.10,9.60,0.00,535.49,0.00,54.39,0.00,23.57,12.08,1.38,27.99,3.95,0.00,146.66,0.00,65.76,181458.68,103408.82,6204.04,21922.34,897.93,7863.55,244.85,1001.88,77.61,1427.36,58.90,1074.05,28.60,1621.82,25.37,2152.57,96.27,38.93,11.18,111.02,24.25,1042.57,25.40,38998.92,245.44,0.00,170.11,0.00,19.18,30.39,3.18,126.51,3.77,53.09,2.01,2.78,0.69,91.70,1.40,169.70,1.96,13.78,1.13,162.44,2.20,8.70,1.28,0.00,71.11,0.00,474.23,0.00,357.29,91.53,12.19,0.00,641.04,0.00,63.86,0.00,25.45,13.01,1.49,31.20,4.40,0.00,166.88,0.00,74.60
91.5,91.5,1,91.500,16/03/2026 19:50:09,30.217, , , , , , , , , , , , , , , , , , , , , , , , , , , , , , , , , , , , , , , , , , , , , , , , , , , , , , , , , , , , , , , , , , , , , , , , , , , , , , , , , , , , , , , , , , , , , , , , , , , , , , , , , , , , , , , , , , , , , , , , , , , , , , , , , , , , , , , , , , , , , , , , , , , , , , , , , , , , , , , , , , , , , , , , , , , , , , , , , , , , , , , , , , , , , , , , , , , , , , , , , , , , , , , , , , , , , , , , , , , , , , , , , , , , , , , , , , , , , , , , , , , , , , , , , , , , , , , , , , , , , , , , , , , , , , , , , , , , , , , , , , , , , , , , , , , , , , , , , , , , , , , , , , , , , , , , , , , , , , , , , , , , , , , , , , , , , , , , , , , , , , , , , , , , , , , , , , , , , , , , , , , , 
92.0,92.0,1,92.000,16/03/2026 19:50:26,30.284,,12.89, 13.91, 14.20,44.11, -2.22, 2.21,13.679, 13.848, 13.342, 12.574, 12.480, 11.992, 11.970, 12.086, 12.385, 12.837, 12.997, 13.208, 13.327, 13.494, 13.666, 13.808, 13.978, 14.089, 14.161, 14.212, 14.204, 14.129, 14.055, 13.948, 13.788, 13.664, 13.519, 13.379, 13.268, 13.138, 13.050, 12.920, 12.846, 12.737, 12.702, 12.637, 12.613, 12.626, 12.602, 12.694, 12.707, 12.798, 12.888, 12.940, 13.061, 13.118, 13.134, 13.194, 13.190, 13.150, 13.140, 13.117, 13.069, 13.031, 13.020, 13.011, 12.998, 12.993, 13.029, 13.050, 13.041, 13.051, 13.069, 13.124, 13.136, 13.137, 13.146, 13.133, 13.161, 13.144, 13.127, 13.096, 13.086, 13.017, 12.996, 13.004, 13.035, 13.000, 12.935, 12.848, 12.793, 12.820, 12.879, 12.893, 12.885, 12.828, 12.843, 12.902, 13.006, 13.080, 13.093, 13.073, 13.032, 13.004, 13.037, 13.094, 13.137, 13.125, 13.015, 12.878, 12.745, 12.664, 12.572, 12.370, 11.825, 10.984, 10.261, 9.855, 9.651, 9.533, 9.501, 9.561, 9.785, 10.114, 10.475, 10.807, 11.062, 11.242, 11.382, 11.505, 11.611, 11.731, 11.872, 12.021, 12.165, 12.292, 12.400, 12.464, 12.480, 12.478, 12.458, 12.428, 12.400, 12.399, 12.399, 12.415, 12.433, 12.426, 12.423, 12.364, 12.293, 12.179, 12.067, 11.977, 11.907, 11.863, 11.746, 11.733, 11.722, 11.649, 11.489, 11.125, 10.394, 9.054, 7.388, 6.153, 5.610, 5.424, 5.394, 5.480, 5.667, 5.907, 6.183, 6.472, 6.804, 7.105, 7.412, 7.713, 7.993, 8.269, 8.528, 8.788, 9.019, 9.256, 9.461, 9.673, 9.850, 9.998, 10.144, 10.280, 10.384, 10.491, 10.578, 10.652, 10.728, 10.739, 10.695, 10.656, 10.672, 10.651, 10.603, 10.522, 10.475, 10.387, 10.294, 10.163, 10.009, 9.823, 9.662, 9.482, 9.292, 9.204, 9.145, 9.022, 8.904, 8.760, 8.613, 8.446, 8.345, 8.156, 7.933, 7.787, 7.547, 7.541, 7.491, 7.238, 16.3,1011926.0,1308800.0,870978.78,63214.44,3577.50,12345.25,487.15,11219.06,178.74,322.26,31.96,737.44,23.92,3036.26,34.11,2209.46,24.62,2136.69,66.59,83.85,7.42,95.59,17.95,939.36,19.96,32082.69,195.65,0.00,144.76,0.00,15.46,51.95,3.11,92.46,3.03,34.88,1.66,0.00,5.39,92.41,1.36,128.52,1.58,10.07,0.91,116.97,1.63,0.00,29.46,0.00,51.49,0.00,437.73,0.00,302.14,0.00,509.55,0.00,531.10,22.44,3.53,0.00,27.48,28.73,1.67,20.45,3.96,0.00,143.69,0.00,61.38,213287.19,104826.98,5932.48,23325.89,920.45,24001.33,382.38,738.42,73.23,1841.32,59.73,3657.49,41.09,3091.49,34.45,3565.05,111.10,149.69,13.25,139.71,26.23,1349.71,28.68,45870.03,279.73,0.00,184.06,0.00,19.67,65.03,3.89,115.09,3.77,46.05,2.19,0.00,7.57,101.06,1.49,151.99,1.87,12.79,1.16,158.00,2.20,0.00,34.53,0.00,68.66,0.00,470.17,0.00,345.14,0.00,646.88,0.00,635.78,26.35,4.14,0.00,29.67,30.95,1.80,22.80,4.41,0.00,163.51,0.00,69.63
92.5,92.5,1,92.500,16/03/2026 19:51:10,30.752,1157883.595, , , , , , , , , , , , , , , , , , , , , , , , , , , , , , , , , , , , , , , , , , , , , , , , , , , , , , , , , , , , , , , , , , , , , , , , , , , , , , , , , , , , , , , , , , , , , , , , , , , , , , , , , , , , , , , , , , , , , , , , , , , , , , , , , , , , , , , , , , , , , , , , , , , , , , , , , , , , , , , , , , , , , , , , , , , , , , , , , , , , , , , , , , , , , , , , , , , , , , , , , , , , , , , , , , , , , , , , , , , , , , , , , , , , , , , , , , , , , , , , , , , , , , , , , , , , , , , , , , , , , , , , , , , , , , , , , , , , , , , , , , , , , , , , , , , , , , , , , , , , , , , , , , , , , , , , , , , , , , , , , , , , , , , , , , , , , , , , , , , , , , , , , , , , , , , , , , , , , , , , , , , 
93.0,93.0,1,93.000,16/03/2026 19:51:27,29.428,,12.59, 13.63, 13.81,43.70, -2.43, 2.45,12.438, 12.068, 12.702, 11.900, 11.580, 11.414, 11.613, 11.655, 11.980, 12.438, 12.648, 12.854, 13.007, 13.177, 13.382, 13.527, 13.721, 13.842, 13.895, 13.938, 13.933, 13.871, 13.762, 13.659, 13.506, 13.343, 13.219, 13.069, 12.953, 12.826, 12.720, 12.594, 12.524, 12.402, 12.384, 12.289, 12.314, 12.269, 12.308, 12.358, 12.398, 12.513, 12.569, 12.687, 12.784, 12.850, 12.912, 12.945, 12.965, 12.958, 12.915, 12.923, 12.895, 12.823, 12.827, 12.848, 12.808, 12.780, 12.847, 12.897, 12.847, 12.843, 12.923, 12.993, 12.969, 12.928, 13.029, 13.093, 13.044, 13.009, 12.995, 13.022, 12.991, 12.938, 12.874, 12.897, 12.962, 12.957, 12.866, 12.752, 12.686, 12.734, 12.836, 12.884, 12.827, 12.752, 12.750, 12.842, 12.985, 13.098, 13.109, 13.051, 12.968, 12.942, 13.019, 13.122, 13.198, 13.174, 13.031, 12.846, 12.692, 12.603, 12.542, 12.359, 11.811, 10.960, 10.189, 9.736, 9.489, 9.353, 9.329, 9.435, 9.721, 10.099, 10.494, 10.824, 11.058, 11.209, 11.320, 11.412, 11.524, 11.675, 11.869, 12.078, 12.281, 12.444, 12.557, 12.589, 12.568, 12.509, 12.443, 12.377, 12.352, 12.360, 12.401, 12.466, 12.536, 12.591, 12.583, 12.541, 12.425, 12.278, 12.109, 11.954, 11.848, 11.759, 11.609, 11.606, 11.609, 11.590, 11.468, 11.137, 10.395, 9.054, 7.390, 6.190, 5.648, 5.429, 5.362, 5.399, 5.536, 5.728, 5.962, 6.241, 6.545, 6.880, 7.210, 7.556, 7.890, 8.212, 8.507, 8.802, 9.061, 9.292, 9.501, 9.686, 9.827, 9.955, 10.053, 10.156, 10.230, 10.296, 10.345, 10.431, 10.495, 10.526, 10.515, 10.499, 10.532, 10.576, 10.527, 10.502, 10.502, 10.447, 10.335, 10.238, 10.083, 9.850, 9.660, 9.475, 9.288, 9.141, 9.013, 8.845, 8.662, 8.545, 8.348, 8.144, 7.990, 7.790, 7.649, 7.510, 7.300, 7.291, 7.074, 7.177, 16.3,986238.0,1248726.0,872135.62,73584.44,3888.91,12058.45,491.79,4166.89,122.25,451.75,35.08,426.56,23.34,891.91,24.50,1220.73,18.98,1855.91,65.53,47.52,7.21,81.90,18.97,888.93,20.10,31575.17,203.39,0.00,145.23,0.00,15.13,47.43,3.10,106.33,3.22,39.76,1.69,0.00,6.03,89.26,1.37,132.72,1.66,17.81,1.00,122.12,1.74,6.10,1.13,0.00,54.34,0.00,457.88,0.00,318.38,0.00,526.37,0.00,555.48,0.00,51.49,0.00,27.68,24.52,1.65,0.00,145.02,28.17,3.53,0.00,61.06,209079.06,122023.30,6448.89,22783.99,929.22,8914.37,261.53,1035.12,80.38,1065.08,58.28,1074.40,29.51,1708.05,26.56,3096.57,109.34,84.83,12.87,119.70,27.73,1277.25,28.88,45144.40,290.80,0.00,184.66,0.00,19.25,59.37,3.88,132.35,4.01,52.50,2.23,0.00,8.47,97.61,1.50,156.95,1.96,22.62,1.27,164.96,2.35,7.15,1.32,0.00,72.46,0.00,491.82,0.00,363.69,0.00,668.24,0.00,664.97,0.00,60.45,0.00,29.89,26.41,1.78,0.00,161.67,32.05,4.02,0.00,69.27
93.5,93.5,1,93.500,16/03/2026 19:52:10,29.232, , , , , , , , , , , , , , , , , , , , , , , , , , , , , , , , , , , , , , , , , , , , , , , , , , , , , , , , , , , , , , , , , , , , , , , , , , , , , , , , , , , , , , , , , , , , , , , , , , , , , , , , , , , , , , , , , , , , , , , , , , , , , , , , , , , , , , , , , , , , , , , , , , , , , , , , , , , , , , , , , , , , , , , , , , , , , , , , , , , , , , , , , , , , , , , , , , , , , , , , , , , , , , , , , , , , , , , , , , , , , , , , , , , , , , , , , , , , , , , , , , , , , , , , , , , , , , , , , , , , , , , , , , , , , , , , , , , , , , , , , , , , , , , , , , , , , , , , , , , , , , , , , , , , , , , , , , , , , , , , , , , , , , , , , , , , , , , , , , , , , , , , , , , , , , , , , , , , , , , , , , , , 
94.0,94.0,1,94.000,16/03/2026 19:52:36,31.481,,11.41, 12.40, 12.35,41.84, -2.62, 2.90,12.739, 11.790, 11.066, 10.435, 10.066, 10.062, 10.019, 10.349, 10.650, 11.063, 11.305, 11.529, 11.682, 11.863, 12.105, 12.264, 12.440, 12.596, 12.668, 12.709, 12.681, 12.630, 12.567, 12.424, 12.283, 12.174, 11.989, 11.875, 11.767, 11.618, 11.552, 11.404, 11.357, 11.231, 11.218, 11.158, 11.113, 11.185, 11.096, 11.282, 11.235, 11.374, 11.513, 11.495, 11.749, 11.766, 11.772, 11.975, 11.909, 11.868, 11.984, 11.926, 11.841, 11.895, 11.900, 11.840, 11.837, 11.878, 11.908, 11.907, 11.883, 11.891, 11.963, 12.017, 12.013, 12.032, 12.091, 12.116, 12.120, 12.078, 12.113, 12.177, 12.193, 12.088, 12.019, 12.059, 12.161, 12.156, 12.038, 11.862, 11.754, 11.837, 11.962, 12.001, 11.922, 11.860, 11.882, 12.012, 12.171, 12.270, 12.268, 12.207, 12.155, 12.165, 12.252, 12.351, 12.366, 12.258, 12.064, 11.840, 11.667, 11.565, 11.434, 11.045, 10.137, 8.891, 7.938, 7.441, 7.219, 7.129, 7.136, 7.248, 7.525, 7.918, 8.370, 8.792, 9.170, 9.479, 9.720, 9.933, 10.137, 10.340, 10.558, 10.793, 11.025, 11.235, 11.404, 11.516, 11.569, 11.569, 11.520, 11.458, 11.406, 11.375, 11.373, 11.413, 11.479, 11.535, 11.546, 11.494, 11.383, 11.203, 10.992, 10.787, 10.622, 10.497, 10.310, 10.258, 10.212, 10.125, 9.936, 9.448, 8.452, 6.849, 5.206, 4.271, 3.926, 3.788, 3.704, 3.672, 3.699, 3.759, 3.868, 4.054, 4.285, 4.563, 4.883, 5.245, 5.618, 5.976, 6.343, 6.679, 6.995, 7.275, 7.516, 7.724, 7.890, 8.011, 8.112, 8.195, 8.265, 8.325, 8.382, 8.460, 8.541, 8.600, 8.638, 8.674, 8.734, 8.786, 8.772, 8.743, 8.711, 8.626, 8.497, 8.377, 8.160, 7.879, 7.626, 7.363, 7.126, 6.872, 6.678, 6.437, 6.239, 6.036, 5.802, 5.629, 5.492, 5.353, 5.225, 5.071, 5.032, 5.020, 5.038, 5.101, 16.3,1038923.0,1286172.0,888724.29,56052.23,3633.96,12078.23,472.49,3930.32,115.52,457.09,33.52,396.52,22.03,496.35,21.43,960.66,16.90,1349.05,57.33,75.97,6.82,129.63,17.79,1061.22,20.87,33604.24,206.78,0.00,147.81,0.00,17.87,34.68,2.85,87.51,2.87,58.71,1.81,3.40,0.53,74.39,1.23,124.23,1.56,12.74,0.91,110.86,1.60,0.00,30.15,0.00,52.17,87.19,10.04,37.31,6.77,0.00,509.13,0.00,533.14,0.00,41.63,0.00,20.44,17.26,1.54,35.91,3.95,0.00,139.67,0.00,63.98,181129.13,92950.06,6026.11,22821.36,892.75,8408.27,247.14,1047.36,76.81,990.07,55.01,597.91,25.81,1344.16,23.65,2250.88,95.65,135.62,12.17,189.46,26.00,1524.80,29.99,48045.45,295.64,0.00,187.94,0.00,22.74,43.41,3.57,108.92,3.57,77.52,2.39,4.78,0.74,81.35,1.35,146.91,1.84,16.18,1.16,149.75,2.16,0.00,35.34,0.00,69.57,93.65,10.78,42.62,7.73,0.00,646.35,0.00,638.22,0.00,48.88,0.00,22.07,18.59,1.66,40.03,4.40,0.00,158.93,0.00,72.58
94.5,94.5,1,94.500,16/03/2026 19:53:28,32.344, , , , , , , , , , , , , , , , , , , , , , , , , , , , , , , , , , , , , , , , , , , , , , , , , , , , , , , , , , , , , , , , , , , , , , , , , , , , , , , , , , , , , , , , , , , , , , , , , , , , , , , , , , , , , , , , , , , , , , , , , , , , , , , , , , , , , , , , , , , , , , , , , , , , , , , , , , , , , , , , , , , , , , , , , , , , , , , , , , , , , , , , , , , , , , , , , , , , , , , , , , , , , , , , , , , , , , , , , , , , , , , , , , , , , , , , , , , , , , , , , , , , , , , , , , , , , , , , , , , , , , , , , , , , , , , , , , , , , , , , , , , , , , , , , , , , , , , , , , , , , , , , , , , , , , , , , , , , , , , , , , , , , , , , , , , , , , , , , , , , , , , , , , , , , , , , , , , , , , , , , , , , 
95.0,95.0,1,95.000,16/03/2026 19:53:45,31.087,,14.63, 15.81, 16.28,46.72, -2.36, 1.99,18.054, 16.731, 16.332, 15.289, 14.333, 14.140, 13.768, 14.018, 14.275, 14.641, 14.922, 15.126, 15.297, 15.461, 15.628, 15.776, 15.922, 16.066, 16.146, 16.176, 16.104, 16.011, 15.947, 15.812, 15.637, 15.447, 15.314, 15.151, 14.984, 14.928, 14.691, 14.705, 14.450, 14.505, 14.306, 14.371, 14.248, 14.279, 14.317, 14.302, 14.459, 14.486, 14.589, 14.743, 14.812, 14.892, 15.005, 15.035, 15.018, 15.077, 15.069, 14.985, 15.011, 15.029, 14.929, 14.910, 14.998, 15.001, 14.950, 14.984, 15.061, 15.067, 15.057, 15.093, 15.211, 15.194, 15.096, 15.120, 15.173, 15.150, 15.128, 15.109, 15.125, 15.129, 15.074, 15.007, 15.021, 15.054, 15.064, 14.961, 14.824, 14.775, 14.876, 15.037, 15.124, 15.090, 14.985, 14.933, 15.013, 15.188, 15.371, 15.438, 15.376, 15.227, 15.125, 15.134, 15.240, 15.376, 15.416, 15.314, 15.103, 14.872, 14.639, 14.383, 13.912, 13.249, 12.697, 12.413, 12.203, 11.971, 11.774, 11.682, 11.826, 12.202, 12.702, 13.226, 13.662, 13.951, 14.076, 14.106, 14.055, 14.017, 14.044, 14.171, 14.375, 14.661, 14.958, 15.190, 15.336, 15.354, 15.269, 15.121, 14.926, 14.772, 14.665, 14.627, 14.699, 14.813, 14.942, 15.074, 15.155, 15.152, 15.077, 14.946, 14.775, 14.593, 14.235, 14.057, 13.934, 13.813, 13.654, 13.352, 12.713, 11.490, 9.961, 8.881, 8.468, 8.326, 8.276, 8.281, 8.341, 8.423, 8.539, 8.685, 8.871, 9.102, 9.384, 9.725, 10.093, 10.483, 10.904, 11.318, 11.732, 12.095, 12.420, 12.667, 12.892, 12.995, 13.090, 13.137, 13.103, 13.056, 12.999, 12.996, 12.959, 12.924, 12.875, 12.850, 12.920, 13.015, 13.058, 13.157, 13.253, 13.353, 13.427, 13.453, 13.394, 13.251, 13.081, 12.904, 12.693, 12.580, 12.335, 12.073, 11.803, 11.528, 11.241, 10.963, 10.643, 10.492, 10.219, 10.032, 9.986, 9.765, 9.841, 9.985, 16.3,984316.0,1334573.0,847981.11,51247.33,3433.22,23078.87,604.71,29826.28,305.31,674.63,38.15,458.53,23.17,3832.28,39.67,2839.62,29.62,2321.67,71.04,84.65,7.81,0.00,68.93,1142.85,22.54,35903.11,215.72,0.00,152.38,0.00,17.14,19.68,2.66,89.98,3.00,35.43,1.77,0.00,4.83,87.10,1.37,158.01,1.82,18.88,1.02,133.35,1.79,3.83,1.13,0.00,52.68,0.00,448.55,0.00,314.82,0.00,529.29,0.00,560.62,0.00,43.54,0.00,30.16,29.53,1.80,33.28,4.33,0.00,149.54,0.00,64.21,261419.78,84982.21,5693.23,43606.66,1142.58,63808.40,653.16,1545.82,87.42,1144.91,57.85,4616.38,47.79,3973.21,41.44,3873.69,118.53,151.12,13.94,0.00,100.75,1642.09,32.39,51332.25,308.42,0.00,193.75,0.00,21.81,24.63,3.33,112.00,3.73,46.78,2.34,0.00,6.79,95.25,1.50,186.86,2.15,23.98,1.30,180.13,2.42,4.49,1.32,0.00,70.25,0.00,481.79,0.00,359.63,0.00,671.94,0.00,671.12,0.00,51.12,0.00,32.57,31.81,1.94,37.10,4.83,0.00,170.16,0.00,72.84
95.5,95.5,1,95.500,16/03/2026 19:54:28,26.585, , , , , , , , , , , , , , , , , , , , , , , , , , , , , , , , , , , , , , , , , , , , , , , , , , , , , , , , , , , , , , , , , , , , , , , , , , , , , , , , , , , , , , , , , , , , , , , , , , , , , , , , , , , , , , , , , , , , , , , , , , , , , , , , , , , , , , , , , , , , , , , , , , , , , , , , , , , , , , , , , , , , , , , , , , , , , , , , , , , , , , , , , , , , , , , , , , , , , , , , , , , , , , , , , , , , , , , , , , , , , , , , , , , , , , , , , , , , , , , , , , , , , , , , , , , , , , , , , , , , , , , , , , , , , , , , , , , , , , , , , , , , , , , , , , , , , , , , , , , , , , , , , , , , , , , , , , , , , , , , , , , , , , , , , , , , , , , , , , , , , , , , , , , , , , , , , , , , , , , , , , , , 
96.0,96.0,1,96.000,16/03/2026 19:54:46,19.972,,12.53, 13.50, 13.54,43.50, -2.02, 2.76,13.108, 12.838, 12.672, 12.109, 11.691, 11.421, 11.328, 11.420, 11.762, 12.212, 12.409, 12.623, 12.729, 12.891, 13.069, 13.250, 13.468, 13.626, 13.675, 13.707, 13.743, 13.748, 13.658, 13.564, 13.471, 13.343, 13.256, 13.108, 13.070, 12.933, 12.881, 12.799, 12.720, 12.671, 12.643, 12.589, 12.636, 12.567, 12.704, 12.648, 12.809, 12.866, 12.915, 13.110, 13.129, 13.228, 13.337, 13.308, 13.355, 13.401, 13.331, 13.334, 13.374, 13.321, 13.284, 13.338, 13.367, 13.336, 13.366, 13.429, 13.483, 13.459, 13.495, 13.553, 13.637, 13.635, 13.565, 13.551, 13.609, 13.638, 13.634, 13.578, 13.524, 13.530, 13.587, 13.607, 13.608, 13.548, 13.495, 13.492, 13.492, 13.533, 13.577, 13.566, 13.559, 13.557, 13.613, 13.720, 13.824, 13.877, 13.868, 13.829, 13.808, 13.841, 13.941, 14.046, 14.098, 14.054, 13.905, 13.741, 13.625, 13.617, 13.634, 13.537, 13.098, 12.297, 11.510, 11.025, 10.799, 10.690, 10.738, 10.921, 11.255, 11.650, 12.001, 12.263, 12.397, 12.474, 12.549, 12.650, 12.834, 13.074, 13.346, 13.594, 13.782, 13.892, 13.914, 13.867, 13.767, 13.685, 13.639, 13.652, 13.724, 13.838, 13.974, 14.104, 14.184, 14.187, 14.123, 13.981, 13.807, 13.588, 13.420, 13.307, 13.258, 13.282, 13.248, 13.362, 13.469, 13.504, 13.405, 13.092, 12.342, 10.913, 9.031, 7.573, 6.865, 6.565, 6.488, 6.588, 6.819, 7.151, 7.542, 7.970, 8.406, 8.840, 9.241, 9.599, 9.926, 10.203, 10.461, 10.677, 10.858, 11.020, 11.173, 11.330, 11.474, 11.629, 11.790, 11.954, 12.123, 12.286, 12.443, 12.634, 12.769, 12.840, 12.835, 12.812, 12.855, 12.884, 12.817, 12.714, 12.650, 12.501, 12.339, 12.142, 11.960, 11.710, 11.505, 11.304, 11.126, 11.069, 10.997, 10.929, 10.887, 10.783, 10.721, 10.642, 10.501, 10.417, 10.289, 10.148, 10.127, 9.766, 9.729, 9.624, 16.3,984882.0,1310190.0,837657.93,62278.52,3542.34,22080.10,610.03,31940.84,319.57,593.73,37.50,351.67,22.67,6157.26,52.19,2390.70,27.97,2692.52,75.92,94.99,8.39,0.00,78.15,743.13,18.92,32265.25,196.99,0.00,141.91,0.00,16.05,14.99,2.52,102.46,3.24,30.40,1.61,0.00,4.59,128.40,1.66,172.77,1.90,13.92,1.03,138.42,1.82,0.00,31.08,0.00,52.75,0.00,456.46,0.00,318.66,86.25,9.94,0.00,549.42,17.73,3.64,0.00,34.13,25.16,1.67,0.00,144.06,22.88,3.52,0.00,69.23,279107.42,103274.96,5874.18,41719.52,1152.63,68332.15,683.67,1360.45,85.93,878.09,56.60,7417.06,62.87,3345.08,39.14,4492.45,126.67,169.57,14.98,0.00,114.22,1067.76,27.19,46131.04,281.65,0.00,180.44,0.00,20.43,18.76,3.15,127.53,4.03,40.14,2.13,0.00,6.45,140.42,1.82,204.32,2.25,17.68,1.31,186.97,2.46,0.00,36.43,0.00,70.34,0.00,490.29,0.00,364.01,109.50,12.62,0.00,657.71,20.82,4.27,0.00,36.85,27.10,1.80,0.00,160.60,26.04,4.01,0.00,78.54
96.5,96.5,1,96.500,16/03/2026 19:55:29,19.050, , , , , , , , , , , , , , , , , , , , , , , , , , , , , , , , , , , , , , , , , , , , , , , , , , , , , , , , , , , , , , , , , , , , , , , , , , , , , , , , , , , , , , , , , , , , , , , , , , , , , , , , , , , , , , , , , , , , , , , , , , , , , , , , , , , , , , , , , , , , , , , , , , , , , , , , , , , , , , , , , , , , , , , , , , , , , , , , , , , , , , , , , , , , , , , , , , , , , , , , , , , , , , , , , , , , , , , , , , , , , , , , , , , , , , , , , , , , , , , , , , , , , , , , , , , , , , , , , , , , , , , , , , , , , , , , , , , , , , , , , , , , , , , , , , , , , , , , , , , , , , , , , , , , , , , , , , , , , , , , , , , , , , , , , , , , , , , , , , , , , , , , , , , , , , , , , , , , , , , , , , , , 
97.0,97.0,1,97.000,16/03/2026 19:55:55,24.804,,12.23, 13.02, 13.58,42.79, -1.00, 1.43,18.706, 15.473, 14.837, 13.506, 12.930, 12.465, 12.078, 12.104, 12.148, 12.378, 12.443, 12.541, 12.588, 12.689, 12.757, 12.848, 12.948, 13.053, 13.102, 13.155, 13.171, 13.172, 13.123, 13.055, 12.988, 12.960, 12.895, 12.796, 12.820, 12.765, 12.721, 12.732, 12.649, 12.685, 12.652, 12.691, 12.685, 12.742, 12.760, 12.860, 12.911, 13.020, 13.099, 13.197, 13.312, 13.363, 13.443, 13.494, 13.497, 13.564, 13.539, 13.524, 13.612, 13.584, 13.524, 13.643, 13.699, 13.630, 13.686, 13.840, 13.857, 13.791, 13.880, 13.989, 14.014, 14.004, 13.984, 14.018, 13.999, 14.018, 14.066, 14.071, 13.961, 13.911, 14.030, 14.170, 14.166, 14.014, 13.923, 13.984, 14.144, 14.192, 14.103, 14.004, 14.018, 14.175, 14.361, 14.400, 14.373, 14.337, 14.384, 14.513, 14.631, 14.678, 14.633, 14.591, 14.595, 14.658, 14.703, 14.670, 14.567, 14.440, 14.288, 14.081, 13.652, 12.955, 12.305, 11.930, 11.723, 11.513, 11.413, 11.486, 11.814, 12.295, 12.785, 13.175, 13.374, 13.426, 13.415, 13.426, 13.538, 13.772, 14.093, 14.445, 14.761, 14.935, 14.988, 14.914, 14.753, 14.593, 14.498, 14.498, 14.618, 14.809, 15.008, 15.173, 15.266, 15.256, 15.153, 14.950, 14.699, 14.447, 14.271, 14.209, 14.232, 14.348, 14.401, 14.571, 14.671, 14.670, 14.504, 14.069, 13.180, 11.635, 9.732, 8.333, 7.693, 7.504, 7.538, 7.742, 8.072, 8.454, 8.863, 9.240, 9.601, 9.904, 10.176, 10.407, 10.623, 10.811, 11.010, 11.234, 11.502, 11.802, 12.117, 12.433, 12.765, 13.062, 13.319, 13.544, 13.720, 13.818, 13.870, 13.908, 13.869, 13.764, 13.569, 13.352, 13.320, 13.342, 13.242, 13.218, 13.238, 13.225, 13.235, 13.199, 13.174, 13.066, 12.954, 12.833, 12.677, 12.602, 12.513, 12.380, 12.163, 11.943, 11.732, 11.481, 11.210, 10.866, 10.584, 10.400, 10.254, 10.020, 9.954, 9.822, 16.3,1027193.0,1286374.0,866955.80,48142.80,3345.36,20091.52,570.02,25724.19,273.59,590.88,35.81,531.86,22.78,4701.40,42.69,2248.86,25.62,2519.49,71.61,120.74,8.24,75.16,18.49,859.49,19.31,26820.56,160.30,0.00,125.54,0.00,14.03,11.87,2.29,78.88,2.72,17.50,1.32,2.85,0.51,89.38,1.30,199.39,1.97,21.24,0.97,122.19,1.65,0.00,30.24,0.00,52.85,0.00,447.93,0.00,311.64,29.83,9.62,0.00,545.38,0.00,56.64,0.00,29.80,18.20,1.48,25.94,3.97,0.00,148.17,0.00,65.49,229183.49,79834.04,5547.53,37962.18,1077.03,55032.66,585.30,1353.92,82.05,1328.00,56.88,5663.33,51.42,3146.62,35.85,4203.75,119.48,215.54,14.71,109.85,27.02,1234.95,27.75,38346.53,229.19,0.00,159.62,0.00,17.85,14.86,2.87,98.18,3.39,23.11,1.74,4.00,0.72,97.75,1.42,235.80,2.33,26.97,1.23,165.05,2.23,0.00,35.45,0.00,70.47,0.00,481.13,0.00,356.00,37.87,12.21,0.00,652.88,0.00,66.50,0.00,32.18,19.61,1.59,28.92,4.43,0.00,168.60,0.00,74.29
97.5,97.5,1,97.500,16/03/2026 19:56:29,29.227,1157883.467, , , , , , , , , , , , , , , , , , , , , , , , , , , , , , , , , , , , , , , , , , , , , , , , , , , , , , , , , , , , , , , , , , , , , , , , , , , , , , , , , , , , , , , , , , , , , , , , , , , , , , , , , , , , , , , , , , , , , , , , , , , , , , , , , , , , , , , , , , , , , , , , , , , , , , , , , , , , , , , , , , , , , , , , , , , , , , , , , , , , , , , , , , , , , , , , , , , , , , , , , , , , , , , , , , , , , , , , , , , , , , , , , , , , , , , , , , , , , , , , , , , , , , , , , , , , , , , , , , , , , , , , , , , , , , , , , , , , , , , , , , , , , , , , , , , , , , , , , , , , , , , , , , , , , , , , , , , , , , , , , , , , , , , , , , , , , , , , , , , , , , , , , , , , , , , , , , , , , , , , , , , 
98.0,98.0,1,98.000,16/03/2026 19:56:55,27.049,,14.42, 15.45, 16.11,46.25, -1.66, 1.55,18.879, 18.324, 17.156, 15.637, 14.706, 14.373, 14.180, 14.158, 14.343, 14.567, 14.764, 14.921, 15.004, 15.137, 15.260, 15.384, 15.522, 15.599, 15.631, 15.656, 15.711, 15.723, 15.543, 15.402, 15.437, 15.284, 15.017, 15.020, 14.930, 14.746, 14.739, 14.587, 14.550, 14.410, 14.480, 14.294, 14.437, 14.278, 14.412, 14.418, 14.425, 14.655, 14.510, 14.824, 14.813, 14.794, 15.088, 14.875, 14.924, 15.149, 14.812, 14.874, 15.142, 14.794, 14.707, 15.086, 14.962, 14.668, 14.936, 15.198, 14.932, 14.760, 15.097, 15.314, 15.076, 14.868, 15.028, 15.292, 15.110, 14.821, 14.913, 15.216, 15.236, 14.957, 14.756, 14.891, 15.153, 15.132, 14.896, 14.657, 14.645, 14.867, 15.044, 15.046, 14.902, 14.766, 14.778, 14.932, 15.143, 15.290, 15.275, 15.129, 14.962, 14.901, 15.045, 15.289, 15.484, 15.460, 15.212, 14.859, 14.584, 14.527, 14.673, 14.809, 14.615, 13.930, 13.098, 12.421, 11.998, 11.814, 11.954, 12.333, 12.871, 13.346, 13.660, 13.721, 13.596, 13.449, 13.404, 13.558, 13.888, 14.342, 14.800, 15.122, 15.270, 15.177, 14.965, 14.686, 14.448, 14.346, 14.417, 14.649, 14.986, 15.310, 15.552, 15.657, 15.601, 15.360, 15.047, 14.689, 14.365, 14.159, 14.123, 14.203, 14.446, 14.750, 14.834, 15.027, 15.088, 15.014, 14.683, 14.133, 13.218, 11.741, 9.961, 8.649, 8.122, 8.046, 8.233, 8.576, 8.995, 9.449, 9.876, 10.226, 10.493, 10.712, 10.849, 10.934, 11.001, 11.066, 11.179, 11.326, 11.524, 11.789, 12.075, 12.429, 12.764, 13.094, 13.405, 13.664, 13.873, 14.025, 14.104, 14.158, 14.164, 14.046, 13.906, 13.695, 13.587, 13.493, 13.330, 13.213, 13.172, 13.102, 13.057, 13.041, 13.023, 12.935, 12.958, 12.934, 12.926, 12.954, 13.018, 13.103, 13.048, 13.033, 12.843, 12.742, 12.522, 12.364, 12.126, 11.943, 11.676, 11.451, 11.236, 10.904, 16.3,973315.0,1307307.0,838128.36,64554.32,3626.74,21426.68,603.21,29248.23,306.76,619.04,38.13,582.35,24.46,4732.26,45.14,2624.04,28.92,2847.71,77.64,112.27,8.61,144.91,21.52,912.37,20.88,33350.47,206.37,0.00,149.73,0.00,16.30,32.98,2.91,108.36,3.29,34.53,1.56,0.00,6.04,102.20,1.49,167.37,1.89,11.76,0.99,136.05,1.83,6.61,1.15,0.00,53.92,0.00,451.55,0.00,313.51,57.94,10.08,45.80,10.75,0.00,51.75,0.00,31.67,13.43,1.52,0.00,142.48,0.00,158.34,0.00,72.93,277388.04,107048.87,6014.14,40484.91,1139.74,62571.76,656.26,1418.45,87.37,1454.07,61.07,5700.50,54.38,3671.57,40.47,4751.39,129.54,200.42,15.37,211.79,31.45,1310.93,30.00,47682.63,295.06,0.00,190.38,0.00,20.74,41.28,3.64,134.88,4.10,45.59,2.06,0.00,8.49,111.77,1.63,197.93,2.24,14.93,1.26,183.77,2.47,7.75,1.35,0.00,71.90,0.00,485.02,0.00,358.13,73.56,12.80,54.83,12.87,0.00,60.76,0.00,34.20,14.47,1.64,0.00,158.84,0.00,180.18,0.00,82.73
98.5,98.5,1,98.500,16/03/2026 19:57:38,27.905, , , , , , , , , , , , , , , , , , , , , , , , , , , , , , , , , , , , , , , , , , , , , , , , , , , , , , , , , , , , , , , , , , , , , , , , , , , , , , , , , , , , , , , , , , , , , , , , , , , , , , , , , , , , , , , , , , , , , , , , , , , , , , , , , , , , , , , , , , , , , , , , , , , , , , , , , , , , , , , , , , , , , , , , , , , , , , , , , , , , , , , , , , , , , , , , , , , , , , , , , , , , , , , , , , , , , , , , , , , , , , , , , , , , , , , , , , , , , , , , , , , , , , , , , , , , , , , , , , , , , , , , , , , , , , , , , , , , , , , , , , , , , , , , , , , , , , , , , , , , , , , , , , , , , , , , , , , , , , , , , , , , , , , , , , , , , , , , , , , , , , , , , , , , , , , , , , , , , , , , , , , , 
99.0,99.0,1,99.000,16/03/2026 19:57:56,26.384,,13.42, 14.43, 14.75,44.84, -1.86, 2.19,16.207, 14.178, 14.795, 13.670, 13.173, 12.537, 12.698, 12.688, 12.936, 13.338, 13.503, 13.712, 13.831, 13.947, 14.090, 14.232, 14.415, 14.562, 14.653, 14.723, 14.663, 14.577, 14.549, 14.557, 14.365, 14.142, 14.217, 14.015, 13.840, 13.959, 13.649, 13.736, 13.562, 13.507, 13.517, 13.411, 13.467, 13.431, 13.435, 13.571, 13.493, 13.757, 13.649, 13.889, 13.939, 13.946, 14.139, 14.054, 14.076, 14.188, 14.042, 14.036, 14.161, 14.023, 13.933, 14.108, 14.098, 13.932, 14.051, 14.232, 14.116, 13.994, 14.207, 14.357, 14.205, 14.099, 14.133, 14.346, 14.187, 13.982, 14.102, 14.298, 14.252, 13.940, 13.854, 14.099, 14.324, 14.192, 13.859, 13.712, 13.908, 14.183, 14.215, 13.957, 13.721, 13.771, 14.092, 14.389, 14.401, 14.164, 13.941, 13.930, 14.159, 14.428, 14.550, 14.439, 14.189, 13.971, 13.917, 14.022, 14.166, 14.202, 14.060, 13.674, 12.974, 12.115, 11.504, 11.335, 11.351, 11.326, 11.235, 11.132, 11.171, 11.380, 11.754, 12.190, 12.611, 12.920, 13.102, 13.154, 13.115, 13.058, 13.085, 13.189, 13.405, 13.655, 13.929, 14.117, 14.201, 14.160, 14.023, 13.842, 13.678, 13.579, 13.556, 13.603, 13.734, 13.883, 14.018, 14.082, 14.046, 13.933, 13.752, 13.547, 13.360, 13.209, 13.049, 13.016, 13.031, 13.061, 13.020, 12.829, 12.236, 11.017, 9.351, 8.092, 7.468, 7.190, 7.047, 7.058, 7.169, 7.353, 7.611, 7.929, 8.302, 8.679, 9.088, 9.486, 9.859, 10.192, 10.506, 10.768, 11.009, 11.186, 11.358, 11.512, 11.605, 11.696, 11.761, 11.834, 11.931, 12.026, 12.133, 12.253, 12.368, 12.455, 12.495, 12.515, 12.596, 12.636, 12.613, 12.609, 12.559, 12.473, 12.345, 12.176, 11.990, 11.707, 11.467, 11.262, 11.089, 10.936, 10.763, 10.670, 10.496, 10.464, 10.357, 10.302, 10.173, 10.140, 10.135, 10.050, 9.840, 9.747, 9.907, 9.673, 16.3,976767.0,1233970.0,864558.49,67298.80,3773.85,14164.70,524.68,13715.25,204.26,490.95,35.78,735.06,25.22,2830.85,34.56,1994.65,24.49,2561.93,73.39,28.10,7.23,0.00,72.37,844.01,19.68,30089.85,190.94,0.00,138.90,0.00,16.93,25.63,2.71,97.41,3.14,38.97,1.52,0.00,5.76,88.27,1.37,161.21,1.83,11.06,0.94,123.85,1.73,10.13,1.15,0.00,54.34,68.97,9.91,36.70,6.66,0.00,524.66,0.00,557.35,18.06,3.49,0.00,26.06,7.09,1.37,0.00,142.86,0.00,156.25,0.00,72.66,226254.69,111599.97,6258.08,26763.67,991.36,29341.51,436.98,1124.95,81.99,1835.37,62.97,3410.05,41.63,2790.93,34.27,4274.56,122.45,50.16,12.91,0.00,105.77,1212.71,28.28,43020.78,273.00,0.00,176.61,0.00,21.55,32.08,3.39,121.25,3.91,51.45,2.01,0.00,8.09,96.53,1.50,190.65,2.16,14.05,1.19,167.29,2.34,11.87,1.35,0.00,72.46,74.08,10.64,41.92,7.61,0.00,666.07,0.00,667.20,21.20,4.10,0.00,28.14,7.64,1.48,0.00,159.27,0.00,177.80,0.00,82.43
99.5,99.5,1,99.500,16/03/2026 19:58:48,27.442, , , , , , , , , , , , , , , , , , , , , , , , , , , , , , , , , , , , , , , , , , , , , , , , , , , , , , , , , , , , , , , , , , , , , , , , , , , , , , , , , , , , , , , , , , , , , , , , , , , , , , , , , , , , , , , , , , , , , , , , , , , , , , , , , , , , , , , , , , , , , , , , , , , , , , , , , , , , , , , , , , , , , , , , , , , , , , , , , , , , , , , , , , , , , , , , , , , , , , , , , , , , , , , , , , , , , , , , , , , , , , , , , , , , , , , , , , , , , , , , , , , , , , , , , , , , , , , , , , , , , , , , , , , , , , , , , , , , , , , , , , , , , , , , , , , , , , , , , , , , , , , , , , , , , , , , , , , , , , , , , , , , , , , , , , , , , , , , , , , , , , , , , , , , , , , , , , , , , , , , , , , , 
100.0,100.0,1,100.000,16/03/2026 19:59:05,28.762,,15.29, 16.42, 17.02,47.52, -1.84, 1.77,21.106, 18.796, 17.815, 16.213, 15.879, 15.268, 14.855, 14.918, 15.047, 15.382, 15.580, 15.784, 15.901, 16.021, 16.194, 16.341, 16.495, 16.618, 16.673, 16.684, 16.668, 16.643, 16.549, 16.379, 16.294, 16.260, 15.977, 15.840, 16.004, 15.518, 15.755, 15.491, 15.364, 15.503, 15.139, 15.473, 15.075, 15.410, 15.209, 15.317, 15.563, 15.233, 15.892, 15.439, 15.863, 16.029, 15.646, 16.179, 16.035, 15.755, 16.184, 16.028, 15.722, 16.095, 16.072, 15.695, 15.954, 16.212, 15.868, 15.782, 16.222, 16.221, 15.831, 15.939, 16.418, 16.330, 15.887, 15.888, 16.374, 16.462, 16.015, 15.762, 16.045, 16.363, 16.175, 15.781, 15.753, 16.066, 16.258, 16.009, 15.607, 15.557, 15.890, 16.163, 16.112, 15.800, 15.589, 15.749, 16.129, 16.390, 16.333, 16.024, 15.770, 15.817, 16.110, 16.401, 16.475, 16.261, 15.880, 15.565, 15.534, 15.718, 15.889, 15.774, 15.124, 14.042, 13.090, 12.597, 12.503, 12.592, 12.752, 12.915, 13.101, 13.291, 13.487, 13.707, 13.967, 14.270, 14.561, 14.801, 14.949, 15.022, 15.073, 15.116, 15.176, 15.280, 15.456, 15.627, 15.781, 15.835, 15.806, 15.706, 15.571, 15.465, 15.403, 15.407, 15.477, 15.567, 15.667, 15.753, 15.728, 15.653, 15.492, 15.277, 15.061, 14.908, 14.684, 14.653, 14.668, 14.699, 14.657, 14.445, 13.844, 12.589, 10.933, 9.695, 9.131, 8.795, 8.608, 8.531, 8.564, 8.726, 8.973, 9.319, 9.740, 10.169, 10.628, 11.073, 11.466, 11.838, 12.176, 12.464, 12.652, 12.814, 12.910, 12.983, 13.036, 13.088, 13.165, 13.251, 13.370, 13.533, 13.708, 13.880, 14.086, 14.241, 14.308, 14.388, 14.458, 14.480, 14.456, 14.373, 14.279, 14.135, 13.990, 13.789, 13.549, 13.253, 12.975, 12.804, 12.610, 12.510, 12.416, 12.354, 12.301, 12.205, 12.192, 12.159, 12.212, 12.132, 12.037, 11.974, 11.976, 11.808, 11.870, 11.763, 16.3,1015041.0,1240519.0,871255.57,62821.73,3605.56,13349.75,496.23,15202.34,209.51,380.17,33.05,442.08,22.41,2208.40,30.24,1804.87,22.23,2371.38,69.29,0.00,22.50,84.78,16.35,903.84,19.57,28488.78,175.18,0.00,132.28,0.00,14.19,32.07,2.70,88.86,2.86,34.16,1.53,1.67,0.47,73.44,1.20,140.34,1.63,17.88,0.93,132.09,1.68,11.08,1.11,0.00,53.86,0.00,439.63,0.00,306.28,49.75,9.44,34.76,10.05,0.00,51.59,0.00,28.43,17.72,1.48,52.53,3.81,0.00,139.16,0.00,65.23,216034.97,104175.75,5979.01,25223.85,937.61,32522.90,448.21,871.11,75.73,1103.83,55.96,2660.25,36.43,2525.39,31.10,3956.63,115.61,0.00,40.17,123.91,23.90,1298.67,28.12,40731.66,250.46,0.00,168.19,0.00,18.06,40.14,3.38,110.61,3.56,45.10,2.02,2.35,0.66,80.31,1.31,165.97,1.93,22.71,1.18,178.42,2.27,12.99,1.30,0.00,71.82,0.00,472.21,0.00,349.87,63.16,11.98,41.61,12.03,0.00,60.57,0.00,30.70,19.09,1.59,58.56,4.25,0.00,158.35,0.00,74.00
100.5,100.5,1,100.500,16/03/2026 19:59:48,28.964, , , , , , , , , , , , , , , , , , , , , , , , , , , , , , , , , , , , , , , , , , , , , , , , , , , , , , , , , , , , , , , , , , , , , , , , , , , , , , , , , , , , , , , , , , , , , , , , , , , , , , , , , , , , , , , , , , , , , , , , , , , , , , , , , , , , , , , , , , , , , , , , , , , , , , , , , , , , , , , , , , , , , , , , , , , , , , , , , , , , , , , , , , , , , , , , , , , , , , , , , , , , , , , , , , , , , , , , , , , , , , , , , , , , , , , , , , , , , , , , , , , , , , , , , , , , , , , , , , , , , , , , , , , , , , , , , , , , , , , , , , , , , , , , , , , , , , , , , , , , , , , , , , , , , , , , , , , , , , , , , , , , , , , , , , , , , , , , , , , , , , , , , , , , , , , , , , , , , , , , , , , , 
101.0,101.0,1,101.000,16/03/2026 20:00:14,29.294,,13.83, 14.87, 15.45,45.45, -1.88, 1.63,19.236, 16.538, 16.373, 14.865, 13.967, 13.633, 13.534, 13.542, 13.643, 13.982, 14.150, 14.338, 14.425, 14.564, 14.690, 14.831, 14.981, 15.091, 15.113, 15.117, 15.094, 15.052, 15.004, 14.921, 14.745, 14.545, 14.489, 14.405, 14.224, 14.144, 14.102, 13.907, 13.925, 13.787, 13.772, 13.739, 13.689, 13.755, 13.691, 13.820, 13.827, 13.928, 14.064, 14.035, 14.334, 14.191, 14.423, 14.411, 14.327, 14.556, 14.313, 14.375, 14.535, 14.224, 14.318, 14.511, 14.247, 14.265, 14.532, 14.375, 14.279, 14.519, 14.566, 14.340, 14.482, 14.724, 14.650, 14.361, 14.463, 14.775, 14.685, 14.302, 14.247, 14.563, 14.671, 14.396, 14.148, 14.270, 14.559, 14.546, 14.208, 14.001, 14.174, 14.502, 14.594, 14.358, 14.089, 14.126, 14.461, 14.789, 14.813, 14.505, 14.223, 14.197, 14.494, 14.852, 14.971, 14.760, 14.360, 14.051, 14.015, 14.251, 14.491, 14.433, 13.848, 12.833, 11.925, 11.486, 11.470, 11.675, 11.905, 12.044, 12.128, 12.169, 12.236, 12.397, 12.669, 13.043, 13.410, 13.674, 13.771, 13.751, 13.653, 13.559, 13.558, 13.686, 13.939, 14.220, 14.468, 14.569, 14.535, 14.364, 14.113, 13.883, 13.718, 13.669, 13.760, 13.969, 14.212, 14.391, 14.453, 14.391, 14.204, 13.917, 13.635, 13.355, 13.059, 12.989, 13.032, 13.136, 13.225, 13.192, 12.788, 11.741, 10.251, 9.018, 8.331, 7.927, 7.651, 7.516, 7.505, 7.648, 7.935, 8.346, 8.835, 9.394, 9.907, 10.406, 10.818, 11.132, 11.347, 11.488, 11.505, 11.497, 11.441, 11.391, 11.365, 11.399, 11.503, 11.680, 11.924, 12.203, 12.518, 12.839, 13.120, 13.324, 13.403, 13.412, 13.381, 13.272, 13.047, 12.748, 12.456, 12.171, 11.858, 11.579, 11.328, 11.111, 11.005, 10.954, 11.002, 11.164, 11.319, 11.487, 11.608, 11.717, 11.771, 11.760, 11.713, 11.560, 11.311, 11.006, 10.876, 10.446, 10.012, 9.861, 16.3,1004603.0,1310077.0,880083.08,55092.06,3561.17,18049.12,545.79,12148.57,188.22,530.73,35.13,406.33,22.35,1519.79,27.02,1445.17,20.60,1924.76,64.86,39.85,6.89,0.00,64.18,680.95,17.23,27577.20,169.05,0.00,126.49,0.00,16.35,23.97,2.55,66.98,2.55,30.02,1.44,2.27,0.50,68.98,1.14,139.46,1.62,3.83,0.81,109.84,1.57,0.00,30.45,0.00,52.77,39.76,9.66,0.00,304.11,0.00,509.32,0.00,534.06,0.00,54.35,0.00,29.86,17.28,1.44,0.00,133.89,0.00,148.96,0.00,59.51,201834.78,91357.83,5905.40,34103.14,1031.25,25989.86,402.67,1216.10,80.50,1014.57,55.81,1830.75,32.55,2022.09,28.82,3211.45,108.22,71.14,12.30,0.00,93.80,978.42,24.76,39428.33,241.70,0.00,160.83,0.00,20.81,30.01,3.19,83.37,3.17,39.64,1.90,3.19,0.70,75.44,1.25,164.93,1.92,4.86,1.03,148.37,2.12,0.00,35.69,0.00,70.37,42.71,10.38,0.00,347.39,0.00,646.59,0.00,639.32,0.00,63.81,0.00,32.24,18.61,1.55,0.00,149.27,0.00,169.50,0.00,67.51
101.5,101.5,1,101.500,16/03/2026 20:00:48,29.363, , , , , , , , , , , , , , , , , , , , , , , , , , , , , , , , , , , , , , , , , , , , , , , , , , , , , , , , , , , , , , , , , , , , , , , , , , , , , , , , , , , , , , , , , , , , , , , , , , , , , , , , , , , , , , , , , , , , , , , , , , , , , , , , , , , , , , , , , , , , , , , , , , , , , , , , , , , , , , , , , , , , , , , , , , , , , , , , , , , , , , , , , , , , , , , , , , , , , , , , , , , , , , , , , , , , , , , , , , , , , , , , , , , , , , , , , , , , , , , , , , , , , , , , , , , , , , , , , , , , , , , , , , , , , , , , , , , , , , , , , , , , , , , , , , , , , , , , , , , , , , , , , , , , , , , , , , , , , , , , , , , , , , , , , , , , , , , , , , , , , , , , , , , , , , , , , , , , , , , , , , , , 
102.0,102.0,1,102.000,16/03/2026 20:01:14,30.418,,14.14, 15.24, 15.92,45.97, -2.19, 1.46,18.541, 18.039, 17.126, 15.171, 14.821, 14.144, 13.924, 13.948, 14.104, 14.394, 14.556, 14.776, 14.860, 15.028, 15.143, 15.290, 15.432, 15.511, 15.530, 15.536, 15.556, 15.561, 15.456, 15.163, 14.815, 14.741, 14.941, 14.684, 14.234, 14.465, 14.399, 13.898, 14.273, 13.916, 13.878, 14.044, 13.657, 14.125, 13.622, 14.208, 13.729, 14.352, 13.917, 14.475, 14.227, 14.489, 14.612, 14.311, 14.876, 14.322, 14.611, 14.725, 14.204, 14.718, 14.518, 14.173, 14.723, 14.498, 14.133, 14.708, 14.726, 14.200, 14.510, 14.897, 14.527, 14.324, 14.756, 14.927, 14.463, 14.319, 14.810, 14.816, 14.255, 14.092, 14.540, 14.799, 14.438, 14.019, 14.229, 14.668, 14.651, 14.190, 13.926, 14.207, 14.608, 14.628, 14.272, 13.995, 14.209, 14.703, 14.939, 14.719, 14.285, 14.065, 14.326, 14.790, 15.018, 14.874, 14.419, 14.016, 14.008, 14.335, 14.625, 14.528, 13.814, 12.679, 11.751, 11.413, 11.561, 11.795, 11.941, 11.913, 11.843, 11.826, 11.974, 12.380, 12.871, 13.314, 13.556, 13.585, 13.424, 13.250, 13.151, 13.266, 13.580, 13.964, 14.307, 14.502, 14.456, 14.220, 13.896, 13.596, 13.439, 13.468, 13.669, 13.970, 14.257, 14.417, 14.409, 14.230, 13.904, 13.503, 13.179, 12.958, 12.901, 13.025, 13.142, 13.410, 13.626, 13.692, 13.577, 13.191, 12.346, 10.858, 9.035, 7.637, 7.007, 6.864, 6.990, 7.299, 7.720, 8.184, 8.582, 8.913, 9.161, 9.355, 9.463, 9.552, 9.608, 9.728, 9.887, 10.131, 10.437, 10.830, 11.231, 11.631, 11.993, 12.256, 12.439, 12.555, 12.552, 12.487, 12.354, 12.234, 12.105, 11.937, 11.769, 11.701, 11.696, 11.792, 11.899, 12.045, 12.181, 12.315, 12.385, 12.394, 12.320, 12.125, 11.908, 11.581, 11.336, 11.069, 10.811, 10.495, 10.178, 9.993, 9.724, 9.539, 9.396, 9.306, 9.384, 9.297, 9.369, 9.534, 9.501, 9.501, 16.3,1044809.0,1284188.0,888889.69,65016.28,3630.13,11702.05,452.82,5215.38,126.34,425.54,32.30,584.30,22.77,0.00,900.07,511.05,13.65,821.34,50.71,22.50,5.90,0.00,60.18,705.19,16.83,25384.08,155.33,0.00,119.78,0.00,11.74,41.57,2.71,74.96,2.55,31.42,1.33,0.00,5.37,59.87,1.03,114.60,1.40,14.63,0.84,102.12,1.45,5.11,1.02,0.00,50.10,0.00,416.80,0.00,289.26,126.73,8.92,109.37,9.58,0.00,49.76,0.00,27.27,10.23,1.26,31.97,3.72,0.00,138.75,0.00,57.64,183837.38,107814.92,6019.76,22110.59,855.59,11157.44,270.28,975.07,74.01,1458.94,56.85,0.00,1084.23,715.06,19.10,1370.40,84.61,40.17,10.53,0.00,87.96,1013.24,24.18,36292.73,222.08,0.00,152.30,0.00,14.94,52.04,3.39,93.30,3.17,41.48,1.76,0.00,7.55,65.47,1.13,135.53,1.66,18.58,1.07,137.94,1.96,5.99,1.20,0.00,66.81,0.00,447.69,0.00,330.43,160.89,11.32,130.93,11.47,0.00,58.42,0.00,29.45,11.02,1.36,35.64,4.15,0.00,157.88,0.00,65.39
102.5,102.5,1,102.500,16/03/2026 20:01:58,32.275,1157883.464, , , , , , , , , , , , , , , , , , , , , , , , , , , , , , , , , , , , , , , , , , , , , , , , , , , , , , , , , , , , , , , , , , , , , , , , , , , , , , , , , , , , , , , , , , , , , , , , , , , , , , , , , , , , , , , , , , , , , , , , , , , , , , , , , , , , , , , , , , , , , , , , , , , , , , , , , , , , , , , , , , , , , , , , , , , , , , , , , , , , , , , , , , , , , , , , , , , , , , , , , , , , , , , , , , , , , , , , , , , , , , , , , , , , , , , , , , , , , , , , , , , , , , , , , , , , , , , , , , , , , , , , , , , , , , , , , , , , , , , , , , , , , , , , , , , , , , , , , , , , , , , , , , , , , , , , , , , , , , , , , , , , , , , , , , , , , , , , , , , , , , , , , , , , , , , , , , , , , , , , , , , 
103.0,103.0,1,103.000,16/03/2026 20:02:15,29.233,,12.75, 13.80, 14.07,43.94, -2.44, 2.23,16.070, 13.616, 13.348, 12.540, 12.401, 11.988, 11.898, 12.017, 12.301, 12.667, 12.846, 13.087, 13.228, 13.391, 13.610, 13.753, 13.934, 14.051, 14.105, 14.129, 14.101, 14.026, 13.907, 13.747, 13.600, 13.479, 13.391, 13.227, 13.074, 13.000, 12.923, 12.756, 12.715, 12.654, 12.533, 12.594, 12.470, 12.584, 12.505, 12.657, 12.640, 12.825, 12.815, 13.050, 13.011, 13.271, 13.171, 13.353, 13.333, 13.284, 13.403, 13.235, 13.340, 13.306, 13.154, 13.342, 13.282, 13.155, 13.349, 13.347, 13.256, 13.397, 13.432, 13.341, 13.481, 13.568, 13.417, 13.314, 13.545, 13.659, 13.444, 13.276, 13.441, 13.534, 13.379, 13.223, 13.346, 13.524, 13.451, 13.204, 13.122, 13.327, 13.518, 13.421, 13.191, 13.159, 13.389, 13.648, 13.682, 13.519, 13.388, 13.452, 13.669, 13.813, 13.774, 13.627, 13.517, 13.569, 13.687, 13.720, 13.636, 13.452, 13.222, 13.012, 12.662, 12.118, 11.578, 11.185, 10.869, 10.610, 10.510, 10.640, 11.017, 11.490, 11.896, 12.143, 12.220, 12.206, 12.213, 12.308, 12.500, 12.766, 13.028, 13.228, 13.340, 13.336, 13.283, 13.227, 13.195, 13.214, 13.282, 13.372, 13.438, 13.473, 13.460, 13.393, 13.311, 13.248, 13.198, 13.158, 13.115, 13.088, 13.053, 13.032, 12.998, 12.949, 12.795, 12.755, 12.676, 12.589, 12.457, 12.172, 11.554, 10.370, 8.797, 7.585, 7.053, 6.870, 6.820, 6.877, 7.023, 7.223, 7.482, 7.757, 8.082, 8.411, 8.745, 9.058, 9.381, 9.687, 9.980, 10.223, 10.455, 10.660, 10.840, 11.002, 11.152, 11.275, 11.402, 11.515, 11.611, 11.717, 11.791, 11.868, 11.941, 11.970, 11.915, 11.882, 11.875, 11.877, 11.822, 11.752, 11.696, 11.624, 11.535, 11.445, 11.327, 11.148, 10.999, 10.899, 10.722, 10.649, 10.526, 10.349, 10.274, 10.118, 9.958, 9.812, 9.637, 9.499, 9.306, 9.149, 9.077, 8.859, 8.868, 8.664, 16.3,986428.0,1337603.0,854983.22,84045.63,3846.81,13700.39,503.63,10758.68,179.99,644.06,36.87,644.82,24.32,1207.88,25.84,1180.74,19.17,1467.40,60.64,84.82,7.23,232.10,20.05,744.42,18.25,29698.29,188.26,0.00,136.36,0.00,15.37,49.27,3.04,99.96,3.05,32.21,1.47,0.00,5.47,78.97,1.27,134.74,1.63,20.46,0.96,123.86,1.66,0.00,30.43,0.00,52.27,0.00,441.67,0.00,307.90,0.00,509.43,0.00,529.51,0.00,50.22,0.00,26.69,12.23,1.41,55.84,3.82,0.00,139.25,0.00,69.00,241679.17,139370.83,6379.07,25886.38,951.59,23016.42,385.06,1475.78,84.48,1610.05,60.72,1455.02,31.13,1652.10,26.82,2448.35,101.18,151.42,12.91,339.23,29.30,1069.61,26.22,42460.95,269.16,0.00,173.38,0.00,19.56,61.68,3.81,124.42,3.80,42.53,1.94,0.00,7.69,86.36,1.39,159.34,1.93,25.98,1.22,167.31,2.24,0.00,35.67,0.00,69.70,0.00,474.40,0.00,351.72,0.00,646.73,0.00,633.88,0.00,58.96,0.00,28.82,13.17,1.52,62.25,4.26,0.00,158.45,0.00,78.28
103.5,103.5,1,103.500,16/03/2026 20:02:58,24.668, , , , , , , , , , , , , , , , , , , , , , , , , , , , , , , , , , , , , , , , , , , , , , , , , , , , , , , , , , , , , , , , , , , , , , , , , , , , , , , , , , , , , , , , , , , , , , , , , , , , , , , , , , , , , , , , , , , , , , , , , , , , , , , , , , , , , , , , , , , , , , , , , , , , , , , , , , , , , , , , , , , , , , , , , , , , , , , , , , , , , , , , , , , , , , , , , , , , , , , , , , , , , , , , , , , , , , , , , , , , , , , , , , , , , , , , , , , , , , , , , , , , , , , , , , , , , , , , , , , , , , , , , , , , , , , , , , , , , , , , , , , , , , , , , , , , , , , , , , , , , , , , , , , , , , , , , , , , , , , , , , , , , , , , , , , , , , , , , , , , , , , , , , , , , , , , , , , , , , , , , , , , 
104.0,104.0,1,104.000,16/03/2026 20:03:15,26.455,,12.79, 13.73, 14.09,43.85, -1.75, 2.01,16.276, 14.291, 14.130, 13.244, 12.743, 12.491, 12.076, 12.183, 12.387, 12.768, 12.888, 13.093, 13.198, 13.299, 13.468, 13.576, 13.736, 13.858, 13.939, 13.962, 13.945, 13.905, 13.857, 13.798, 13.682, 13.534, 13.462, 13.356, 13.264, 13.189, 13.110, 13.037, 12.959, 12.907, 12.868, 12.856, 12.826, 12.878, 12.845, 12.977, 12.950, 13.118, 13.148, 13.243, 13.398, 13.353, 13.537, 13.469, 13.495, 13.605, 13.407, 13.503, 13.568, 13.336, 13.435, 13.568, 13.366, 13.388, 13.603, 13.495, 13.427, 13.587, 13.669, 13.543, 13.581, 13.749, 13.680, 13.507, 13.529, 13.738, 13.749, 13.507, 13.362, 13.520, 13.710, 13.608, 13.397, 13.340, 13.493, 13.586, 13.477, 13.305, 13.287, 13.433, 13.580, 13.575, 13.459, 13.379, 13.482, 13.675, 13.803, 13.756, 13.629, 13.513, 13.552, 13.720, 13.867, 13.884, 13.729, 13.514, 13.352, 13.349, 13.397, 13.381, 13.052, 12.397, 11.725, 11.296, 11.120, 11.061, 11.117, 11.260, 11.488, 11.754, 11.992, 12.192, 12.329, 12.444, 12.553, 12.667, 12.770, 12.871, 12.984, 13.096, 13.209, 13.310, 13.392, 13.449, 13.466, 13.429, 13.387, 13.325, 13.281, 13.259, 13.282, 13.314, 13.380, 13.443, 13.497, 13.483, 13.407, 13.276, 13.115, 12.952, 12.863, 12.813, 12.713, 12.767, 12.828, 12.874, 12.837, 12.640, 12.108, 11.018, 9.482, 8.220, 7.578, 7.282, 7.198, 7.281, 7.479, 7.765, 8.121, 8.491, 8.863, 9.227, 9.572, 9.837, 10.067, 10.241, 10.394, 10.528, 10.663, 10.777, 10.926, 11.076, 11.241, 11.425, 11.630, 11.816, 12.007, 12.170, 12.299, 12.413, 12.483, 12.472, 12.372, 12.243, 12.163, 12.056, 11.908, 11.775, 11.694, 11.650, 11.537, 11.483, 11.403, 11.381, 11.301, 11.301, 11.322, 11.319, 11.368, 11.363, 11.326, 11.182, 11.084, 10.889, 10.747, 10.457, 10.190, 10.035, 9.744, 9.455, 9.359, 9.236, 16.3,990298.0,1286979.0,877358.40,64903.77,3743.05,14740.50,518.31,10290.45,177.39,317.02,33.12,744.93,25.23,945.98,24.78,1014.70,18.03,1645.87,63.16,75.34,7.37,77.25,17.98,597.32,16.63,26546.16,168.27,0.00,128.61,0.00,18.13,38.58,2.87,80.81,2.80,30.60,1.52,0.00,5.41,87.77,1.31,156.87,1.76,21.33,0.98,141.36,1.77,3.52,1.08,0.00,54.41,0.00,442.70,0.00,310.08,0.00,514.05,139.72,10.50,0.00,59.72,0.00,30.07,21.53,1.53,20.26,4.00,0.00,149.22,0.00,64.74,205352.39,107628.35,6207.01,27851.62,979.33,22014.72,379.50,726.41,75.89,1860.02,63.00,1139.53,29.85,1419.77,25.23,2746.12,105.38,134.50,13.16,112.91,26.28,858.25,23.89,37954.21,240.58,0.00,163.53,0.00,23.07,48.29,3.59,100.59,3.49,40.40,2.01,0.00,7.60,95.99,1.43,185.51,2.08,27.09,1.24,190.94,2.39,4.13,1.27,0.00,72.55,0.00,475.51,0.00,354.21,0.00,652.60,167.26,12.57,0.00,70.11,0.00,32.47,23.19,1.65,22.59,4.46,0.00,169.80,0.00,73.44
104.5,104.5,1,104.500,16/03/2026 20:04:07,26.518, , , , , , , , , , , , , , , , , , , , , , , , , , , , , , , , , , , , , , , , , , , , , , , , , , , , , , , , , , , , , , , , , , , , , , , , , , , , , , , , , , , , , , , , , , , , , , , , , , , , , , , , , , , , , , , , , , , , , , , , , , , , , , , , , , , , , , , , , , , , , , , , , , , , , , , , , , , , , , , , , , , , , , , , , , , , , , , , , , , , , , , , , , , , , , , , , , , , , , , , , , , , , , , , , , , , , , , , , , , , , , , , , , , , , , , , , , , , , , , , , , , , , , , , , , , , , , , , , , , , , , , , , , , , , , , , , , , , , , , , , , , , , , , , , , , , , , , , , , , , , , , , , , , , , , , , , , , , , , , , , , , , , , , , , , , , , , , , , , , , , , , , , , , , , , , , , , , , , , , , , , , , 
105.0,105.0,1,105.000,16/03/2026 20:04:33,28.175,,11.80, 12.63, 12.94,42.20, -1.45, 2.02,15.245, 13.541, 13.280, 11.993, 11.873, 11.378, 11.171, 11.313, 11.435, 11.742, 11.852, 11.993, 12.050, 12.181, 12.331, 12.435, 12.563, 12.702, 12.752, 12.800, 12.825, 12.810, 12.743, 12.685, 12.624, 12.516, 12.446, 12.366, 12.309, 12.264, 12.191, 12.165, 12.080, 12.084, 12.023, 12.059, 12.022, 12.090, 12.083, 12.177, 12.241, 12.304, 12.433, 12.481, 12.593, 12.695, 12.686, 12.760, 12.814, 12.743, 12.757, 12.810, 12.738, 12.714, 12.776, 12.764, 12.734, 12.781, 12.855, 12.845, 12.848, 12.931, 12.978, 12.966, 12.989, 13.081, 13.052, 12.974, 12.975, 13.059, 13.094, 13.038, 12.932, 12.929, 12.986, 13.062, 13.058, 12.951, 12.892, 12.906, 12.971, 13.020, 13.030, 12.959, 12.922, 12.960, 13.071, 13.199, 13.274, 13.245, 13.200, 13.175, 13.236, 13.334, 13.433, 13.472, 13.433, 13.349, 13.256, 13.200, 13.203, 13.240, 13.241, 13.081, 12.643, 11.920, 11.275, 10.949, 10.878, 10.855, 10.898, 10.987, 11.164, 11.396, 11.640, 11.868, 12.057, 12.206, 12.345, 12.489, 12.605, 12.737, 12.851, 12.957, 13.047, 13.116, 13.172, 13.209, 13.241, 13.249, 13.275, 13.275, 13.298, 13.312, 13.317, 13.328, 13.306, 13.293, 13.244, 13.204, 13.146, 13.073, 13.023, 12.990, 12.974, 12.973, 12.878, 12.903, 12.879, 12.816, 12.671, 12.365, 11.750, 10.583, 9.053, 7.843, 7.299, 7.121, 7.122, 7.263, 7.484, 7.753, 8.032, 8.325, 8.611, 8.893, 9.135, 9.388, 9.628, 9.862, 10.100, 10.333, 10.568, 10.812, 11.054, 11.277, 11.486, 11.652, 11.805, 11.953, 12.057, 12.138, 12.203, 12.253, 12.273, 12.225, 12.095, 11.990, 11.991, 12.005, 11.938, 11.886, 11.894, 11.862, 11.793, 11.737, 11.634, 11.494, 11.373, 11.321, 11.172, 11.146, 11.074, 11.095, 10.967, 10.857, 10.683, 10.546, 10.355, 10.205, 10.036, 9.800, 9.655, 9.406, 9.468, 9.398, 16.3,983215.0,1271419.0,848985.44,63954.74,3607.91,18721.83,572.38,26593.10,287.99,516.47,36.50,624.85,24.47,4280.73,42.32,2785.69,29.13,2198.93,70.65,50.59,7.52,189.84,20.96,748.48,18.90,29735.81,184.07,0.00,132.02,0.00,15.78,28.14,2.74,73.25,2.75,38.54,1.44,0.00,5.09,84.13,1.32,190.08,2.00,19.02,0.98,125.20,1.73,0.00,30.32,0.00,53.93,0.00,458.10,0.00,319.91,0.00,530.88,55.16,10.59,0.00,57.46,0.00,27.82,0.00,38.71,0.00,141.90,0.00,156.07,0.00,69.95,258498.39,106054.60,5982.91,35374.20,1081.49,56891.55,616.11,1183.42,83.63,1560.19,61.10,5156.59,50.98,3897.75,40.76,3668.90,117.88,90.31,13.42,277.46,30.63,1075.45,27.16,42514.59,263.17,0.00,167.86,0.00,20.08,35.22,3.43,91.18,3.42,50.89,1.90,0.00,7.15,92.00,1.44,224.79,2.37,24.15,1.24,169.12,2.34,0.00,35.54,0.00,71.91,0.00,492.05,0.00,365.44,0.00,673.96,66.03,12.68,0.00,67.46,0.00,30.04,0.00,41.70,0.00,158.20,0.00,177.59,0.00,79.35
105.5,105.5,1,105.500,16/03/2026 20:05:16,30.553, , , , , , , , , , , , , , , , , , , , , , , , , , , , , , , , , , , , , , , , , , , , , , , , , , , , , , , , , , , , , , , , , , , , , , , , , , , , , , , , , , , , , , , , , , , , , , , , , , , , , , , , , , , , , , , , , , , , , , , , , , , , , , , , , , , , , , , , , , , , , , , , , , , , , , , , , , , , , , , , , , , , , , , , , , , , , , , , , , , , , , , , , , , , , , , , , , , , , , , , , , , , , , , , , , , , , , , , , , , , , , , , , , , , , , , , , , , , , , , , , , , , , , , , , , , , , , , , , , , , , , , , , , , , , , , , , , , , , , , , , , , , , , , , , , , , , , , , , , , , , , , , , , , , , , , , , , , , , , , , , , , , , , , , , , , , , , , , , , , , , , , , , , , , , , , , , , , , , , , , , , , , 
106.0,106.0,1,106.000,16/03/2026 20:05:34,27.708,,14.50, 15.54, 16.24,46.37, -1.67, 1.47,20.878, 18.211, 17.118, 15.734, 15.180, 14.706, 14.325, 14.261, 14.425, 14.708, 14.920, 15.043, 15.106, 15.230, 15.342, 15.461, 15.606, 15.710, 15.766, 15.812, 15.819, 15.741, 15.585, 15.548, 15.483, 15.290, 15.218, 15.040, 14.956, 14.960, 14.669, 14.817, 14.526, 14.584, 14.491, 14.436, 14.465, 14.408, 14.434, 14.525, 14.448, 14.707, 14.537, 14.841, 14.791, 14.832, 14.990, 14.889, 14.899, 15.000, 14.864, 14.790, 14.969, 14.845, 14.638, 14.887, 14.957, 14.642, 14.753, 15.069, 14.898, 14.655, 14.931, 15.155, 14.961, 14.772, 14.882, 15.064, 14.924, 14.790, 14.809, 14.907, 14.842, 14.675, 14.660, 14.751, 14.797, 14.680, 14.566, 14.572, 14.624, 14.647, 14.583, 14.540, 14.575, 14.645, 14.703, 14.687, 14.657, 14.668, 14.737, 14.784, 14.822, 14.779, 14.736, 14.720, 14.753, 14.771, 14.760, 14.700, 14.632, 14.550, 14.460, 14.344, 14.055, 13.574, 13.121, 12.878, 12.759, 12.637, 12.567, 12.558, 12.695, 12.914, 13.198, 13.492, 13.727, 13.875, 13.939, 13.955, 13.920, 13.902, 13.913, 13.982, 14.130, 14.314, 14.520, 14.680, 14.757, 14.738, 14.619, 14.440, 14.269, 14.141, 14.099, 14.154, 14.289, 14.467, 14.638, 14.761, 14.802, 14.725, 14.558, 14.317, 14.090, 13.874, 13.593, 13.542, 13.565, 13.659, 13.764, 13.762, 13.510, 12.721, 11.461, 10.347, 9.711, 9.329, 9.090, 8.976, 8.976, 9.096, 9.319, 9.619, 10.004, 10.443, 10.898, 11.343, 11.753, 12.076, 12.354, 12.534, 12.647, 12.685, 12.675, 12.643, 12.613, 12.568, 12.577, 12.627, 12.724, 12.866, 13.047, 13.273, 13.512, 13.693, 13.809, 13.894, 13.978, 14.030, 13.986, 13.888, 13.765, 13.606, 13.390, 13.167, 12.961, 12.674, 12.449, 12.312, 12.208, 12.220, 12.321, 12.369, 12.458, 12.515, 12.587, 12.662, 12.736, 12.751, 12.752, 12.582, 12.524, 12.510, 12.259, 12.082, 16.3,995931.0,1272937.0,849359.97,45594.02,3280.88,23142.07,596.49,36311.58,336.88,471.95,35.28,429.07,22.63,4462.68,42.31,2722.63,28.63,2905.92,76.54,126.37,8.47,0.00,74.65,1024.00,21.34,32721.92,193.19,0.00,143.86,0.00,17.64,25.98,2.73,118.25,3.32,29.30,1.63,0.00,4.63,81.80,1.29,152.37,1.75,17.55,0.97,139.30,1.77,9.02,1.14,0.00,53.36,0.00,453.28,0.00,310.16,0.00,522.70,86.22,10.69,0.00,40.32,0.00,25.17,27.94,1.69,40.12,3.98,0.00,142.48,0.00,58.78,262570.70,75607.46,5440.60,43726.08,1127.05,77682.63,720.70,1081.41,80.84,1071.35,56.50,5375.76,50.97,3809.52,40.06,4848.51,127.71,225.59,15.12,0.00,109.11,1471.32,30.66,46783.96,276.21,0.00,182.92,0.00,22.45,32.52,3.42,147.19,4.13,38.69,2.15,0.00,6.51,89.46,1.41,180.19,2.07,22.29,1.23,188.16,2.39,10.57,1.34,0.00,71.15,0.00,486.87,0.00,354.30,0.00,663.58,103.21,12.80,0.00,47.34,0.00,27.18,30.10,1.82,44.73,4.44,0.00,162.13,0.00,66.68
106.5,106.5,1,106.500,16/03/2026 20:06:17,28.568, , , , , , , , , , , , , , , , , , , , , , , , , , , , , , , , , , , , , , , , , , , , , , , , , , , , , , , , , , , , , , , , , , , , , , , , , , , , , , , , , , , , , , , , , , , , , , , , , , , , , , , , , , , , , , , , , , , , , , , , , , , , , , , , , , , , , , , , , , , , , , , , , , , , , , , , , , , , , , , , , , , , , , , , , , , , , , , , , , , , , , , , , , , , , , , , , , , , , , , , , , , , , , , , , , , , , , , , , , , , , , , , , , , , , , , , , , , , , , , , , , , , , , , , , , , , , , , , , , , , , , , , , , , , , , , , , , , , , , , , , , , , , , , , , , , , , , , , , , , , , , , , , , , , , , , , , , , , , , , , , , , , , , , , , , , , , , , , , , , , , , , , , , , , , , , , , , , , , , , , , , , , 
107.0,107.0,1,107.000,16/03/2026 20:06:34,27.845,,13.64, 14.66, 15.25,45.17, -1.90, 1.59,18.558, 16.643, 16.274, 14.619, 14.115, 13.321, 13.228, 13.342, 13.484, 13.835, 13.960, 14.145, 14.228, 14.359, 14.489, 14.628, 14.752, 14.865, 14.909, 14.938, 14.917, 14.841, 14.747, 14.676, 14.539, 14.354, 14.296, 14.141, 14.022, 13.965, 13.819, 13.777, 13.640, 13.610, 13.527, 13.508, 13.464, 13.486, 13.487, 13.533, 13.612, 13.647, 13.771, 13.843, 13.895, 14.048, 14.022, 14.056, 14.168, 14.057, 14.038, 14.137, 14.024, 13.948, 14.060, 14.038, 13.940, 13.999, 14.095, 14.050, 14.040, 14.117, 14.188, 14.168, 14.174, 14.211, 14.264, 14.249, 14.155, 14.190, 14.245, 14.230, 14.121, 14.005, 14.028, 14.145, 14.213, 14.116, 13.958, 13.886, 13.986, 14.126, 14.194, 14.094, 13.934, 13.908, 14.054, 14.283, 14.420, 14.370, 14.189, 14.044, 14.091, 14.300, 14.527, 14.636, 14.523, 14.294, 14.070, 14.000, 14.101, 14.306, 14.440, 14.331, 13.866, 13.090, 12.408, 12.100, 12.129, 12.262, 12.426, 12.568, 12.666, 12.732, 12.778, 12.866, 12.997, 13.207, 13.477, 13.736, 13.925, 14.019, 14.022, 13.968, 13.896, 13.840, 13.863, 13.953, 14.112, 14.282, 14.424, 14.494, 14.494, 14.427, 14.302, 14.165, 14.040, 13.970, 13.940, 13.972, 14.040, 14.123, 14.210, 14.272, 14.284, 14.250, 14.010, 13.912, 13.764, 13.619, 13.411, 13.136, 12.648, 11.728, 10.438, 9.424, 9.006, 8.915, 8.963, 9.090, 9.261, 9.447, 9.636, 9.799, 9.981, 10.155, 10.338, 10.537, 10.777, 11.033, 11.313, 11.599, 11.905, 12.180, 12.444, 12.682, 12.865, 13.010, 13.116, 13.205, 13.230, 13.235, 13.219, 13.204, 13.183, 13.126, 13.022, 12.921, 12.972, 13.020, 13.045, 13.039, 13.111, 13.162, 13.195, 13.177, 13.123, 12.983, 12.916, 12.818, 12.709, 12.664, 12.631, 12.527, 12.444, 12.371, 12.221, 12.084, 11.938, 11.745, 11.568, 11.503, 11.371, 11.264, 11.105, 11.273, 16.3,962956.0,1265675.0,856335.45,48497.05,3479.53,21007.00,597.03,30619.34,313.50,606.73,38.14,434.00,23.57,4526.14,43.85,2620.29,28.81,2536.69,74.33,87.93,7.94,85.62,18.62,788.52,19.30,31167.45,191.40,0.00,143.34,0.00,15.78,42.58,3.06,83.48,2.95,26.44,1.48,0.00,5.43,86.54,1.38,185.64,2.00,19.77,1.01,147.40,1.86,6.21,1.15,0.00,55.59,0.00,466.79,0.00,321.00,0.00,535.09,0.00,559.12,0.00,57.76,0.00,31.22,12.68,1.50,69.33,4.02,0.00,143.32,7.74,1.56,248257.40,80421.48,5770.02,39691.94,1128.07,65505.02,670.68,1390.24,87.39,1083.66,58.85,5452.21,52.82,3666.33,40.31,4232.45,124.02,156.97,14.17,125.14,27.21,1132.98,27.73,44561.47,273.65,0.00,182.25,0.00,20.08,53.30,3.83,103.91,3.67,34.91,1.95,0.00,7.63,94.64,1.51,219.54,2.37,25.11,1.28,199.10,2.51,7.28,1.35,0.00,74.13,0.00,501.39,0.00,366.69,0.00,679.31,0.00,669.32,0.00,67.81,0.00,33.71,13.66,1.62,77.29,4.48,0.00,163.08,8.78,1.77
107.5,107.5,1,107.500,16/03/2026 20:07:17,28.502,1157883.666, , , , , , , , , , , , , , , , , , , , , , , , , , , , , , , , , , , , , , , , , , , , , , , , , , , , , , , , , , , , , , , , , , , , , , , , , , , , , , , , , , , , , , , , , , , , , , , , , , , , , , , , , , , , , , , , , , , , , , , , , , , , , , , , , , , , , , , , , , , , , , , , , , , , , , , , , , , , , , , , , , , , , , , , , , , , , , , , , , , , , , , , , , , , , , , , , , , , , , , , , , , , , , , , , , , , , , , , , , , , , , , , , , , , , , , , , , , , , , , , , , , , , , , , , , , , , , , , , , , , , , , , , , , , , , , , , , , , , , , , , , , , , , , , , , , , , , , , , , , , , , , , , , , , , , , , , , , , , , , , , , , , , , , , , , , , , , , , , , , , , , , , , , , , , , , , , , , , , , , , , , , 
108.0,108.0,1,108.000,16/03/2026 20:07:43,26.317,,18.63, 19.91, 21.28,51.73, -1.49, 0.71,29.340, 27.363, 24.499, 22.138, 20.757, 20.091, 19.398, 19.240, 19.146, 19.427, 19.554, 19.603, 19.639, 19.731, 19.833, 19.909, 19.993, 20.056, 20.174, 20.355, 20.367, 20.040, 19.763, 19.982, 19.838, 19.294, 19.551, 19.333, 18.980, 19.275, 18.736, 18.999, 18.607, 18.740, 18.522, 18.591, 18.472, 18.521, 18.511, 18.545, 18.645, 18.716, 18.719, 19.019, 18.880, 19.092, 19.292, 19.011, 19.321, 19.408, 19.004, 19.292, 19.473, 19.019, 19.079, 19.485, 19.246, 18.943, 19.292, 19.563, 19.244, 19.046, 19.398, 19.649, 19.434, 19.178, 19.197, 19.603, 19.571, 19.223, 19.051, 19.249, 19.461, 19.323, 19.016, 18.876, 19.119, 19.421, 19.368, 19.026, 18.744, 18.829, 19.156, 19.411, 19.317, 19.022, 18.773, 18.841, 19.206, 19.573, 19.667, 19.421, 19.051, 18.846, 18.965, 19.329, 19.708, 19.834, 19.574, 19.084, 18.676, 18.549, 18.730, 18.990, 18.937, 18.387, 17.593, 16.831, 16.238, 15.880, 15.910, 16.291, 16.956, 17.631, 18.101, 18.245, 18.049, 17.709, 17.442, 17.406, 17.620, 18.111, 18.690, 19.247, 19.609, 19.676, 19.472, 19.048, 18.589, 18.235, 18.085, 18.196, 18.521, 19.016, 19.520, 19.919, 20.160, 20.075, 19.696, 19.183, 18.627, 18.083, 17.751, 17.621, 17.764, 18.119, 18.509, 19.011, 19.440, 19.668, 19.612, 19.170, 18.220, 16.586, 14.540, 12.957, 12.087, 11.727, 11.756, 12.080, 12.659, 13.404, 14.202, 14.936, 15.620, 16.108, 16.401, 16.511, 16.425, 16.217, 15.955, 15.659, 15.412, 15.268, 15.293, 15.491, 15.827, 16.324, 16.919, 17.549, 18.207, 18.853, 19.360, 19.793, 20.029, 20.124, 19.899, 19.530, 19.086, 18.568, 17.995, 17.388, 16.904, 16.498, 16.201, 16.095, 16.068, 15.984, 16.169, 16.554, 16.960, 17.490, 18.018, 18.600, 19.015, 19.362, 19.516, 19.516, 19.548, 19.260, 18.807, 18.255, 17.700, 16.982, 16.248, 15.617, 16.3,961841.0,1225715.0,868268.59,57109.62,3666.52,14965.08,533.39,19125.87,243.11,419.99,35.27,372.71,23.08,2776.07,34.54,1937.69,24.38,2247.78,70.49,61.99,7.57,0.00,74.96,1001.28,21.34,31201.84,195.77,0.00,142.05,0.00,15.51,22.17,2.65,70.64,2.73,29.01,1.65,0.00,4.79,91.93,1.40,137.50,1.68,13.69,0.97,113.35,1.67,4.40,1.13,0.00,55.61,0.00,463.29,0.00,320.82,0.00,535.74,0.00,563.29,0.00,54.71,0.00,29.26,28.80,1.73,0.00,139.66,0.00,155.62,0.00,70.32,222378.55,94703.50,6080.10,28275.96,1007.82,40916.64,520.09,962.35,80.82,930.62,57.63,3344.07,41.61,2711.23,34.11,3750.41,117.61,110.66,13.51,0.00,109.56,1438.68,30.66,44610.64,279.90,0.00,180.61,0.00,19.74,27.75,3.32,87.93,3.40,38.30,2.18,0.00,6.73,100.53,1.53,162.61,1.99,17.39,1.23,153.11,2.26,5.16,1.32,0.00,74.15,0.00,497.63,0.00,366.48,0.00,680.13,0.00,674.32,0.00,64.23,0.00,31.59,31.02,1.86,0.00,155.70,0.00,177.08,0.00,79.77
108.5,108.5,1,108.500,16/03/2026 20:08:18,25.394, , , , , , , , , , , , , , , , , , , , , , , , , , , , , , , , , , , , , , , , , , , , , , , , , , , , , , , , , , , , , , , , , , , , , , , , , , , , , , , , , , , , , , , , , , , , , , , , , , , , , , , , , , , , , , , , , , , , , , , , , , , , , , , , , , , , , , , , , , , , , , , , , , , , , , , , , , , , , , , , , , , , , , , , , , , , , , , , , , , , , , , , , , , , , , , , , , , , , , , , , , , , , , , , , , , , , , , , , , , , , , , , , , , , , , , , , , , , , , , , , , , , , , , , , , , , , , , , , , , , , , , , , , , , , , , , , , , , , , , , , , , , , , , , , , , , , , , , , , , , , , , , , , , , , , , , , , , , , , , , , , , , , , , , , , , , , , , , , , , , , , , , , , , , , , , , , , , , , , , , , , , , 
109.0,109.0,1,109.000,16/03/2026 20:08:44,26.713,,16.01, 17.14, 18.15,48.44, -1.61, 1.03,23.972, 21.499, 20.086, 18.306, 17.412, 16.850, 16.331, 16.107, 16.250, 16.472, 16.651, 16.799, 16.846, 16.914, 17.047, 17.166, 17.280, 17.372, 17.393, 17.398, 17.376, 17.371, 17.266, 17.076, 16.957, 16.881, 16.696, 16.555, 16.550, 16.323, 16.313, 16.215, 16.058, 16.104, 15.918, 16.015, 15.854, 16.004, 15.854, 16.102, 15.932, 16.268, 16.095, 16.398, 16.416, 16.391, 16.740, 16.423, 16.704, 16.757, 16.404, 16.796, 16.699, 16.384, 16.745, 16.708, 16.415, 16.691, 16.799, 16.513, 16.654, 16.861, 16.670, 16.599, 16.922, 16.997, 16.509, 16.492, 16.837, 16.944, 16.612, 16.378, 16.648, 16.899, 16.694, 16.330, 16.411, 16.784, 16.880, 16.477, 16.078, 16.193, 16.680, 16.907, 16.626, 16.159, 16.058, 16.485, 17.021, 17.158, 16.791, 16.292, 16.127, 16.487, 17.024, 17.310, 17.101, 16.564, 16.051, 15.944, 16.220, 16.634, 16.785, 16.399, 15.366, 13.999, 13.087, 12.899, 13.172, 13.493, 13.629, 13.516, 13.333, 13.236, 13.383, 13.840, 14.465, 15.087, 15.541, 15.721, 15.603, 15.354, 15.119, 15.053, 15.249, 15.649, 16.189, 16.647, 16.906, 16.882, 16.620, 16.214, 15.790, 15.495, 15.421, 15.594, 15.952, 16.372, 16.712, 16.900, 16.848, 16.576, 16.154, 15.630, 15.192, 14.877, 14.671, 14.753, 15.009, 15.312, 15.510, 15.488, 14.931, 13.624, 11.904, 10.596, 9.791, 9.266, 8.932, 8.798, 8.873, 9.166, 9.603, 10.136, 10.755, 11.333, 11.840, 12.262, 12.575, 12.744, 12.827, 12.853, 12.802, 12.736, 12.723, 12.781, 12.899, 13.130, 13.401, 13.737, 14.096, 14.491, 14.830, 15.136, 15.352, 15.435, 15.383, 15.181, 15.026, 14.826, 14.510, 14.240, 13.994, 13.757, 13.615, 13.517, 13.457, 13.361, 13.330, 13.424, 13.500, 13.695, 13.841, 13.949, 13.972, 13.900, 13.772, 13.550, 13.298, 13.032, 12.634, 12.335, 11.980, 11.672, 11.344, 11.118, 16.4,961356.0,1252573.0,870465.70,48161.01,3555.70,17727.03,570.82,21522.58,259.41,512.71,36.83,294.80,22.74,3988.19,41.11,2099.67,25.95,1880.61,67.24,49.08,7.13,0.00,66.26,865.09,19.97,31764.52,197.72,0.00,148.09,0.00,16.50,22.73,2.70,93.45,3.09,33.49,1.62,1.70,0.51,96.77,1.45,136.05,1.69,17.14,1.01,120.06,1.70,6.25,1.15,0.00,55.16,0.00,460.86,66.62,6.95,0.00,547.52,0.00,576.79,0.00,53.99,7.75,1.29,19.44,1.60,47.54,4.00,0.00,144.36,0.00,66.94,219747.06,79864.24,5896.33,33494.56,1078.54,46044.01,554.96,1174.81,84.39,736.09,56.78,4804.19,49.52,2937.87,36.31,3137.79,112.19,87.62,12.73,0.00,96.84,1243.00,28.69,45415.13,282.69,0.00,188.29,0.00,21.00,28.45,3.38,116.32,3.85,44.22,2.14,2.39,0.72,105.83,1.59,160.89,2.00,21.77,1.28,162.17,2.30,7.33,1.35,0.00,73.55,0.00,495.02,76.10,7.94,0.00,695.09,0.00,690.48,0.00,63.39,8.37,1.39,20.94,1.72,53.00,4.46,0.00,164.27,0.00,75.94
109.5,109.5,1,109.500,16/03/2026 20:09:36,28.236, , , , , , , , , , , , , , , , , , , , , , , , , , , , , , , , , , , , , , , , , , , , , , , , , , , , , , , , , , , , , , , , , , , , , , , , , , , , , , , , , , , , , , , , , , , , , , , , , , , , , , , , , , , , , , , , , , , , , , , , , , , , , , , , , , , , , , , , , , , , , , , , , , , , , , , , , , , , , , , , , , , , , , , , , , , , , , , , , , , , , , , , , , , , , , , , , , , , , , , , , , , , , , , , , , , , , , , , , , , , , , , , , , , , , , , , , , , , , , , , , , , , , , , , , , , , , , , , , , , , , , , , , , , , , , , , , , , , , , , , , , , , , , , , , , , , , , , , , , , , , , , , , , , , , , , , , , , , , , , , , , , , , , , , , , , , , , , , , , , , , , , , , , , , , , , , , , , , , , , , , , , , 
110.0,110.0,1,110.000,16/03/2026 20:09:53,30.552,,12.68, 13.68, 14.14,43.78, -2.15, 1.79,15.736, 14.002, 14.202, 12.588, 12.589, 12.229, 12.069, 12.192, 12.377, 12.820, 12.944, 13.126, 13.233, 13.367, 13.554, 13.681, 13.818, 13.927, 13.956, 13.932, 13.913, 13.903, 13.845, 13.662, 13.494, 13.417, 13.286, 13.084, 13.059, 12.902, 12.794, 12.738, 12.593, 12.566, 12.474, 12.465, 12.416, 12.433, 12.436, 12.479, 12.562, 12.585, 12.739, 12.755, 12.887, 12.980, 12.934, 13.085, 13.037, 12.992, 13.080, 12.971, 12.946, 13.021, 12.896, 12.869, 13.014, 12.934, 12.837, 12.992, 13.085, 12.922, 12.907, 13.127, 13.190, 13.024, 12.956, 13.114, 13.196, 13.083, 12.955, 12.972, 13.079, 13.042, 12.903, 12.845, 12.957, 13.051, 12.953, 12.797, 12.698, 12.810, 12.942, 12.966, 12.867, 12.757, 12.786, 12.928, 13.100, 13.157, 13.102, 12.979, 12.935, 12.989, 13.136, 13.245, 13.252, 13.128, 12.953, 12.814, 12.773, 12.814, 12.836, 12.689, 12.166, 11.325, 10.559, 10.143, 10.021, 10.013, 10.083, 10.210, 10.427, 10.655, 10.887, 11.109, 11.296, 11.489, 11.675, 11.850, 12.009, 12.130, 12.227, 12.297, 12.365, 12.415, 12.489, 12.564, 12.625, 12.672, 12.704, 12.691, 12.663, 12.622, 12.572, 12.543, 12.531, 12.501, 12.511, 12.505, 12.478, 12.429, 12.386, 12.319, 12.265, 12.166, 11.994, 11.940, 11.885, 11.792, 11.640, 11.358, 10.746, 9.576, 7.995, 6.800, 6.295, 6.128, 6.104, 6.187, 6.311, 6.505, 6.704, 6.944, 7.197, 7.484, 7.776, 8.105, 8.432, 8.785, 9.111, 9.429, 9.718, 9.990, 10.204, 10.387, 10.531, 10.620, 10.686, 10.731, 10.757, 10.774, 10.802, 10.824, 10.872, 10.909, 10.884, 10.902, 10.987, 11.066, 11.097, 11.102, 11.144, 11.144, 11.087, 11.000, 10.863, 10.618, 10.381, 10.181, 9.938, 9.772, 9.591, 9.422, 9.232, 9.068, 8.944, 8.780, 8.622, 8.486, 8.477, 8.313, 8.269, 8.226, 8.191, 8.230, 16.3,931763.0,1237972.0,858375.02,50740.74,3660.50,21319.56,615.79,25757.49,292.22,620.63,39.43,416.77,24.37,4018.30,42.50,2582.14,29.44,1979.85,70.18,70.00,7.80,72.17,19.66,867.10,20.69,32539.83,206.48,0.00,149.59,21.45,4.34,52.18,3.39,73.99,2.92,27.16,1.63,0.00,5.51,98.52,1.50,161.46,1.90,21.98,1.08,141.82,1.89,0.00,32.88,0.00,57.77,0.00,475.76,0.00,330.44,0.00,546.55,0.00,581.39,0.00,61.79,0.00,32.03,22.97,1.70,18.82,4.34,0.00,157.01,0.00,72.53,242532.46,84142.14,6070.12,40282.51,1163.51,55103.90,625.16,1422.09,90.35,1040.63,60.85,4840.46,51.20,3612.95,41.19,3303.37,117.09,124.96,13.92,105.48,28.73,1245.88,29.73,46523.62,295.21,0.00,190.20,27.30,5.52,65.32,4.24,92.10,3.63,35.86,2.15,0.00,7.74,107.74,1.64,190.94,2.25,27.91,1.37,191.57,2.55,0.00,38.54,0.00,77.03,0.00,511.02,0.00,377.47,0.00,693.86,0.00,695.98,0.00,72.55,0.00,34.58,24.74,1.83,20.98,4.84,0.00,178.66,0.00,82.28
110.5,110.5,1,110.500,16/03/2026 20:10:36,30.684, , , , , , , , , , , , , , , , , , , , , , , , , , , , , , , , , , , , , , , , , , , , , , , , , , , , , , , , , , , , , , , , , , , , , , , , , , , , , , , , , , , , , , , , , , , , , , , , , , , , , , , , , , , , , , , , , , , , , , , , , , , , , , , , , , , , , , , , , , , , , , , , , , , , , , , , , , , , , , , , , , , , , , , , , , , , , , , , , , , , , , , , , , , , , , , , , , , , , , , , , , , , , , , , , , , , , , , , , , , , , , , , , , , , , , , , , , , , , , , , , , , , , , , , , , , , , , , , , , , , , , , , , , , , , , , , , , , , , , , , , , , , , , , , , , , , , , , , , , , , , , , , , , , , , , , , , , , , , , , , , , , , , , , , , , , , , , , , , , , , , , , , , , , , , , , , , , , , , , , , , , , , 
111.0,111.0,1,111.000,16/03/2026 20:11:02,30.482,,13.54, 14.57, 15.16,45.04, -1.94, 1.58,18.718, 15.592, 15.584, 14.088, 13.667, 13.321, 13.118, 13.092, 13.405, 13.785, 13.921, 14.021, 14.152, 14.278, 14.405, 14.527, 14.677, 14.773, 14.813, 14.829, 14.817, 14.803, 14.726, 14.554, 14.385, 14.306, 14.179, 13.988, 13.971, 13.790, 13.714, 13.634, 13.497, 13.465, 13.373, 13.359, 13.309, 13.329, 13.324, 13.379, 13.427, 13.486, 13.586, 13.624, 13.754, 13.798, 13.819, 13.900, 13.860, 13.854, 13.872, 13.798, 13.779, 13.804, 13.722, 13.698, 13.784, 13.751, 13.675, 13.761, 13.892, 13.798, 13.730, 13.862, 14.017, 13.874, 13.771, 13.753, 13.976, 13.986, 13.780, 13.625, 13.732, 13.877, 13.813, 13.634, 13.589, 13.688, 13.814, 13.734, 13.553, 13.474, 13.593, 13.767, 13.817, 13.703, 13.565, 13.578, 13.760, 13.964, 14.030, 13.895, 13.709, 13.650, 13.769, 13.989, 14.137, 14.103, 13.888, 13.643, 13.532, 13.590, 13.746, 13.805, 13.560, 12.945, 12.270, 11.830, 11.684, 11.708, 11.871, 12.092, 12.321, 12.494, 12.560, 12.581, 12.597, 12.673, 12.840, 13.056, 13.280, 13.454, 13.528, 13.516, 13.430, 13.340, 13.306, 13.342, 13.442, 13.586, 13.726, 13.837, 13.856, 13.805, 13.694, 13.538, 13.388, 13.285, 13.249, 13.298, 13.369, 13.474, 13.579, 13.642, 13.645, 13.601, 13.368, 13.228, 13.061, 12.886, 12.697, 12.464, 12.079, 11.297, 10.175, 9.247, 8.876, 8.775, 8.786, 8.864, 8.971, 9.072, 9.176, 9.282, 9.400, 9.557, 9.753, 10.010, 10.299, 10.620, 10.980, 11.342, 11.676, 11.965, 12.218, 12.403, 12.507, 12.535, 12.563, 12.502, 12.431, 12.350, 12.278, 12.247, 12.239, 12.216, 12.167, 12.194, 12.347, 12.532, 12.626, 12.756, 12.853, 12.955, 13.017, 12.973, 12.877, 12.697, 12.505, 12.278, 12.034, 11.898, 11.777, 11.550, 11.438, 11.236, 11.106, 11.026, 10.959, 10.835, 10.860, 10.843, 10.850, 10.981, 10.991, 11.046, 16.4,943262.0,1207500.0,860944.90,54160.53,3704.79,13130.99,536.68,24206.36,281.68,357.39,35.85,602.60,25.36,4869.52,46.89,2790.29,30.09,3496.69,85.13,58.48,8.19,78.83,19.88,908.38,21.22,33665.98,215.27,0.00,150.91,0.00,18.75,0.00,13.66,88.55,3.11,27.97,1.69,0.00,5.59,96.35,1.50,189.57,2.11,17.83,1.06,149.62,1.97,8.06,1.21,0.00,58.27,0.00,482.42,0.00,327.47,94.15,10.72,0.00,589.49,0.00,55.26,4.42,1.25,25.50,1.79,27.07,4.45,0.00,156.56,0.00,75.34,234888.28,89813.10,6143.56,24810.52,1014.04,51785.51,602.61,818.91,82.15,1504.63,63.32,5865.85,56.48,3904.19,42.10,5834.21,142.04,104.40,14.62,115.21,29.06,1305.20,30.49,48133.73,307.78,0.00,191.88,0.00,23.86,0.00,17.10,110.22,3.87,36.93,2.23,0.00,7.86,105.37,1.64,224.19,2.50,22.64,1.35,202.10,2.66,9.45,1.42,0.00,77.70,0.00,518.17,0.00,374.08,119.53,13.61,0.00,705.68,0.00,64.88,4.77,1.35,27.47,1.93,30.18,4.96,0.00,178.15,0.00,85.47
111.5,111.5,1,111.500,16/03/2026 20:11:36,29.495, , , , , , , , , , , , , , , , , , , , , , , , , , , , , , , , , , , , , , , , , , , , , , , , , , , , , , , , , , , , , , , , , , , , , , , , , , , , , , , , , , , , , , , , , , , , , , , , , , , , , , , , , , , , , , , , , , , , , , , , , , , , , , , , , , , , , , , , , , , , , , , , , , , , , , , , , , , , , , , , , , , , , , , , , , , , , , , , , , , , , , , , , , , , , , , , , , , , , , , , , , , , , , , , , , , , , , , , , , , , , , , , , , , , , , , , , , , , , , , , , , , , , , , , , , , , , , , , , , , , , , , , , , , , , , , , , , , , , , , , , , , , , , , , , , , , , , , , , , , , , , , , , , , , , , , , , , , , , , , , , , , , , , , , , , , , , , , , , , , , , , , , , , , , , , , , , , , , , , , , , , , , 
112.0,112.0,1,112.000,16/03/2026 20:12:02,28.305,,13.75, 14.77, 15.44,45.32, -1.81, 1.43,20.594, 16.332, 15.624, 14.735, 14.056, 13.609, 13.568, 13.490, 13.719, 14.002, 14.167, 14.297, 14.375, 14.486, 14.602, 14.723, 14.873, 14.989, 15.010, 15.028, 14.996, 14.953, 14.893, 14.802, 14.624, 14.449, 14.411, 14.285, 14.097, 14.082, 13.971, 13.802, 13.836, 13.634, 13.700, 13.558, 13.611, 13.547, 13.609, 13.586, 13.732, 13.672, 13.891, 13.832, 14.000, 14.062, 14.004, 14.168, 14.090, 14.043, 14.138, 14.020, 13.982, 14.081, 13.952, 13.893, 14.071, 14.001, 13.848, 14.047, 14.197, 13.959, 13.912, 14.211, 14.287, 13.979, 13.866, 14.174, 14.268, 13.976, 13.819, 14.024, 14.186, 13.974, 13.714, 13.789, 14.112, 14.136, 13.827, 13.571, 13.690, 14.011, 14.148, 13.920, 13.620, 13.606, 13.915, 14.223, 14.241, 14.026, 13.789, 13.794, 14.010, 14.250, 14.336, 14.182, 13.961, 13.840, 13.882, 14.032, 14.134, 14.111, 13.925, 13.627, 13.220, 12.759, 12.457, 12.365, 12.333, 12.184, 11.982, 11.867, 11.955, 12.231, 12.638, 13.030, 13.285, 13.368, 13.305, 13.189, 13.083, 13.099, 13.228, 13.460, 13.736, 13.968, 14.112, 14.110, 14.009, 13.820, 13.642, 13.520, 13.479, 13.540, 13.704, 13.873, 14.036, 14.121, 14.121, 14.026, 13.859, 13.630, 13.450, 13.309, 13.234, 13.254, 13.227, 13.348, 13.479, 13.550, 13.547, 13.364, 12.895, 11.934, 10.555, 9.406, 8.800, 8.525, 8.467, 8.580, 8.812, 9.125, 9.477, 9.823, 10.147, 10.458, 10.728, 10.932, 11.099, 11.232, 11.349, 11.440, 11.542, 11.656, 11.780, 11.939, 12.107, 12.281, 12.467, 12.657, 12.820, 12.964, 13.073, 13.177, 13.223, 13.217, 13.099, 12.966, 12.908, 12.844, 12.710, 12.629, 12.594, 12.508, 12.504, 12.441, 12.416, 12.367, 12.333, 12.375, 12.383, 12.450, 12.521, 12.559, 12.512, 12.544, 12.443, 12.294, 12.146, 11.924, 11.837, 11.484, 11.393, 11.075, 11.049, 10.955, 16.4,937592.0,1246791.0,850761.41,49542.30,3633.99,20396.29,608.29,32035.34,331.29,501.34,38.29,588.33,25.60,4657.03,46.06,2630.67,29.81,2629.27,77.20,53.71,7.85,137.44,20.95,845.68,20.64,34528.99,217.65,0.00,152.77,0.00,16.18,28.97,2.94,102.35,3.33,35.10,1.73,0.00,5.01,102.57,1.56,198.43,2.16,21.41,1.09,148.38,1.96,0.00,33.04,0.00,56.98,0.00,488.72,0.00,337.41,0.00,553.75,0.00,596.33,0.00,55.92,0.00,31.51,20.58,1.73,23.85,4.46,0.00,157.78,10.58,1.70,257247.24,82154.80,6026.16,38538.03,1149.34,68534.32,708.74,1148.75,87.74,1469.00,63.92,5609.88,55.48,3680.85,41.71,4386.92,128.81,95.88,14.01,200.88,30.62,1215.11,29.66,49367.61,311.18,0.00,194.24,0.00,20.59,36.26,3.68,127.40,4.14,46.34,2.28,0.00,7.04,112.17,1.71,234.66,2.55,27.19,1.38,200.43,2.65,0.00,38.73,0.00,75.98,0.00,524.94,0.00,385.43,0.00,703.00,0.00,713.87,0.00,65.65,0.00,34.02,22.17,1.86,26.59,4.97,0.00,179.54,12.00,1.93
112.5,112.5,1,112.500,16/03/2026 20:12:46,27.976,1157883.793, , , , , , , , , , , , , , , , , , , , , , , , , , , , , , , , , , , , , , , , , , , , , , , , , , , , , , , , , , , , , , , , , , , , , , , , , , , , , , , , , , , , , , , , , , , , , , , , , , , , , , , , , , , , , , , , , , , , , , , , , , , , , , , , , , , , , , , , , , , , , , , , , , , , , , , , , , , , , , , , , , , , , , , , , , , , , , , , , , , , , , , , , , , , , , , , , , , , , , , , , , , , , , , , , , , , , , , , , , , , , , , , , , , , , , , , , , , , , , , , , , , , , , , , , , , , , , , , , , , , , , , , , , , , , , , , , , , , , , , , , , , , , , , , , , , , , , , , , , , , , , , , , , , , , , , , , , , , , , , , , , , , , , , , , , , , , , , , , , , , , , , , , , , , , , , , , , , , , , , , , , , 
113.0,113.0,1,113.000,16/03/2026 20:13:03,27.048,,13.68, 14.67, 15.36,45.17, -1.64, 1.36,18.702, 16.847, 16.325, 14.745, 14.313, 13.851, 13.564, 13.545, 13.717, 13.920, 14.073, 14.220, 14.284, 14.398, 14.518, 14.623, 14.751, 14.858, 14.925, 14.941, 14.883, 14.769, 14.682, 14.707, 14.646, 14.389, 14.242, 14.299, 14.128, 13.957, 14.064, 13.798, 13.817, 13.752, 13.636, 13.732, 13.548, 13.742, 13.552, 13.794, 13.671, 13.862, 13.885, 13.928, 14.146, 13.993, 14.264, 14.114, 14.175, 14.279, 14.023, 14.220, 14.197, 13.964, 14.177, 14.167, 13.956, 14.149, 14.239, 14.029, 14.145, 14.351, 14.196, 14.080, 14.384, 14.457, 14.205, 14.048, 14.307, 14.518, 14.228, 13.925, 14.070, 14.383, 14.341, 13.980, 13.837, 14.100, 14.352, 14.212, 13.851, 13.729, 14.002, 14.348, 14.363, 14.058, 13.785, 13.864, 14.265, 14.613, 14.579, 14.234, 13.883, 13.879, 14.226, 14.648, 14.778, 14.575, 14.135, 13.788, 13.777, 14.063, 14.389, 14.481, 14.134, 13.356, 12.574, 12.186, 12.219, 12.464, 12.741, 12.913, 12.979, 12.920, 12.834, 12.838, 13.004, 13.291, 13.635, 13.907, 14.035, 14.015, 13.870, 13.702, 13.591, 13.628, 13.839, 14.105, 14.370, 14.551, 14.584, 14.477, 14.261, 14.007, 13.794, 13.676, 13.727, 13.894, 14.124, 14.369, 14.512, 14.551, 14.483, 14.299, 14.030, 13.782, 13.388, 13.265, 13.252, 13.353, 13.465, 13.515, 13.355, 12.726, 11.669, 10.706, 10.107, 9.720, 9.441, 9.277, 9.249, 9.336, 9.558, 9.861, 10.257, 10.685, 11.135, 11.545, 11.904, 12.187, 12.399, 12.539, 12.579, 12.568, 12.540, 12.481, 12.433, 12.435, 12.491, 12.605, 12.766, 12.974, 13.199, 13.436, 13.645, 13.781, 13.832, 13.852, 13.907, 13.860, 13.757, 13.595, 13.428, 13.286, 13.064, 12.876, 12.712, 12.538, 12.411, 12.403, 12.398, 12.533, 12.658, 12.791, 12.929, 13.042, 13.086, 13.051, 13.098, 12.907, 12.852, 12.641, 12.580, 12.307, 12.133, 11.967, 16.4,922969.0,1249798.0,845244.75,55220.96,3678.51,21731.14,620.24,31394.99,328.01,515.45,38.60,448.02,24.74,4298.21,44.27,2881.76,31.40,3003.73,81.29,59.88,8.17,205.80,22.58,700.87,19.24,33612.81,213.26,0.00,155.18,0.00,17.41,14.78,2.66,85.59,3.13,37.35,1.64,0.00,6.27,108.91,1.58,183.88,2.06,13.75,1.04,158.44,2.01,16.96,1.25,0.00,57.34,33.57,10.68,0.00,325.10,0.00,546.77,0.00,589.06,14.80,3.61,0.00,29.31,13.60,1.54,0.00,145.12,0.00,160.15,0.00,64.68,266620.21,91571.58,6099.98,41060.18,1171.92,67164.40,701.72,1181.08,88.45,1118.66,61.77,5177.64,53.33,4032.18,43.94,5011.70,135.63,106.90,14.58,300.79,33.00,1007.04,27.64,48057.71,304.91,0.00,197.31,0.00,22.16,18.50,3.33,106.54,3.90,49.31,2.17,0.00,8.81,119.10,1.73,217.46,2.44,17.46,1.32,214.02,2.72,19.88,1.47,0.00,76.46,36.06,11.47,0.00,371.37,0.00,694.13,0.00,705.16,17.38,4.24,0.00,31.65,14.65,1.66,0.00,161.79,0.00,182.24,0.00,73.38
113.5,113.5,1,113.500,16/03/2026 20:13:46,27.318, , , , , , , , , , , , , , , , , , , , , , , , , , , , , , , , , , , , , , , , , , , , , , , , , , , , , , , , , , , , , , , , , , , , , , , , , , , , , , , , , , , , , , , , , , , , , , , , , , , , , , , , , , , , , , , , , , , , , , , , , , , , , , , , , , , , , , , , , , , , , , , , , , , , , , , , , , , , , , , , , , , , , , , , , , , , , , , , , , , , , , , , , , , , , , , , , , , , , , , , , , , , , , , , , , , , , , , , , , , , , , , , , , , , , , , , , , , , , , , , , , , , , , , , , , , , , , , , , , , , , , , , , , , , , , , , , , , , , , , , , , , , , , , , , , , , , , , , , , , , , , , , , , , , , , , , , , , , , , , , , , , , , , , , , , , , , , , , , , , , , , , , , , , , , , , , , , , , , , , , , , , , 
114.0,114.0,1,114.000,16/03/2026 20:14:03,27.516,,12.95, 13.88, 14.44,44.06, -1.63, 1.56,18.247, 16.169, 14.872, 14.013, 13.019, 13.053, 12.675, 12.668, 12.839, 13.113, 13.245, 13.365, 13.437, 13.537, 13.667, 13.775, 13.917, 14.017, 14.106, 14.114, 14.089, 14.053, 13.990, 13.916, 13.793, 13.657, 13.590, 13.464, 13.381, 13.314, 13.208, 13.165, 13.079, 13.025, 13.002, 12.939, 12.965, 12.929, 12.982, 13.010, 13.071, 13.159, 13.199, 13.343, 13.354, 13.489, 13.487, 13.515, 13.587, 13.508, 13.522, 13.538, 13.471, 13.480, 13.459, 13.440, 13.481, 13.466, 13.448, 13.525, 13.596, 13.515, 13.541, 13.651, 13.688, 13.595, 13.563, 13.655, 13.651, 13.559, 13.543, 13.576, 13.546, 13.476, 13.425, 13.500, 13.563, 13.499, 13.391, 13.367, 13.446, 13.532, 13.525, 13.427, 13.365, 13.443, 13.573, 13.664, 13.646, 13.586, 13.558, 13.603, 13.691, 13.755, 13.757, 13.702, 13.659, 13.669, 13.697, 13.723, 13.696, 13.629, 13.526, 13.392, 13.151, 12.775, 12.432, 12.243, 12.116, 11.947, 11.803, 11.805, 11.960, 12.258, 12.591, 12.878, 13.023, 13.017, 12.947, 12.860, 12.825, 12.903, 13.064, 13.291, 13.512, 13.685, 13.759, 13.705, 13.585, 13.426, 13.298, 13.219, 13.242, 13.341, 13.493, 13.639, 13.749, 13.791, 13.751, 13.627, 13.443, 13.256, 13.092, 13.006, 12.993, 13.054, 13.053, 13.202, 13.319, 13.377, 13.337, 13.114, 12.654, 11.741, 10.461, 9.365, 8.783, 8.563, 8.552, 8.723, 8.999, 9.335, 9.685, 10.018, 10.314, 10.527, 10.698, 10.830, 10.923, 10.977, 11.044, 11.155, 11.278, 11.419, 11.602, 11.820, 12.047, 12.280, 12.505, 12.701, 12.872, 12.962, 13.031, 13.043, 13.021, 12.923, 12.714, 12.513, 12.422, 12.347, 12.242, 12.163, 12.181, 12.206, 12.277, 12.337, 12.388, 12.363, 12.411, 12.441, 12.395, 12.500, 12.540, 12.563, 12.432, 12.299, 12.070, 11.878, 11.697, 11.485, 11.243, 10.979, 10.787, 10.609, 10.494, 10.628, 16.4,933014.0,1254652.0,854039.15,60160.57,3790.28,18495.83,592.77,23421.48,279.82,498.52,38.27,568.28,25.64,3568.31,40.43,2475.22,28.55,3052.16,81.50,86.30,8.42,184.58,21.96,786.18,20.04,31820.63,205.80,0.00,150.98,0.00,18.32,21.36,2.77,80.10,2.90,30.69,1.63,0.00,6.06,102.57,1.54,194.44,2.13,11.82,1.01,146.91,1.94,17.81,1.26,0.00,57.43,39.97,10.58,40.17,7.20,43.08,10.34,61.28,11.24,0.00,34.87,0.00,24.60,18.56,1.65,34.04,4.30,0.00,154.35,0.00,74.84,248298.89,99762.82,6285.33,34947.18,1120.02,50106.39,598.63,1142.29,87.69,1418.94,64.02,4298.40,48.70,3463.34,39.95,5092.51,135.98,154.06,15.03,269.77,32.10,1129.61,28.79,45495.35,294.24,0.00,191.97,0.00,23.31,26.74,3.47,99.70,3.61,40.52,2.15,0.00,8.52,112.17,1.68,229.94,2.52,15.01,1.28,198.44,2.62,20.88,1.48,0.00,76.58,42.93,11.36,45.89,8.22,54.69,13.13,73.36,13.46,0.00,40.94,0.00,26.56,19.99,1.78,37.95,4.79,0.00,175.64,0.00,84.90
114.5,114.5,1,114.500,16/03/2026 20:14:55,30.690, , , , , , , , , , , , , , , , , , , , , , , , , , , , , , , , , , , , , , , , , , , , , , , , , , , , , , , , , , , , , , , , , , , , , , , , , , , , , , , , , , , , , , , , , , , , , , , , , , , , , , , , , , , , , , , , , , , , , , , , , , , , , , , , , , , , , , , , , , , , , , , , , , , , , , , , , , , , , , , , , , , , , , , , , , , , , , , , , , , , , , , , , , , , , , , , , , , , , , , , , , , , , , , , , , , , , , , , , , , , , , , , , , , , , , , , , , , , , , , , , , , , , , , , , , , , , , , , , , , , , , , , , , , , , , , , , , , , , , , , , , , , , , , , , , , , , , , , , , , , , , , , , , , , , , , , , , , , , , , , , , , , , , , , , , , , , , , , , , , , , , , , , , , , , , , , , , , , , , , , , , , , 
115.0,115.0,1,115.000,16/03/2026 20:15:21,39.486,,14.45, 15.45, 16.36,46.25, -1.48, 0.99,21.679, 18.957, 17.911, 16.347, 15.823, 15.161, 14.638, 14.561, 14.667, 14.876, 15.003, 15.120, 15.181, 15.273, 15.340, 15.453, 15.542, 15.652, 15.695, 15.709, 15.679, 15.611, 15.475, 15.422, 15.377, 15.188, 15.035, 15.046, 14.886, 14.770, 14.818, 14.583, 14.656, 14.464, 14.539, 14.423, 14.485, 14.407, 14.497, 14.473, 14.619, 14.593, 14.777, 14.760, 14.913, 14.961, 14.961, 15.086, 15.004, 15.051, 15.059, 14.975, 15.044, 15.011, 14.900, 15.006, 15.041, 14.921, 14.980, 15.132, 15.070, 14.997, 15.118, 15.222, 15.189, 15.124, 15.064, 15.117, 15.081, 15.022, 15.059, 15.066, 14.958, 14.901, 14.918, 14.979, 14.993, 14.904, 14.806, 14.805, 14.856, 14.907, 14.892, 14.848, 14.833, 14.866, 14.929, 14.975, 15.005, 15.023, 15.062, 15.062, 15.040, 15.035, 15.055, 15.106, 15.181, 15.190, 15.118, 14.998, 14.889, 14.852, 14.865, 14.873, 14.684, 14.215, 13.695, 13.335, 13.122, 13.014, 13.041, 13.184, 13.459, 13.737, 13.949, 14.056, 14.062, 14.030, 14.067, 14.175, 14.332, 14.527, 14.719, 14.854, 14.893, 14.850, 14.780, 14.704, 14.680, 14.705, 14.809, 14.923, 15.035, 15.091, 15.094, 15.048, 14.950, 14.821, 14.702, 14.615, 14.608, 14.639, 14.732, 14.833, 14.909, 14.947, 14.821, 14.756, 14.636, 14.463, 14.247, 13.942, 13.471, 12.653, 11.511, 10.648, 10.316, 10.297, 10.400, 10.563, 10.739, 10.891, 10.975, 11.050, 11.111, 11.179, 11.269, 11.411, 11.629, 11.904, 12.228, 12.594, 12.957, 13.342, 13.695, 13.969, 14.191, 14.298, 14.314, 14.282, 14.155, 14.035, 13.868, 13.746, 13.633, 13.554, 13.470, 13.458, 13.610, 13.813, 14.000, 14.179, 14.440, 14.639, 14.779, 14.849, 14.854, 14.679, 14.446, 14.256, 13.941, 13.741, 13.479, 13.265, 12.966, 12.756, 12.564, 12.351, 12.209, 12.195, 12.283, 12.341, 12.469, 12.687, 12.791, 13.192, 16.3,940106.0,1190316.0,839431.92,71700.50,3816.68,20184.41,600.93,27663.28,304.65,711.02,40.51,505.05,24.99,3574.43,40.26,2556.17,29.02,2740.77,78.54,51.85,7.90,194.09,21.65,724.35,19.26,29328.61,189.31,0.00,140.13,0.00,17.41,23.17,2.74,78.47,2.93,25.31,1.59,0.00,5.51,69.62,1.26,187.25,2.05,12.50,0.95,160.81,1.98,4.04,1.15,0.00,58.43,0.00,475.35,0.00,335.50,0.00,551.87,0.00,587.79,10.24,3.37,0.00,29.89,22.84,1.68,31.51,4.23,0.00,155.86,7.78,1.56,275689.01,118899.20,6329.11,38137.69,1135.43,59181.02,651.75,1629.21,92.82,1261.06,62.40,4305.77,48.50,3576.61,40.60,4572.96,131.04,92.56,14.10,283.67,31.64,1040.77,27.67,41932.40,270.66,0.00,178.17,0.00,22.16,29.00,3.43,97.67,3.65,33.42,2.10,0.00,7.74,76.14,1.38,221.44,2.42,15.87,1.21,217.22,2.67,4.74,1.35,0.00,77.91,0.00,510.58,0.00,383.25,0.00,700.61,0.00,703.64,12.02,3.96,0.00,32.27,24.60,1.81,35.13,4.72,0.00,177.35,8.83,1.77
115.5,115.5,1,115.500,16/03/2026 20:16:04,38.688, , , , , , , , , , , , , , , , , , , , , , , , , , , , , , , , , , , , , , , , , , , , , , , , , , , , , , , , , , , , , , , , , , , , , , , , , , , , , , , , , , , , , , , , , , , , , , , , , , , , , , , , , , , , , , , , , , , , , , , , , , , , , , , , , , , , , , , , , , , , , , , , , , , , , , , , , , , , , , , , , , , , , , , , , , , , , , , , , , , , , , , , , , , , , , , , , , , , , , , , , , , , , , , , , , , , , , , , , , , , , , , , , , , , , , , , , , , , , , , , , , , , , , , , , , , , , , , , , , , , , , , , , , , , , , , , , , , , , , , , , , , , , , , , , , , , , , , , , , , , , , , , , , , , , , , , , , , , , , , , , , , , , , , , , , , , , , , , , , , , , , , , , , , , , , , , , , , , , , , , , , , , 
116.0,116.0,1,116.000,16/03/2026 20:16:22,42.326,,14.32, 15.34, 16.47,46.10, -1.61, 0.50,21.466, 18.658, 17.837, 16.804, 15.910, 15.199, 14.728, 14.713, 14.809, 14.986, 15.096, 15.235, 15.276, 15.314, 15.396, 15.460, 15.541, 15.593, 15.580, 15.590, 15.601, 15.570, 15.412, 15.194, 15.085, 15.050, 14.886, 14.664, 14.702, 14.523, 14.400, 14.413, 14.174, 14.260, 14.056, 14.163, 13.990, 14.141, 13.979, 14.193, 14.082, 14.249, 14.304, 14.264, 14.544, 14.381, 14.529, 14.630, 14.400, 14.637, 14.553, 14.342, 14.617, 14.507, 14.234, 14.535, 14.601, 14.236, 14.380, 14.714, 14.488, 14.247, 14.580, 14.759, 14.478, 14.333, 14.654, 14.883, 14.606, 14.312, 14.515, 14.745, 14.559, 14.186, 14.187, 14.537, 14.714, 14.432, 14.084, 14.063, 14.389, 14.619, 14.484, 14.141, 13.973, 14.176, 14.534, 14.690, 14.538, 14.267, 14.145, 14.300, 14.591, 14.768, 14.671, 14.428, 14.248, 14.262, 14.407, 14.576, 14.625, 14.500, 14.220, 13.917, 13.550, 13.159, 12.879, 12.732, 12.596, 12.330, 12.064, 11.954, 12.094, 12.470, 12.947, 13.381, 13.601, 13.611, 13.482, 13.311, 13.223, 13.299, 13.507, 13.825, 14.158, 14.382, 14.493, 14.413, 14.213, 13.980, 13.778, 13.704, 13.768, 13.926, 14.134, 14.358, 14.487, 14.525, 14.404, 14.222, 13.971, 13.718, 13.538, 13.452, 13.486, 13.608, 13.624, 13.809, 13.953, 13.968, 13.854, 13.519, 12.883, 11.769, 10.327, 9.166, 8.641, 8.491, 8.569, 8.798, 9.137, 9.481, 9.827, 10.135, 10.373, 10.560, 10.668, 10.750, 10.809, 10.868, 10.952, 11.113, 11.333, 11.589, 11.907, 12.215, 12.549, 12.823, 13.089, 13.268, 13.392, 13.426, 13.387, 13.330, 13.222, 13.068, 12.831, 12.654, 12.525, 12.472, 12.431, 12.468, 12.583, 12.702, 12.887, 13.036, 13.115, 13.075, 13.073, 13.064, 12.987, 12.896, 12.807, 12.620, 12.394, 12.046, 11.782, 11.460, 11.246, 11.006, 10.779, 10.582, 10.504, 10.378, 10.476, 10.564, 16.4,941400.0,1154823.0,872653.88,53146.97,3727.60,15041.64,547.30,22065.65,269.24,502.40,38.37,377.41,24.38,2305.78,33.41,3099.86,31.17,2550.35,76.41,30.20,7.58,0.00,76.10,740.57,19.28,26799.09,173.80,0.00,135.26,0.00,18.92,23.26,2.74,78.16,2.94,20.97,1.41,4.20,0.60,64.19,1.19,204.03,2.14,9.73,0.91,144.83,1.89,0.00,32.62,0.00,58.32,0.00,484.56,0.00,336.06,0.00,545.54,97.19,11.01,24.77,3.68,0.00,29.27,14.85,1.52,0.00,144.42,0.00,161.68,0.00,75.76,217497.16,88132.33,6181.39,28420.62,1034.10,47205.81,575.99,1151.18,87.92,942.36,60.87,2777.55,40.25,4337.34,43.61,4255.24,127.49,53.91,13.53,0.00,111.22,1064.08,27.70,38315.83,248.49,0.00,171.98,0.00,24.08,29.12,3.43,97.29,3.66,27.69,1.86,5.90,0.84,70.20,1.30,241.29,2.53,12.36,1.16,195.63,2.55,0.00,38.24,0.00,77.77,0.00,520.47,0.00,383.89,0.00,692.57,116.35,13.18,29.08,4.32,0.00,31.60,16.00,1.64,0.00,161.00,0.00,183.98,0.00,85.94
116.5,116.5,1,116.500,16/03/2026 20:17:05,42.987, , , , , , , , , , , , , , , , , , , , , , , , , , , , , , , , , , , , , , , , , , , , , , , , , , , , , , , , , , , , , , , , , , , , , , , , , , , , , , , , , , , , , , , , , , , , , , , , , , , , , , , , , , , , , , , , , , , , , , , , , , , , , , , , , , , , , , , , , , , , , , , , , , , , , , , , , , , , , , , , , , , , , , , , , , , , , , , , , , , , , , , , , , , , , , , , , , , , , , , , , , , , , , , , , , , , , , , , , , , , , , , , , , , , , , , , , , , , , , , , , , , , , , , , , , , , , , , , , , , , , , , , , , , , , , , , , , , , , , , , , , , , , , , , , , , , , , , , , , , , , , , , , , , , , , , , , , , , , , , , , , , , , , , , , , , , , , , , , , , , , , , , , , , , , , , , , , , , , , , , , , , , 
117.0,117.0,1,117.000,16/03/2026 20:17:22,66.925,,12.87, 13.83, 14.68,43.99, -1.80, 0.87,15.743, 15.338, 15.609, 14.138, 13.712, 13.295, 12.987, 12.900, 13.096, 13.342, 13.459, 13.598, 13.648, 13.750, 13.865, 13.921, 14.022, 14.091, 14.088, 14.087, 14.063, 14.001, 13.890, 13.751, 13.626, 13.527, 13.404, 13.223, 13.204, 13.084, 12.950, 12.938, 12.753, 12.776, 12.649, 12.680, 12.589, 12.669, 12.582, 12.722, 12.691, 12.788, 12.895, 12.874, 13.070, 13.038, 13.089, 13.169, 13.077, 13.152, 13.097, 13.015, 13.101, 13.022, 12.933, 13.044, 13.027, 12.921, 13.029, 13.094, 13.017, 13.027, 13.127, 13.126, 13.071, 13.122, 13.186, 13.167, 13.057, 13.115, 13.191, 13.124, 12.940, 12.942, 13.077, 13.133, 13.027, 12.901, 12.883, 12.980, 12.988, 12.915, 12.846, 12.854, 12.939, 13.008, 13.008, 12.964, 12.969, 13.037, 13.137, 13.168, 13.117, 13.028, 13.030, 13.107, 13.216, 13.237, 13.158, 12.996, 12.844, 12.809, 12.832, 12.819, 12.555, 12.004, 11.424, 11.035, 10.832, 10.732, 10.765, 10.910, 11.168, 11.431, 11.635, 11.772, 11.843, 11.890, 11.971, 12.092, 12.231, 12.396, 12.559, 12.671, 12.742, 12.762, 12.757, 12.743, 12.745, 12.750, 12.773, 12.814, 12.848, 12.873, 12.899, 12.890, 12.869, 12.833, 12.783, 12.725, 12.676, 12.621, 12.578, 12.551, 12.541, 12.553, 12.383, 12.375, 12.348, 12.294, 12.163, 11.923, 11.425, 10.458, 9.176, 8.136, 7.648, 7.482, 7.471, 7.570, 7.750, 7.949, 8.160, 8.386, 8.626, 8.866, 9.094, 9.327, 9.551, 9.763, 9.988, 10.213, 10.421, 10.616, 10.806, 10.979, 11.121, 11.276, 11.376, 11.464, 11.538, 11.595, 11.667, 11.711, 11.738, 11.731, 11.684, 11.625, 11.645, 11.651, 11.599, 11.583, 11.608, 11.583, 11.551, 11.522, 11.447, 11.282, 11.184, 11.086, 11.014, 10.951, 10.908, 10.842, 10.703, 10.685, 10.526, 10.397, 10.264, 10.132, 9.987, 9.936, 9.789, 9.679, 9.743, 9.776, 16.4,946757.0,1184687.0,866703.49,47916.91,3499.64,16245.98,541.78,30267.12,310.65,343.63,34.74,504.09,24.01,3113.66,36.29,2677.68,28.53,2335.44,72.03,67.94,7.76,74.72,18.91,613.16,17.31,28508.85,176.02,0.00,135.13,0.00,13.81,37.45,2.89,111.47,3.32,23.53,1.39,0.00,5.69,64.21,1.15,167.82,1.85,14.86,0.93,120.90,1.69,0.00,31.04,0.00,54.60,41.70,9.86,0.00,316.30,0.00,527.03,0.00,554.30,15.46,3.50,0.00,29.27,14.73,1.44,15.15,4.12,0.00,153.66,0.00,64.13,230982.31,79459.45,5803.37,30696.17,1023.67,64751.51,664.58,787.38,79.60,1258.66,59.95,3750.73,43.72,3746.63,39.92,3896.67,120.18,121.29,13.85,109.21,27.64,881.01,24.87,40760.35,251.66,0.00,171.82,0.00,17.57,46.88,3.62,138.75,4.13,31.07,1.84,0.00,8.00,70.22,1.26,198.46,2.19,18.87,1.18,163.31,2.28,0.00,36.39,0.00,72.81,44.79,10.59,0.00,361.32,0.00,669.07,0.00,663.55,18.15,4.11,0.00,31.60,15.87,1.55,16.89,4.59,0.00,174.85,0.00,72.75
117.5,117.5,1,117.500,16/03/2026 20:18:05,33.593,1157883.468, , , , , , , , , , , , , , , , , , , , , , , , , , , , , , , , , , , , , , , , , , , , , , , , , , , , , , , , , , , , , , , , , , , , , , , , , , , , , , , , , , , , , , , , , , , , , , , , , , , , , , , , , , , , , , , , , , , , , , , , , , , , , , , , , , , , , , , , , , , , , , , , , , , , , , , , , , , , , , , , , , , , , , , , , , , , , , , , , , , , , , , , , , , , , , , , , , , , , , , , , , , , , , , , , , , , , , , , , , , , , , , , , , , , , , , , , , , , , , , , , , , , , , , , , , , , , , , , , , , , , , , , , , , , , , , , , , , , , , , , , , , , , , , , , , , , , , , , , , , , , , , , , , , , , , , , , , , , , , , , , , , , , , , , , , , , , , , , , , , , , , , , , , , , , , , , , , , , , , , , , , , 
118.0,118.0,1,118.000,16/03/2026 20:18:23,25.258,,13.81, 14.82, 15.52,45.39, -1.77, 1.36,18.653, 17.025, 16.286, 15.152, 14.330, 13.834, 13.693, 13.655, 13.806, 14.036, 14.222, 14.381, 14.476, 14.568, 14.716, 14.796, 14.940, 15.036, 15.065, 15.067, 15.038, 14.995, 14.914, 14.813, 14.691, 14.552, 14.426, 14.310, 14.244, 14.108, 14.051, 13.924, 13.853, 13.774, 13.742, 13.699, 13.687, 13.671, 13.708, 13.715, 13.825, 13.812, 13.971, 13.992, 14.093, 14.203, 14.143, 14.252, 14.256, 14.181, 14.246, 14.203, 14.135, 14.186, 14.137, 14.087, 14.176, 14.171, 14.094, 14.183, 14.301, 14.196, 14.159, 14.305, 14.433, 14.289, 14.127, 14.232, 14.365, 14.307, 14.148, 14.140, 14.246, 14.282, 14.173, 14.045, 14.092, 14.200, 14.205, 14.044, 13.914, 13.955, 14.123, 14.227, 14.185, 14.037, 13.963, 14.070, 14.265, 14.413, 14.395, 14.231, 14.106, 14.113, 14.269, 14.474, 14.567, 14.465, 14.255, 14.045, 13.967, 14.031, 14.155, 14.218, 13.994, 13.472, 12.896, 12.550, 12.422, 12.421, 12.508, 12.654, 12.838, 13.000, 13.137, 13.236, 13.296, 13.384, 13.503, 13.646, 13.778, 13.881, 13.944, 13.987, 14.010, 14.019, 14.057, 14.107, 14.183, 14.257, 14.303, 14.318, 14.299, 14.243, 14.189, 14.135, 14.086, 14.097, 14.112, 14.156, 14.236, 14.269, 14.291, 14.260, 14.197, 14.103, 13.773, 13.700, 13.609, 13.543, 13.455, 13.314, 12.983, 12.276, 11.209, 10.318, 9.865, 9.680, 9.585, 9.580, 9.647, 9.733, 9.851, 10.000, 10.176, 10.404, 10.686, 10.980, 11.286, 11.623, 11.942, 12.235, 12.501, 12.724, 12.890, 12.966, 13.023, 13.026, 13.014, 12.966, 12.941, 12.906, 12.905, 12.941, 13.010, 13.078, 13.102, 13.190, 13.382, 13.524, 13.642, 13.750, 13.838, 13.875, 13.823, 13.735, 13.571, 13.334, 13.073, 12.900, 12.696, 12.553, 12.415, 12.359, 12.258, 12.195, 12.118, 12.130, 12.131, 12.203, 12.332, 12.327, 12.407, 12.507, 12.723, 12.864, 16.4,928393.0,1213978.0,844796.14,55145.18,3654.02,18296.74,587.96,33374.43,339.62,429.37,37.46,313.52,23.79,4850.47,47.20,2870.37,31.03,3006.67,81.52,34.31,7.93,0.00,82.06,786.68,20.17,35352.28,223.47,0.00,157.95,0.00,16.48,23.04,2.84,101.42,3.31,34.53,1.75,0.00,5.83,103.55,1.56,184.97,2.09,23.36,1.12,128.97,1.88,9.28,1.23,0.00,58.21,0.00,473.45,0.00,330.24,44.97,10.41,47.83,11.55,0.00,48.94,0.00,28.41,22.99,1.77,0.00,151.57,18.89,3.72,0.00,74.49,266702.73,91445.92,6059.37,34571.01,1110.93,71399.08,726.56,983.84,85.83,782.83,59.40,5842.90,56.86,4016.24,43.42,5016.61,136.02,61.25,14.16,0.00,119.94,1130.33,28.98,50544.70,319.50,0.00,200.83,0.00,20.97,28.84,3.56,126.24,4.12,45.59,2.31,0.00,8.19,113.24,1.71,218.75,2.47,29.67,1.42,174.21,2.54,10.88,1.44,0.00,77.62,0.00,508.54,0.00,377.24,57.09,13.22,57.26,13.83,0.00,57.46,0.00,30.68,24.77,1.91,0.00,168.98,21.50,4.23,0.00,84.50
118.5,118.5,1,118.500,16/03/2026 20:19:06,26.980, , , , , , , , , , , , , , , , , , , , , , , , , , , , , , , , , , , , , , , , , , , , , , , , , , , , , , , , , , , , , , , , , , , , , , , , , , , , , , , , , , , , , , , , , , , , , , , , , , , , , , , , , , , , , , , , , , , , , , , , , , , , , , , , , , , , , , , , , , , , , , , , , , , , , , , , , , , , , , , , , , , , , , , , , , , , , , , , , , , , , , , , , , , , , , , , , , , , , , , , , , , , , , , , , , , , , , , , , , , , , , , , , , , , , , , , , , , , , , , , , , , , , , , , , , , , , , , , , , , , , , , , , , , , , , , , , , , , , , , , , , , , , , , , , , , , , , , , , , , , , , , , , , , , , , , , , , , , , , , , , , , , , , , , , , , , , , , , , , , , , , , , , , , , , , , , , , , , , , , , , , , , 
119.0,119.0,1,119.000,16/03/2026 20:19:32,27.505,,14.03, 15.09, 15.65,45.75, -1.90, 1.71,18.534, 16.834, 16.373, 14.581, 14.040, 13.852, 13.704, 13.654, 13.782, 14.162, 14.313, 14.534, 14.625, 14.765, 14.889, 15.016, 15.177, 15.288, 15.333, 15.354, 15.346, 15.259, 15.172, 15.139, 14.981, 14.770, 14.736, 14.590, 14.433, 14.427, 14.236, 14.205, 14.074, 14.020, 13.977, 13.917, 13.909, 13.926, 13.890, 14.023, 13.974, 14.147, 14.167, 14.247, 14.416, 14.385, 14.483, 14.563, 14.471, 14.536, 14.546, 14.429, 14.476, 14.510, 14.376, 14.385, 14.507, 14.455, 14.359, 14.490, 14.619, 14.500, 14.439, 14.601, 14.748, 14.612, 14.484, 14.594, 14.711, 14.699, 14.524, 14.440, 14.530, 14.646, 14.582, 14.426, 14.379, 14.465, 14.514, 14.464, 14.333, 14.286, 14.357, 14.484, 14.548, 14.494, 14.414, 14.399, 14.491, 14.639, 14.721, 14.687, 14.584, 14.524, 14.551, 14.660, 14.777, 14.810, 14.711, 14.544, 14.411, 14.363, 14.383, 14.395, 14.218, 13.766, 13.266, 12.919, 12.704, 12.565, 12.538, 12.633, 12.891, 13.189, 13.470, 13.670, 13.743, 13.744, 13.732, 13.740, 13.815, 13.949, 14.123, 14.300, 14.451, 14.541, 14.591, 14.549, 14.474, 14.385, 14.330, 14.308, 14.333, 14.404, 14.502, 14.603, 14.664, 14.698, 14.671, 14.584, 14.472, 14.329, 14.210, 14.112, 14.071, 14.094, 13.976, 14.045, 14.125, 14.161, 14.120, 13.912, 13.448, 12.522, 11.163, 10.028, 9.398, 9.127, 9.055, 9.146, 9.354, 9.635, 9.970, 10.319, 10.649, 10.965, 11.245, 11.488, 11.690, 11.853, 12.004, 12.130, 12.224, 12.344, 12.436, 12.556, 12.694, 12.834, 12.993, 13.154, 13.314, 13.466, 13.622, 13.748, 13.866, 13.929, 13.880, 13.821, 13.792, 13.769, 13.652, 13.543, 13.441, 13.330, 13.229, 13.112, 12.965, 12.818, 12.733, 12.701, 12.685, 12.768, 12.871, 12.984, 13.037, 13.061, 13.036, 13.091, 13.006, 12.916, 12.836, 12.740, 12.511, 12.341, 12.162, 12.089, 16.4,914892.0,1163961.0,844234.62,58316.33,3764.62,18072.38,593.85,32022.76,336.27,483.09,38.79,392.31,24.85,4592.22,46.54,2777.12,30.92,2626.88,78.42,0.00,25.98,187.18,22.12,1019.19,22.87,34586.52,222.74,0.00,154.66,0.00,19.78,82.80,3.97,89.59,3.23,34.55,1.66,0.00,5.58,92.46,1.48,157.04,1.91,15.10,1.04,146.65,1.97,12.12,1.24,0.00,58.17,0.00,479.98,0.00,338.37,43.43,10.98,0.00,601.14,0.00,60.94,0.00,29.67,15.63,1.62,0.00,147.72,0.00,162.66,0.00,67.35,267284.96,96704.56,6242.78,34147.09,1122.06,68507.41,719.39,1106.94,88.88,979.56,62.05,5531.81,56.06,3885.76,43.26,4382.93,130.84,0.00,46.38,273.57,32.33,1464.41,32.86,49449.86,318.46,0.00,196.65,0.00,25.17,103.65,4.97,111.51,4.02,45.62,2.19,0.00,7.84,101.11,1.62,185.72,2.26,19.18,1.32,198.09,2.66,14.21,1.45,0.00,77.57,0.00,515.55,0.00,386.53,55.14,13.94,0.00,719.63,0.00,71.55,0.00,32.04,16.84,1.75,0.00,164.68,0.00,185.09,0.00,76.40
119.5,119.5,1,119.500,16/03/2026 20:20:24,26.448, , , , , , , , , , , , , , , , , , , , , , , , , , , , , , , , , , , , , , , , , , , , , , , , , , , , , , , , , , , , , , , , , , , , , , , , , , , , , , , , , , , , , , , , , , , , , , , , , , , , , , , , , , , , , , , , , , , , , , , , , , , , , , , , , , , , , , , , , , , , , , , , , , , , , , , , , , , , , , , , , , , , , , , , , , , , , , , , , , , , , , , , , , , , , , , , , , , , , , , , , , , , , , , , , , , , , , , , , , , , , , , , , , , , , , , , , , , , , , , , , , , , , , , , , , , , , , , , , , , , , , , , , , , , , , , , , , , , , , , , , , , , , , , , , , , , , , , , , , , , , , , , , , , , , , , , , , , , , , , , , , , , , , , , , , , , , , , , , , , , , , , , , , , , , , , , , , , , , , , , , , , , 
120.0,120.0,1,120.000,16/03/2026 20:20:41,25.326,,14.50, 15.54, 16.29,46.36, -1.59, 1.35,21.360, 19.148, 17.891, 16.172, 15.281, 14.667, 14.371, 14.381, 14.509, 14.803, 14.940, 15.080, 15.143, 15.223, 15.343, 15.472, 15.579, 15.700, 15.739, 15.778, 15.823, 15.754, 15.578, 15.510, 15.524, 15.298, 15.085, 15.168, 14.948, 14.812, 14.923, 14.569, 14.769, 14.438, 14.648, 14.377, 14.604, 14.344, 14.664, 14.384, 14.802, 14.528, 14.884, 14.872, 14.859, 15.247, 14.928, 15.200, 15.285, 14.968, 15.260, 15.219, 14.953, 15.206, 15.188, 14.940, 15.159, 15.271, 15.031, 15.106, 15.379, 15.267, 15.088, 15.319, 15.554, 15.356, 15.119, 15.272, 15.516, 15.413, 15.155, 15.175, 15.381, 15.409, 15.214, 15.068, 15.199, 15.393, 15.336, 15.092, 14.925, 15.071, 15.382, 15.504, 15.305, 15.055, 15.018, 15.291, 15.639, 15.767, 15.589, 15.293, 15.132, 15.287, 15.651, 15.954, 15.956, 15.689, 15.293, 15.061, 15.113, 15.406, 15.687, 15.725, 15.335, 14.558, 13.800, 13.417, 13.439, 13.638, 13.911, 14.115, 14.225, 14.219, 14.156, 14.155, 14.256, 14.503, 14.844, 15.180, 15.413, 15.491, 15.416, 15.268, 15.115, 15.031, 15.093, 15.287, 15.567, 15.852, 16.038, 16.083, 15.982, 15.777, 15.523, 15.316, 15.164, 15.131, 15.247, 15.465, 15.716, 15.929, 16.087, 16.094, 15.984, 15.763, 15.271, 15.002, 14.759, 14.581, 14.472, 14.382, 14.152, 13.553, 12.581, 11.801, 11.449, 11.282, 11.135, 11.058, 10.947, 10.865, 10.808, 10.833, 10.942, 11.164, 11.477, 11.906, 12.408, 12.940, 13.459, 13.955, 14.355, 14.655, 14.827, 14.885, 14.806, 14.664, 14.494, 14.285, 14.078, 13.959, 13.871, 13.921, 14.016, 14.183, 14.373, 14.610, 14.981, 15.354, 15.625, 15.839, 16.035, 16.115, 16.069, 15.912, 15.664, 15.180, 14.735, 14.327, 13.927, 13.612, 13.377, 13.147, 12.974, 12.854, 12.872, 12.986, 13.104, 13.323, 13.575, 13.822, 14.199, 14.334, 14.732, 14.832, 16.5,820890.0,1028247.0,871949.54,35581.36,3804.57,17831.74,620.48,31677.08,348.49,338.56,39.99,0.00,414.25,4111.67,46.22,2968.73,33.59,2590.75,81.10,50.48,8.24,0.00,82.52,797.08,21.15,31428.37,211.05,0.00,157.34,0.00,20.58,53.19,3.59,108.20,3.61,43.60,1.98,0.00,4.99,98.97,1.58,167.90,2.05,14.71,1.09,145.63,2.03,3.97,1.23,0.00,60.51,0.00,504.58,0.00,348.63,0.00,580.37,0.00,614.69,0.00,67.33,8.27,1.44,30.23,1.90,0.00,149.41,0.00,166.89,0.00,72.56,221666.28,59003.71,6309.03,33692.41,1172.37,67767.88,745.54,775.76,91.63,0.00,1034.34,4952.94,55.68,4153.87,47.00,4322.65,135.31,90.12,14.71,0.00,120.61,1145.28,30.39,44934.52,301.75,0.00,200.06,0.00,26.19,66.58,4.49,134.68,4.49,57.57,2.61,0.00,7.01,108.23,1.73,198.56,2.42,18.68,1.38,196.71,2.74,4.65,1.44,0.00,80.69,0.00,541.98,0.00,398.25,0.00,736.79,0.00,735.85,0.00,79.05,8.93,1.55,32.56,2.05,0.00,166.57,0.00,189.90,0.00,82.31
120.5,120.5,1,120.500,16/03/2026 20:21:24,23.939, , , , , , , , , , , , , , , , , , , , , , , , , , , , , , , , , , , , , , , , , , , , , , , , , , , , , , , , , , , , , , , , , , , , , , , , , , , , , , , , , , , , , , , , , , , , , , , , , , , , , , , , , , , , , , , , , , , , , , , , , , , , , , , , , , , , , , , , , , , , , , , , , , , , , , , , , , , , , , , , , , , , , , , , , , , , , , , , , , , , , , , , , , , , , , , , , , , , , , , , , , , , , , , , , , , , , , , , , , , , , , , , , , , , , , , , , , , , , , , , , , , , , , , , , , , , , , , , , , , , , , , , , , , , , , , , , , , , , , , , , , , , , , , , , , , , , , , , , , , , , , , , , , , , , , , , , , , , , , , , , , , , , , , , , , , , , , , , , , , , , , , , , , , , , , , , , , , , , , , , , , , , 
121.0,121.0,1,121.000,16/03/2026 20:21:41,16.726,,12.18, 13.09, 13.60,42.90, -1.85, 1.59,15.959, 14.217, 14.187, 13.284, 12.455, 12.176, 11.791, 11.845, 11.992, 12.331, 12.426, 12.617, 12.696, 12.812, 12.956, 13.050, 13.179, 13.267, 13.327, 13.342, 13.325, 13.272, 13.171, 13.066, 12.969, 12.851, 12.735, 12.646, 12.558, 12.463, 12.396, 12.296, 12.246, 12.170, 12.160, 12.101, 12.127, 12.088, 12.152, 12.162, 12.261, 12.325, 12.372, 12.544, 12.529, 12.682, 12.749, 12.660, 12.838, 12.798, 12.644, 12.816, 12.791, 12.592, 12.730, 12.826, 12.625, 12.626, 12.848, 12.836, 12.699, 12.772, 12.951, 12.914, 12.809, 12.870, 12.982, 12.990, 12.860, 12.863, 12.964, 12.978, 12.843, 12.703, 12.783, 12.929, 12.957, 12.849, 12.722, 12.723, 12.831, 12.912, 12.890, 12.769, 12.721, 12.796, 12.935, 13.035, 13.043, 13.004, 12.957, 12.991, 13.070, 13.141, 13.182, 13.177, 13.135, 13.108, 13.100, 13.099, 13.097, 13.084, 13.034, 12.884, 12.529, 12.011, 11.565, 11.335, 11.258, 11.178, 11.135, 11.148, 11.273, 11.479, 11.722, 11.975, 12.181, 12.295, 12.377, 12.408, 12.433, 12.484, 12.548, 12.660, 12.785, 12.915, 13.039, 13.116, 13.133, 13.110, 13.052, 12.995, 12.936, 12.894, 12.896, 12.933, 12.997, 13.052, 13.103, 13.125, 13.087, 13.021, 12.927, 12.804, 12.711, 12.637, 12.502, 12.529, 12.533, 12.532, 12.495, 12.338, 11.931, 11.075, 9.877, 8.901, 8.379, 8.131, 8.046, 8.075, 8.183, 8.367, 8.581, 8.834, 9.107, 9.385, 9.660, 9.930, 10.183, 10.439, 10.668, 10.880, 11.059, 11.218, 11.351, 11.462, 11.559, 11.634, 11.710, 11.783, 11.874, 11.926, 12.001, 12.097, 12.186, 12.221, 12.220, 12.204, 12.264, 12.307, 12.279, 12.262, 12.237, 12.206, 12.127, 12.021, 11.902, 11.696, 11.533, 11.398, 11.291, 11.241, 11.219, 11.183, 11.153, 11.108, 11.063, 10.987, 10.966, 10.983, 10.865, 10.762, 10.799, 10.674, 10.690, 10.617, 16.7,688955.0,814089.0,869981.61,49788.27,4779.26,12591.28,643.02,25833.75,350.86,0.00,587.20,0.00,504.83,3335.02,48.35,2713.89,36.01,2342.56,86.92,44.76,8.97,0.00,89.63,1082.01,27.00,31571.83,247.27,0.00,174.76,0.00,21.36,36.56,3.65,107.59,3.98,43.11,1.95,0.00,7.35,87.42,1.65,134.96,2.04,14.24,1.18,90.34,1.88,5.88,1.38,14.57,2.31,101.93,12.40,62.24,8.30,0.00,650.18,0.00,691.06,0.00,71.63,5.40,1.51,10.75,1.73,0.00,168.60,0.00,187.50,0.00,80.01,220974.14,82562.68,7925.33,23790.75,1214.96,55267.04,750.61,0.00,1345.49,0.00,1260.51,4017.38,58.24,3797.29,50.39,3908.55,145.03,79.90,16.01,0.00,131.00,1554.67,38.79,45139.63,353.53,0.00,222.20,0.00,27.18,45.76,4.57,133.92,4.95,56.92,2.57,0.00,10.33,95.60,1.80,159.60,2.41,18.08,1.50,122.03,2.54,6.89,1.62,19.43,3.08,109.48,13.32,71.10,9.48,0.00,825.42,0.00,827.27,0.00,84.10,5.83,1.63,11.58,1.86,0.00,187.96,0.00,213.36,0.00,90.77
121.5,121.5,1,121.500,16/03/2026 20:22:24,6.283, , , , , , , , , , , , , , , , , , , , , , , , , , , , , , , , , , , , , , , , , , , , , , , , , , , , , , , , , , , , , , , , , , , , , , , , , , , , , , , , , , , , , , , , , , , , , , , , , , , , , , , , , , , , , , , , , , , , , , , , , , , , , , , , , , , , , , , , , , , , , , , , , , , , , , , , , , , , , , , , , , , , , , , , , , , , , , , , , , , , , , , , , , , , , , , , , , , , , , , , , , , , , , , , , , , , , , , , , , , , , , , , , , , , , , , , , , , , , , , , , , , , , , , , , , , , , , , , , , , , , , , , , , , , , , , , , , , , , , , , , , , , , , , , , , , , , , , , , , , , , , , , , , , , , , , , , , , , , , , , , , , , , , , , , , , , , , , , , , , , , , , , , , , , , , , , , , , , , , , , , , , , 
122.0,122.0,1,122.000,16/03/2026 20:35:57*,2.575,,5.16, 5.51, 6.02,28.14, -0.92, -0.10,8.022, 6.644, 6.755, 6.174, 6.117, 5.713, 5.563, 5.477, 5.445, 5.524, 5.523, 5.552, 5.550, 5.541, 5.597, 5.601, 5.593, 5.610, 5.613, 5.610, 5.568, 5.542, 5.525, 5.443, 5.391, 5.411, 5.319, 5.307, 5.313, 5.215, 5.286, 5.165, 5.247, 5.136, 5.228, 5.113, 5.237, 5.120, 5.255, 5.153, 5.281, 5.259, 5.268, 5.384, 5.292, 5.413, 5.414, 5.338, 5.458, 5.420, 5.353, 5.446, 5.406, 5.333, 5.409, 5.430, 5.348, 5.362, 5.430, 5.410, 5.380, 5.435, 5.450, 5.413, 5.404, 5.428, 5.579, 5.534, 5.477, 5.502, 5.565, 5.503, 5.402, 5.368, 5.453, 5.536, 5.555, 5.490, 5.463, 5.501, 5.566, 5.588, 5.535, 5.461, 5.423, 5.467, 5.530, 5.566, 5.560, 5.517, 5.497, 5.530, 5.569, 5.578, 5.592, 5.569, 5.565, 5.576, 5.608, 5.648, 5.679, 5.683, 5.653, 5.569, 5.439, 5.276, 5.145, 5.084, 5.054, 5.031, 5.025, 5.022, 5.044, 5.096, 5.162, 5.236, 5.286, 5.317, 5.336, 5.344, 5.341, 5.338, 5.347, 5.376, 5.417, 5.451, 5.486, 5.496, 5.501, 5.484, 5.464, 5.447, 5.421, 5.396, 5.392, 5.403, 5.410, 5.420, 5.418, 5.415, 5.377, 5.351, 5.306, 5.277, 5.254, 5.228, 5.195, 5.213, 5.225, 5.238, 5.240, 5.209, 5.126, 4.895, 4.554, 4.267, 4.106, 4.017, 3.974, 3.976, 4.014, 4.066, 4.132, 4.209, 4.298, 4.386, 4.466, 4.542, 4.612, 4.672, 4.724, 4.788, 4.812, 4.860, 4.906, 4.914, 4.952, 4.968, 5.006, 5.027, 5.059, 5.088, 5.132, 5.169, 5.181, 5.190, 5.168, 5.154, 5.140, 5.143, 5.110, 5.059, 5.053, 5.018, 4.966, 4.945, 4.883, 4.860, 4.811, 4.804, 4.777, 4.780, 4.767, 4.799, 4.809, 4.833, 4.833, 4.835, 4.735, 4.801, 4.727, 4.711, 4.717, 4.716, 4.786, 4.743, 16.9,404356.0,469727.0,906508.41,45240.04,9491.75,0.00,10774.32,12749.54,381.91,0.00,1738.26,0.00,1651.25,648.78,62.54,1599.18,44.29,2449.58,126.99,0.00,42.24,0.00,121.12,477.15,28.00,29690.00,397.43,0.00,242.52,0.00,37.24,0.00,27.63,87.98,5.29,31.59,2.67,0.00,11.05,75.96,2.28,146.46,3.23,22.31,1.82,178.03,3.83,13.40,2.13,19.28,3.46,0.00,891.65,0.00,633.44,0.00,1071.46,0.00,1128.97,0.00,112.16,7.72,2.33,14.25,2.72,0.00,275.04,40.33,6.53,0.00,127.73,153324.19,75020.46,15739.94,0.00,20357.68,27275.54,817.03,0.00,3982.99,0.00,4123.01,781.52,75.34,2237.58,61.97,4087.11,211.88,0.00,75.41,0.00,177.02,685.59,40.23,42449.09,568.22,0.00,308.36,0.00,47.39,0.00,34.59,109.51,6.58,41.71,3.53,0.00,15.53,83.07,2.49,173.20,3.82,28.33,2.31,240.48,5.17,15.71,2.50,25.71,4.61,0.00,957.73,0.00,723.60,0.00,1360.24,0.00,1351.49,0.00,131.68,8.34,2.52,15.35,2.93,0.00,306.63,45.89,7.43,0.00,144.90
