Exported at 18/03/2026 10:37:47, , , , , , , , , , , , , , , , , , , , , , , , , , , , , , , , , , , , , , , , , , , , , , , , , , , , , , , , , , , , , , , , , , , , , , , , , , , , , , , , , , , , , , , , , , , , , , , , , , , , , , , , , , , , , , , , , , , , , , , , , , , , , , , , , , , , , , , , , , , , , , , , , , , , , , , , , , , , , , , , , , , , , , , , , , , , , , , , , , , , , , , , , , , , , , , , , , , , , , , , , , , , , , , , , , , , , , , , , , , , , , , , , , , , , , , , , , , , , , , , , , , , , , , , , , , , , , , , , , , , , , , , , , , , , , , , , , , , , , , , , , , , , , , , , , , , , , , , , , , , , , , , , , , , , , , , , , , , , , , , , , , , , , , , , , , , , , , , , , , , , , , , , , , , , , , , , , , , , , , , , , , , , , , , , 
Core ID:,WAN1m12Mar26, , , , , , , , , , , , , , , , , , , , , , , , , , , , , , , , , , , , , , , , , , , , , , , , , , , , , , , , , , , , , , , , , , , , , , , , , , , , , , , , , , , , , , , , , , , , , , , , , , , , , , , , , , , , , , , , , , , , , , , , , , , , , , , , , , , , , , , , , , , , , , , , , , , , , , , , , , , , , , , , , , , , , , , , , , , , , , , , , , , , , , , , , , , , , , , , , , , , , , , , , , , , , , , , , , , , , , , , , , , , , , , , , , , , , , , , , , , , , , , , , , , , , , , , , , , , , , , , , , , , , , , , , , , , , , , , , , , , , , , , , , , , , , , , , , , , , , , , , , , , , , , , , , , , , , , , , , , , , , , , , , , , , , , , , , , , , , , , , , , , , , , , , , , , , , , , , , , , , , , , , , , , , , , , 
Comments:,, , , , , , , , , , , , , , , , , , , , , , , , , , , , , , , , , , , , , , , , , , , , , , , , , , , , , , , , , , , , , , , , , , , , , , , , , , , , , , , , , , , , , , , , , , , , , , , , , , , , , , , , , , , , , , , , , , , , , , , , , , , , , , , , , , , , , , , , , , , , , , , , , , , , , , , , , , , , , , , , , , , , , , , , , , , , , , , , , , , , , , , , , , , , , , , , , , , , , , , , , , , , , , , , , , , , , , , , , , , , , , , , , , , , , , , , , , , , , , , , , , , , , , , , , , , , , , , , , , , , , , , , , , , , , , , , , , , , , , , , , , , , , , , , , , , , , , , , , , , , , , , , , , , , , , , , , , , , , , , , , , , , , , , , , , , , , , , , , , , , , , , , , , , , , , , , , , , , , , , , , , , , , , , , 
XRF Measurement Mode:,Geochem(2), , , , , , , , , , , , , , , , , , , , , , , , , , , , , , , , , , , , , , , , , , , , , , , , , , , , , , , , , , , , , , , , , , , , , , , , , , , , , , , , , , , , , , , , , , , , , , , , , , , , , , , , , , , , , , , , , , , , , , , , , , , , , , , , , , , , , , , , , , , , , , , , , , , , , , , , , , , , , , , , , , , , , , , , , , , , , , , , , , , , , , , , , , , , , , , , , , , , , , , , , , , , , , , , , , , , , , , , , , , , , , , , , , , , , , , , , , , , , , , , , , , , , , , , , , , , , , , , , , , , , , , , , , , , , , , , , , , , , , , , , , , , , , , , , , , , , , , , , , , , , , , , , , , , , , , , , , , , , , , , , , , , , , , , , , , , , , , , , , , , , , , , , , , , , , , , , , , , , , , , , , , , , , , , 
Depth,Depth In Core,Section,Section Depth,Time Stamp,Magnetic Susceptibility,Mag Sus in Air,CIE XYZ Colour Space, , ,CIE L*a*b* Colour Space, , ,Reflectance (nm), , , , , , , , , , , , , , , , , , , , , , , , , , , , , , , , , , , , , , , , , , , , , , , , , , , , , , , , , , , , , , , , , , , , , , , , , , , , , , , , , , , , , , , , , , , , , , , , , , , , , , , , , , , , , , , , , , , , , , , , , , , , , , , , , , , , , , , , , , , , , , , , , , , , , , , , , , , , , , , , , , , , , , , , , , , , , , , , , , , , , , , , , , , , , , , , , , , , , , , , , , , , , , , , , , , , , , , ,XRF Total Live Time,XRF Total Counts,,XRF Elements(ppm), , , , , , , , , , , , , , , , , , , , , , , , , , , , , , , , , , , , , , , , , , , , , , , , , , , , , , , , , , , , , , , , , , , , ,XRF Oxides(ppm), , , , , , , , , , , , , , , , , , , , , , , , , , , , , , , , , , , , , , , , , , , , , , , , , , , , , , , , , , , , , , , , , , , , 
cm,cm,,cm,,x10^-5 SI,x10^-5 SI,X, Y, Z,L*, a*, b*,350,360,370,380,390,400,410,420,430,440,450,460,470,480,490,500,510,520,530,540,550,560,570,580,590,600,610,620,630,640,650,660,670,680,690,700,710,720,730,740,750,760,770,780,790,800,810,820,830,840,850,860,870,880,890,900,910,920,930,940,950,960,970,980,990,1000,1010,1020,1030,1040,1050,1060,1070,1080,1090,1100,1110,1120,1130,1140,1150,1160,1170,1180,1190,1200,1210,1220,1230,1240,1250,1260,1270,1280,1290,1300,1310,1320,1330,1340,1350,1360,1370,1380,1390,1400,1410,1420,1430,1440,1450,1460,1470,1480,1490,1500,1510,1520,1530,1540,1550,1560,1570,1580,1590,1600,1610,1620,1630,1640,1650,1660,1670,1680,1690,1700,1710,1720,1730,1740,1750,1760,1770,1780,1790,1800,1810,1820,1830,1840,1850,1860,1870,1880,1890,1900,1910,1920,1930,1940,1950,1960,1970,1980,1990,2000,2010,2020,2030,2040,2050,2060,2070,2080,2090,2100,2110,2120,2130,2140,2150,2160,2170,2180,2190,2200,2210,2220,2230,2240,2250,2260,2270,2280,2290,2300,2310,2320,2330,2340,2350,2360,2370,2380,2390,2400,2410,2420,2430,2440,2450,2460,2470,2480,2490,2500,Seconds,Beam 1,Beam 2,LE (Value),Mg (Value),Mg (Error),Al (Value),Al (Error),Si (Value),Si (Error),P (Value),P (Error),S (Value),S (Error),K (Value),K (Error),Ca (Value),Ca (Error),Ti (Value),Ti (Error),V (Value),V (Error),Cr (Value),Cr (Error),Mn (Value),Mn (Error),Fe (Value),Fe (Error),Co (Value),Co (Error),Ni (Value),Ni (Error),Cu (Value),Cu (Error),Zn (Value),Zn (Error),As (Value),As (Error),Se (Value),Se (Error),Rb (Value),Rb (Error),Sr (Value),Sr (Error),Y (Value),Y (Error),Zr (Value),Zr (Error),Nb (Value),Nb (Error),Mo (Value),Mo (Error),Ag (Value),Ag (Error),Cd (Value),Cd (Error),Sn (Value),Sn (Error),Sb (Value),Sb (Error),W (Value),W (Error),Hg (Value),Hg (Error),Pb (Value),Pb (Error),Bi (Value),Bi (Error),Th (Value),Th (Error),U (Value),U (Error),LE (Value),MgO (Value),MgO (Error),Al2O3 (Value),Al2O3 (Error),SiO2 (Value),SiO2 (Error),P2O5 (Value),P2O5 (Error),SO3 (Value),SO3 (Error),K2O (Value),K2O (Error),CaO (Value),CaO (Error),TiO2 (Value),TiO2 (Error),V2O5 (Value),V2O5 (Error),Cr2O3 (Value),Cr2O3 (Error),Mn2O3 (Value),Mn2O3 (Error),Fe2O3 (Value),Fe2O3 (Error),CoO (Value),CoO (Error),NiO (Value),NiO (Error),CuO (Value),CuO (Error),ZnO (Value),ZnO (Error),As2O3 (Value),As2O3 (Error),SeO2 (Value),SeO2 (Error),Rb2O (Value),Rb2O (Error),SrO (Value),SrO (Error),Y2O3 (Value),Y2O3 (Error),ZrO2 (Value),ZrO2 (Error),NbO (Value),NbO (Error),MoO2 (Value),MoO2 (Error),Ag2O (Value),Ag2O (Error),CdO (Value),CdO (Error),SnO2 (Value),SnO2 (Error),Sb2O3 (Value),Sb2O3 (Error),WO2 (Value),WO2 (Error),HgO (Value),HgO (Error),PbO (Value),PbO (Error),Bi2O3 (Value),Bi2O3 (Error),ThO2 (Value),ThO2 (Error),UO2 (Value),UO2 (Error)
3.5,3.5,1,3.500,16/03/2026 16:19:46,12.829,1157894.575, , , , , , , , , , , , , , , , , , , , , , , , , , , , , , , , , , , , , , , , , , , , , , , , , , , , , , , , , , , , , , , , , , , , , , , , , , , , , , , , , , , , , , , , , , , , , , , , , , , , , , , , , , , , , , , , , , , , , , , , , , , , , , , , , , , , , , , , , , , , , , , , , , , , , , , , , , , , , , , , , , , , , , , , , , , , , , , , , , , , , , , , , , , , , , , , , , , , , , , , , , , , , , , , , , , , , , , , , , , , , , , , , , , , , , , , , , , , , , , , , , , , , , , , , , , , , , , , , , , , , , , , , , , , , , , , , , , , , , , , , , , , , , , , , , , , , , , , , , , , , , , , , , , , , , , , , , , , , , , , , , , , , , , , , , , , , , , , , , , , , , , , , , , , , , , , , , , , , , , , , , , 
4.0,4.0,1,4.000,16/03/2026 16:19:46,12.761,,12.76, 13.26, 11.21,43.15, 1.06, 8.25,13.777, 11.959, 11.628, 10.888, 10.345, 9.820, 9.597, 9.556, 9.669, 9.963, 10.210, 10.374, 10.506, 10.675, 10.979, 11.394, 11.883, 12.216, 12.377, 12.923, 13.464, 13.514, 13.887, 14.143, 14.229, 14.455, 14.465, 14.755, 14.614, 15.026, 14.751, 15.186, 14.918, 15.134, 15.275, 14.962, 15.614, 15.020, 15.523, 15.596, 15.281, 15.892, 15.751, 15.615, 16.076, 16.051, 15.848, 16.047, 16.233, 16.060, 15.871, 16.095, 16.311, 16.011, 15.749, 16.115, 16.430, 16.084, 15.697, 16.020, 16.522, 16.345, 15.790, 15.723, 16.328, 16.666, 16.425, 15.917, 15.776, 16.274, 16.809, 16.679, 16.051, 15.627, 15.775, 16.347, 16.741, 16.562, 15.984, 15.463, 15.364, 15.770, 16.292, 16.483, 16.236, 15.765, 15.388, 15.355, 15.701, 16.185, 16.498, 16.488, 16.200, 15.811, 15.499, 15.373, 15.501, 15.751, 15.939, 15.963, 15.818, 15.519, 15.058, 14.407, 13.449, 12.404, 11.741, 11.581, 11.659, 11.749, 11.805, 11.752, 11.705, 11.676, 11.699, 11.885, 12.198, 12.664, 13.236, 13.823, 14.333, 14.711, 14.878, 14.844, 14.644, 14.347, 14.036, 13.825, 13.779, 13.920, 14.223, 14.633, 15.079, 15.463, 15.723, 15.796, 15.700, 15.404, 14.955, 14.419, 13.871, 13.406, 13.108, 13.024, 13.163, 13.481, 13.773, 14.217, 14.590, 14.800, 14.772, 14.342, 13.313, 11.562, 9.457, 7.875, 6.965, 6.387, 6.029, 5.893, 5.991, 6.283, 6.757, 7.354, 8.039, 8.751, 9.417, 10.043, 10.556, 10.981, 11.277, 11.494, 11.583, 11.566, 11.497, 11.374, 11.223, 11.085, 10.983, 10.899, 10.926, 11.029, 11.214, 11.477, 11.791, 12.167, 12.476, 12.798, 13.096, 13.316, 13.484, 13.580, 13.603, 13.525, 13.394, 13.171, 12.913, 12.503, 12.131, 11.710, 11.262, 10.876, 10.481, 10.112, 9.729, 9.437, 9.194, 8.979, 8.836, 8.669, 8.717, 8.732, 8.726, 8.960, 9.145, 9.298, 16.4,1023634.0,1074528.0,905264.59,43241.05,3520.34,10286.87,455.92,13097.77,193.88,294.37,31.72,87.06,20.06,1239.09,24.97,1229.19,18.55,1140.11,55.35,19.21,6.19,76.93,16.31,1393.88,23.64,22183.80,136.92,0.00,111.33,0.00,16.81,34.80,2.65,59.84,2.37,36.48,1.46,0.00,4.86,56.00,1.01,84.78,1.20,10.97,0.81,73.48,1.30,10.36,1.06,0.00,53.43,0.00,434.72,37.47,6.21,0.00,504.41,0.00,527.71,9.02,2.88,0.00,24.10,17.12,1.37,15.78,3.76,0.00,145.60,0.00,64.48,159578.55,71705.59,5837.69,19436.66,861.44,28020.52,414.77,674.51,72.68,217.38,50.09,1492.61,30.08,1719.89,25.96,1902.27,92.35,34.29,11.05,112.44,23.84,2002.78,33.97,31717.15,195.76,0.00,141.55,0.00,21.39,43.56,3.32,74.48,2.95,48.17,1.93,0.00,6.83,61.24,1.10,100.26,1.42,13.93,1.03,99.25,1.76,12.14,1.24,0.00,71.25,0.00,466.94,42.80,7.09,0.00,640.36,0.00,631.72,10.59,3.38,0.00,26.02,18.44,1.48,17.59,4.19,0.00,165.68,0.00,73.15
4.5,4.5,1,4.500,16/03/2026 16:19:46,13.559, , , , , , , , , , , , , , , , , , , , , , , , , , , , , , , , , , , , , , , , , , , , , , , , , , , , , , , , , , , , , , , , , , , , , , , , , , , , , , , , , , , , , , , , , , , , , , , , , , , , , , , , , , , , , , , , , , , , , , , , , , , , , , , , , , , , , , , , , , , , , , , , , , , , , , , , , , , , , , , , , , , , , , , , , , , , , , , , , , , , , , , , , , , , , , , , , , , , , , , , , , , , , , , , , , , , , , , , , , , , , , , , , , , , , , , , , , , , , , , , , , , , , , , , , , , , , , , , , , , , , , , , , , , , , , , , , , , , , , , , , , , , , , , , , , , , , , , , , , , , , , , , , , , , , , , , , , , , , , , , , , , , , , , , , , , , , , , , , , , , , , , , , , , , , , , , , , , , , , , , , , , , 
5.0,5.0,1,5.000,16/03/2026 16:19:46,12.304,,9.49, 9.77, 8.68,37.43, 1.65, 6.05,11.024, 10.402, 10.075, 8.575, 8.219, 7.864, 7.677, 7.574, 7.625, 7.802, 7.908, 8.037, 8.087, 8.171, 8.298, 8.477, 8.677, 8.936, 9.220, 9.512, 9.737, 9.935, 10.185, 10.362, 10.471, 10.653, 10.740, 10.872, 10.970, 11.085, 11.171, 11.280, 11.313, 11.449, 11.440, 11.580, 11.543, 11.640, 11.709, 11.708, 11.933, 11.925, 12.035, 12.263, 12.222, 12.377, 12.583, 12.509, 12.597, 12.812, 12.737, 12.724, 12.936, 12.963, 12.856, 12.972, 13.161, 13.125, 13.055, 13.195, 13.374, 13.341, 13.274, 13.376, 13.550, 13.624, 13.614, 13.612, 13.738, 13.877, 13.902, 13.834, 13.812, 13.847, 13.968, 14.063, 14.084, 14.028, 13.975, 13.949, 13.952, 14.003, 14.039, 14.039, 13.995, 13.982, 14.015, 14.095, 14.203, 14.248, 14.251, 14.224, 14.183, 14.162, 14.196, 14.231, 14.241, 14.174, 14.059, 13.912, 13.782, 13.667, 13.515, 13.201, 12.460, 11.429, 10.600, 10.128, 9.904, 9.788, 9.782, 9.843, 10.051, 10.360, 10.687, 11.035, 11.337, 11.605, 11.834, 12.042, 12.218, 12.389, 12.532, 12.668, 12.780, 12.879, 12.959, 13.041, 13.102, 13.144, 13.170, 13.190, 13.208, 13.198, 13.174, 13.141, 13.083, 13.018, 12.911, 12.814, 12.702, 12.584, 12.496, 12.451, 12.444, 12.451, 12.456, 12.456, 12.412, 12.288, 12.030, 11.507, 10.558, 9.004, 7.205, 5.986, 5.466, 5.294, 5.293, 5.431, 5.665, 5.957, 6.277, 6.609, 6.942, 7.254, 7.534, 7.785, 7.988, 8.195, 8.354, 8.533, 8.706, 8.907, 9.106, 9.341, 9.579, 9.823, 10.071, 10.305, 10.549, 10.729, 10.936, 11.097, 11.212, 11.293, 11.281, 11.201, 11.110, 10.993, 10.813, 10.618, 10.417, 10.237, 9.996, 9.806, 9.574, 9.382, 9.205, 9.029, 8.930, 8.844, 8.785, 8.810, 8.745, 8.700, 8.667, 8.630, 8.561, 8.451, 8.284, 8.113, 8.050, 7.660, 7.723, 7.749, 16.5,962005.0,966310.0,910343.55,47549.15,3824.74,10122.63,470.71,7626.35,157.15,185.81,31.95,0.00,481.95,395.87,22.27,720.37,15.92,777.95,51.85,27.19,6.40,0.00,63.63,4033.06,44.09,17870.56,118.95,0.00,103.92,0.00,15.43,10.67,2.21,46.59,2.21,20.54,1.34,0.00,5.36,47.33,0.95,73.23,1.14,12.85,0.83,72.50,1.31,0.00,30.10,0.00,54.65,0.00,445.32,0.00,314.67,28.16,9.05,0.00,532.83,15.09,3.10,0.00,32.17,20.58,1.44,0.00,136.13,0.00,151.51,0.00,67.38,149320.26,78849.60,6342.47,19126.33,889.39,16315.32,336.20,425.76,73.21,0.00,1203.38,476.87,26.83,1007.95,22.28,1298.00,86.51,48.54,11.43,0.00,93.00,5794.86,63.35,25550.32,170.07,0.00,132.13,0.00,19.64,13.36,2.77,57.99,2.75,27.12,1.77,0.00,7.53,51.76,1.04,86.60,1.35,16.32,1.05,97.93,1.77,0.00,35.28,0.00,72.87,0.00,478.32,0.00,359.46,35.75,11.49,0.00,637.85,17.72,3.64,0.00,34.74,22.17,1.55,0.00,151.76,0.00,172.40,0.00,76.44
5.5,5.5,1,5.500,16/03/2026 16:19:46,14.482, , , , , , , , , , , , , , , , , , , , , , , , , , , , , , , , , , , , , , , , , , , , , , , , , , , , , , , , , , , , , , , , , , , , , , , , , , , , , , , , , , , , , , , , , , , , , , , , , , , , , , , , , , , , , , , , , , , , , , , , , , , , , , , , , , , , , , , , , , , , , , , , , , , , , , , , , , , , , , , , , , , , , , , , , , , , , , , , , , , , , , , , , , , , , , , , , , , , , , , , , , , , , , , , , , , , , , , , , , , , , , , , , , , , , , , , , , , , , , , , , , , , , , , , , , , , , , , , , , , , , , , , , , , , , , , , , , , , , , , , , , , , , , , , , , , , , , , , , , , , , , , , , , , , , , , , , , , , , , , , , , , , , , , , , , , , , , , , , , , , , , , , , , , , , , , , , , , , , , , , , , , , 
6.0,6.0,1,6.000,16/03/2026 16:19:46,15.542,,11.45, 11.83, 9.46,40.94, 1.51, 9.58,10.832, 9.834, 9.266, 8.718, 8.277, 7.852, 7.695, 7.942, 8.049, 8.346, 8.558, 8.839, 8.973, 9.104, 9.379, 9.738, 10.129, 10.567, 11.007, 11.483, 11.878, 12.154, 12.551, 12.807, 12.939, 13.192, 13.248, 13.441, 13.413, 13.635, 13.506, 13.758, 13.563, 13.800, 13.712, 13.785, 13.913, 13.773, 14.015, 13.990, 14.004, 14.257, 14.231, 14.226, 14.513, 14.500, 14.361, 14.628, 14.688, 14.418, 14.501, 14.742, 14.565, 14.359, 14.559, 14.725, 14.546, 14.400, 14.558, 14.760, 14.691, 14.486, 14.519, 14.717, 14.860, 14.753, 14.610, 14.626, 14.796, 14.964, 14.959, 14.699, 14.545, 14.613, 14.804, 14.938, 14.877, 14.664, 14.501, 14.483, 14.583, 14.693, 14.690, 14.548, 14.394, 14.352, 14.456, 14.642, 14.785, 14.810, 14.704, 14.578, 14.508, 14.535, 14.604, 14.672, 14.684, 14.573, 14.373, 14.156, 14.018, 13.934, 13.811, 13.478, 12.661, 11.485, 10.543, 10.038, 9.815, 9.726, 9.732, 9.811, 10.036, 10.356, 10.713, 11.048, 11.351, 11.617, 11.864, 12.123, 12.365, 12.604, 12.824, 12.999, 13.135, 13.208, 13.244, 13.249, 13.247, 13.232, 13.238, 13.264, 13.304, 13.373, 13.437, 13.495, 13.520, 13.493, 13.416, 13.257, 13.076, 12.869, 12.668, 12.515, 12.415, 12.380, 12.391, 12.434, 12.466, 12.444, 12.297, 11.891, 10.971, 9.332, 7.325, 5.898, 5.255, 4.990, 4.909, 4.984, 5.152, 5.396, 5.687, 6.025, 6.385, 6.741, 7.132, 7.518, 7.889, 8.255, 8.600, 8.951, 9.277, 9.565, 9.827, 10.053, 10.227, 10.355, 10.451, 10.515, 10.549, 10.574, 10.600, 10.620, 10.630, 10.659, 10.634, 10.630, 10.685, 10.722, 10.758, 10.801, 10.827, 10.844, 10.813, 10.754, 10.664, 10.482, 10.270, 10.047, 9.793, 9.604, 9.358, 9.093, 8.804, 8.463, 8.194, 7.873, 7.657, 7.385, 7.141, 6.967, 6.719, 6.601, 6.607, 6.547, 16.5,980875.0,1015948.0,898757.55,42790.66,3621.26,9858.58,465.98,13664.05,201.05,213.51,31.38,0.00,447.28,2321.78,30.95,1518.47,20.66,1693.76,62.10,0.00,19.68,174.91,18.05,2255.41,31.10,26158.01,163.39,0.00,128.19,0.00,13.56,22.40,2.50,74.72,2.65,88.05,2.05,0.00,5.67,58.98,1.09,99.47,1.36,12.68,0.87,75.20,1.37,0.00,30.37,0.00,53.79,47.03,9.68,34.42,6.51,0.00,511.73,35.85,10.36,0.00,48.55,0.00,22.96,19.12,1.50,25.35,3.90,0.00,144.94,0.00,67.87,168669.13,70958.72,6005.05,18627.42,880.45,29231.98,430.11,489.23,71.90,0.00,1116.82,2796.83,37.28,2124.65,28.91,2826.03,103.61,0.00,35.13,255.64,26.38,3240.66,44.69,37399.25,233.61,0.00,162.99,0.00,17.26,28.04,3.13,93.01,3.30,116.25,2.71,0.00,7.97,64.50,1.19,117.63,1.61,16.10,1.10,101.58,1.85,0.00,35.60,0.00,71.73,50.52,10.40,39.32,7.44,0.00,649.65,42.92,12.40,0.00,57.00,0.00,24.79,20.60,1.62,28.26,4.35,0.00,164.93,0.00,76.99
6.5,6.5,1,6.500,16/03/2026 16:19:46,17.064, , , , , , , , , , , , , , , , , , , , , , , , , , , , , , , , , , , , , , , , , , , , , , , , , , , , , , , , , , , , , , , , , , , , , , , , , , , , , , , , , , , , , , , , , , , , , , , , , , , , , , , , , , , , , , , , , , , , , , , , , , , , , , , , , , , , , , , , , , , , , , , , , , , , , , , , , , , , , , , , , , , , , , , , , , , , , , , , , , , , , , , , , , , , , , , , , , , , , , , , , , , , , , , , , , , , , , , , , , , , , , , , , , , , , , , , , , , , , , , , , , , , , , , , , , , , , , , , , , , , , , , , , , , , , , , , , , , , , , , , , , , , , , , , , , , , , , , , , , , , , , , , , , , , , , , , , , , , , , , , , , , , , , , , , , , , , , , , , , , , , , , , , , , , , , , , , , , , , , , , , , , , 
7.0,7.0,1,7.000,16/03/2026 16:19:46,18.586,,12.84, 13.63, 12.46,43.70, -0.77, 5.83,16.279, 12.625, 12.401, 11.180, 10.728, 10.387, 10.354, 10.407, 10.664, 11.172, 11.417, 11.610, 11.705, 11.909, 12.184, 12.478, 12.764, 13.118, 13.413, 13.614, 13.881, 14.049, 13.979, 14.201, 14.104, 14.110, 14.092, 14.108, 13.988, 14.126, 13.876, 14.126, 13.733, 14.123, 13.730, 14.036, 13.945, 13.844, 14.145, 13.990, 14.029, 14.358, 14.186, 14.210, 14.645, 14.442, 14.328, 14.779, 14.663, 14.338, 14.623, 14.780, 14.465, 14.387, 14.655, 14.680, 14.484, 14.471, 14.661, 14.730, 14.644, 14.552, 14.657, 14.792, 14.814, 14.733, 14.631, 14.701, 14.831, 14.883, 14.810, 14.625, 14.573, 14.733, 14.866, 14.817, 14.679, 14.546, 14.531, 14.652, 14.758, 14.758, 14.639, 14.476, 14.425, 14.534, 14.763, 14.948, 14.989, 14.868, 14.712, 14.618, 14.664, 14.823, 15.029, 15.148, 15.117, 14.923, 14.677, 14.456, 14.367, 14.368, 14.398, 14.286, 13.748, 12.814, 11.918, 11.373, 11.089, 10.944, 10.922, 11.034, 11.316, 11.718, 12.149, 12.557, 12.845, 13.038, 13.179, 13.289, 13.390, 13.499, 13.635, 13.781, 13.945, 14.107, 14.286, 14.445, 14.558, 14.617, 14.642, 14.612, 14.549, 14.501, 14.430, 14.366, 14.302, 14.250, 14.238, 14.195, 14.181, 14.152, 14.163, 14.163, 14.183, 14.179, 14.186, 14.152, 14.106, 13.960, 13.702, 13.226, 12.311, 10.770, 8.848, 7.447, 6.834, 6.600, 6.568, 6.705, 6.947, 7.264, 7.628, 8.012, 8.414, 8.807, 9.161, 9.506, 9.828, 10.116, 10.383, 10.626, 10.847, 11.060, 11.245, 11.436, 11.600, 11.789, 11.963, 12.175, 12.400, 12.590, 12.781, 12.991, 13.115, 13.212, 13.209, 13.195, 13.254, 13.266, 13.212, 13.134, 13.043, 12.941, 12.763, 12.559, 12.316, 12.049, 11.795, 11.546, 11.289, 11.127, 10.993, 10.845, 10.688, 10.515, 10.414, 10.206, 10.040, 9.891, 9.698, 9.571, 9.444, 9.301, 9.320, 9.136, 16.4,945588.0,995181.0,889642.41,31614.26,3583.86,16650.82,584.84,24301.63,283.33,380.97,36.75,0.00,428.94,5011.44,47.44,2302.45,27.50,2604.93,76.80,36.38,7.83,0.00,80.91,519.25,16.74,26373.84,168.85,0.00,133.70,0.00,17.56,18.43,2.60,68.71,2.69,15.32,1.45,0.00,4.90,89.95,1.38,173.98,1.93,21.33,1.04,105.05,1.67,6.23,1.15,0.00,58.38,0.00,482.67,0.00,340.45,0.00,568.16,0.00,597.06,0.00,51.64,5.83,1.21,26.20,1.68,0.00,153.70,30.54,3.60,0.00,70.29,189550.60,52425.16,5943.03,31461.10,1105.03,51989.32,606.14,872.94,84.21,0.00,1071.02,6036.80,57.15,3221.60,38.48,4346.31,128.14,64.95,13.98,0.00,118.25,746.08,24.05,37707.83,241.41,0.00,170.00,0.00,22.35,23.07,3.25,85.52,3.35,20.23,1.91,0.00,6.89,98.37,1.51,205.75,2.28,27.09,1.32,141.90,2.26,7.30,1.35,0.00,77.85,0.00,518.44,0.00,388.91,0.00,721.29,0.00,714.74,0.00,60.63,6.30,1.31,28.22,1.81,0.00,171.35,34.75,4.10,0.00,79.74
7.5,7.5,1,7.500,16/03/2026 16:19:46,19.507, , , , , , , , , , , , , , , , , , , , , , , , , , , , , , , , , , , , , , , , , , , , , , , , , , , , , , , , , , , , , , , , , , , , , , , , , , , , , , , , , , , , , , , , , , , , , , , , , , , , , , , , , , , , , , , , , , , , , , , , , , , , , , , , , , , , , , , , , , , , , , , , , , , , , , , , , , , , , , , , , , , , , , , , , , , , , , , , , , , , , , , , , , , , , , , , , , , , , , , , , , , , , , , , , , , , , , , , , , , , , , , , , , , , , , , , , , , , , , , , , , , , , , , , , , , , , , , , , , , , , , , , , , , , , , , , , , , , , , , , , , , , , , , , , , , , , , , , , , , , , , , , , , , , , , , , , , , , , , , , , , , , , , , , , , , , , , , , , , , , , , , , , , , , , , , , , , , , , , , , , , , , 
8.0,8.0,1,8.000,16/03/2026 16:19:46,18.914,,11.70, 12.48, 11.77,41.98, -1.18, 4.69,13.764, 11.270, 10.890, 10.346, 9.836, 9.827, 9.825, 9.974, 10.145, 10.558, 10.803, 10.964, 11.032, 11.201, 11.479, 11.725, 11.980, 12.203, 12.379, 12.595, 12.725, 12.765, 12.813, 12.775, 12.798, 12.715, 12.665, 12.668, 12.582, 12.607, 12.535, 12.508, 12.502, 12.438, 12.519, 12.405, 12.521, 12.501, 12.497, 12.680, 12.600, 12.757, 12.857, 12.849, 12.986, 13.075, 13.080, 13.091, 13.156, 13.183, 13.073, 13.088, 13.205, 13.140, 13.013, 13.122, 13.254, 13.172, 13.083, 13.212, 13.338, 13.289, 13.214, 13.288, 13.381, 13.415, 13.440, 13.421, 13.430, 13.451, 13.451, 13.501, 13.449, 13.385, 13.314, 13.340, 13.461, 13.537, 13.483, 13.320, 13.162, 13.185, 13.346, 13.502, 13.539, 13.462, 13.343, 13.314, 13.405, 13.581, 13.739, 13.784, 13.730, 13.624, 13.549, 13.522, 13.577, 13.624, 13.631, 13.578, 13.481, 13.367, 13.207, 12.913, 12.300, 11.442, 10.722, 10.384, 10.285, 10.237, 10.229, 10.280, 10.438, 10.686, 10.959, 11.259, 11.525, 11.780, 12.020, 12.242, 12.458, 12.642, 12.793, 12.914, 12.991, 13.043, 13.078, 13.097, 13.120, 13.175, 13.235, 13.305, 13.385, 13.458, 13.502, 13.525, 13.506, 13.453, 13.363, 13.240, 13.108, 12.948, 12.843, 12.785, 12.773, 12.826, 12.811, 12.870, 12.909, 12.883, 12.719, 12.336, 11.533, 10.078, 8.264, 6.912, 6.260, 5.997, 5.912, 5.998, 6.191, 6.472, 6.799, 7.154, 7.536, 7.916, 8.284, 8.639, 8.962, 9.263, 9.540, 9.799, 10.036, 10.245, 10.448, 10.654, 10.809, 10.968, 11.112, 11.266, 11.387, 11.520, 11.637, 11.742, 11.832, 11.871, 11.815, 11.789, 11.855, 11.906, 11.880, 11.836, 11.838, 11.736, 11.669, 11.572, 11.399, 11.190, 10.980, 10.800, 10.645, 10.506, 10.416, 10.284, 10.135, 10.000, 9.904, 9.701, 9.498, 9.353, 9.181, 8.987, 8.884, 8.758, 8.658, 8.716, 16.4,899845.0,1011626.0,889066.70,25899.71,3559.39,18460.77,607.50,26447.06,298.73,289.33,36.06,0.00,424.15,5347.60,49.69,2493.82,29.30,2526.47,76.40,73.37,8.13,100.87,20.47,739.38,19.42,27985.39,179.42,0.00,140.61,0.00,19.41,22.33,2.76,102.52,3.28,24.22,1.33,0.00,4.84,93.67,1.45,174.27,1.97,17.49,1.02,114.80,1.73,0.00,33.55,0.00,58.74,0.00,481.00,0.00,339.76,0.00,557.89,0.00,586.13,0.00,60.85,0.00,29.69,0.00,41.53,20.26,4.29,0.00,159.99,0.00,78.44,191267.04,42948.86,5902.45,34880.94,1147.85,56579.12,639.08,662.96,82.63,0.00,1059.06,6441.74,59.86,3489.37,41.00,4215.40,127.47,130.98,14.51,147.43,29.92,1062.37,27.90,40011.94,256.52,0.00,178.78,0.00,24.70,27.95,3.45,127.61,4.08,31.98,1.76,0.00,6.80,102.44,1.59,206.09,2.33,22.21,1.30,155.07,2.34,0.00,39.33,0.00,78.33,0.00,516.65,0.00,388.12,0.00,708.25,0.00,701.66,0.00,71.44,0.00,32.06,0.00,44.74,22.59,4.78,0.00,182.05,0.00,88.98
8.5,8.5,1,8.500,16/03/2026 16:19:46,18.056,1157894.774, , , , , , , , , , , , , , , , , , , , , , , , , , , , , , , , , , , , , , , , , , , , , , , , , , , , , , , , , , , , , , , , , , , , , , , , , , , , , , , , , , , , , , , , , , , , , , , , , , , , , , , , , , , , , , , , , , , , , , , , , , , , , , , , , , , , , , , , , , , , , , , , , , , , , , , , , , , , , , , , , , , , , , , , , , , , , , , , , , , , , , , , , , , , , , , , , , , , , , , , , , , , , , , , , , , , , , , , , , , , , , , , , , , , , , , , , , , , , , , , , , , , , , , , , , , , , , , , , , , , , , , , , , , , , , , , , , , , , , , , , , , , , , , , , , , , , , , , , , , , , , , , , , , , , , , , , , , , , , , , , , , , , , , , , , , , , , , , , , , , , , , , , , , , , , , , , , , , , , , , , , , 
9.0,9.0,1,9.000,16/03/2026 16:19:46,16.600,,9.67, 10.26, 10.07,38.31, -0.63, 3.18,10.728, 10.361, 10.170, 9.222, 8.933, 8.691, 8.609, 8.711, 8.842, 9.083, 9.248, 9.355, 9.396, 9.497, 9.638, 9.803, 9.956, 10.099, 10.177, 10.269, 10.401, 10.421, 10.392, 10.470, 10.426, 10.407, 10.459, 10.376, 10.482, 10.385, 10.506, 10.394, 10.543, 10.413, 10.598, 10.496, 10.647, 10.654, 10.675, 10.849, 10.808, 10.997, 11.067, 11.108, 11.310, 11.317, 11.346, 11.520, 11.499, 11.462, 11.586, 11.646, 11.540, 11.558, 11.717, 11.726, 11.637, 11.716, 11.913, 11.944, 11.852, 11.882, 12.086, 12.170, 12.105, 12.061, 12.162, 12.341, 12.376, 12.349, 12.261, 12.335, 12.428, 12.439, 12.358, 12.336, 12.414, 12.493, 12.530, 12.462, 12.359, 12.347, 12.429, 12.552, 12.634, 12.645, 12.638, 12.635, 12.693, 12.796, 12.910, 12.992, 13.014, 13.022, 13.014, 13.017, 13.014, 13.019, 13.004, 12.977, 12.959, 12.925, 12.824, 12.536, 11.881, 10.947, 10.183, 9.846, 9.803, 9.814, 9.863, 9.936, 10.107, 10.345, 10.598, 10.875, 11.135, 11.415, 11.692, 11.971, 12.216, 12.437, 12.608, 12.721, 12.795, 12.832, 12.870, 12.932, 13.014, 13.102, 13.217, 13.319, 13.422, 13.490, 13.524, 13.508, 13.457, 13.368, 13.249, 13.116, 12.999, 12.904, 12.845, 12.860, 12.911, 12.992, 13.017, 13.063, 13.072, 12.987, 12.757, 12.269, 11.357, 9.805, 7.984, 6.705, 6.142, 5.958, 5.971, 6.127, 6.395, 6.727, 7.071, 7.432, 7.797, 8.132, 8.439, 8.715, 8.968, 9.187, 9.389, 9.602, 9.816, 10.050, 10.277, 10.504, 10.759, 10.997, 11.247, 11.482, 11.736, 11.925, 12.104, 12.256, 12.369, 12.381, 12.269, 12.164, 12.187, 12.186, 12.097, 12.005, 11.912, 11.778, 11.621, 11.455, 11.253, 11.031, 10.821, 10.604, 10.493, 10.456, 10.491, 10.440, 10.426, 10.299, 10.291, 10.153, 10.007, 9.899, 9.769, 9.661, 9.558, 9.228, 9.150, 9.198, 16.4,907426.0,1002328.0,870185.24,57671.38,3964.44,15803.50,588.51,21588.45,271.82,217.69,35.44,176.11,23.61,4967.51,48.57,2231.59,27.81,2637.98,78.65,0.00,24.74,0.00,71.05,420.50,15.45,23500.72,158.41,0.00,123.12,0.00,16.35,11.28,2.41,75.74,2.79,14.97,1.31,1.73,0.51,90.34,1.41,208.76,2.18,16.16,0.98,117.21,1.73,11.21,1.18,0.00,58.46,0.00,478.24,0.00,331.73,0.00,555.68,0.00,576.21,0.00,53.90,0.00,30.87,12.36,1.48,33.26,4.25,0.00,161.25,6.31,1.55,221056.43,95635.05,6574.13,29860.12,1111.97,46184.92,581.51,498.81,81.21,439.73,58.95,5983.88,58.51,3122.45,38.91,4401.45,131.23,0.00,44.17,0.00,103.84,604.19,22.20,33600.01,226.49,0.00,156.55,0.00,20.81,14.12,3.02,94.27,3.47,19.77,1.73,2.43,0.72,98.80,1.54,246.88,2.58,20.52,1.24,158.32,2.34,13.14,1.38,0.00,77.95,0.00,513.68,0.00,378.95,0.00,705.45,0.00,689.78,0.00,63.28,0.00,33.33,13.31,1.59,37.08,4.74,0.00,183.49,7.16,1.76
9.5,9.5,1,9.500,16/03/2026 16:19:46,16.464, , , , , , , , , , , , , , , , , , , , , , , , , , , , , , , , , , , , , , , , , , , , , , , , , , , , , , , , , , , , , , , , , , , , , , , , , , , , , , , , , , , , , , , , , , , , , , , , , , , , , , , , , , , , , , , , , , , , , , , , , , , , , , , , , , , , , , , , , , , , , , , , , , , , , , , , , , , , , , , , , , , , , , , , , , , , , , , , , , , , , , , , , , , , , , , , , , , , , , , , , , , , , , , , , , , , , , , , , , , , , , , , , , , , , , , , , , , , , , , , , , , , , , , , , , , , , , , , , , , , , , , , , , , , , , , , , , , , , , , , , , , , , , , , , , , , , , , , , , , , , , , , , , , , , , , , , , , , , , , , , , , , , , , , , , , , , , , , , , , , , , , , , , , , , , , , , , , , , , , , , , , , 
10.0,10.0,1,10.000,16/03/2026 16:19:46,18.846,,9.52, 10.13, 9.84,38.07, -0.85, 3.47,10.655, 9.710, 10.049, 8.578, 8.747, 8.425, 8.323, 8.385, 8.532, 8.862, 9.044, 9.196, 9.220, 9.282, 9.462, 9.616, 9.815, 9.998, 10.106, 10.161, 10.219, 10.301, 10.336, 10.302, 10.307, 10.295, 10.252, 10.254, 10.248, 10.243, 10.254, 10.237, 10.261, 10.247, 10.305, 10.297, 10.369, 10.384, 10.470, 10.526, 10.612, 10.703, 10.773, 10.904, 10.969, 11.064, 11.151, 11.160, 11.235, 11.280, 11.226, 11.286, 11.376, 11.292, 11.289, 11.438, 11.472, 11.382, 11.470, 11.640, 11.664, 11.549, 11.640, 11.832, 11.855, 11.770, 11.773, 11.942, 12.056, 12.057, 11.946, 11.896, 12.000, 12.108, 12.100, 11.995, 11.989, 12.039, 12.113, 12.109, 12.000, 11.958, 12.011, 12.122, 12.207, 12.236, 12.210, 12.198, 12.256, 12.389, 12.521, 12.582, 12.568, 12.517, 12.466, 12.498, 12.593, 12.656, 12.649, 12.573, 12.435, 12.304, 12.159, 11.960, 11.484, 10.751, 10.122, 9.792, 9.641, 9.499, 9.403, 9.406, 9.591, 9.922, 10.327, 10.742, 11.067, 11.318, 11.452, 11.531, 11.595, 11.664, 11.775, 11.952, 12.150, 12.376, 12.582, 12.749, 12.818, 12.821, 12.754, 12.677, 12.600, 12.536, 12.523, 12.554, 12.633, 12.718, 12.794, 12.841, 12.827, 12.756, 12.654, 12.538, 12.422, 12.339, 12.185, 12.131, 12.087, 12.035, 11.909, 11.616, 10.929, 9.625, 7.973, 6.761, 6.216, 6.015, 5.949, 5.995, 6.124, 6.287, 6.509, 6.748, 7.037, 7.340, 7.671, 8.027, 8.375, 8.740, 9.085, 9.434, 9.772, 10.064, 10.322, 10.542, 10.720, 10.876, 10.985, 11.072, 11.134, 11.191, 11.253, 11.304, 11.344, 11.347, 11.293, 11.260, 11.370, 11.514, 11.520, 11.555, 11.605, 11.609, 11.552, 11.455, 11.322, 11.114, 10.871, 10.664, 10.469, 10.294, 10.214, 10.064, 9.856, 9.700, 9.507, 9.326, 9.125, 8.982, 8.823, 8.737, 8.592, 8.592, 8.350, 8.477, 16.4,928829.0,1019400.0,865292.13,57685.50,3908.84,18539.71,611.00,22947.61,278.82,285.90,35.98,172.57,23.31,4939.14,48.05,2201.95,27.52,2015.85,71.54,22.79,7.44,0.00,71.06,685.11,18.71,24539.62,162.85,0.00,127.99,0.00,16.32,30.40,2.81,81.06,2.89,14.70,1.33,1.93,0.53,87.22,1.37,186.07,2.02,16.03,0.98,114.89,1.72,7.92,1.15,0.00,58.16,0.00,474.53,96.06,6.88,0.00,558.76,0.00,576.82,0.00,58.24,6.37,1.23,16.60,1.53,0.00,150.58,12.85,3.47,0.00,75.12,230182.19,95658.47,6481.93,35030.09,1154.46,49092.62,596.49,655.10,82.44,430.89,58.20,5949.71,57.88,3080.98,38.51,3363.43,119.36,40.68,13.28,0.00,103.86,984.39,26.88,35085.37,232.83,0.00,162.74,0.00,20.77,38.05,3.52,100.90,3.60,19.41,1.76,2.71,0.74,95.38,1.50,220.05,2.39,20.36,1.24,155.19,2.32,9.28,1.35,0.00,77.55,0.00,509.70,109.73,7.86,0.00,709.36,0.00,690.51,0.00,68.38,6.88,1.33,17.88,1.65,0.00,167.87,14.62,3.95,0.00,85.22
10.5,10.5,1,10.500,16/03/2026 16:19:46,21.099, , , , , , , , , , , , , , , , , , , , , , , , , , , , , , , , , , , , , , , , , , , , , , , , , , , , , , , , , , , , , , , , , , , , , , , , , , , , , , , , , , , , , , , , , , , , , , , , , , , , , , , , , , , , , , , , , , , , , , , , , , , , , , , , , , , , , , , , , , , , , , , , , , , , , , , , , , , , , , , , , , , , , , , , , , , , , , , , , , , , , , , , , , , , , , , , , , , , , , , , , , , , , , , , , , , , , , , , , , , , , , , , , , , , , , , , , , , , , , , , , , , , , , , , , , , , , , , , , , , , , , , , , , , , , , , , , , , , , , , , , , , , , , , , , , , , , , , , , , , , , , , , , , , , , , , , , , , , , , , , , , , , , , , , , , , , , , , , , , , , , , , , , , , , , , , , , , , , , , , , , , , , 
11.0,11.0,1,11.000,16/03/2026 16:19:46,19.776,,12.26, 13.07, 12.70,42.87, -1.17, 3.78,13.633, 12.491, 13.079, 11.921, 11.067, 10.962, 10.681, 10.902, 11.030, 11.446, 11.675, 11.805, 11.883, 12.017, 12.239, 12.447, 12.664, 12.908, 13.061, 13.202, 13.263, 13.302, 13.360, 13.316, 13.259, 13.276, 13.137, 13.147, 13.104, 13.016, 13.065, 12.912, 12.996, 12.852, 12.961, 12.872, 12.918, 12.972, 12.922, 13.100, 13.059, 13.197, 13.278, 13.336, 13.449, 13.513, 13.574, 13.586, 13.621, 13.687, 13.591, 13.592, 13.725, 13.630, 13.508, 13.694, 13.791, 13.591, 13.565, 13.827, 13.925, 13.675, 13.615, 13.931, 14.122, 13.876, 13.634, 13.778, 14.148, 14.219, 13.890, 13.615, 13.727, 14.074, 14.207, 13.952, 13.617, 13.559, 13.803, 14.077, 14.049, 13.787, 13.529, 13.498, 13.735, 14.036, 14.167, 14.066, 13.845, 13.688, 13.728, 13.945, 14.202, 14.348, 14.301, 14.085, 13.868, 13.724, 13.739, 13.841, 13.981, 14.039, 13.930, 13.593, 12.920, 12.026, 11.337, 11.075, 11.104, 11.159, 11.230, 11.275, 11.359, 11.507, 11.668, 11.890, 12.121, 12.371, 12.629, 12.872, 13.066, 13.221, 13.314, 13.372, 13.389, 13.420, 13.421, 13.452, 13.504, 13.577, 13.656, 13.718, 13.778, 13.834, 13.851, 13.828, 13.794, 13.738, 13.644, 13.550, 13.448, 13.345, 13.283, 13.237, 13.257, 13.307, 13.337, 13.365, 13.392, 13.328, 13.175, 12.830, 12.138, 10.862, 9.199, 7.966, 7.365, 7.137, 7.104, 7.201, 7.432, 7.693, 8.009, 8.336, 8.663, 8.996, 9.318, 9.630, 9.932, 10.195, 10.438, 10.679, 10.894, 11.076, 11.246, 11.414, 11.551, 11.703, 11.834, 11.981, 12.104, 12.223, 12.350, 12.471, 12.588, 12.648, 12.651, 12.628, 12.693, 12.768, 12.751, 12.728, 12.685, 12.610, 12.518, 12.426, 12.234, 11.977, 11.763, 11.576, 11.405, 11.249, 11.190, 11.062, 10.980, 10.879, 10.805, 10.698, 10.601, 10.467, 10.464, 10.394, 10.210, 10.239, 10.332, 10.198, 16.4,953701.0,1090066.0,886779.33,48330.52,3786.03,13095.88,528.37,16779.71,231.67,460.53,36.71,246.68,23.02,2631.19,34.34,1516.55,21.97,2012.53,68.84,0.00,20.87,131.36,18.79,702.97,18.41,26678.08,172.49,0.00,134.04,0.00,18.18,35.71,2.90,92.12,3.03,41.67,1.74,0.00,5.66,83.66,1.33,144.13,1.72,14.42,0.96,118.73,1.69,4.79,1.12,0.00,55.88,0.00,468.57,0.00,326.44,0.00,543.01,55.88,10.75,0.00,59.12,0.00,32.08,25.34,1.67,18.20,4.26,0.00,157.68,0.00,74.01,191227.48,80145.33,6278.28,24744.18,998.34,35897.42,495.62,1055.24,84.12,615.94,57.48,3169.54,41.37,2121.97,30.74,3357.89,114.86,0.00,37.26,191.99,27.46,1010.06,26.45,38142.82,246.62,0.00,170.43,0.00,23.14,44.70,3.63,114.66,3.77,55.02,2.30,0.00,7.95,91.49,1.45,170.45,2.03,18.31,1.22,160.38,2.28,5.61,1.31,0.00,74.51,0.00,503.30,0.00,372.90,0.00,689.36,66.89,12.87,0.00,69.41,0.00,34.64,27.30,1.80,20.29,4.75,0.00,179.42,0.00,83.96
11.5,11.5,1,11.500,16/03/2026 16:19:46,19.045, , , , , , , , , , , , , , , , , , , , , , , , , , , , , , , , , , , , , , , , , , , , , , , , , , , , , , , , , , , , , , , , , , , , , , , , , , , , , , , , , , , , , , , , , , , , , , , , , , , , , , , , , , , , , , , , , , , , , , , , , , , , , , , , , , , , , , , , , , , , , , , , , , , , , , , , , , , , , , , , , , , , , , , , , , , , , , , , , , , , , , , , , , , , , , , , , , , , , , , , , , , , , , , , , , , , , , , , , , , , , , , , , , , , , , , , , , , , , , , , , , , , , , , , , , , , , , , , , , , , , , , , , , , , , , , , , , , , , , , , , , , , , , , , , , , , , , , , , , , , , , , , , , , , , , , , , , , , , , , , , , , , , , , , , , , , , , , , , , , , , , , , , , , , , , , , , , , , , , , , , , , , 
12.0,12.0,1,12.000,16/03/2026 16:19:46,19.375,,11.02, 11.79, 11.43,40.88, -1.36, 3.71,11.896, 11.555, 10.937, 10.317, 9.926, 9.838, 9.663, 9.682, 9.909, 10.259, 10.477, 10.646, 10.719, 10.871, 11.097, 11.303, 11.500, 11.734, 11.823, 11.861, 11.894, 12.045, 12.076, 11.911, 11.948, 11.944, 11.760, 11.832, 11.727, 11.700, 11.696, 11.585, 11.627, 11.524, 11.605, 11.533, 11.603, 11.614, 11.634, 11.755, 11.750, 11.911, 11.958, 12.027, 12.186, 12.196, 12.270, 12.380, 12.327, 12.354, 12.430, 12.368, 12.346, 12.420, 12.400, 12.342, 12.412, 12.506, 12.450, 12.427, 12.538, 12.611, 12.537, 12.523, 12.655, 12.767, 12.770, 12.630, 12.695, 12.863, 12.936, 12.796, 12.642, 12.644, 12.830, 12.971, 12.881, 12.653, 12.539, 12.607, 12.750, 12.829, 12.746, 12.550, 12.486, 12.615, 12.859, 13.036, 13.043, 12.889, 12.752, 12.749, 12.898, 13.113, 13.272, 13.246, 13.058, 12.812, 12.612, 12.555, 12.626, 12.729, 12.700, 12.365, 11.503, 10.313, 9.386, 8.978, 8.922, 9.004, 9.147, 9.285, 9.443, 9.618, 9.806, 10.033, 10.286, 10.609, 10.964, 11.329, 11.637, 11.877, 12.032, 12.102, 12.118, 12.117, 12.130, 12.203, 12.326, 12.465, 12.619, 12.745, 12.827, 12.863, 12.835, 12.731, 12.622, 12.482, 12.363, 12.258, 12.180, 12.137, 12.135, 12.154, 12.197, 12.250, 12.182, 12.139, 12.026, 11.853, 11.516, 10.958, 9.976, 8.465, 6.797, 5.758, 5.400, 5.331, 5.401, 5.560, 5.744, 5.954, 6.172, 6.378, 6.568, 6.769, 6.951, 7.144, 7.357, 7.602, 7.861, 8.152, 8.474, 8.820, 9.165, 9.488, 9.788, 10.055, 10.289, 10.480, 10.583, 10.698, 10.740, 10.758, 10.733, 10.664, 10.525, 10.412, 10.370, 10.341, 10.284, 10.268, 10.258, 10.264, 10.265, 10.240, 10.190, 10.048, 9.923, 9.799, 9.692, 9.603, 9.512, 9.388, 9.158, 8.909, 8.661, 8.351, 8.091, 7.881, 7.552, 7.394, 7.183, 7.020, 6.802, 6.906, 16.4,923299.0,969921.0,917428.44,50845.06,4194.08,7498.18,463.50,3860.27,128.50,644.92,41.18,218.20,24.82,0.00,1413.33,488.18,15.17,713.75,54.71,0.00,21.44,65.73,19.26,578.38,17.18,17096.59,121.72,0.00,108.88,0.00,17.92,0.00,10.75,45.20,2.17,33.41,1.29,1.96,0.50,67.99,1.17,164.51,1.84,18.80,0.93,94.95,1.55,7.39,1.10,0.00,57.22,60.71,9.97,0.00,326.58,46.24,9.75,0.00,564.35,0.00,52.13,0.00,27.75,0.00,38.06,0.00,151.06,21.19,3.37,0.00,75.13,136689.30,84315.13,6954.94,14167.53,875.77,8258.41,274.90,1477.75,94.36,544.82,61.97,0.00,1702.50,683.06,21.23,1190.89,91.28,0.00,38.27,96.07,28.15,831.04,24.68,24443.74,174.03,0.00,138.44,0.00,22.80,0.00,13.46,56.26,2.70,44.11,1.70,2.75,0.70,74.35,1.28,194.55,2.18,23.87,1.18,128.26,2.09,8.66,1.29,0.00,76.30,65.21,10.71,0.00,373.06,58.70,12.38,0.00,675.58,0.00,61.20,0.00,29.96,0.00,41.00,0.00,168.41,24.11,3.83,0.00,85.23
12.5,12.5,1,12.500,16/03/2026 16:19:46,19.644, , , , , , , , , , , , , , , , , , , , , , , , , , , , , , , , , , , , , , , , , , , , , , , , , , , , , , , , , , , , , , , , , , , , , , , , , , , , , , , , , , , , , , , , , , , , , , , , , , , , , , , , , , , , , , , , , , , , , , , , , , , , , , , , , , , , , , , , , , , , , , , , , , , , , , , , , , , , , , , , , , , , , , , , , , , , , , , , , , , , , , , , , , , , , , , , , , , , , , , , , , , , , , , , , , , , , , , , , , , , , , , , , , , , , , , , , , , , , , , , , , , , , , , , , , , , , , , , , , , , , , , , , , , , , , , , , , , , , , , , , , , , , , , , , , , , , , , , , , , , , , , , , , , , , , , , , , , , , , , , , , , , , , , , , , , , , , , , , , , , , , , , , , , , , , , , , , , , , , , , , , , , 
13.0,13.0,1,13.000,16/03/2026 16:19:46,19.972,,10.98, 11.78, 11.34,40.86, -1.55, 3.95,11.435, 10.550, 10.139, 9.845, 9.117, 9.228, 9.370, 9.524, 9.743, 10.175, 10.400, 10.564, 10.674, 10.860, 11.073, 11.264, 11.473, 11.690, 11.815, 11.922, 11.969, 12.006, 12.016, 11.974, 11.921, 11.852, 11.799, 11.744, 11.692, 11.656, 11.606, 11.581, 11.524, 11.514, 11.505, 11.511, 11.524, 11.569, 11.591, 11.689, 11.731, 11.847, 11.924, 12.013, 12.137, 12.180, 12.262, 12.315, 12.306, 12.353, 12.351, 12.321, 12.357, 12.352, 12.312, 12.356, 12.395, 12.391, 12.404, 12.472, 12.502, 12.492, 12.510, 12.600, 12.632, 12.649, 12.675, 12.719, 12.748, 12.804, 12.806, 12.750, 12.738, 12.743, 12.745, 12.776, 12.782, 12.725, 12.683, 12.652, 12.636, 12.656, 12.670, 12.672, 12.668, 12.712, 12.792, 12.870, 12.929, 12.951, 12.954, 12.962, 12.999, 13.060, 13.118, 13.120, 13.091, 13.010, 12.902, 12.805, 12.738, 12.704, 12.619, 12.332, 11.617, 10.586, 9.747, 9.320, 9.166, 9.097, 9.104, 9.188, 9.411, 9.723, 10.065, 10.416, 10.710, 10.992, 11.230, 11.450, 11.630, 11.812, 11.979, 12.139, 12.276, 12.405, 12.511, 12.591, 12.658, 12.706, 12.719, 12.724, 12.721, 12.726, 12.726, 12.722, 12.732, 12.709, 12.679, 12.633, 12.565, 12.450, 12.361, 12.282, 12.226, 12.190, 12.084, 12.060, 12.019, 11.937, 11.740, 11.299, 10.427, 8.883, 7.043, 5.784, 5.267, 5.076, 5.047, 5.123, 5.287, 5.491, 5.744, 6.018, 6.306, 6.624, 6.947, 7.281, 7.618, 7.935, 8.270, 8.588, 8.894, 9.191, 9.458, 9.728, 9.931, 10.135, 10.301, 10.459, 10.568, 10.680, 10.759, 10.825, 10.885, 10.898, 10.836, 10.789, 10.832, 10.872, 10.823, 10.801, 10.748, 10.708, 10.612, 10.530, 10.340, 10.153, 9.971, 9.734, 9.606, 9.403, 9.323, 9.143, 8.987, 8.778, 8.644, 8.414, 8.177, 7.990, 7.834, 7.629, 7.453, 7.309, 7.214, 7.170, 16.4,978719.0,1028695.0,879705.73,64452.62,3922.94,11741.50,508.62,12763.84,200.54,120.04,31.60,186.90,22.22,2662.13,34.08,1594.19,22.06,2060.91,69.15,0.00,21.88,0.00,57.77,546.31,16.20,23503.52,154.39,0.00,121.64,0.00,13.00,0.00,13.12,80.27,2.77,17.81,1.29,0.00,5.42,76.58,1.23,147.57,1.70,10.98,0.89,105.51,1.57,9.01,1.10,0.00,54.96,45.16,9.70,33.54,6.51,36.95,9.66,61.78,10.60,0.00,57.25,0.00,27.40,14.08,1.41,23.03,4.05,0.00,153.26,0.00,68.76,201175.45,106880.22,6505.32,22185.13,961.02,27306.13,429.02,275.06,72.41,466.67,55.48,3206.81,41.05,2230.60,30.87,3438.62,115.38,0.00,39.06,0.00,84.43,784.96,23.28,33604.01,220.74,0.00,154.66,0.00,16.54,0.00,16.42,99.91,3.45,23.51,1.70,0.00,7.62,83.75,1.35,174.52,2.01,13.94,1.13,142.52,2.12,10.56,1.29,0.00,73.29,48.51,10.42,38.31,7.44,46.91,12.26,73.96,12.69,0.00,67.21,0.00,29.59,15.17,1.52,25.67,4.52,0.00,174.40,0.00,78.00
13.5,13.5,1,13.500,16/03/2026 16:19:46,20.764,1157894.247, , , , , , , , , , , , , , , , , , , , , , , , , , , , , , , , , , , , , , , , , , , , , , , , , , , , , , , , , , , , , , , , , , , , , , , , , , , , , , , , , , , , , , , , , , , , , , , , , , , , , , , , , , , , , , , , , , , , , , , , , , , , , , , , , , , , , , , , , , , , , , , , , , , , , , , , , , , , , , , , , , , , , , , , , , , , , , , , , , , , , , , , , , , , , , , , , , , , , , , , , , , , , , , , , , , , , , , , , , , , , , , , , , , , , , , , , , , , , , , , , , , , , , , , , , , , , , , , , , , , , , , , , , , , , , , , , , , , , , , , , , , , , , , , , , , , , , , , , , , , , , , , , , , , , , , , , , , , , , , , , , , , , , , , , , , , , , , , , , , , , , , , , , , , , , , , , , , , , , , , , , , 
14.0,14.0,1,14.000,16/03/2026 16:19:46,20.895,,11.25, 12.07, 11.62,41.32, -1.55, 3.96,13.810, 10.533, 10.790, 9.617, 9.802, 9.507, 9.602, 9.670, 9.991, 10.458, 10.669, 10.844, 10.943, 11.097, 11.336, 11.531, 11.753, 11.951, 12.073, 12.211, 12.310, 12.326, 12.313, 12.268, 12.214, 12.146, 12.100, 12.011, 11.961, 11.939, 11.857, 11.858, 11.764, 11.776, 11.752, 11.742, 11.772, 11.774, 11.851, 11.879, 11.975, 12.070, 12.132, 12.263, 12.341, 12.417, 12.475, 12.528, 12.528, 12.528, 12.558, 12.542, 12.514, 12.546, 12.538, 12.523, 12.567, 12.597, 12.592, 12.648, 12.690, 12.678, 12.708, 12.795, 12.837, 12.816, 12.827, 12.859, 12.932, 12.949, 12.893, 12.874, 12.889, 12.894, 12.907, 12.899, 12.913, 12.914, 12.874, 12.803, 12.757, 12.783, 12.841, 12.850, 12.850, 12.858, 12.911, 13.006, 13.103, 13.157, 13.158, 13.133, 13.138, 13.180, 13.247, 13.305, 13.308, 13.237, 13.103, 12.956, 12.847, 12.792, 12.712, 12.485, 11.818, 10.801, 9.937, 9.472, 9.246, 9.136, 9.140, 9.256, 9.544, 9.934, 10.318, 10.667, 10.925, 11.116, 11.275, 11.442, 11.628, 11.852, 12.101, 12.350, 12.559, 12.709, 12.787, 12.828, 12.799, 12.771, 12.746, 12.750, 12.787, 12.846, 12.919, 12.983, 13.029, 13.033, 12.994, 12.887, 12.754, 12.581, 12.439, 12.324, 12.279, 12.267, 12.238, 12.269, 12.261, 12.189, 11.997, 11.549, 10.652, 9.101, 7.263, 5.987, 5.447, 5.241, 5.218, 5.325, 5.511, 5.755, 6.031, 6.317, 6.629, 6.934, 7.239, 7.544, 7.831, 8.129, 8.426, 8.738, 9.040, 9.332, 9.620, 9.899, 10.134, 10.364, 10.564, 10.724, 10.851, 10.951, 11.017, 11.078, 11.123, 11.097, 11.018, 10.927, 10.947, 10.969, 10.943, 10.905, 10.891, 10.857, 10.758, 10.702, 10.566, 10.391, 10.213, 10.026, 9.831, 9.749, 9.641, 9.500, 9.343, 9.101, 8.826, 8.635, 8.460, 8.266, 8.049, 7.817, 7.618, 7.564, 7.370, 7.430, 16.4,955629.0,1077621.0,866864.47,54432.84,3821.85,17666.70,592.19,24914.25,288.89,444.93,37.49,188.79,23.04,4507.18,45.08,2171.21,27.17,1568.16,65.62,92.07,8.02,215.51,22.29,657.41,18.30,25675.44,167.30,0.00,131.93,0.00,16.84,29.43,2.79,90.06,3.04,14.97,1.35,0.00,5.77,90.82,1.39,194.00,2.06,18.89,1.00,123.03,1.74,0.00,33.18,0.00,58.40,0.00,483.34,0.00,335.37,0.00,554.90,0.00,580.17,0.00,64.79,0.00,31.48,17.12,1.53,22.74,4.22,0.00,158.87,0.00,77.19,228384.50,90264.66,6337.68,33380.57,1118.92,53299.92,618.03,1019.50,85.90,471.39,57.53,5429.37,54.30,3037.97,38.02,2616.47,109.49,164.36,14.32,314.98,32.58,944.59,26.29,36709.30,239.20,0.00,167.75,0.00,21.43,36.84,3.49,112.10,3.78,19.77,1.78,0.00,8.11,99.32,1.52,229.42,2.44,23.99,1.27,166.19,2.35,0.00,38.89,0.00,77.87,0.00,519.16,0.00,383.10,0.00,704.46,0.00,694.52,0.00,76.07,0.00,33.99,18.44,1.65,25.35,4.70,0.00,180.78,0.00,87.57
14.5,14.5,1,14.500,16/03/2026 16:19:46,19.506, , , , , , , , , , , , , , , , , , , , , , , , , , , , , , , , , , , , , , , , , , , , , , , , , , , , , , , , , , , , , , , , , , , , , , , , , , , , , , , , , , , , , , , , , , , , , , , , , , , , , , , , , , , , , , , , , , , , , , , , , , , , , , , , , , , , , , , , , , , , , , , , , , , , , , , , , , , , , , , , , , , , , , , , , , , , , , , , , , , , , , , , , , , , , , , , , , , , , , , , , , , , , , , , , , , , , , , , , , , , , , , , , , , , , , , , , , , , , , , , , , , , , , , , , , , , , , , , , , , , , , , , , , , , , , , , , , , , , , , , , , , , , , , , , , , , , , , , , , , , , , , , , , , , , , , , , , , , , , , , , , , , , , , , , , , , , , , , , , , , , , , , , , , , , , , , , , , , , , , , , , , , 
15.0,15.0,1,15.000,16/03/2026 16:19:46,20.368,,12.27, 13.14, 12.84,42.97, -1.52, 3.61,14.388, 13.087, 12.357, 11.052, 11.150, 10.952, 10.749, 10.854, 11.142, 11.546, 11.802, 11.937, 12.036, 12.205, 12.447, 12.614, 12.805, 13.012, 13.181, 13.363, 13.441, 13.352, 13.325, 13.414, 13.234, 13.142, 13.233, 12.957, 13.086, 12.917, 12.911, 12.876, 12.770, 12.810, 12.757, 12.745, 12.816, 12.722, 12.921, 12.816, 13.010, 13.067, 13.060, 13.329, 13.287, 13.353, 13.577, 13.429, 13.473, 13.673, 13.461, 13.430, 13.679, 13.539, 13.345, 13.587, 13.712, 13.468, 13.453, 13.752, 13.795, 13.534, 13.540, 13.862, 13.980, 13.742, 13.595, 13.766, 14.033, 14.012, 13.759, 13.626, 13.786, 14.012, 13.979, 13.757, 13.623, 13.707, 13.896, 13.913, 13.743, 13.540, 13.504, 13.627, 13.827, 13.935, 13.906, 13.779, 13.733, 13.831, 13.995, 14.151, 14.217, 14.144, 14.021, 13.931, 13.908, 13.947, 13.970, 13.938, 13.842, 13.682, 13.422, 12.990, 12.194, 11.189, 10.446, 10.124, 10.024, 9.934, 9.855, 9.828, 9.942, 10.216, 10.599, 11.053, 11.489, 11.871, 12.173, 12.392, 12.512, 12.594, 12.656, 12.729, 12.854, 13.037, 13.246, 13.473, 13.668, 13.797, 13.845, 13.823, 13.714, 13.580, 13.433, 13.323, 13.256, 13.243, 13.304, 13.386, 13.447, 13.464, 13.450, 13.405, 13.327, 13.209, 13.025, 12.851, 12.651, 12.440, 12.144, 11.694, 10.845, 9.447, 7.866, 6.877, 6.547, 6.482, 6.516, 6.573, 6.655, 6.744, 6.821, 6.904, 7.035, 7.204, 7.418, 7.703, 8.037, 8.411, 8.840, 9.297, 9.764, 10.193, 10.598, 10.938, 11.209, 11.412, 11.544, 11.607, 11.604, 11.563, 11.502, 11.431, 11.361, 11.278, 11.153, 11.080, 11.168, 11.262, 11.319, 11.419, 11.540, 11.584, 11.660, 11.677, 11.563, 11.462, 11.228, 11.082, 10.835, 10.679, 10.457, 10.204, 9.870, 9.625, 9.286, 8.959, 8.623, 8.390, 8.216, 8.116, 7.938, 7.778, 7.956, 7.851, 16.3,988172.0,1172704.0,896831.05,39599.44,3595.98,16969.32,563.86,15152.29,216.40,355.13,34.66,572.42,24.57,2717.69,34.06,1516.90,21.71,1636.89,64.00,29.70,7.04,0.00,70.00,499.58,15.67,23605.63,149.39,0.00,124.83,0.00,15.06,7.13,2.20,79.26,2.74,13.28,1.26,0.00,4.65,88.28,1.32,162.28,1.78,10.67,0.91,116.43,1.64,0.00,32.01,0.00,55.42,0.00,459.21,0.00,322.14,0.00,534.31,0.00,564.75,0.00,58.24,0.00,29.57,16.62,1.46,0.00,147.65,20.00,3.36,0.00,73.70,175661.75,65666.79,5963.13,32062.90,1065.39,32415.82,462.95,813.73,79.42,1429.28,61.35,3273.74,41.03,2122.46,30.38,2731.14,106.78,53.02,12.57,0.00,102.31,717.82,22.52,33750.00,213.59,0.00,158.72,0.00,19.17,8.93,2.75,98.66,3.41,17.53,1.66,0.00,6.53,96.54,1.44,191.91,2.11,13.55,1.16,157.27,2.22,0.00,37.52,0.00,73.90,0.00,493.24,0.00,367.99,0.00,678.32,0.00,676.06,0.00,68.38,0.00,31.93,17.90,1.57,0.00,164.61,22.76,3.82,0.00,83.61
15.5,15.5,1,15.500,16/03/2026 16:19:46,20.964, , , , , , , , , , , , , , , , , , , , , , , , , , , , , , , , , , , , , , , , , , , , , , , , , , , , , , , , , , , , , , , , , , , , , , , , , , , , , , , , , , , , , , , , , , , , , , , , , , , , , , , , , , , , , , , , , , , , , , , , , , , , , , , , , , , , , , , , , , , , , , , , , , , , , , , , , , , , , , , , , , , , , , , , , , , , , , , , , , , , , , , , , , , , , , , , , , , , , , , , , , , , , , , , , , , , , , , , , , , , , , , , , , , , , , , , , , , , , , , , , , , , , , , , , , , , , , , , , , , , , , , , , , , , , , , , , , , , , , , , , , , , , , , , , , , , , , , , , , , , , , , , , , , , , , , , , , , , , , , , , , , , , , , , , , , , , , , , , , , , , , , , , , , , , , , , , , , , , , , , , , , , 
16.0,16.0,1,16.000,16/03/2026 16:20:12,20.236,,12.38, 13.23, 13.24,43.10, -1.30, 2.82,16.525, 14.668, 13.309, 12.466, 12.194, 11.549, 11.301, 11.406, 11.603, 12.022, 12.107, 12.289, 12.360, 12.492, 12.678, 12.823, 13.006, 13.199, 13.306, 13.361, 13.385, 13.423, 13.436, 13.365, 13.287, 13.254, 13.184, 13.110, 13.108, 13.024, 13.023, 12.956, 12.943, 12.899, 12.921, 12.885, 12.936, 12.945, 12.973, 13.068, 13.083, 13.204, 13.268, 13.343, 13.465, 13.528, 13.566, 13.644, 13.671, 13.641, 13.678, 13.722, 13.665, 13.678, 13.748, 13.733, 13.715, 13.813, 13.856, 13.813, 13.846, 13.927, 13.947, 13.937, 14.010, 14.095, 14.088, 14.040, 14.039, 14.136, 14.235, 14.145, 14.044, 14.053, 14.176, 14.247, 14.214, 14.068, 14.028, 14.053, 14.088, 14.089, 14.051, 14.004, 14.037, 14.144, 14.258, 14.327, 14.344, 14.350, 14.367, 14.425, 14.516, 14.586, 14.609, 14.577, 14.527, 14.448, 14.381, 14.299, 14.219, 14.139, 13.979, 13.604, 12.791, 11.711, 10.882, 10.500, 10.356, 10.246, 10.186, 10.207, 10.413, 10.777, 11.218, 11.688, 12.090, 12.432, 12.669, 12.860, 12.998, 13.148, 13.298, 13.479, 13.696, 13.922, 14.141, 14.324, 14.423, 14.460, 14.446, 14.379, 14.304, 14.246, 14.209, 14.210, 14.244, 14.332, 14.423, 14.459, 14.421, 14.310, 14.176, 14.016, 13.865, 13.732, 13.569, 13.515, 13.461, 13.398, 13.221, 12.830, 11.938, 10.380, 8.524, 7.259, 6.691, 6.434, 6.326, 6.327, 6.423, 6.601, 6.832, 7.115, 7.438, 7.816, 8.197, 8.623, 9.025, 9.442, 9.846, 10.227, 10.559, 10.869, 11.146, 11.359, 11.540, 11.692, 11.795, 11.912, 12.004, 12.099, 12.204, 12.329, 12.420, 12.477, 12.487, 12.472, 12.611, 12.686, 12.700, 12.674, 12.636, 12.533, 12.395, 12.210, 11.974, 11.704, 11.418, 11.133, 10.902, 10.743, 10.585, 10.480, 10.279, 10.148, 10.016, 9.889, 9.759, 9.573, 9.411, 9.331, 9.238, 9.047, 8.926, 8.813, 16.3,978798.0,1163365.0,885338.90,46423.39,3734.47,15844.45,570.26,17653.86,238.16,581.56,38.53,279.32,23.29,4130.97,42.39,2004.44,25.32,1614.13,65.16,78.63,7.77,0.00,71.76,557.43,16.68,24786.54,160.17,0.00,127.01,0.00,13.37,39.09,2.89,68.87,2.65,18.73,1.23,0.00,5.85,104.45,1.47,235.79,2.30,18.42,1.00,125.12,1.76,0.00,32.62,0.00,57.60,0.00,476.16,0.00,331.97,37.76,9.94,45.11,10.73,0.00,55.55,5.60,1.18,7.44,1.32,0.00,144.14,0.00,160.61,0.00,77.48,194432.34,76982.78,6192.78,29937.50,1077.48,37767.52,509.50,1332.57,88.29,697.44,58.15,4976.18,51.06,2804.62,35.43,2693.17,108.72,140.37,13.87,0.00,104.88,800.94,23.97,35438.40,229.00,0.00,161.49,0.00,17.01,48.93,3.62,85.72,3.30,24.73,1.62,0.00,8.22,114.23,1.61,278.85,2.72,23.39,1.27,169.01,2.38,0.00,38.24,0.00,76.81,0.00,511.45,0.00,379.22,47.94,12.62,54.00,12.84,0.00,65.22,6.05,1.27,8.01,1.42,0.00,160.69,0.00,182.76,0.00,87.90
16.5,16.5,1,16.500,16/03/2026 16:20:29,19.966, , , , , , , , , , , , , , , , , , , , , , , , , , , , , , , , , , , , , , , , , , , , , , , , , , , , , , , , , , , , , , , , , , , , , , , , , , , , , , , , , , , , , , , , , , , , , , , , , , , , , , , , , , , , , , , , , , , , , , , , , , , , , , , , , , , , , , , , , , , , , , , , , , , , , , , , , , , , , , , , , , , , , , , , , , , , , , , , , , , , , , , , , , , , , , , , , , , , , , , , , , , , , , , , , , , , , , , , , , , , , , , , , , , , , , , , , , , , , , , , , , , , , , , , , , , , , , , , , , , , , , , , , , , , , , , , , , , , , , , , , , , , , , , , , , , , , , , , , , , , , , , , , , , , , , , , , , , , , , , , , , , , , , , , , , , , , , , , , , , , , , , , , , , , , , , , , , , , , , , , , , , , 
17.0,17.0,1,17.000,16/03/2026 16:20:47,19.838,,13.68, 14.57, 14.92,45.04, -1.05, 2.12,19.071, 17.313, 16.229, 14.530, 14.088, 13.471, 13.208, 13.142, 13.231, 13.581, 13.671, 13.816, 13.856, 13.955, 14.109, 14.237, 14.382, 14.536, 14.609, 14.674, 14.745, 14.801, 14.780, 14.640, 14.593, 14.608, 14.510, 14.367, 14.470, 14.330, 14.276, 14.341, 14.137, 14.307, 14.113, 14.277, 14.128, 14.322, 14.168, 14.422, 14.304, 14.542, 14.530, 14.635, 14.795, 14.729, 14.948, 14.876, 14.903, 15.048, 14.878, 14.964, 15.075, 14.893, 14.948, 15.117, 14.991, 14.979, 15.170, 15.162, 15.070, 15.162, 15.282, 15.245, 15.278, 15.391, 15.384, 15.311, 15.271, 15.475, 15.540, 15.396, 15.263, 15.327, 15.504, 15.546, 15.420, 15.264, 15.272, 15.372, 15.381, 15.296, 15.192, 15.210, 15.332, 15.465, 15.520, 15.495, 15.492, 15.556, 15.673, 15.758, 15.787, 15.762, 15.742, 15.723, 15.750, 15.751, 15.666, 15.508, 15.359, 15.243, 15.120, 14.829, 14.093, 12.998, 12.043, 11.521, 11.304, 11.193, 11.207, 11.350, 11.661, 12.062, 12.460, 12.837, 13.142, 13.416, 13.675, 13.921, 14.167, 14.402, 14.629, 14.829, 14.988, 15.111, 15.228, 15.332, 15.424, 15.510, 15.579, 15.600, 15.626, 15.593, 15.557, 15.485, 15.428, 15.409, 15.416, 15.402, 15.392, 15.334, 15.288, 15.241, 15.189, 15.112, 14.924, 14.828, 14.689, 14.524, 14.258, 13.795, 12.866, 11.242, 9.343, 8.133, 7.691, 7.569, 7.561, 7.581, 7.668, 7.775, 7.888, 8.062, 8.289, 8.587, 8.939, 9.362, 9.825, 10.324, 10.820, 11.333, 11.771, 12.179, 12.482, 12.729, 12.905, 13.011, 13.046, 13.070, 13.063, 13.074, 13.102, 13.172, 13.253, 13.340, 13.392, 13.455, 13.719, 13.936, 14.035, 14.109, 14.134, 14.116, 13.993, 13.806, 13.490, 13.203, 12.747, 12.397, 12.006, 11.716, 11.425, 11.108, 10.889, 10.732, 10.517, 10.367, 10.349, 10.291, 10.210, 10.219, 10.261, 10.472, 10.560, 10.498, 16.3,994002.0,1264692.0,857215.12,54727.00,3535.31,22411.62,606.89,24992.01,275.00,572.65,36.31,448.68,22.77,5114.87,45.79,1897.65,24.57,2770.67,74.93,64.18,7.56,0.00,65.25,728.87,18.09,28353.71,173.33,0.00,133.05,0.00,14.88,9.64,2.29,68.33,2.58,15.42,1.28,0.00,4.84,101.13,1.43,208.89,2.08,14.45,0.95,118.37,1.65,6.36,1.10,0.00,52.99,35.87,9.74,0.00,307.40,50.21,9.65,0.00,539.84,0.00,50.91,0.00,23.41,12.65,1.42,61.66,3.87,0.00,141.02,0.00,74.16,244982.39,90752.46,5862.52,42345.92,1146.70,53466.28,588.32,1312.15,83.20,1120.31,56.85,6161.40,55.16,2655.20,34.38,4622.85,125.02,114.57,13.50,0.00,95.37,1047.27,25.99,40538.54,247.82,0.00,169.17,0.00,18.94,12.07,2.87,85.05,3.21,20.36,1.69,0.00,6.80,110.60,1.56,247.03,2.46,18.35,1.21,159.89,2.23,7.46,1.29,0.00,70.66,38.53,10.46,0.00,351.15,63.74,12.25,0.00,646.24,0.00,59.77,0.00,25.28,13.63,1.53,68.74,4.31,0.00,160.47,0.00,84.13
17.5,17.5,1,17.500,16/03/2026 16:21:12,21.355, , , , , , , , , , , , , , , , , , , , , , , , , , , , , , , , , , , , , , , , , , , , , , , , , , , , , , , , , , , , , , , , , , , , , , , , , , , , , , , , , , , , , , , , , , , , , , , , , , , , , , , , , , , , , , , , , , , , , , , , , , , , , , , , , , , , , , , , , , , , , , , , , , , , , , , , , , , , , , , , , , , , , , , , , , , , , , , , , , , , , , , , , , , , , , , , , , , , , , , , , , , , , , , , , , , , , , , , , , , , , , , , , , , , , , , , , , , , , , , , , , , , , , , , , , , , , , , , , , , , , , , , , , , , , , , , , , , , , , , , , , , , , , , , , , , , , , , , , , , , , , , , , , , , , , , , , , , , , , , , , , , , , , , , , , , , , , , , , , , , , , , , , , , , , , , , , , , , , , , , , , , , 
18.0,18.0,1,18.000,16/03/2026 16:21:30,21.161,,11.44, 12.26, 12.00,41.62, -1.53, 3.47,13.414, 12.054, 11.641, 10.776, 10.387, 10.095, 9.988, 10.119, 10.334, 10.806, 11.052, 11.172, 11.265, 11.407, 11.627, 11.800, 12.006, 12.217, 12.324, 12.403, 12.460, 12.491, 12.482, 12.413, 12.371, 12.294, 12.229, 12.157, 12.124, 12.061, 12.022, 11.974, 11.941, 11.899, 11.914, 11.871, 11.936, 11.909, 11.993, 12.017, 12.100, 12.195, 12.240, 12.392, 12.436, 12.507, 12.622, 12.593, 12.633, 12.698, 12.603, 12.632, 12.715, 12.617, 12.580, 12.713, 12.721, 12.634, 12.697, 12.849, 12.818, 12.720, 12.788, 12.963, 13.004, 12.870, 12.910, 12.991, 13.123, 13.075, 12.964, 12.955, 13.061, 13.118, 13.047, 12.968, 12.982, 13.041, 13.041, 12.958, 12.830, 12.798, 12.878, 12.983, 13.027, 13.011, 13.005, 13.018, 13.106, 13.228, 13.314, 13.336, 13.298, 13.244, 13.235, 13.286, 13.348, 13.369, 13.273, 13.096, 12.906, 12.756, 12.619, 12.334, 11.693, 10.710, 9.877, 9.398, 9.141, 8.958, 8.912, 9.010, 9.304, 9.748, 10.209, 10.622, 10.910, 11.114, 11.254, 11.389, 11.558, 11.773, 12.027, 12.293, 12.555, 12.744, 12.868, 12.920, 12.907, 12.848, 12.790, 12.758, 12.779, 12.821, 12.889, 12.975, 13.007, 13.052, 13.038, 12.938, 12.795, 12.597, 12.396, 12.249, 12.168, 12.158, 12.092, 12.153, 12.195, 12.178, 12.021, 11.579, 10.648, 9.056, 7.159, 5.822, 5.230, 4.974, 4.908, 4.969, 5.145, 5.399, 5.696, 6.050, 6.411, 6.799, 7.175, 7.531, 7.859, 8.183, 8.463, 8.750, 8.991, 9.215, 9.439, 9.647, 9.846, 10.039, 10.229, 10.428, 10.593, 10.779, 10.940, 11.087, 11.187, 11.241, 11.201, 11.127, 11.145, 11.157, 11.048, 10.930, 10.813, 10.655, 10.460, 10.229, 10.031, 9.852, 9.640, 9.458, 9.316, 9.213, 9.109, 9.070, 8.993, 8.861, 8.704, 8.552, 8.400, 8.236, 8.022, 7.810, 7.725, 7.535, 7.358, 7.266, 16.3,1005918.0,1350201.0,850705.41,61959.36,3590.32,20514.84,587.82,24778.65,274.84,684.10,37.77,673.05,24.34,4409.15,42.33,2144.41,25.87,2353.45,70.86,90.84,7.85,126.35,19.30,521.00,15.93,30386.72,185.86,0.00,138.44,14.56,3.85,32.06,2.81,113.24,3.21,15.86,1.51,3.01,0.53,103.03,1.44,160.65,1.79,18.12,0.99,133.25,1.73,3.47,1.09,0.00,53.51,0.00,443.90,0.00,315.37,0.00,520.25,0.00,546.35,0.00,45.55,0.00,22.87,32.32,1.75,23.11,4.00,0.00,147.08,0.00,67.69,255339.84,102745.71,5953.74,38762.02,1110.66,53009.83,587.97,1567.52,86.54,1680.54,60.77,5311.28,50.99,3000.47,36.20,3926.72,118.23,162.17,14.01,184.67,28.21,748.59,22.89,43445.23,265.73,0.00,176.02,18.53,4.90,40.13,3.52,140.95,4.00,20.94,1.99,4.23,0.74,112.67,1.57,189.98,2.12,23.01,1.26,179.99,2.34,4.07,1.28,0.00,71.35,0.00,476.80,0.00,360.26,0.00,660.47,0.00,654.04,0.00,53.48,0.00,24.69,34.82,1.89,25.76,4.46,0.00,167.36,0.00,76.79
18.5,18.5,1,18.500,16/03/2026 16:21:56,21.093,1157892.924, , , , , , , , , , , , , , , , , , , , , , , , , , , , , , , , , , , , , , , , , , , , , , , , , , , , , , , , , , , , , , , , , , , , , , , , , , , , , , , , , , , , , , , , , , , , , , , , , , , , , , , , , , , , , , , , , , , , , , , , , , , , , , , , , , , , , , , , , , , , , , , , , , , , , , , , , , , , , , , , , , , , , , , , , , , , , , , , , , , , , , , , , , , , , , , , , , , , , , , , , , , , , , , , , , , , , , , , , , , , , , , , , , , , , , , , , , , , , , , , , , , , , , , , , , , , , , , , , , , , , , , , , , , , , , , , , , , , , , , , , , , , , , , , , , , , , , , , , , , , , , , , , , , , , , , , , , , , , , , , , , , , , , , , , , , , , , , , , , , , , , , , , , , , , , , , , , , , , , , , , , , 
19.0,19.0,1,19.000,16/03/2026 16:22:13,23.541,,9.88, 10.57, 10.34,38.84, -1.26, 3.30,13.784, 10.296, 10.056, 9.184, 9.028, 8.714, 8.780, 8.828, 8.938, 9.330, 9.493, 9.641, 9.695, 9.814, 9.990, 10.163, 10.321, 10.477, 10.596, 10.675, 10.728, 10.762, 10.747, 10.723, 10.689, 10.625, 10.590, 10.538, 10.517, 10.488, 10.459, 10.440, 10.408, 10.397, 10.416, 10.405, 10.447, 10.453, 10.513, 10.569, 10.630, 10.724, 10.784, 10.893, 10.972, 11.026, 11.109, 11.123, 11.151, 11.189, 11.154, 11.174, 11.213, 11.176, 11.170, 11.238, 11.262, 11.238, 11.290, 11.367, 11.381, 11.332, 11.408, 11.485, 11.522, 11.533, 11.503, 11.620, 11.664, 11.689, 11.676, 11.655, 11.650, 11.683, 11.707, 11.727, 11.738, 11.675, 11.644, 11.606, 11.577, 11.570, 11.578, 11.583, 11.600, 11.662, 11.755, 11.827, 11.879, 11.906, 11.939, 11.965, 12.014, 12.069, 12.095, 12.097, 12.061, 11.996, 11.892, 11.785, 11.693, 11.613, 11.469, 11.105, 10.313, 9.250, 8.433, 8.041, 7.915, 7.857, 7.851, 7.923, 8.118, 8.431, 8.789, 9.157, 9.479, 9.756, 10.006, 10.225, 10.419, 10.613, 10.786, 10.969, 11.139, 11.301, 11.448, 11.563, 11.629, 11.668, 11.699, 11.686, 11.689, 11.685, 11.662, 11.648, 11.632, 11.629, 11.621, 11.574, 11.487, 11.367, 11.253, 11.163, 11.084, 11.038, 10.938, 10.923, 10.874, 10.787, 10.581, 10.133, 9.242, 7.794, 6.167, 5.080, 4.609, 4.446, 4.388, 4.448, 4.568, 4.737, 4.947, 5.185, 5.458, 5.743, 6.061, 6.373, 6.692, 7.011, 7.322, 7.626, 7.906, 8.170, 8.415, 8.640, 8.821, 8.998, 9.148, 9.297, 9.399, 9.515, 9.615, 9.711, 9.788, 9.789, 9.724, 9.682, 9.758, 9.788, 9.753, 9.691, 9.614, 9.524, 9.350, 9.168, 8.956, 8.765, 8.549, 8.361, 8.177, 7.991, 7.904, 7.801, 7.722, 7.528, 7.409, 7.242, 7.106, 6.920, 6.841, 6.615, 6.459, 6.315, 6.384, 6.201, 16.3,1020702.0,1327610.0,857747.80,57224.82,3479.05,21343.16,585.64,25261.23,273.09,493.22,34.81,536.33,22.93,4325.27,41.03,2000.49,24.39,2054.91,66.86,39.50,6.95,104.07,17.63,571.17,16.14,27694.23,166.59,0.00,128.71,0.00,14.60,11.16,2.27,102.90,3.03,20.86,1.36,0.00,4.78,90.82,1.31,168.97,1.79,12.27,0.90,120.05,1.62,0.00,29.81,0.00,53.41,0.00,442.12,0.00,307.61,0.00,500.56,30.75,9.95,0.00,56.69,0.00,28.35,19.10,1.46,26.88,3.85,0.00,144.35,0.00,65.64,244543.91,94894.53,5769.22,40327.10,1106.54,54042.23,584.23,1130.15,79.76,1339.16,57.25,5210.24,49.42,2799.10,34.13,3428.60,111.56,70.51,12.41,152.10,25.77,820.68,23.19,39595.65,238.18,0.00,163.65,0.00,18.58,13.97,2.84,128.08,3.77,27.54,1.80,0.00,6.72,99.32,1.43,199.82,2.12,15.58,1.14,162.16,2.19,0.00,34.94,0.00,71.22,0.00,474.89,0.00,351.39,0.00,635.47,36.81,11.91,0.00,66.56,0.00,30.61,20.57,1.57,29.97,4.29,0.00,164.26,0.00,74.46
19.5,19.5,1,19.500,16/03/2026 16:22:39,22.088, , , , , , , , , , , , , , , , , , , , , , , , , , , , , , , , , , , , , , , , , , , , , , , , , , , , , , , , , , , , , , , , , , , , , , , , , , , , , , , , , , , , , , , , , , , , , , , , , , , , , , , , , , , , , , , , , , , , , , , , , , , , , , , , , , , , , , , , , , , , , , , , , , , , , , , , , , , , , , , , , , , , , , , , , , , , , , , , , , , , , , , , , , , , , , , , , , , , , , , , , , , , , , , , , , , , , , , , , , , , , , , , , , , , , , , , , , , , , , , , , , , , , , , , , , , , , , , , , , , , , , , , , , , , , , , , , , , , , , , , , , , , , , , , , , , , , , , , , , , , , , , , , , , , , , , , , , , , , , , , , , , , , , , , , , , , , , , , , , , , , , , , , , , , , , , , , , , , , , , , , , , , 
20.0,20.0,1,20.000,16/03/2026 16:22:56,21.752,,9.79, 10.46, 10.27,38.66, -1.23, 3.21,11.191, 9.812, 9.981, 9.239, 8.938, 8.709, 8.620, 8.694, 8.937, 9.270, 9.442, 9.599, 9.579, 9.695, 9.874, 10.035, 10.212, 10.385, 10.520, 10.591, 10.615, 10.630, 10.650, 10.628, 10.553, 10.533, 10.504, 10.411, 10.434, 10.366, 10.374, 10.331, 10.313, 10.292, 10.322, 10.294, 10.363, 10.328, 10.435, 10.444, 10.544, 10.617, 10.659, 10.807, 10.834, 10.919, 11.008, 10.992, 11.062, 11.081, 11.028, 11.083, 11.104, 11.034, 11.061, 11.141, 11.122, 11.114, 11.205, 11.237, 11.216, 11.198, 11.286, 11.345, 11.361, 11.391, 11.489, 11.491, 11.508, 11.551, 11.575, 11.555, 11.538, 11.511, 11.551, 11.602, 11.611, 11.566, 11.501, 11.404, 11.366, 11.403, 11.447, 11.432, 11.401, 11.404, 11.493, 11.614, 11.728, 11.773, 11.742, 11.714, 11.709, 11.811, 11.914, 11.972, 11.919, 11.759, 11.542, 11.365, 11.286, 11.278, 11.188, 10.797, 9.892, 8.690, 7.772, 7.337, 7.228, 7.217, 7.286, 7.410, 7.632, 7.910, 8.207, 8.502, 8.781, 9.076, 9.374, 9.679, 9.961, 10.234, 10.453, 10.626, 10.760, 10.842, 10.911, 10.982, 11.057, 11.144, 11.237, 11.318, 11.398, 11.449, 11.447, 11.410, 11.336, 11.230, 11.122, 10.996, 10.860, 10.730, 10.644, 10.616, 10.621, 10.665, 10.620, 10.621, 10.580, 10.427, 10.134, 9.544, 8.529, 7.002, 5.418, 4.391, 3.977, 3.855, 3.854, 3.951, 4.110, 4.324, 4.545, 4.795, 5.054, 5.300, 5.552, 5.797, 6.035, 6.272, 6.514, 6.775, 7.045, 7.339, 7.613, 7.898, 8.168, 8.416, 8.647, 8.847, 9.018, 9.149, 9.266, 9.331, 9.337, 9.302, 9.173, 9.032, 9.006, 8.972, 8.870, 8.775, 8.717, 8.624, 8.521, 8.393, 8.274, 8.115, 7.989, 7.817, 7.736, 7.650, 7.517, 7.435, 7.287, 7.127, 6.951, 6.698, 6.552, 6.327, 6.071, 5.926, 5.726, 5.531, 5.262, 5.123, 16.3,1015062.0,1278834.0,861379.24,62987.02,3730.63,16573.49,562.16,21913.89,262.15,505.90,36.67,493.90,23.96,4057.58,41.27,2081.24,25.44,2401.61,72.73,101.13,8.28,102.85,20.02,594.76,17.06,26126.56,165.94,0.00,127.12,0.00,15.53,10.85,2.35,76.25,2.81,14.90,1.27,0.00,4.75,102.74,1.45,245.33,2.33,17.77,0.99,158.75,1.92,4.31,1.10,0.00,56.11,0.00,462.17,0.00,317.35,0.00,542.78,0.00,558.42,32.01,3.72,0.00,32.41,13.18,1.44,0.00,144.84,0.00,160.12,4.71,1.52,236214.89,104449.85,6186.41,31314.99,1062.18,46881.15,560.83,1159.20,84.02,1233.22,59.83,4887.78,49.71,2912.08,35.60,4007.07,121.35,180.54,14.78,150.32,29.26,854.57,24.51,37354.29,237.25,0.00,161.63,0.00,19.76,13.58,2.94,94.91,3.50,19.67,1.68,0.00,6.67,112.36,1.59,290.13,2.76,22.57,1.26,214.43,2.59,5.05,1.29,0.00,74.82,0.00,496.42,0.00,362.52,0.00,689.07,0.00,668.49,37.58,4.37,0.00,35.00,14.20,1.55,0.00,161.47,0.00,182.20,5.34,1.72
20.5,20.5,1,20.500,16/03/2026 16:23:31,20.695, , , , , , , , , , , , , , , , , , , , , , , , , , , , , , , , , , , , , , , , , , , , , , , , , , , , , , , , , , , , , , , , , , , , , , , , , , , , , , , , , , , , , , , , , , , , , , , , , , , , , , , , , , , , , , , , , , , , , , , , , , , , , , , , , , , , , , , , , , , , , , , , , , , , , , , , , , , , , , , , , , , , , , , , , , , , , , , , , , , , , , , , , , , , , , , , , , , , , , , , , , , , , , , , , , , , , , , , , , , , , , , , , , , , , , , , , , , , , , , , , , , , , , , , , , , , , , , , , , , , , , , , , , , , , , , , , , , , , , , , , , , , , , , , , , , , , , , , , , , , , , , , , , , , , , , , , , , , , , , , , , , , , , , , , , , , , , , , , , , , , , , , , , , , , , , , , , , , , , , , , , , , 
21.0,21.0,1,21.000,16/03/2026 16:23:48,18.118,,9.61, 10.22, 10.24,38.23, -0.84, 2.55,14.057, 10.451, 10.811, 9.725, 9.147, 8.985, 8.819, 8.922, 9.024, 9.292, 9.375, 9.522, 9.537, 9.597, 9.756, 9.861, 9.997, 10.128, 10.219, 10.296, 10.329, 10.353, 10.392, 10.346, 10.293, 10.309, 10.276, 10.197, 10.257, 10.180, 10.214, 10.192, 10.181, 10.198, 10.201, 10.230, 10.257, 10.294, 10.343, 10.408, 10.482, 10.561, 10.659, 10.739, 10.841, 10.898, 10.969, 11.016, 11.037, 11.083, 11.075, 11.088, 11.142, 11.114, 11.112, 11.223, 11.247, 11.195, 11.300, 11.396, 11.358, 11.303, 11.458, 11.569, 11.520, 11.514, 11.657, 11.773, 11.749, 11.665, 11.742, 11.868, 11.858, 11.734, 11.669, 11.809, 11.985, 11.964, 11.755, 11.575, 11.600, 11.782, 11.919, 11.859, 11.696, 11.644, 11.802, 12.076, 12.251, 12.250, 12.121, 12.000, 12.054, 12.245, 12.450, 12.536, 12.444, 12.212, 11.961, 11.835, 11.815, 11.876, 11.810, 11.433, 10.511, 9.275, 8.343, 7.946, 7.882, 7.935, 8.025, 8.125, 8.291, 8.538, 8.819, 9.154, 9.497, 9.844, 10.188, 10.480, 10.726, 10.920, 11.080, 11.234, 11.393, 11.558, 11.721, 11.885, 12.012, 12.099, 12.143, 12.136, 12.119, 12.067, 12.051, 12.024, 12.029, 12.075, 12.097, 12.072, 12.013, 11.903, 11.758, 11.628, 11.502, 11.427, 11.257, 11.221, 11.174, 11.090, 10.910, 10.464, 9.555, 8.104, 6.531, 5.513, 5.075, 4.868, 4.764, 4.739, 4.766, 4.866, 5.018, 5.233, 5.525, 5.853, 6.219, 6.597, 6.995, 7.367, 7.734, 8.071, 8.348, 8.599, 8.806, 8.987, 9.116, 9.232, 9.332, 9.434, 9.534, 9.643, 9.760, 9.897, 10.035, 10.110, 10.139, 10.147, 10.295, 10.386, 10.383, 10.372, 10.304, 10.187, 10.017, 9.816, 9.532, 9.218, 8.914, 8.637, 8.388, 8.172, 8.041, 7.878, 7.786, 7.661, 7.592, 7.482, 7.452, 7.448, 7.321, 7.395, 7.172, 7.272, 7.287, 7.239, 16.3,996681.0,1258935.0,863237.00,61226.43,3725.54,18847.61,590.07,19565.43,247.22,640.96,38.38,439.48,23.66,4573.81,44.14,2142.89,25.99,2043.48,69.46,0.00,23.55,207.35,21.17,477.43,15.84,25874.09,164.83,0.00,131.38,0.00,15.91,17.42,2.49,53.94,2.42,19.24,1.24,0.00,5.60,91.05,1.37,247.95,2.35,22.61,1.01,156.45,1.92,9.89,1.14,0.00,56.65,40.69,9.78,40.49,6.69,0.00,538.29,0.00,560.38,0.00,60.25,0.00,29.38,6.95,1.33,0.00,147.59,11.05,3.41,6.31,1.54,232341.01,101530.31,6177.97,35611.86,1114.92,41857.01,528.89,1468.67,87.94,1097.34,59.08,5509.63,53.17,2998.34,36.37,3409.53,115.89,0.00,42.04,303.05,30.94,685.99,22.76,36993.32,235.66,0.00,167.05,0.00,20.25,21.81,3.12,67.14,3.01,25.40,1.64,0.00,7.87,99.57,1.50,293.23,2.78,28.71,1.28,211.33,2.59,11.59,1.34,0.00,75.54,43.71,10.50,46.25,7.64,0.00,683.37,0.00,670.83,0.00,70.74,0.00,31.72,7.49,1.43,0.00,164.54,12.57,3.88,7.16,1.75
21.5,21.5,1,21.500,16/03/2026 16:24:14,16.267, , , , , , , , , , , , , , , , , , , , , , , , , , , , , , , , , , , , , , , , , , , , , , , , , , , , , , , , , , , , , , , , , , , , , , , , , , , , , , , , , , , , , , , , , , , , , , , , , , , , , , , , , , , , , , , , , , , , , , , , , , , , , , , , , , , , , , , , , , , , , , , , , , , , , , , , , , , , , , , , , , , , , , , , , , , , , , , , , , , , , , , , , , , , , , , , , , , , , , , , , , , , , , , , , , , , , , , , , , , , , , , , , , , , , , , , , , , , , , , , , , , , , , , , , , , , , , , , , , , , , , , , , , , , , , , , , , , , , , , , , , , , , , , , , , , , , , , , , , , , , , , , , , , , , , , , , , , , , , , , , , , , , , , , , , , , , , , , , , , , , , , , , , , , , , , , , , , , , , , , , , , , 
22.0,22.0,1,22.000,16/03/2026 16:24:31,15.602,,8.66, 9.18, 9.26,36.33, -0.58, 2.26,8.567, 8.878, 9.244, 8.592, 8.463, 8.123, 8.079, 8.110, 8.197, 8.409, 8.499, 8.595, 8.609, 8.649, 8.796, 8.874, 8.938, 9.033, 9.109, 9.256, 9.352, 9.293, 9.206, 9.358, 9.349, 9.138, 9.328, 9.231, 9.149, 9.359, 9.070, 9.391, 9.101, 9.398, 9.176, 9.448, 9.248, 9.518, 9.374, 9.577, 9.625, 9.612, 9.876, 9.819, 9.905, 10.175, 9.970, 10.143, 10.375, 10.057, 10.239, 10.520, 10.146, 10.213, 10.614, 10.387, 10.196, 10.641, 10.759, 10.402, 10.467, 10.868, 10.865, 10.544, 10.664, 11.054, 11.151, 10.893, 10.794, 11.111, 11.346, 11.223, 10.929, 10.917, 11.195, 11.436, 11.345, 11.106, 10.938, 11.009, 11.212, 11.335, 11.281, 11.106, 10.992, 11.115, 11.375, 11.619, 11.694, 11.604, 11.434, 11.365, 11.498, 11.745, 11.972, 12.046, 11.905, 11.614, 11.334, 11.240, 11.307, 11.448, 11.500, 11.201, 10.314, 9.065, 8.082, 7.660, 7.621, 7.731, 7.921, 8.133, 8.343, 8.518, 8.657, 8.825, 9.051, 9.381, 9.781, 10.202, 10.602, 10.916, 11.123, 11.189, 11.168, 11.105, 11.093, 11.170, 11.322, 11.516, 11.747, 11.944, 12.104, 12.160, 12.124, 11.994, 11.779, 11.571, 11.414, 11.280, 11.198, 11.194, 11.231, 11.306, 11.433, 11.550, 11.487, 11.468, 11.348, 11.113, 10.711, 10.051, 8.997, 7.452, 5.849, 4.853, 4.486, 4.413, 4.478, 4.624, 4.854, 5.104, 5.367, 5.620, 5.838, 6.033, 6.192, 6.354, 6.524, 6.709, 6.940, 7.221, 7.546, 7.907, 8.289, 8.652, 8.993, 9.328, 9.612, 9.860, 10.041, 10.142, 10.232, 10.226, 10.167, 10.031, 9.835, 9.601, 9.506, 9.441, 9.320, 9.248, 9.233, 9.214, 9.193, 9.153, 9.085, 9.039, 8.958, 8.856, 8.808, 8.718, 8.685, 8.526, 8.392, 8.143, 7.937, 7.700, 7.304, 6.997, 6.766, 6.577, 6.348, 6.031, 5.870, 5.976, 16.2,1062088.0,1174831.0,911807.56,52352.03,3641.79,12364.78,474.27,2376.39,97.51,489.00,33.70,425.43,22.10,179.96,19.68,652.51,14.75,1594.65,60.22,23.79,6.55,0.00,58.34,431.74,13.80,16817.52,107.39,0.00,94.59,0.00,12.45,20.89,2.22,60.39,2.22,18.98,1.04,0.00,4.44,67.42,1.05,184.98,1.79,18.32,0.84,109.62,1.48,0.00,30.38,0.00,53.19,0.00,422.73,0.00,290.16,0.00,481.69,0.00,506.83,0.00,48.62,0.00,25.56,4.02,1.06,0.00,133.64,0.00,149.37,0.00,65.61,146536.05,86814.10,6039.09,23362.79,896.12,5083.89,208.61,1120.48,77.22,1062.26,55.18,216.78,23.71,913.00,20.64,2660.66,100.48,42.47,11.69,0.00,85.27,620.34,19.83,24044.75,153.54,0.00,120.27,0.00,15.84,26.15,2.78,75.17,2.76,25.06,1.37,0.00,6.24,73.73,1.15,218.76,2.12,23.27,1.07,148.07,2.00,0.00,35.61,0.00,70.93,0.00,454.06,0.00,331.46,0.00,611.51,0.00,606.73,0.00,57.08,0.00,27.60,4.33,1.14,0.00,148.99,0.00,169.97,0.00,74.43
22.5,22.5,1,22.500,16/03/2026 16:24:57,18.119, , , , , , , , , , , , , , , , , , , , , , , , , , , , , , , , , , , , , , , , , , , , , , , , , , , , , , , , , , , , , , , , , , , , , , , , , , , , , , , , , , , , , , , , , , , , , , , , , , , , , , , , , , , , , , , , , , , , , , , , , , , , , , , , , , , , , , , , , , , , , , , , , , , , , , , , , , , , , , , , , , , , , , , , , , , , , , , , , , , , , , , , , , , , , , , , , , , , , , , , , , , , , , , , , , , , , , , , , , , , , , , , , , , , , , , , , , , , , , , , , , , , , , , , , , , , , , , , , , , , , , , , , , , , , , , , , , , , , , , , , , , , , , , , , , , , , , , , , , , , , , , , , , , , , , , , , , , , , , , , , , , , , , , , , , , , , , , , , , , , , , , , , , , , , , , , , , , , , , , , , , , , 
23.0,23.0,1,23.000,16/03/2026 16:25:14,19.706,,9.60, 10.20, 10.26,38.21, -0.81, 2.46,11.112, 10.109, 10.831, 9.637, 9.209, 8.954, 8.880, 8.881, 9.087, 9.326, 9.394, 9.523, 9.540, 9.621, 9.754, 9.877, 10.010, 10.105, 10.204, 10.270, 10.315, 10.358, 10.345, 10.315, 10.324, 10.274, 10.231, 10.233, 10.204, 10.191, 10.222, 10.167, 10.224, 10.158, 10.260, 10.186, 10.304, 10.260, 10.376, 10.420, 10.461, 10.616, 10.600, 10.787, 10.858, 10.851, 11.043, 10.984, 11.002, 11.162, 11.040, 11.058, 11.234, 11.117, 11.055, 11.280, 11.308, 11.173, 11.282, 11.477, 11.415, 11.291, 11.443, 11.632, 11.607, 11.518, 11.582, 11.792, 11.867, 11.784, 11.704, 11.732, 11.875, 11.917, 11.840, 11.754, 11.810, 11.922, 11.968, 11.840, 11.670, 11.649, 11.789, 11.972, 12.031, 11.960, 11.859, 11.883, 12.066, 12.308, 12.440, 12.398, 12.254, 12.157, 12.210, 12.400, 12.593, 12.630, 12.457, 12.181, 11.916, 11.784, 11.769, 11.665, 11.146, 10.229, 9.356, 8.812, 8.504, 8.325, 8.356, 8.564, 8.955, 9.427, 9.844, 10.154, 10.309, 10.389, 10.475, 10.631, 10.896, 11.238, 11.627, 11.980, 12.244, 12.389, 12.408, 12.343, 12.225, 12.133, 12.113, 12.194, 12.334, 12.537, 12.716, 12.844, 12.916, 12.880, 12.768, 12.552, 12.266, 12.009, 11.813, 11.716, 11.710, 11.818, 11.865, 12.019, 12.120, 12.134, 11.952, 11.450, 10.432, 8.810, 6.973, 5.741, 5.180, 4.965, 4.922, 5.024, 5.231, 5.517, 5.843, 6.211, 6.583, 6.936, 7.292, 7.597, 7.851, 8.079, 8.285, 8.487, 8.665, 8.850, 9.051, 9.264, 9.512, 9.759, 10.023, 10.281, 10.531, 10.773, 10.996, 11.167, 11.298, 11.311, 11.225, 11.091, 11.079, 11.021, 10.848, 10.665, 10.531, 10.341, 10.149, 9.962, 9.771, 9.567, 9.402, 9.247, 9.202, 9.135, 9.158, 9.122, 9.076, 9.012, 8.830, 8.814, 8.563, 8.535, 8.285, 8.100, 7.970, 7.849, 7.486, 7.426, 16.3,987621.0,1177977.0,885389.25,71492.15,4138.65,12495.29,515.33,4871.53,136.10,393.89,36.44,467.52,25.29,0.00,963.00,547.48,15.54,1762.39,66.93,57.93,7.55,0.00,71.47,584.87,16.99,21245.97,145.87,0.00,120.54,0.00,15.47,15.51,2.40,62.50,2.50,10.95,1.08,0.00,5.89,88.81,1.35,270.92,2.55,18.24,0.97,143.88,1.87,5.69,1.10,0.00,56.74,0.00,482.77,0.00,331.92,51.35,10.13,0.00,580.32,0.00,53.98,0.00,28.16,4.67,1.26,19.24,4.17,0.00,161.55,0.00,79.42,190526.50,118553.70,6863.02,23609.38,973.70,10421.83,291.16,902.55,83.50,1167.35,63.15,0.00,1160.03,766.04,21.74,2940.54,111.67,103.42,13.48,0.00,104.46,840.36,24.41,30376.29,208.56,0.00,153.26,0.00,19.69,19.42,3.00,77.79,3.11,14.46,1.43,0.00,8.28,97.12,1.48,320.39,3.02,23.16,1.23,194.35,2.53,6.67,1.29,0.00,75.66,0.00,518.55,0.00,379.16,65.19,12.86,0.00,694.70,0.00,63.38,0.00,30.41,5.03,1.36,21.45,4.65,0.00,183.83,0.00,90.10
23.5,23.5,1,23.500,16/03/2026 16:25:40,19.377,1157892.922, , , , , , , , , , , , , , , , , , , , , , , , , , , , , , , , , , , , , , , , , , , , , , , , , , , , , , , , , , , , , , , , , , , , , , , , , , , , , , , , , , , , , , , , , , , , , , , , , , , , , , , , , , , , , , , , , , , , , , , , , , , , , , , , , , , , , , , , , , , , , , , , , , , , , , , , , , , , , , , , , , , , , , , , , , , , , , , , , , , , , , , , , , , , , , , , , , , , , , , , , , , , , , , , , , , , , , , , , , , , , , , , , , , , , , , , , , , , , , , , , , , , , , , , , , , , , , , , , , , , , , , , , , , , , , , , , , , , , , , , , , , , , , , , , , , , , , , , , , , , , , , , , , , , , , , , , , , , , , , , , , , , , , , , , , , , , , , , , , , , , , , , , , , , , , , , , , , , , , , , , , , 
24.0,24.0,1,24.000,16/03/2026 16:25:58,19.111,,10.68, 11.37, 11.43,40.20, -0.94, 2.54,11.394, 11.235, 11.552, 10.814, 10.351, 9.842, 9.736, 9.894, 10.065, 10.362, 10.550, 10.598, 10.644, 10.740, 10.898, 11.044, 11.155, 11.297, 11.363, 11.455, 11.520, 11.551, 11.517, 11.503, 11.488, 11.403, 11.388, 11.385, 11.319, 11.348, 11.293, 11.290, 11.284, 11.257, 11.317, 11.285, 11.349, 11.360, 11.404, 11.522, 11.497, 11.705, 11.665, 11.831, 11.945, 11.911, 12.107, 12.098, 12.063, 12.225, 12.142, 12.110, 12.283, 12.225, 12.104, 12.292, 12.394, 12.225, 12.283, 12.524, 12.500, 12.326, 12.422, 12.712, 12.726, 12.529, 12.509, 12.767, 12.893, 12.772, 12.635, 12.759, 12.950, 12.935, 12.783, 12.710, 12.834, 12.990, 12.940, 12.730, 12.558, 12.639, 12.850, 12.992, 12.927, 12.804, 12.775, 12.911, 13.155, 13.326, 13.332, 13.222, 13.137, 13.136, 13.290, 13.471, 13.554, 13.464, 13.249, 13.005, 12.841, 12.812, 12.800, 12.614, 11.923, 10.849, 9.907, 9.400, 9.192, 9.096, 9.147, 9.308, 9.624, 10.011, 10.391, 10.748, 11.015, 11.225, 11.410, 11.616, 11.852, 12.117, 12.369, 12.634, 12.859, 13.037, 13.148, 13.216, 13.203, 13.169, 13.148, 13.173, 13.209, 13.277, 13.337, 13.410, 13.466, 13.508, 13.526, 13.423, 13.250, 13.043, 12.856, 12.715, 12.638, 12.620, 12.548, 12.601, 12.646, 12.657, 12.528, 12.091, 11.139, 9.489, 7.544, 6.204, 5.619, 5.388, 5.299, 5.344, 5.489, 5.714, 6.001, 6.348, 6.731, 7.143, 7.578, 7.986, 8.378, 8.719, 9.029, 9.308, 9.538, 9.750, 9.947, 10.138, 10.308, 10.458, 10.643, 10.831, 11.035, 11.232, 11.435, 11.664, 11.836, 11.926, 11.914, 11.866, 11.955, 11.970, 11.857, 11.709, 11.555, 11.394, 11.130, 10.884, 10.606, 10.369, 10.080, 9.831, 9.684, 9.611, 9.545, 9.462, 9.423, 9.354, 9.238, 9.205, 9.101, 8.939, 8.748, 8.647, 8.488, 8.397, 8.222, 8.139, 16.3,991058.0,1170908.0,880210.04,76657.92,4124.80,15487.90,547.52,3528.81,120.45,595.32,38.65,479.22,25.10,0.00,903.15,408.28,14.84,1088.18,58.60,64.41,7.40,0.00,68.23,350.10,13.77,20460.12,139.58,0.00,116.40,0.00,16.68,13.24,2.32,70.17,2.58,8.71,1.20,0.00,5.48,98.45,1.41,227.97,2.23,21.15,0.98,122.37,1.70,4.28,1.08,0.00,55.63,0.00,462.78,0.00,317.15,0.00,526.62,75.48,10.60,0.00,57.09,0.00,29.41,17.65,1.45,0.00,144.49,0.00,161.66,10.25,1.54,199562.24,127119.97,6840.06,29263.81,1034.52,7549.31,257.68,1364.10,88.56,1196.57,62.67,0.00,1087.94,571.27,20.76,1815.62,97.77,114.98,13.21,0.00,99.72,503.04,19.79,29252.73,199.56,0.00,148.00,0.00,21.23,16.57,2.90,87.34,3.21,11.50,1.58,0.00,7.70,107.66,1.54,269.60,2.64,26.86,1.24,165.29,2.30,5.02,1.27,0.00,74.18,0.00,497.08,0.00,362.29,0.00,668.55,90.36,12.69,0.00,67.03,0.00,31.76,19.01,1.56,0.00,161.08,0.00,183.95,11.63,1.75
24.5,24.5,1,24.500,16/03/2026 16:26:24,19.379, , , , , , , , , , , , , , , , , , , , , , , , , , , , , , , , , , , , , , , , , , , , , , , , , , , , , , , , , , , , , , , , , , , , , , , , , , , , , , , , , , , , , , , , , , , , , , , , , , , , , , , , , , , , , , , , , , , , , , , , , , , , , , , , , , , , , , , , , , , , , , , , , , , , , , , , , , , , , , , , , , , , , , , , , , , , , , , , , , , , , , , , , , , , , , , , , , , , , , , , , , , , , , , , , , , , , , , , , , , , , , , , , , , , , , , , , , , , , , , , , , , , , , , , , , , , , , , , , , , , , , , , , , , , , , , , , , , , , , , , , , , , , , , , , , , , , , , , , , , , , , , , , , , , , , , , , , , , , , , , , , , , , , , , , , , , , , , , , , , , , , , , , , , , , , , , , , , , , , , , , , , , 
25.0,25.0,1,25.000,16/03/2026 16:26:41,18.186,,10.34, 11.04, 10.91,39.64, -1.15, 3.05,11.142, 10.238, 10.785, 9.784, 9.476, 9.201, 9.235, 9.271, 9.502, 9.862, 10.009, 10.163, 10.213, 10.335, 10.486, 10.646, 10.797, 10.959, 11.057, 11.147, 11.180, 11.211, 11.193, 11.204, 11.173, 11.060, 11.053, 11.069, 10.978, 10.974, 10.995, 10.897, 10.961, 10.889, 10.947, 10.923, 10.966, 10.994, 11.046, 11.101, 11.198, 11.248, 11.391, 11.433, 11.578, 11.626, 11.680, 11.755, 11.743, 11.794, 11.789, 11.791, 11.837, 11.828, 11.807, 11.894, 11.926, 11.898, 11.970, 12.063, 12.053, 12.035, 12.131, 12.210, 12.231, 12.271, 12.329, 12.333, 12.380, 12.425, 12.475, 12.431, 12.373, 12.396, 12.494, 12.539, 12.478, 12.393, 12.408, 12.432, 12.410, 12.376, 12.358, 12.387, 12.470, 12.556, 12.607, 12.603, 12.647, 12.747, 12.869, 12.919, 12.926, 12.892, 12.894, 12.930, 12.990, 13.003, 12.917, 12.746, 12.562, 12.432, 12.321, 12.067, 11.399, 10.404, 9.539, 9.063, 8.840, 8.713, 8.714, 8.845, 9.164, 9.579, 9.986, 10.345, 10.588, 10.775, 10.946, 11.150, 11.395, 11.678, 11.963, 12.238, 12.430, 12.572, 12.620, 12.650, 12.651, 12.665, 12.704, 12.761, 12.845, 12.922, 12.968, 12.999, 12.981, 12.921, 12.857, 12.724, 12.597, 12.448, 12.353, 12.281, 12.282, 12.322, 12.238, 12.275, 12.267, 12.176, 11.927, 11.409, 10.438, 8.858, 7.054, 5.829, 5.303, 5.111, 5.091, 5.200, 5.399, 5.648, 5.940, 6.232, 6.555, 6.872, 7.174, 7.484, 7.778, 8.070, 8.361, 8.681, 8.979, 9.284, 9.567, 9.864, 10.100, 10.334, 10.521, 10.702, 10.852, 10.960, 11.069, 11.124, 11.153, 11.123, 11.012, 10.916, 10.957, 11.005, 10.970, 10.929, 10.891, 10.817, 10.694, 10.553, 10.322, 10.175, 9.941, 9.778, 9.606, 9.488, 9.381, 9.267, 9.081, 8.914, 8.746, 8.576, 8.368, 8.240, 8.033, 7.852, 7.741, 7.612, 7.372, 7.424, 16.3,987115.0,1203681.0,893035.74,63618.86,4001.86,14997.59,538.96,2301.22,104.39,563.67,37.68,492.36,24.78,0.00,1105.01,442.63,14.78,1423.76,61.78,58.96,7.33,88.17,18.80,420.18,14.70,21954.12,146.77,0.00,118.62,0.00,15.68,18.42,2.43,91.84,2.87,13.83,1.19,0.00,5.34,106.90,1.47,213.09,2.14,17.83,0.97,113.30,1.65,0.00,32.25,0.00,54.90,0.00,453.75,0.00,321.90,0.00,536.83,0.00,572.63,0.00,48.69,7.00,1.16,10.92,1.36,0.00,145.46,0.00,161.16,9.66,1.56,177231.02,105497.62,6636.19,28337.39,1018.34,4923.08,223.33,1291.57,86.34,1229.38,61.87,0.00,1331.10,619.33,20.68,2375.53,103.08,105.25,13.09,128.87,27.48,603.73,21.12,31388.77,209.84,0.00,150.82,0.00,19.95,23.06,3.04,114.31,3.57,18.26,1.57,0.00,7.50,116.91,1.61,252.00,2.53,22.64,1.23,153.04,2.23,0.00,37.80,0.00,73.21,0.00,487.38,0.00,367.72,0.00,681.52,0.00,685.50,0.00,57.16,7.56,1.25,11.76,1.47,0.00,162.16,0.00,183.38,10.96,1.77
25.5,25.5,1,25.500,16/03/2026 16:27:15,19.774, , , , , , , , , , , , , , , , , , , , , , , , , , , , , , , , , , , , , , , , , , , , , , , , , , , , , , , , , , , , , , , , , , , , , , , , , , , , , , , , , , , , , , , , , , , , , , , , , , , , , , , , , , , , , , , , , , , , , , , , , , , , , , , , , , , , , , , , , , , , , , , , , , , , , , , , , , , , , , , , , , , , , , , , , , , , , , , , , , , , , , , , , , , , , , , , , , , , , , , , , , , , , , , , , , , , , , , , , , , , , , , , , , , , , , , , , , , , , , , , , , , , , , , , , , , , , , , , , , , , , , , , , , , , , , , , , , , , , , , , , , , , , , , , , , , , , , , , , , , , , , , , , , , , , , , , , , , , , , , , , , , , , , , , , , , , , , , , , , , , , , , , , , , , , , , , , , , , , , , , , , , , 
26.0,26.0,1,26.000,16/03/2026 16:28:07,21.692,,10.15, 10.86, 10.62,39.34, -1.31, 3.35,11.036, 9.906, 10.093, 9.262, 9.162, 8.747, 8.884, 8.910, 9.177, 9.560, 9.770, 9.921, 9.965, 10.097, 10.256, 10.450, 10.639, 10.778, 10.901, 10.959, 10.993, 11.050, 11.058, 11.039, 10.966, 10.898, 10.894, 10.825, 10.788, 10.777, 10.743, 10.719, 10.674, 10.692, 10.669, 10.715, 10.694, 10.776, 10.759, 10.900, 10.899, 11.050, 11.096, 11.205, 11.322, 11.349, 11.466, 11.471, 11.510, 11.558, 11.501, 11.554, 11.577, 11.526, 11.554, 11.604, 11.606, 11.620, 11.677, 11.722, 11.748, 11.743, 11.776, 11.848, 11.943, 11.943, 11.949, 11.953, 12.088, 12.130, 12.075, 12.009, 12.041, 12.100, 12.123, 12.062, 12.049, 12.073, 12.102, 12.038, 11.919, 11.906, 11.989, 12.069, 12.083, 12.035, 12.040, 12.148, 12.296, 12.415, 12.416, 12.364, 12.329, 12.372, 12.478, 12.585, 12.578, 12.464, 12.294, 12.129, 12.050, 12.028, 11.964, 11.661, 10.900, 9.827, 8.950, 8.536, 8.414, 8.377, 8.415, 8.506, 8.724, 9.028, 9.355, 9.710, 10.017, 10.290, 10.534, 10.746, 10.941, 11.136, 11.328, 11.523, 11.696, 11.855, 11.987, 12.084, 12.134, 12.155, 12.180, 12.168, 12.186, 12.192, 12.206, 12.213, 12.210, 12.209, 12.204, 12.138, 12.030, 11.887, 11.769, 11.674, 11.602, 11.577, 11.480, 11.475, 11.466, 11.391, 11.192, 10.744, 9.840, 8.359, 6.669, 5.521, 5.030, 4.837, 4.780, 4.859, 5.003, 5.215, 5.465, 5.730, 6.025, 6.336, 6.641, 6.955, 7.262, 7.570, 7.865, 8.156, 8.433, 8.705, 8.946, 9.168, 9.366, 9.562, 9.722, 9.875, 10.000, 10.108, 10.233, 10.323, 10.387, 10.407, 10.351, 10.274, 10.337, 10.379, 10.342, 10.264, 10.213, 10.072, 9.918, 9.741, 9.548, 9.367, 9.139, 8.950, 8.778, 8.688, 8.586, 8.455, 8.345, 8.229, 8.092, 7.898, 7.734, 7.624, 7.425, 7.190, 7.118, 6.984, 6.923, 6.779, 16.2,991780.0,1228219.0,866818.24,89421.67,4184.82,14590.22,532.49,3448.71,118.79,438.55,36.24,515.62,25.14,0.00,786.76,305.46,14.36,1136.36,58.99,64.51,7.41,132.14,20.04,494.24,15.84,21968.85,150.08,0.00,119.35,0.00,15.54,26.87,2.61,83.84,2.85,16.75,1.30,0.00,5.31,90.67,1.34,205.92,2.11,20.44,0.97,116.41,1.67,4.77,1.08,0.00,56.18,42.51,9.61,21.33,6.59,0.00,542.19,0.00,553.25,17.56,3.31,0.00,28.95,18.39,1.45,0.00,144.65,0.00,161.35,0.00,70.34,221077.45,148285.79,6939.59,27567.68,1006.12,7377.95,254.13,1004.88,83.04,1287.45,62.77,0.00,947.73,427.40,20.09,1896.01,98.42,115.16,13.23,193.13,29.29,710.14,22.76,31409.83,214.58,0.00,151.75,0.00,19.78,33.64,3.27,104.36,3.55,22.12,1.72,0.00,7.46,99.16,1.47,243.52,2.50,25.96,1.23,157.24,2.26,5.59,1.27,0.00,74.91,45.66,10.32,24.37,7.53,0.00,688.32,0.00,662.30,20.62,3.89,0.00,31.26,19.81,1.56,0.00,161.26,0.00,183.60,0.00,79.80
26.5,26.5,1,26.500,16/03/2026 16:28:33,21.097, , , , , , , , , , , , , , , , , , , , , , , , , , , , , , , , , , , , , , , , , , , , , , , , , , , , , , , , , , , , , , , , , , , , , , , , , , , , , , , , , , , , , , , , , , , , , , , , , , , , , , , , , , , , , , , , , , , , , , , , , , , , , , , , , , , , , , , , , , , , , , , , , , , , , , , , , , , , , , , , , , , , , , , , , , , , , , , , , , , , , , , , , , , , , , , , , , , , , , , , , , , , , , , , , , , , , , , , , , , , , , , , , , , , , , , , , , , , , , , , , , , , , , , , , , , , , , , , , , , , , , , , , , , , , , , , , , , , , , , , , , , , , , , , , , , , , , , , , , , , , , , , , , , , , , , , , , , , , , , , , , , , , , , , , , , , , , , , , , , , , , , , , , , , , , , , , , , , , , , , , , , , 
27.0,27.0,1,27.000,16/03/2026 16:28:50,17.919,,9.33, 9.97, 9.65,37.78, -1.17, 3.56,10.977, 8.873, 8.516, 8.138, 7.923, 7.890, 8.081, 8.114, 8.360, 8.679, 8.847, 9.003, 9.073, 9.185, 9.349, 9.522, 9.687, 9.849, 9.970, 10.060, 10.133, 10.154, 10.123, 10.124, 10.123, 10.064, 10.019, 10.016, 9.989, 9.967, 9.974, 9.928, 9.952, 9.930, 9.976, 9.962, 10.025, 10.041, 10.124, 10.164, 10.288, 10.335, 10.473, 10.535, 10.645, 10.747, 10.760, 10.867, 10.886, 10.866, 10.938, 10.924, 10.909, 10.978, 10.952, 10.949, 11.061, 11.081, 11.025, 11.112, 11.240, 11.131, 11.118, 11.289, 11.423, 11.352, 11.287, 11.449, 11.604, 11.569, 11.448, 11.457, 11.581, 11.605, 11.567, 11.512, 11.552, 11.616, 11.596, 11.473, 11.344, 11.355, 11.449, 11.531, 11.519, 11.507, 11.540, 11.627, 11.767, 11.889, 11.924, 11.895, 11.860, 11.873, 11.948, 12.037, 12.066, 11.976, 11.774, 11.559, 11.378, 11.291, 11.191, 10.829, 9.894, 8.612, 7.589, 7.062, 6.851, 6.810, 6.886, 7.050, 7.334, 7.687, 8.037, 8.376, 8.680, 8.992, 9.303, 9.622, 9.936, 10.223, 10.471, 10.672, 10.844, 10.974, 11.076, 11.182, 11.271, 11.362, 11.436, 11.471, 11.511, 11.523, 11.511, 11.470, 11.421, 11.375, 11.316, 11.227, 11.128, 10.976, 10.852, 10.757, 10.681, 10.674, 10.559, 10.538, 10.466, 10.343, 10.057, 9.471, 8.409, 6.737, 5.050, 4.033, 3.640, 3.513, 3.493, 3.549, 3.668, 3.819, 4.004, 4.216, 4.455, 4.728, 5.012, 5.309, 5.625, 5.944, 6.273, 6.594, 6.900, 7.200, 7.491, 7.742, 7.953, 8.161, 8.325, 8.485, 8.617, 8.732, 8.832, 8.905, 8.991, 8.980, 8.929, 8.877, 8.938, 9.003, 8.949, 8.917, 8.848, 8.736, 8.586, 8.380, 8.189, 7.918, 7.698, 7.394, 7.229, 7.011, 6.805, 6.662, 6.525, 6.324, 6.113, 5.984, 5.771, 5.691, 5.530, 5.311, 5.257, 5.150, 5.155, 5.046, 16.3,1012389.0,1232171.0,885312.19,69028.82,3925.13,13599.20,516.35,4258.28,124.96,528.13,36.36,375.29,23.36,570.94,23.18,666.39,16.14,1353.08,60.06,75.14,7.30,0.00,67.09,544.03,15.91,23081.39,151.17,0.00,118.97,0.00,17.41,0.00,12.14,83.51,2.71,26.13,1.39,0.00,5.58,105.75,1.45,204.43,2.06,14.21,0.94,131.47,1.72,0.00,31.47,0.00,54.99,0.00,455.55,0.00,314.37,0.00,530.05,0.00,561.29,0.00,43.12,0.00,26.32,15.75,1.43,25.89,3.96,0.00,152.19,0.00,74.65,189952.48,114468.82,6508.95,25695.18,975.62,9109.89,267.33,1210.14,83.31,937.06,58.33,687.76,27.92,932.42,22.58,2257.61,100.21,134.14,13.03,0.00,98.06,781.68,22.86,33000.47,216.13,0.00,151.27,0.00,22.16,0.00,15.20,103.95,3.37,34.50,1.84,0.00,7.84,115.65,1.59,241.76,2.44,18.05,1.19,177.59,2.32,0.00,36.89,0.00,73.33,0.00,489.31,0.00,359.11,0.00,672.91,0.00,671.92,0.00,50.63,0.00,28.42,16.97,1.54,28.86,4.41,0.00,173.18,0.00,84.69
27.5,27.5,1,27.500,16/03/2026 16:29:16,19.974, , , , , , , , , , , , , , , , , , , , , , , , , , , , , , , , , , , , , , , , , , , , , , , , , , , , , , , , , , , , , , , , , , , , , , , , , , , , , , , , , , , , , , , , , , , , , , , , , , , , , , , , , , , , , , , , , , , , , , , , , , , , , , , , , , , , , , , , , , , , , , , , , , , , , , , , , , , , , , , , , , , , , , , , , , , , , , , , , , , , , , , , , , , , , , , , , , , , , , , , , , , , , , , , , , , , , , , , , , , , , , , , , , , , , , , , , , , , , , , , , , , , , , , , , , , , , , , , , , , , , , , , , , , , , , , , , , , , , , , , , , , , , , , , , , , , , , , , , , , , , , , , , , , , , , , , , , , , , , , , , , , , , , , , , , , , , , , , , , , , , , , , , , , , , , , , , , , , , , , , , , , , 
28.0,28.0,1,28.000,16/03/2026 16:29:42,23.607,,10.55, 11.31, 10.95,40.10, -1.53, 3.70,11.371, 8.629, 9.971, 9.157, 9.203, 8.969, 8.863, 9.116, 9.424, 9.861, 10.048, 10.240, 10.322, 10.480, 10.662, 10.858, 11.044, 11.231, 11.347, 11.448, 11.502, 11.547, 11.509, 11.484, 11.431, 11.340, 11.316, 11.252, 11.186, 11.187, 11.108, 11.090, 11.051, 11.008, 11.054, 11.003, 11.072, 11.058, 11.141, 11.181, 11.261, 11.353, 11.432, 11.540, 11.632, 11.696, 11.765, 11.803, 11.812, 11.854, 11.823, 11.823, 11.866, 11.824, 11.794, 11.876, 11.895, 11.849, 11.913, 11.982, 11.947, 11.913, 11.991, 12.066, 12.088, 12.120, 12.124, 12.191, 12.217, 12.253, 12.273, 12.226, 12.183, 12.212, 12.262, 12.275, 12.227, 12.166, 12.146, 12.097, 11.989, 11.961, 11.962, 11.981, 12.018, 12.063, 12.106, 12.165, 12.230, 12.299, 12.350, 12.369, 12.364, 12.367, 12.385, 12.404, 12.387, 12.308, 12.141, 11.953, 11.773, 11.646, 11.463, 11.013, 10.042, 8.779, 7.823, 7.335, 7.131, 7.036, 7.042, 7.123, 7.373, 7.748, 8.153, 8.572, 8.927, 9.239, 9.498, 9.742, 9.968, 10.205, 10.454, 10.707, 10.947, 11.139, 11.298, 11.404, 11.441, 11.441, 11.430, 11.419, 11.423, 11.437, 11.469, 11.500, 11.523, 11.519, 11.486, 11.397, 11.226, 11.010, 10.811, 10.629, 10.525, 10.491, 10.399, 10.405, 10.404, 10.343, 10.117, 9.579, 8.534, 6.900, 5.197, 4.140, 3.683, 3.494, 3.425, 3.445, 3.560, 3.730, 3.963, 4.228, 4.520, 4.838, 5.168, 5.495, 5.804, 6.104, 6.360, 6.621, 6.870, 7.108, 7.319, 7.508, 7.699, 7.889, 8.062, 8.233, 8.402, 8.554, 8.720, 8.848, 8.970, 9.033, 9.018, 8.967, 8.994, 8.986, 8.888, 8.784, 8.656, 8.478, 8.292, 8.090, 7.830, 7.590, 7.336, 7.141, 6.939, 6.837, 6.706, 6.592, 6.497, 6.416, 6.289, 6.067, 6.014, 5.881, 5.717, 5.487, 5.367, 5.239, 5.097, 5.027, 16.3,1039946.0,1266998.0,883611.83,70082.15,3877.70,10864.36,475.65,4263.65,122.30,462.27,34.71,562.53,23.90,981.56,24.39,964.33,17.43,1806.21,64.28,28.23,6.74,193.14,19.34,369.57,13.80,25188.49,162.23,0.00,123.20,0.00,16.10,37.83,2.79,81.94,2.76,17.54,1.29,0.00,5.56,93.24,1.35,193.37,1.98,21.38,0.97,110.72,1.61,9.02,1.10,0.00,54.79,0.00,452.19,40.15,6.64,0.00,524.72,0.00,554.37,0.00,56.23,0.00,29.90,16.50,1.42,0.00,135.83,0.00,151.91,0.00,70.38,191504.71,116215.53,6430.30,20527.80,898.72,9121.38,261.64,1059.23,79.53,1404.58,59.68,1182.39,29.38,1349.30,24.39,3013.65,107.25,50.40,12.03,282.29,28.27,531.01,19.83,36013.09,231.95,0.00,156.65,0.00,20.49,47.35,3.49,101.99,3.44,23.16,1.70,0.00,7.81,101.97,1.48,228.68,2.34,27.15,1.23,149.56,2.17,10.57,1.29,0.00,73.06,0.00,485.70,45.86,7.59,0.00,666.14,0.00,663.64,0.00,66.02,0.00,32.28,17.77,1.53,0.00,151.43,0.00,172.86,0.00,79.84
28.5,28.5,1,28.500,16/03/2026 16:30:00,24.603,1157891.464, , , , , , , , , , , , , , , , , , , , , , , , , , , , , , , , , , , , , , , , , , , , , , , , , , , , , , , , , , , , , , , , , , , , , , , , , , , , , , , , , , , , , , , , , , , , , , , , , , , , , , , , , , , , , , , , , , , , , , , , , , , , , , , , , , , , , , , , , , , , , , , , , , , , , , , , , , , , , , , , , , , , , , , , , , , , , , , , , , , , , , , , , , , , , , , , , , , , , , , , , , , , , , , , , , , , , , , , , , , , , , , , , , , , , , , , , , , , , , , , , , , , , , , , , , , , , , , , , , , , , , , , , , , , , , , , , , , , , , , , , , , , , , , , , , , , , , , , , , , , , , , , , , , , , , , , , , , , , , , , , , , , , , , , , , , , , , , , , , , , , , , , , , , , , , , , , , , , , , , , , , , 
29.0,29.0,1,29.000,16/03/2026 16:30:25,24.800,,10.65, 11.45, 10.97,40.32, -1.75, 4.04,10.618, 8.543, 9.309, 9.094, 8.900, 8.708, 8.913, 9.138, 9.354, 9.808, 10.070, 10.283, 10.357, 10.528, 10.750, 10.979, 11.167, 11.393, 11.523, 11.607, 11.652, 11.670, 11.689, 11.657, 11.542, 11.480, 11.471, 11.320, 11.325, 11.252, 11.181, 11.173, 11.071, 11.104, 11.042, 11.083, 11.059, 11.109, 11.139, 11.190, 11.290, 11.340, 11.464, 11.551, 11.635, 11.749, 11.784, 11.819, 11.881, 11.867, 11.831, 11.890, 11.884, 11.811, 11.840, 11.915, 11.871, 11.842, 11.951, 11.980, 11.888, 11.851, 11.961, 12.027, 11.998, 12.027, 12.114, 12.218, 12.209, 12.174, 12.223, 12.280, 12.250, 12.194, 12.152, 12.184, 12.258, 12.243, 12.116, 11.900, 11.760, 11.820, 11.924, 11.930, 11.843, 11.790, 11.865, 12.020, 12.179, 12.253, 12.226, 12.146, 12.118, 12.158, 12.251, 12.319, 12.278, 12.101, 11.822, 11.523, 11.318, 11.196, 11.017, 10.475, 9.257, 7.738, 6.632, 6.082, 5.865, 5.800, 5.863, 5.992, 6.270, 6.632, 7.021, 7.419, 7.781, 8.118, 8.460, 8.799, 9.130, 9.457, 9.758, 10.034, 10.262, 10.442, 10.570, 10.658, 10.715, 10.751, 10.785, 10.812, 10.866, 10.907, 10.943, 10.960, 10.950, 10.892, 10.803, 10.628, 10.407, 10.166, 9.949, 9.796, 9.706, 9.683, 9.629, 9.649, 9.609, 9.488, 9.180, 8.491, 7.274, 5.531, 3.939, 3.075, 2.767, 2.680, 2.649, 2.704, 2.824, 2.964, 3.140, 3.333, 3.548, 3.778, 4.015, 4.258, 4.488, 4.737, 4.981, 5.231, 5.478, 5.723, 5.965, 6.208, 6.460, 6.669, 6.889, 7.072, 7.256, 7.422, 7.550, 7.674, 7.766, 7.816, 7.783, 7.728, 7.719, 7.695, 7.565, 7.445, 7.319, 7.164, 7.004, 6.790, 6.590, 6.355, 6.126, 5.919, 5.789, 5.620, 5.548, 5.389, 5.231, 5.116, 5.031, 4.926, 4.813, 4.496, 4.482, 4.290, 4.106, 4.079, 3.889, 3.826, 16.3,1028729.0,1241164.0,887087.48,65940.16,3717.25,11721.72,473.71,4270.28,119.03,463.80,33.42,458.66,22.33,1103.34,24.17,706.36,15.61,1723.23,61.71,24.97,6.50,0.00,64.90,561.33,15.62,25347.01,158.12,0.00,124.62,0.00,13.70,33.61,2.64,90.90,2.88,24.11,1.31,0.00,5.39,89.93,1.28,163.32,1.75,18.59,0.93,112.30,1.57,0.00,29.41,0.00,51.80,0.00,432.19,0.00,297.34,0.00,493.99,0.00,528.55,31.44,3.53,0.00,27.81,14.70,1.36,12.78,3.92,0.00,148.11,0.00,61.19,185842.56,109346.97,6164.23,22147.75,895.06,9135.56,254.65,1062.74,76.58,1145.23,55.76,1329.09,29.12,988.34,21.84,2875.20,102.96,44.58,11.60,0.00,94.86,806.54,22.44,36239.73,226.07,0.00,158.45,0.00,17.43,42.07,3.30,113.14,3.58,31.83,1.73,0.00,7.57,98.35,1.40,193.14,2.07,23.61,1.18,151.69,2.12,0.00,34.47,0.00,69.07,0.00,464.22,0.00,339.66,0.00,627.13,0.00,632.73,36.91,4.14,0.00,30.03,15.84,1.47,14.25,4.37,0.00,168.53,0.00,69.42
29.5,29.5,1,29.500,16/03/2026 16:30:51,26.124, , , , , , , , , , , , , , , , , , , , , , , , , , , , , , , , , , , , , , , , , , , , , , , , , , , , , , , , , , , , , , , , , , , , , , , , , , , , , , , , , , , , , , , , , , , , , , , , , , , , , , , , , , , , , , , , , , , , , , , , , , , , , , , , , , , , , , , , , , , , , , , , , , , , , , , , , , , , , , , , , , , , , , , , , , , , , , , , , , , , , , , , , , , , , , , , , , , , , , , , , , , , , , , , , , , , , , , , , , , , , , , , , , , , , , , , , , , , , , , , , , , , , , , , , , , , , , , , , , , , , , , , , , , , , , , , , , , , , , , , , , , , , , , , , , , , , , , , , , , , , , , , , , , , , , , , , , , , , , , , , , , , , , , , , , , , , , , , , , , , , , , , , , , , , , , , , , , , , , , , , , , , 
30.0,30.0,1,30.000,16/03/2026 16:31:09,24.607,,10.83, 11.64, 11.30,40.64, -1.76, 3.66,11.854, 10.683, 10.144, 9.885, 9.454, 9.255, 9.205, 9.459, 9.747, 10.152, 10.370, 10.528, 10.639, 10.814, 11.042, 11.244, 11.428, 11.621, 11.713, 11.819, 11.863, 11.875, 11.830, 11.798, 11.758, 11.628, 11.563, 11.534, 11.409, 11.418, 11.331, 11.283, 11.245, 11.191, 11.212, 11.174, 11.209, 11.223, 11.250, 11.333, 11.382, 11.481, 11.578, 11.658, 11.773, 11.857, 11.873, 11.955, 11.975, 11.932, 11.978, 11.983, 11.919, 11.953, 11.960, 11.923, 11.959, 12.019, 12.007, 11.995, 12.078, 12.094, 12.065, 12.086, 12.216, 12.257, 12.239, 12.197, 12.288, 12.420, 12.348, 12.248, 12.205, 12.296, 12.361, 12.336, 12.242, 12.199, 12.209, 12.203, 12.119, 12.064, 12.055, 12.084, 12.142, 12.206, 12.246, 12.297, 12.346, 12.405, 12.452, 12.480, 12.490, 12.502, 12.522, 12.542, 12.529, 12.458, 12.322, 12.140, 12.012, 11.907, 11.770, 11.393, 10.532, 9.358, 8.428, 7.963, 7.771, 7.708, 7.742, 7.856, 8.111, 8.447, 8.809, 9.145, 9.454, 9.729, 10.002, 10.267, 10.521, 10.771, 10.984, 11.173, 11.332, 11.451, 11.551, 11.632, 11.699, 11.762, 11.804, 11.847, 11.884, 11.896, 11.875, 11.854, 11.805, 11.757, 11.675, 11.586, 11.478, 11.341, 11.249, 11.193, 11.153, 11.124, 11.007, 10.980, 10.917, 10.778, 10.507, 9.963, 8.965, 7.404, 5.704, 4.626, 4.199, 4.081, 4.086, 4.176, 4.328, 4.502, 4.719, 4.945, 5.187, 5.440, 5.690, 5.977, 6.264, 6.553, 6.867, 7.180, 7.500, 7.792, 8.095, 8.364, 8.595, 8.804, 8.984, 9.124, 9.232, 9.311, 9.403, 9.447, 9.481, 9.469, 9.401, 9.325, 9.348, 9.393, 9.352, 9.302, 9.286, 9.212, 9.126, 8.976, 8.839, 8.626, 8.415, 8.194, 8.042, 7.888, 7.695, 7.533, 7.356, 7.163, 6.981, 6.849, 6.614, 6.499, 6.266, 6.050, 5.948, 5.869, 5.741, 5.756, 16.3,1015846.0,1241255.0,881878.66,67211.12,3826.96,10900.59,481.31,6082.86,140.39,584.27,36.27,535.12,23.66,1750.48,28.31,1271.92,19.24,1883.05,65.04,29.77,6.66,117.36,17.48,570.06,16.16,26494.60,169.27,0.00,128.68,0.00,18.25,33.52,2.76,68.43,2.60,15.42,1.37,0.00,4.80,86.60,1.31,189.46,1.97,16.92,0.94,134.25,1.73,0.00,31.05,0.00,54.56,0.00,453.85,0.00,312.58,0.00,514.76,76.69,10.39,0.00,59.01,0.00,28.66,22.43,1.55,46.47,3.90,0.00,144.34,0.00,68.65,194530.30,111454.57,6346.16,20596.26,909.42,13013.27,300.34,1338.78,83.11,1336.14,59.08,2108.64,34.10,1779.68,26.92,3141.86,108.52,53.14,11.89,171.53,25.55,819.08,23.22,37880.49,242.01,0.00,163.61,0.00,23.22,41.96,3.45,85.18,3.24,20.36,1.81,0.00,6.75,94.71,1.43,224.06,2.33,21.49,1.19,181.34,2.34,0.00,36.40,0.00,72.75,0.00,487.49,0.00,357.07,0.00,653.50,91.81,12.44,0.00,69.28,0.00,30.95,24.16,1.67,51.81,4.35,0.00,164.25,0.00,77.88
30.5,30.5,1,30.500,16/03/2026 16:31:43,24.601, , , , , , , , , , , , , , , , , , , , , , , , , , , , , , , , , , , , , , , , , , , , , , , , , , , , , , , , , , , , , , , , , , , , , , , , , , , , , , , , , , , , , , , , , , , , , , , , , , , , , , , , , , , , , , , , , , , , , , , , , , , , , , , , , , , , , , , , , , , , , , , , , , , , , , , , , , , , , , , , , , , , , , , , , , , , , , , , , , , , , , , , , , , , , , , , , , , , , , , , , , , , , , , , , , , , , , , , , , , , , , , , , , , , , , , , , , , , , , , , , , , , , , , , , , , , , , , , , , , , , , , , , , , , , , , , , , , , , , , , , , , , , , , , , , , , , , , , , , , , , , , , , , , , , , , , , , , , , , , , , , , , , , , , , , , , , , , , , , , , , , , , , , , , , , , , , , , , , , , , , , , , 
31.0,31.0,1,31.000,16/03/2026 16:32:00,22.949,,11.24, 12.08, 11.75,41.35, -1.75, 3.67,11.317, 10.514, 10.130, 9.725, 9.946, 9.805, 9.571, 9.902, 10.137, 10.549, 10.786, 10.931, 11.047, 11.217, 11.452, 11.650, 11.831, 12.044, 12.159, 12.277, 12.344, 12.316, 12.268, 12.257, 12.196, 12.055, 12.024, 11.945, 11.846, 11.849, 11.740, 11.719, 11.647, 11.620, 11.617, 11.594, 11.618, 11.634, 11.674, 11.733, 11.804, 11.891, 11.975, 12.080, 12.147, 12.261, 12.292, 12.313, 12.379, 12.346, 12.316, 12.376, 12.341, 12.282, 12.326, 12.356, 12.309, 12.339, 12.404, 12.412, 12.372, 12.388, 12.432, 12.471, 12.505, 12.561, 12.589, 12.598, 12.631, 12.648, 12.669, 12.626, 12.579, 12.576, 12.613, 12.649, 12.637, 12.580, 12.491, 12.397, 12.327, 12.334, 12.366, 12.342, 12.321, 12.344, 12.435, 12.544, 12.643, 12.669, 12.657, 12.647, 12.657, 12.720, 12.769, 12.798, 12.731, 12.585, 12.391, 12.195, 12.058, 11.973, 11.800, 11.330, 10.293, 8.971, 7.975, 7.500, 7.320, 7.271, 7.319, 7.425, 7.657, 7.981, 8.336, 8.709, 9.050, 9.366, 9.681, 9.977, 10.250, 10.506, 10.731, 10.943, 11.123, 11.280, 11.405, 11.515, 11.597, 11.661, 11.700, 11.724, 11.750, 11.747, 11.747, 11.715, 11.685, 11.640, 11.573, 11.465, 11.335, 11.156, 11.012, 10.901, 10.831, 10.788, 10.691, 10.670, 10.607, 10.486, 10.205, 9.621, 8.555, 6.962, 5.349, 4.373, 3.994, 3.863, 3.850, 3.910, 4.038, 4.187, 4.377, 4.594, 4.824, 5.081, 5.340, 5.604, 5.881, 6.158, 6.439, 6.719, 7.010, 7.279, 7.536, 7.789, 8.003, 8.214, 8.381, 8.551, 8.680, 8.797, 8.898, 8.997, 9.045, 9.065, 9.005, 8.940, 8.991, 8.966, 8.896, 8.832, 8.755, 8.619, 8.494, 8.374, 8.167, 7.959, 7.733, 7.538, 7.344, 7.221, 7.106, 6.988, 6.750, 6.656, 6.479, 6.284, 6.176, 5.956, 5.702, 5.635, 5.508, 5.386, 5.335, 5.193, 16.3,1012438.0,1218686.0,880936.13,66987.30,3813.75,14476.54,515.42,5865.29,138.24,427.28,34.09,479.84,23.25,858.03,23.90,770.55,16.32,1997.17,65.86,0.00,21.75,95.47,16.70,480.81,14.98,25997.33,165.32,0.00,126.41,0.00,17.79,20.60,2.49,98.68,2.98,7.04,1.24,0.00,4.79,85.11,1.29,173.12,1.85,21.58,0.96,123.43,1.65,7.48,1.09,0.00,53.36,0.00,442.69,0.00,307.10,36.60,9.47,0.00,540.04,0.00,55.69,0.00,28.10,22.19,1.51,32.42,3.84,0.00,145.08,0.00,67.88,197370.33,111083.42,6324.25,27352.88,973.87,12547.82,295.74,979.05,78.11,1198.11,58.05,1033.59,28.79,1078.16,22.84,3332.27,109.89,0.00,38.83,139.53,24.41,690.85,21.52,37169.52,236.37,0.00,160.73,0.00,22.64,25.79,3.12,122.83,3.71,9.30,1.64,0.00,6.73,93.08,1.41,204.73,2.19,27.41,1.22,166.73,2.23,8.77,1.28,0.00,71.15,0.00,475.50,0.00,350.81,46.46,12.02,0.00,646.48,0.00,65.38,0.00,30.34,23.90,1.63,36.14,4.28,0.00,165.09,0.00,77.01
31.5,31.5,1,31.500,16/03/2026 16:32:26,21.233, , , , , , , , , , , , , , , , , , , , , , , , , , , , , , , , , , , , , , , , , , , , , , , , , , , , , , , , , , , , , , , , , , , , , , , , , , , , , , , , , , , , , , , , , , , , , , , , , , , , , , , , , , , , , , , , , , , , , , , , , , , , , , , , , , , , , , , , , , , , , , , , , , , , , , , , , , , , , , , , , , , , , , , , , , , , , , , , , , , , , , , , , , , , , , , , , , , , , , , , , , , , , , , , , , , , , , , , , , , , , , , , , , , , , , , , , , , , , , , , , , , , , , , , , , , , , , , , , , , , , , , , , , , , , , , , , , , , , , , , , , , , , , , , , , , , , , , , , , , , , , , , , , , , , , , , , , , , , , , , , , , , , , , , , , , , , , , , , , , , , , , , , , , , , , , , , , , , , , , , , , , , 
32.0,32.0,1,32.000,16/03/2026 16:32:52,21.955,,11.65, 12.48, 12.31,41.97, -1.52, 3.24,14.314, 11.355, 11.616, 10.961, 10.515, 10.396, 10.335, 10.395, 10.720, 11.083, 11.317, 11.449, 11.548, 11.711, 11.889, 12.081, 12.275, 12.449, 12.539, 12.620, 12.692, 12.723, 12.685, 12.635, 12.584, 12.483, 12.431, 12.350, 12.320, 12.266, 12.219, 12.172, 12.118, 12.088, 12.103, 12.072, 12.114, 12.118, 12.170, 12.235, 12.290, 12.401, 12.467, 12.571, 12.686, 12.731, 12.809, 12.852, 12.849, 12.880, 12.863, 12.846, 12.879, 12.858, 12.825, 12.870, 12.918, 12.890, 12.894, 12.964, 12.995, 12.923, 12.926, 13.045, 13.128, 13.098, 13.073, 13.163, 13.229, 13.304, 13.237, 13.162, 13.159, 13.232, 13.282, 13.235, 13.177, 13.117, 13.118, 13.080, 12.967, 12.898, 12.875, 12.907, 12.958, 13.042, 13.095, 13.111, 13.138, 13.200, 13.269, 13.345, 13.387, 13.395, 13.369, 13.317, 13.266, 13.181, 13.053, 12.879, 12.716, 12.528, 12.236, 11.651, 10.512, 9.124, 8.159, 7.708, 7.523, 7.421, 7.389, 7.433, 7.635, 7.997, 8.435, 8.918, 9.370, 9.754, 10.092, 10.372, 10.600, 10.817, 11.031, 11.258, 11.500, 11.749, 11.960, 12.150, 12.263, 12.323, 12.320, 12.307, 12.252, 12.215, 12.199, 12.185, 12.192, 12.204, 12.174, 12.103, 12.002, 11.819, 11.644, 11.475, 11.341, 11.259, 11.063, 11.007, 10.921, 10.770, 10.471, 9.843, 8.700, 7.034, 5.485, 4.688, 4.408, 4.338, 4.296, 4.308, 4.371, 4.432, 4.546, 4.664, 4.828, 5.033, 5.264, 5.526, 5.808, 6.119, 6.436, 6.772, 7.113, 7.435, 7.735, 8.023, 8.255, 8.477, 8.640, 8.766, 8.892, 8.965, 9.031, 9.094, 9.130, 9.099, 9.025, 8.980, 8.994, 9.036, 9.012, 8.981, 8.940, 8.895, 8.833, 8.732, 8.554, 8.340, 8.102, 7.852, 7.649, 7.491, 7.286, 7.047, 6.835, 6.641, 6.382, 6.179, 5.961, 5.771, 5.624, 5.537, 5.421, 5.295, 5.182, 5.261, 16.2,1008929.0,1165950.0,898106.99,58860.91,3817.92,11065.83,474.94,4603.89,125.86,486.93,34.96,360.67,22.62,548.27,22.31,693.12,15.45,1156.09,56.72,59.94,6.90,125.30,18.14,527.00,15.54,22788.91,146.72,0.00,119.31,0.00,15.12,0.00,11.57,74.18,2.62,12.21,1.14,0.00,5.84,104.78,1.40,207.15,2.04,9.57,0.89,122.63,1.65,6.21,1.05,0.00,53.58,0.00,438.67,0.00,308.04,0.00,509.90,32.55,10.16,11.05,3.11,0.00,32.01,11.70,1.31,24.09,3.92,0.00,150.59,0.00,61.80,168314.99,97607.62,6331.16,20908.47,897.38,9849.26,269.26,1115.73,80.11,900.56,56.48,660.45,26.87,969.82,21.62,1928.93,94.64,107.00,12.32,183.13,26.51,757.21,22.33,32582.30,209.77,0.00,151.70,0.00,19.24,0.00,14.48,92.33,3.26,16.12,1.51,0.00,8.21,114.59,1.53,244.98,2.41,12.15,1.13,165.65,2.23,7.28,1.23,0.00,71.45,0.00,471.18,0.00,351.88,0.00,647.33,38.97,12.16,12.97,3.65,0.00,34.56,12.60,1.41,26.86,4.37,0.00,171.36,0.00,70.11
32.5,32.5,1,32.500,16/03/2026 16:33:10,22.485, , , , , , , , , , , , , , , , , , , , , , , , , , , , , , , , , , , , , , , , , , , , , , , , , , , , , , , , , , , , , , , , , , , , , , , , , , , , , , , , , , , , , , , , , , , , , , , , , , , , , , , , , , , , , , , , , , , , , , , , , , , , , , , , , , , , , , , , , , , , , , , , , , , , , , , , , , , , , , , , , , , , , , , , , , , , , , , , , , , , , , , , , , , , , , , , , , , , , , , , , , , , , , , , , , , , , , , , , , , , , , , , , , , , , , , , , , , , , , , , , , , , , , , , , , , , , , , , , , , , , , , , , , , , , , , , , , , , , , , , , , , , , , , , , , , , , , , , , , , , , , , , , , , , , , , , , , , , , , , , , , , , , , , , , , , , , , , , , , , , , , , , , , , , , , , , , , , , , , , , , , , , 
33.0,33.0,1,33.000,16/03/2026 16:33:36,23.280,,11.42, 12.24, 11.92,41.59, -1.49, 3.62,14.297, 11.306, 10.827, 10.225, 10.098, 9.855, 9.981, 10.038, 10.331, 10.740, 10.938, 11.084, 11.195, 11.337, 11.568, 11.755, 11.943, 12.152, 12.278, 12.388, 12.450, 12.473, 12.463, 12.424, 12.361, 12.287, 12.248, 12.155, 12.140, 12.080, 12.046, 12.010, 11.959, 11.944, 11.944, 11.941, 11.968, 11.994, 12.053, 12.089, 12.202, 12.237, 12.367, 12.459, 12.525, 12.656, 12.669, 12.718, 12.783, 12.744, 12.731, 12.783, 12.757, 12.710, 12.748, 12.785, 12.761, 12.770, 12.828, 12.872, 12.843, 12.813, 12.863, 12.951, 12.982, 12.989, 13.065, 13.083, 13.126, 13.143, 13.136, 13.089, 13.099, 13.104, 13.095, 13.090, 13.108, 13.112, 13.022, 12.903, 12.787, 12.773, 12.833, 12.856, 12.839, 12.833, 12.884, 12.976, 13.082, 13.161, 13.202, 13.192, 13.189, 13.184, 13.216, 13.237, 13.219, 13.122, 12.929, 12.703, 12.509, 12.351, 12.134, 11.603, 10.487, 9.072, 8.042, 7.537, 7.312, 7.207, 7.206, 7.295, 7.545, 7.923, 8.357, 8.793, 9.181, 9.517, 9.821, 10.102, 10.365, 10.641, 10.903, 11.169, 11.410, 11.624, 11.784, 11.908, 11.975, 12.009, 12.013, 12.011, 12.013, 12.007, 12.036, 12.052, 12.075, 12.057, 11.974, 11.875, 11.703, 11.475, 11.280, 11.113, 10.979, 10.927, 10.799, 10.794, 10.756, 10.637, 10.347, 9.714, 8.559, 6.858, 5.293, 4.482, 4.185, 4.079, 4.021, 4.037, 4.103, 4.185, 4.321, 4.493, 4.693, 4.927, 5.174, 5.445, 5.719, 5.994, 6.281, 6.563, 6.849, 7.124, 7.395, 7.637, 7.862, 8.058, 8.241, 8.401, 8.531, 8.672, 8.774, 8.874, 8.934, 8.947, 8.910, 8.851, 8.857, 8.871, 8.787, 8.715, 8.656, 8.546, 8.412, 8.239, 8.056, 7.792, 7.565, 7.297, 7.145, 6.956, 6.755, 6.624, 6.448, 6.249, 6.063, 5.921, 5.680, 5.583, 5.381, 5.221, 5.096, 5.025, 4.948, 4.900, 16.3,1023223.0,1146342.0,905875.32,50211.73,3641.87,13036.26,489.12,5494.96,133.66,406.42,33.50,478.76,23.08,0.00,1158.39,473.09,14.18,1761.34,62.65,0.00,19.77,139.19,16.77,533.79,15.36,21032.05,132.98,0.00,112.92,0.00,14.69,22.61,2.40,58.72,2.36,18.64,1.25,1.89,0.47,91.77,1.28,160.47,1.71,13.39,0.88,113.56,1.54,4.87,1.03,0.00,52.69,0.00,439.24,0.00,305.09,0.00,502.09,0.00,532.56,13.51,3.06,0.00,31.65,15.19,1.35,42.48,3.71,0.00,143.32,0.00,62.25,157094.72,83264.90,6039.22,24631.53,924.17,11755.56,285.94,931.26,76.76,1195.42,57.63,0.00,1395.40,661.95,19.84,2938.78,104.53,0.00,35.29,203.43,24.51,766.97,22.07,30070.44,190.13,0.00,143.58,0.00,18.69,28.30,3.00,73.09,2.94,24.61,1.65,2.66,0.66,100.36,1.40,189.77,2.02,17.00,1.12,153.39,2.08,5.71,1.21,0.00,70.26,0.00,471.79,0.00,348.51,0.00,637.41,0.00,637.53,15.86,3.59,0.00,34.17,16.36,1.45,47.36,4.14,0.00,163.08,0.00,70.62
33.5,33.5,1,33.500,16/03/2026 16:34:01,23.076,1157890.477, , , , , , , , , , , , , , , , , , , , , , , , , , , , , , , , , , , , , , , , , , , , , , , , , , , , , , , , , , , , , , , , , , , , , , , , , , , , , , , , , , , , , , , , , , , , , , , , , , , , , , , , , , , , , , , , , , , , , , , , , , , , , , , , , , , , , , , , , , , , , , , , , , , , , , , , , , , , , , , , , , , , , , , , , , , , , , , , , , , , , , , , , , , , , , , , , , , , , , , , , , , , , , , , , , , , , , , , , , , , , , , , , , , , , , , , , , , , , , , , , , , , , , , , , , , , , , , , , , , , , , , , , , , , , , , , , , , , , , , , , , , , , , , , , , , , , , , , , , , , , , , , , , , , , , , , , , , , , , , , , , , , , , , , , , , , , , , , , , , , , , , , , , , , , , , , , , , , , , , , , , , 
34.0,34.0,1,34.000,16/03/2026 16:34:19,23.076,,11.03, 11.82, 11.50,40.93, -1.45, 3.60,13.721, 10.131, 10.896, 10.186, 9.615, 9.514, 9.602, 9.712, 9.983, 10.324, 10.576, 10.687, 10.818, 10.941, 11.158, 11.346, 11.534, 11.744, 11.856, 11.968, 12.013, 12.028, 12.032, 12.006, 11.940, 11.873, 11.826, 11.763, 11.726, 11.695, 11.643, 11.618, 11.572, 11.554, 11.568, 11.558, 11.589, 11.613, 11.663, 11.731, 11.796, 11.900, 11.974, 12.088, 12.178, 12.251, 12.328, 12.346, 12.376, 12.412, 12.364, 12.382, 12.430, 12.365, 12.346, 12.451, 12.448, 12.392, 12.452, 12.564, 12.512, 12.438, 12.512, 12.657, 12.662, 12.619, 12.556, 12.730, 12.799, 12.744, 12.688, 12.703, 12.776, 12.789, 12.732, 12.699, 12.734, 12.782, 12.741, 12.600, 12.422, 12.409, 12.505, 12.584, 12.583, 12.553, 12.561, 12.627, 12.757, 12.884, 12.947, 12.922, 12.875, 12.855, 12.878, 12.945, 12.966, 12.883, 12.682, 12.420, 12.191, 12.018, 11.823, 11.345, 10.276, 8.860, 7.775, 7.220, 6.956, 6.823, 6.823, 6.951, 7.256, 7.688, 8.150, 8.586, 8.961, 9.290, 9.582, 9.872, 10.151, 10.453, 10.754, 11.038, 11.299, 11.511, 11.659, 11.739, 11.776, 11.810, 11.814, 11.825, 11.848, 11.893, 11.940, 11.976, 11.979, 11.957, 11.867, 11.729, 11.531, 11.290, 11.078, 10.925, 10.852, 10.809, 10.715, 10.730, 10.708, 10.602, 10.298, 9.648, 8.410, 6.566, 4.807, 3.857, 3.503, 3.371, 3.355, 3.416, 3.534, 3.690, 3.889, 4.105, 4.357, 4.618, 4.886, 5.148, 5.414, 5.685, 5.962, 6.241, 6.524, 6.783, 7.068, 7.327, 7.581, 7.825, 8.057, 8.271, 8.462, 8.601, 8.735, 8.864, 8.938, 8.952, 8.892, 8.828, 8.820, 8.787, 8.680, 8.583, 8.477, 8.331, 8.168, 8.016, 7.797, 7.527, 7.289, 7.093, 6.894, 6.673, 6.602, 6.419, 6.286, 6.117, 5.898, 5.763, 5.562, 5.376, 5.143, 4.949, 4.776, 4.578, 4.513, 4.451, 16.3,1018928.0,1129697.0,893790.28,67288.81,3892.10,12933.68,491.26,5658.96,137.73,506.10,35.62,613.78,24.69,0.00,845.44,109.63,12.52,759.01,52.40,0.00,17.54,0.00,49.83,319.57,12.62,17440.95,115.56,0.00,103.07,0.00,14.95,19.88,2.30,68.70,2.39,20.37,1.10,1.54,0.44,85.71,1.23,176.15,1.79,11.26,0.84,110.09,1.52,0.00,30.46,0.00,53.30,80.85,9.22,0.00,301.03,0.00,501.29,0.00,532.28,0.00,45.32,0.00,29.27,4.64,1.12,0.00,134.73,0.00,150.43,0.00,69.38,178331.14,111583.40,6454.18,24437.71,928.22,12106.41,294.65,1159.66,81.62,1532.55,61.65,0.00,1018.42,153.39,17.52,1266.40,87.43,0.00,31.31,0.00,72.83,459.17,18.13,24936.09,165.22,0.00,131.05,0.00,19.03,24.89,2.88,85.51,2.97,26.89,1.45,2.16,0.62,93.73,1.35,208.31,2.12,14.30,1.07,148.71,2.05,0.00,35.71,0.00,71.07,86.84,9.90,0.00,343.88,0.00,636.40,0.00,637.19,0.00,53.21,0.00,31.60,5.00,1.21,0.00,150.20,0.00,171.17,0.00,78.71
34.5,34.5,1,34.500,16/03/2026 16:34:45,23.473, , , , , , , , , , , , , , , , , , , , , , , , , , , , , , , , , , , , , , , , , , , , , , , , , , , , , , , , , , , , , , , , , , , , , , , , , , , , , , , , , , , , , , , , , , , , , , , , , , , , , , , , , , , , , , , , , , , , , , , , , , , , , , , , , , , , , , , , , , , , , , , , , , , , , , , , , , , , , , , , , , , , , , , , , , , , , , , , , , , , , , , , , , , , , , , , , , , , , , , , , , , , , , , , , , , , , , , , , , , , , , , , , , , , , , , , , , , , , , , , , , , , , , , , , , , , , , , , , , , , , , , , , , , , , , , , , , , , , , , , , , , , , , , , , , , , , , , , , , , , , , , , , , , , , , , , , , , , , , , , , , , , , , , , , , , , , , , , , , , , , , , , , , , , , , , , , , , , , , , , , , , , 
35.0,35.0,1,35.000,16/03/2026 16:35:02,20.369,,10.90, 11.64, 11.47,40.64, -1.22, 3.21,11.785, 11.732, 10.803, 10.304, 10.084, 9.814, 9.702, 9.830, 9.992, 10.367, 10.522, 10.645, 10.719, 10.860, 11.043, 11.222, 11.377, 11.541, 11.639, 11.764, 11.831, 11.844, 11.821, 11.837, 11.767, 11.684, 11.691, 11.585, 11.587, 11.567, 11.486, 11.526, 11.411, 11.488, 11.408, 11.491, 11.441, 11.546, 11.524, 11.644, 11.703, 11.759, 11.929, 11.926, 12.094, 12.174, 12.161, 12.296, 12.298, 12.261, 12.327, 12.337, 12.299, 12.316, 12.338, 12.352, 12.364, 12.405, 12.451, 12.480, 12.489, 12.495, 12.541, 12.611, 12.650, 12.705, 12.631, 12.684, 12.729, 12.727, 12.764, 12.767, 12.767, 12.715, 12.757, 12.810, 12.851, 12.797, 12.693, 12.597, 12.540, 12.609, 12.675, 12.655, 12.607, 12.607, 12.702, 12.854, 12.997, 13.043, 13.010, 12.958, 12.965, 13.044, 13.140, 13.225, 13.187, 13.024, 12.774, 12.537, 12.398, 12.335, 12.227, 11.800, 10.763, 9.366, 8.318, 7.791, 7.601, 7.551, 7.624, 7.773, 8.044, 8.398, 8.764, 9.120, 9.454, 9.769, 10.094, 10.435, 10.755, 11.073, 11.359, 11.604, 11.770, 11.914, 12.021, 12.098, 12.162, 12.236, 12.302, 12.370, 12.444, 12.508, 12.533, 12.528, 12.494, 12.408, 12.298, 12.161, 11.977, 11.801, 11.658, 11.579, 11.526, 11.546, 11.444, 11.456, 11.400, 11.256, 10.933, 10.248, 9.058, 7.304, 5.628, 4.724, 4.409, 4.333, 4.347, 4.428, 4.570, 4.728, 4.920, 5.126, 5.337, 5.554, 5.770, 6.014, 6.239, 6.475, 6.717, 7.001, 7.292, 7.584, 7.879, 8.187, 8.467, 8.745, 8.983, 9.201, 9.371, 9.523, 9.644, 9.733, 9.777, 9.771, 9.668, 9.562, 9.539, 9.507, 9.401, 9.299, 9.218, 9.108, 8.983, 8.854, 8.750, 8.518, 8.327, 8.149, 8.018, 7.885, 7.803, 7.661, 7.521, 7.346, 7.209, 6.950, 6.786, 6.560, 6.361, 6.147, 5.946, 5.757, 5.690, 5.545, 16.3,1007140.0,1178183.0,882012.71,75458.89,3930.08,11158.94,478.14,4707.64,127.48,345.95,33.26,419.81,23.13,698.62,23.21,499.70,14.58,1567.58,61.94,40.35,6.96,52.49,17.21,404.36,14.09,22024.94,143.79,0.00,115.26,0.00,14.49,0.00,11.98,98.76,2.92,8.14,1.26,1.44,0.47,105.07,1.41,194.67,1.96,14.15,0.92,109.46,1.58,3.81,1.04,0.00,52.79,0.00,443.73,0.00,307.15,0.00,504.47,47.54,9.91,0.00,57.73,0.00,29.45,24.98,1.55,0.00,140.96,0.00,155.60,0.00,73.43,195239.14,125131.65,6517.16,21084.40,903.43,10071.22,272.72,792.70,76.21,1048.23,57.75,841.56,27.96,699.18,20.40,2615.50,103.35,72.03,12.42,76.72,25.15,581.00,20.25,31490.02,205.58,0.00,146.55,0.00,18.44,0.00,15.00,122.93,3.63,10.75,1.66,2.02,0.66,114.90,1.54,230.22,2.32,17.97,1.17,147.86,2.13,4.47,1.22,0.00,70.39,0.00,476.62,0.00,350.87,0.00,640.43,56.91,11.86,0.00,67.78,0.00,31.80,26.91,1.67,0.00,157.15,0.00,177.06,0.00,83.30
35.5,35.5,1,35.500,16/03/2026 16:35:36,20.962, , , , , , , , , , , , , , , , , , , , , , , , , , , , , , , , , , , , , , , , , , , , , , , , , , , , , , , , , , , , , , , , , , , , , , , , , , , , , , , , , , , , , , , , , , , , , , , , , , , , , , , , , , , , , , , , , , , , , , , , , , , , , , , , , , , , , , , , , , , , , , , , , , , , , , , , , , , , , , , , , , , , , , , , , , , , , , , , , , , , , , , , , , , , , , , , , , , , , , , , , , , , , , , , , , , , , , , , , , , , , , , , , , , , , , , , , , , , , , , , , , , , , , , , , , , , , , , , , , , , , , , , , , , , , , , , , , , , , , , , , , , , , , , , , , , , , , , , , , , , , , , , , , , , , , , , , , , , , , , , , , , , , , , , , , , , , , , , , , , , , , , , , , , , , , , , , , , , , , , , , , , , 
36.0,36.0,1,36.000,16/03/2026 16:36:02,23.472,,9.81, 10.49, 10.24,38.71, -1.24, 3.36,11.299, 10.649, 9.337, 8.790, 8.561, 8.673, 8.481, 8.710, 8.926, 9.210, 9.410, 9.560, 9.567, 9.715, 9.901, 10.084, 10.251, 10.401, 10.497, 10.570, 10.668, 10.693, 10.655, 10.665, 10.629, 10.534, 10.542, 10.457, 10.458, 10.430, 10.400, 10.395, 10.344, 10.359, 10.360, 10.371, 10.412, 10.412, 10.503, 10.514, 10.638, 10.696, 10.763, 10.911, 10.950, 11.026, 11.124, 11.119, 11.129, 11.208, 11.165, 11.140, 11.211, 11.209, 11.142, 11.195, 11.287, 11.281, 11.252, 11.295, 11.371, 11.312, 11.284, 11.352, 11.461, 11.530, 11.508, 11.479, 11.564, 11.657, 11.698, 11.628, 11.567, 11.583, 11.642, 11.703, 11.683, 11.591, 11.507, 11.413, 11.319, 11.319, 11.336, 11.333, 11.305, 11.357, 11.441, 11.552, 11.639, 11.696, 11.716, 11.719, 11.728, 11.758, 11.791, 11.799, 11.743, 11.603, 11.389, 11.141, 10.933, 10.759, 10.491, 9.885, 8.681, 7.235, 6.248, 5.794, 5.595, 5.512, 5.511, 5.583, 5.815, 6.156, 6.562, 7.001, 7.401, 7.761, 8.089, 8.394, 8.683, 8.962, 9.239, 9.516, 9.765, 9.989, 10.176, 10.310, 10.402, 10.456, 10.477, 10.504, 10.511, 10.521, 10.542, 10.545, 10.531, 10.511, 10.404, 10.281, 10.095, 9.867, 9.647, 9.491, 9.396, 9.357, 9.275, 9.269, 9.237, 9.101, 8.784, 8.085, 6.881, 5.262, 3.877, 3.168, 2.934, 2.861, 2.831, 2.871, 2.947, 3.066, 3.208, 3.358, 3.556, 3.745, 3.947, 4.160, 4.380, 4.580, 4.803, 5.029, 5.245, 5.474, 5.699, 5.927, 6.138, 6.358, 6.559, 6.743, 6.924, 7.089, 7.239, 7.360, 7.459, 7.488, 7.474, 7.417, 7.422, 7.387, 7.282, 7.175, 7.029, 6.893, 6.718, 6.515, 6.285, 6.016, 5.815, 5.584, 5.423, 5.266, 5.179, 5.065, 4.971, 4.834, 4.754, 4.695, 4.538, 4.475, 4.397, 4.253, 4.106, 4.046, 4.047, 3.937, 16.3,1002638.0,1185435.0,919262.70,41153.73,3613.70,12869.25,491.04,3512.91,113.89,556.55,35.71,395.11,22.80,0.00,1302.68,357.75,13.54,921.59,53.11,0.00,18.52,159.06,17.68,435.85,14.22,19803.36,125.67,0.00,111.48,0.00,14.10,26.33,2.43,69.89,2.41,17.42,1.17,0.00,5.62,83.66,1.22,189.24,1.87,13.55,0.87,112.64,1.55,3.78,1.02,0.00,51.88,43.20,9.20,0.00,298.59,0.00,494.07,0.00,525.09,0.00,38.84,0.00,24.56,12.41,1.28,0.00,135.86,0.00,151.99,0.00,70.06,134239.79,68244.23,5992.51,24315.97,927.80,7515.29,243.65,1275.26,81.82,986.55,56.93,0.00,1569.21,500.57,18.95,1537.67,88.61,0.00,33.06,232.48,25.84,626.25,20.43,28313.73,179.68,0.00,141.74,0.00,17.94,32.96,3.04,86.99,3.00,23.00,1.54,0.00,7.90,91.49,1.33,223.80,2.21,17.21,1.10,152.15,2.09,4.43,1.20,0.00,69.18,46.40,9.88,0.00,341.09,0.00,627.23,0.00,628.59,0.00,45.60,0.00,26.52,13.37,1.38,0.00,151.46,0.00,172.95,0.00,79.48
36.5,36.5,1,36.500,16/03/2026 16:36:37,22.350, , , , , , , , , , , , , , , , , , , , , , , , , , , , , , , , , , , , , , , , , , , , , , , , , , , , , , , , , , , , , , , , , , , , , , , , , , , , , , , , , , , , , , , , , , , , , , , , , , , , , , , , , , , , , , , , , , , , , , , , , , , , , , , , , , , , , , , , , , , , , , , , , , , , , , , , , , , , , , , , , , , , , , , , , , , , , , , , , , , , , , , , , , , , , , , , , , , , , , , , , , , , , , , , , , , , , , , , , , , , , , , , , , , , , , , , , , , , , , , , , , , , , , , , , , , , , , , , , , , , , , , , , , , , , , , , , , , , , , , , , , , , , , , , , , , , , , , , , , , , , , , , , , , , , , , , , , , , , , , , , , , , , , , , , , , , , , , , , , , , , , , , , , , , , , , , , , , , , , , , , , , , 
37.0,37.0,1,37.000,16/03/2026 16:37:03,21.626,,11.27, 11.97, 12.38,41.17, -0.81, 1.68,17.678, 14.784, 13.845, 12.536, 11.730, 11.460, 11.123, 10.999, 11.109, 11.320, 11.349, 11.404, 11.438, 11.514, 11.625, 11.721, 11.816, 11.947, 12.012, 12.090, 12.124, 12.103, 12.100, 12.064, 11.985, 11.957, 11.959, 11.850, 11.865, 11.862, 11.789, 11.824, 11.758, 11.758, 11.791, 11.753, 11.833, 11.794, 11.903, 11.908, 11.998, 12.078, 12.124, 12.263, 12.298, 12.403, 12.440, 12.464, 12.516, 12.504, 12.500, 12.549, 12.546, 12.526, 12.567, 12.623, 12.621, 12.609, 12.706, 12.769, 12.736, 12.720, 12.818, 12.936, 12.898, 12.861, 12.874, 13.003, 12.998, 12.902, 12.910, 13.007, 13.062, 12.999, 12.899, 12.931, 13.049, 13.117, 13.045, 12.859, 12.733, 12.814, 12.986, 13.054, 12.971, 12.868, 12.866, 13.020, 13.228, 13.366, 13.348, 13.253, 13.181, 13.201, 13.333, 13.481, 13.516, 13.418, 13.197, 12.967, 12.827, 12.787, 12.724, 12.427, 11.578, 10.362, 9.396, 8.896, 8.696, 8.627, 8.679, 8.808, 9.072, 9.426, 9.798, 10.158, 10.471, 10.737, 10.991, 11.264, 11.525, 11.792, 12.037, 12.277, 12.470, 12.618, 12.729, 12.786, 12.804, 12.823, 12.843, 12.897, 12.950, 13.020, 13.082, 13.111, 13.128, 13.108, 13.025, 12.869, 12.673, 12.456, 12.282, 12.187, 12.160, 12.207, 12.147, 12.219, 12.253, 12.192, 11.949, 11.383, 10.254, 8.502, 6.665, 5.553, 5.109, 4.954, 4.929, 5.008, 5.185, 5.417, 5.703, 6.006, 6.323, 6.657, 6.963, 7.245, 7.492, 7.722, 7.932, 8.140, 8.341, 8.564, 8.800, 9.065, 9.343, 9.640, 9.917, 10.211, 10.460, 10.707, 10.871, 11.037, 11.148, 11.149, 11.036, 10.904, 10.830, 10.730, 10.534, 10.358, 10.171, 9.950, 9.758, 9.553, 9.354, 9.218, 9.045, 8.915, 8.818, 8.763, 8.717, 8.691, 8.606, 8.460, 8.335, 8.157, 7.919, 7.676, 7.498, 7.332, 7.069, 6.726, 6.558, 6.372, 16.2,1004586.0,1226434.0,889881.90,63330.25,3912.96,13733.71,525.29,5418.53,137.54,505.41,36.46,488.25,24.25,1253.65,26.69,962.23,18.22,1207.73,58.78,46.32,6.81,119.73,18.03,537.83,15.96,21769.27,143.76,0.00,120.55,0.00,15.74,13.21,2.31,66.99,2.55,0.00,13.17,0.00,5.61,89.04,1.32,283.55,2.56,18.63,0.95,129.57,1.75,5.27,1.07,0.00,55.42,65.80,10.03,0.00,317.56,0.00,531.98,0.00,557.89,0.00,60.80,0.00,31.59,21.34,1.53,51.76,3.95,0.00,150.27,0.00,73.07,182852.98,105019.02,6488.77,25949.33,992.52,11592.05,294.24,1158.08,83.54,1219.11,60.55,1510.15,32.15,1346.36,25.49,2015.09,98.07,82.69,12.16,174.99,26.35,772.78,22.93,31124.48,205.54,0.00,153.28,0.00,20.03,16.54,2.89,83.38,3.17,0.00,17.39,0.00,7.88,97.37,1.44,335.33,3.03,23.66,1.21,175.02,2.36,6.18,1.25,0.00,73.90,70.68,10.77,0.00,362.76,0.00,675.36,0.00,667.85,0.00,71.38,0.00,34.11,22.99,1.65,57.70,4.40,0.00,170.99,0.00,82.89
37.5,37.5,1,37.500,16/03/2026 16:37:46,23.142, , , , , , , , , , , , , , , , , , , , , , , , , , , , , , , , , , , , , , , , , , , , , , , , , , , , , , , , , , , , , , , , , , , , , , , , , , , , , , , , , , , , , , , , , , , , , , , , , , , , , , , , , , , , , , , , , , , , , , , , , , , , , , , , , , , , , , , , , , , , , , , , , , , , , , , , , , , , , , , , , , , , , , , , , , , , , , , , , , , , , , , , , , , , , , , , , , , , , , , , , , , , , , , , , , , , , , , , , , , , , , , , , , , , , , , , , , , , , , , , , , , , , , , , , , , , , , , , , , , , , , , , , , , , , , , , , , , , , , , , , , , , , , , , , , , , , , , , , , , , , , , , , , , , , , , , , , , , , , , , , , , , , , , , , , , , , , , , , , , , , , , , , , , , , , , , , , , , , , , , , , , , 
38.0,38.0,1,38.000,16/03/2026 16:38:03,25.594,,9.53, 10.18, 9.96,38.16, -1.14, 3.26,10.762, 10.513, 9.244, 8.786, 8.606, 8.454, 8.438, 8.481, 8.686, 8.988, 9.121, 9.278, 9.330, 9.436, 9.580, 9.754, 9.921, 10.080, 10.201, 10.275, 10.351, 10.372, 10.342, 10.323, 10.322, 10.246, 10.215, 10.198, 10.153, 10.147, 10.134, 10.106, 10.109, 10.079, 10.133, 10.098, 10.176, 10.166, 10.257, 10.302, 10.388, 10.480, 10.545, 10.682, 10.742, 10.838, 10.907, 10.915, 10.985, 10.999, 10.960, 11.027, 11.049, 10.985, 11.041, 11.117, 11.083, 11.114, 11.224, 11.247, 11.229, 11.274, 11.362, 11.364, 11.423, 11.508, 11.449, 11.432, 11.495, 11.620, 11.622, 11.564, 11.536, 11.617, 11.693, 11.696, 11.641, 11.619, 11.629, 11.610, 11.533, 11.510, 11.540, 11.606, 11.655, 11.689, 11.713, 11.797, 11.896, 12.003, 12.050, 12.054, 12.053, 12.094, 12.159, 12.219, 12.215, 12.119, 11.963, 11.800, 11.682, 11.618, 11.480, 11.072, 10.117, 8.814, 7.819, 7.356, 7.184, 7.123, 7.143, 7.217, 7.453, 7.814, 8.239, 8.675, 9.069, 9.435, 9.751, 10.030, 10.270, 10.492, 10.706, 10.924, 11.148, 11.347, 11.521, 11.673, 11.756, 11.811, 11.806, 11.803, 11.789, 11.792, 11.790, 11.794, 11.815, 11.828, 11.838, 11.770, 11.658, 11.490, 11.320, 11.170, 11.063, 11.006, 10.840, 10.830, 10.794, 10.722, 10.486, 9.933, 8.824, 7.068, 5.227, 4.151, 3.724, 3.560, 3.493, 3.508, 3.588, 3.718, 3.910, 4.155, 4.439, 4.761, 5.103, 5.464, 5.826, 6.181, 6.525, 6.852, 7.184, 7.470, 7.740, 7.975, 8.181, 8.359, 8.528, 8.693, 8.824, 8.975, 9.106, 9.239, 9.359, 9.403, 9.375, 9.341, 9.436, 9.485, 9.417, 9.345, 9.253, 9.111, 8.917, 8.693, 8.408, 8.162, 7.839, 7.551, 7.311, 7.112, 6.943, 6.775, 6.635, 6.412, 6.216, 6.090, 6.008, 5.800, 5.758, 5.671, 5.442, 5.214, 5.227, 5.245, 16.3,979824.0,1237980.0,878952.94,68554.62,4033.10,14882.28,555.15,4947.93,135.71,521.00,37.63,527.50,25.17,1981.87,31.27,1080.62,19.48,1977.81,69.01,73.86,7.72,0.00,71.74,564.22,16.74,25209.90,168.88,0.00,128.10,0.00,15.78,16.85,2.50,88.74,3.00,5.88,1.36,0.00,5.28,93.52,1.41,238.16,2.36,23.51,1.03,146.55,1.89,10.73,1.16,0.00,57.27,0.00,482.28,0.00,329.47,34.91,10.42,0.00,587.68,13.15,3.39,0.00,31.78,28.55,1.69,24.86,4.14,0.00,157.04,0.00,73.67,199965.62,113682.47,6687.99,28119.51,1048.94,10585.28,290.33,1193.80,86.22,1317.12,62.85,2387.37,37.67,1512.01,27.26,3299.96,115.14,131.85,13.78,0.00,104.85,810.69,24.05,36043.70,241.46,0.00,162.88,0.00,20.08,21.09,3.13,110.46,3.73,7.76,1.80,0.00,7.42,102.27,1.54,281.65,2.79,29.86,1.31,197.96,2.55,12.58,1.36,0.00,76.37,0.00,518.02,0.00,376.36,44.32,13.23,0.00,703.51,15.44,3.98,0.00,34.31,30.75,1.82,27.71,4.62,0.00,178.70,0.00,83.57
38.5,38.5,1,38.500,16/03/2026 16:38:47,24.003,1157891.005, , , , , , , , , , , , , , , , , , , , , , , , , , , , , , , , , , , , , , , , , , , , , , , , , , , , , , , , , , , , , , , , , , , , , , , , , , , , , , , , , , , , , , , , , , , , , , , , , , , , , , , , , , , , , , , , , , , , , , , , , , , , , , , , , , , , , , , , , , , , , , , , , , , , , , , , , , , , , , , , , , , , , , , , , , , , , , , , , , , , , , , , , , , , , , , , , , , , , , , , , , , , , , , , , , , , , , , , , , , , , , , , , , , , , , , , , , , , , , , , , , , , , , , , , , , , , , , , , , , , , , , , , , , , , , , , , , , , , , , , , , , , , , , , , , , , , , , , , , , , , , , , , , , , , , , , , , , , , , , , , , , , , , , , , , , , , , , , , , , , , , , , , , , , , , , , , , , , , , , , , , , 
39.0,39.0,1,39.000,16/03/2026 16:39:04,23.740,,10.28, 11.00, 10.76,39.58, -1.30, 3.35,8.822, 8.446, 10.020, 9.193, 8.723, 8.965, 8.943, 9.081, 9.339, 9.676, 9.889, 10.046, 10.103, 10.210, 10.429, 10.577, 10.756, 10.937, 11.043, 11.117, 11.143, 11.156, 11.163, 11.196, 11.143, 11.018, 11.011, 10.995, 10.928, 10.924, 10.911, 10.877, 10.868, 10.848, 10.881, 10.853, 10.923, 10.916, 11.005, 11.044, 11.154, 11.214, 11.336, 11.415, 11.525, 11.611, 11.645, 11.725, 11.727, 11.771, 11.776, 11.770, 11.822, 11.816, 11.781, 11.874, 11.926, 11.889, 11.960, 12.054, 12.065, 12.027, 12.100, 12.214, 12.253, 12.244, 12.207, 12.282, 12.342, 12.372, 12.374, 12.349, 12.365, 12.441, 12.457, 12.455, 12.415, 12.429, 12.444, 12.407, 12.292, 12.290, 12.356, 12.450, 12.466, 12.474, 12.493, 12.577, 12.726, 12.855, 12.886, 12.837, 12.828, 12.870, 12.992, 13.094, 13.100, 12.985, 12.773, 12.580, 12.488, 12.469, 12.388, 12.009, 11.061, 9.727, 8.690, 8.199, 8.069, 8.047, 8.098, 8.180, 8.411, 8.757, 9.165, 9.603, 10.020, 10.422, 10.755, 11.020, 11.234, 11.428, 11.626, 11.847, 12.084, 12.307, 12.525, 12.689, 12.769, 12.774, 12.752, 12.707, 12.685, 12.687, 12.718, 12.760, 12.810, 12.867, 12.880, 12.821, 12.652, 12.448, 12.240, 12.064, 11.963, 11.929, 11.812, 11.850, 11.867, 11.830, 11.636, 11.081, 9.956, 8.101, 6.081, 4.814, 4.282, 4.069, 3.995, 4.035, 4.184, 4.394, 4.673, 5.008, 5.353, 5.737, 6.105, 6.474, 6.818, 7.154, 7.476, 7.796, 8.090, 8.382, 8.661, 8.928, 9.195, 9.439, 9.659, 9.873, 10.064, 10.231, 10.378, 10.513, 10.609, 10.607, 10.531, 10.469, 10.518, 10.517, 10.423, 10.318, 10.226, 10.064, 9.861, 9.638, 9.438, 9.178, 8.926, 8.708, 8.486, 8.395, 8.254, 8.095, 7.900, 7.715, 7.545, 7.343, 7.216, 6.898, 6.745, 6.519, 6.353, 6.093, 5.947, 6.000, 16.3,977297.0,1282664.0,848634.87,65633.42,3781.42,20160.91,609.78,24688.58,284.68,580.68,38.62,529.04,24.86,4818.05,46.52,2421.93,28.59,2579.92,76.58,66.68,8.12,141.53,21.28,460.98,16.00,28564.93,183.52,0.00,135.89,0.00,17.47,0.00,14.03,78.51,2.94,11.70,1.31,0.00,4.89,114.67,1.58,272.22,2.57,23.21,1.08,156.78,1.99,14.72,1.20,0.00,57.80,0.00,480.36,0.00,333.82,0.00,554.40,0.00,587.57,29.85,3.79,0.00,30.33,16.85,1.55,0.00,150.17,0.00,164.89,0.00,70.94,258598.43,108838.31,6270.64,38093.29,1152.16,52817.14,609.03,1330.55,88.49,1320.96,62.07,5803.84,56.04,3388.78,40.00,4304.58,127.77,119.04,14.50,206.85,31.10,662.35,22.99,40840.53,262.39,0.00,172.78,0.00,22.23,0.00,17.56,97.72,3.66,15.45,1.73,0.00,6.87,125.40,1.73,321.93,3.04,29.48,1.37,211.77,2.69,17.25,1.41,0.00,77.07,0.00,515.96,0.00,381.33,0.00,703.82,0.00,703.38,35.05,4.45,0.00,32.75,18.15,1.67,0.00,167.42,0.00,187.63,0.00,80.48
39.5,39.5,1,39.500,16/03/2026 16:39:47,24.532, , , , , , , , , , , , , , , , , , , , , , , , , , , , , , , , , , , , , , , , , , , , , , , , , , , , , , , , , , , , , , , , , , , , , , , , , , , , , , , , , , , , , , , , , , , , , , , , , , , , , , , , , , , , , , , , , , , , , , , , , , , , , , , , , , , , , , , , , , , , , , , , , , , , , , , , , , , , , , , , , , , , , , , , , , , , , , , , , , , , , , , , , , , , , , , , , , , , , , , , , , , , , , , , , , , , , , , , , , , , , , , , , , , , , , , , , , , , , , , , , , , , , , , , , , , , , , , , , , , , , , , , , , , , , , , , , , , , , , , , , , , , , , , , , , , , , , , , , , , , , , , , , , , , , , , , , , , , , , , , , , , , , , , , , , , , , , , , , , , , , , , , , , , , , , , , , , , , , , , , , , , , 
40.0,40.0,1,40.000,16/03/2026 16:40:04,23.740,,10.07, 10.78, 10.45,39.21, -1.37, 3.63,10.993, 8.838, 9.238, 8.659, 8.388, 8.443, 8.461, 8.843, 9.005, 9.392, 9.629, 9.763, 9.789, 9.924, 10.136, 10.320, 10.522, 10.690, 10.812, 10.917, 10.965, 10.981, 10.951, 10.949, 10.914, 10.849, 10.808, 10.747, 10.747, 10.719, 10.664, 10.697, 10.610, 10.663, 10.637, 10.669, 10.684, 10.726, 10.765, 10.851, 10.916, 11.017, 11.096, 11.215, 11.279, 11.410, 11.411, 11.491, 11.535, 11.494, 11.552, 11.554, 11.529, 11.581, 11.559, 11.572, 11.662, 11.658, 11.668, 11.766, 11.818, 11.742, 11.806, 11.917, 11.962, 11.946, 11.936, 11.994, 12.039, 12.047, 12.050, 12.031, 12.006, 12.038, 12.078, 12.102, 12.083, 12.056, 12.047, 12.028, 11.976, 11.950, 11.969, 12.013, 12.075, 12.093, 12.118, 12.163, 12.263, 12.378, 12.456, 12.451, 12.424, 12.412, 12.462, 12.553, 12.619, 12.566, 12.394, 12.177, 12.023, 11.946, 11.882, 11.595, 10.770, 9.564, 8.549, 8.001, 7.783, 7.718, 7.807, 7.966, 8.264, 8.624, 8.989, 9.322, 9.626, 9.923, 10.259, 10.579, 10.860, 11.091, 11.289, 11.458, 11.588, 11.716, 11.841, 11.990, 12.111, 12.214, 12.253, 12.252, 12.227, 12.191, 12.142, 12.082, 12.050, 12.088, 12.128, 12.121, 12.076, 11.950, 11.790, 11.640, 11.518, 11.431, 11.263, 11.222, 11.184, 11.120, 10.967, 10.509, 9.530, 7.829, 5.885, 4.628, 4.115, 3.931, 3.874, 3.915, 4.016, 4.199, 4.436, 4.718, 5.061, 5.437, 5.840, 6.242, 6.635, 7.010, 7.321, 7.631, 7.913, 8.151, 8.363, 8.563, 8.735, 8.904, 9.058, 9.248, 9.453, 9.651, 9.885, 10.082, 10.247, 10.328, 10.313, 10.250, 10.278, 10.250, 10.108, 9.947, 9.780, 9.588, 9.289, 9.055, 8.756, 8.522, 8.269, 8.074, 7.945, 7.854, 7.769, 7.720, 7.623, 7.508, 7.408, 7.184, 7.084, 6.814, 6.627, 6.386, 6.223, 6.020, 5.887, 5.717, 16.3,971724.0,1246902.0,869345.93,59179.57,3800.03,18898.53,603.90,17679.92,239.60,635.30,39.32,627.45,25.79,4264.92,43.60,1451.00,23.21,1372.22,62.85,46.78,7.29,0.00,72.79,608.22,17.43,25236.05,164.01,0.00,130.69,0.00,18.29,19.56,2.59,87.14,2.99,25.35,1.38,0.00,5.29,100.27,1.46,234.57,2.30,21.30,1.02,129.82,1.79,6.07,1.13,0.00,56.78,0.00,479.43,0.00,332.22,0.00,558.49,0.00,575.99,19.71,3.53,0.00,32.22,10.34,1.40,0.00,147.83,0.00,162.73,0.00,78.56,221982.89,98136.05,6301.50,35708.07,1141.05,37823.27,512.58,1455.70,90.10,1566.68,64.40,5137.54,52.52,2030.25,32.48,2289.54,104.86,83.51,13.01,0.00,106.39,873.91,25.04,36081.09,234.49,0.00,166.17,0.00,23.28,24.48,3.24,108.46,3.72,33.47,1.82,0.00,7.43,109.66,1.60,277.40,2.72,27.05,1.30,175.36,2.42,7.12,1.32,0.00,75.71,0.00,514.96,0.00,379.50,0.00,709.01,0.00,689.52,23.14,4.14,0.00,34.79,11.14,1.51,0.00,164.81,0.00,185.17,0.00,89.12
40.5,40.5,1,40.500,16/03/2026 16:40:56,21.425, , , , , , , , , , , , , , , , , , , , , , , , , , , , , , , , , , , , , , , , , , , , , , , , , , , , , , , , , , , , , , , , , , , , , , , , , , , , , , , , , , , , , , , , , , , , , , , , , , , , , , , , , , , , , , , , , , , , , , , , , , , , , , , , , , , , , , , , , , , , , , , , , , , , , , , , , , , , , , , , , , , , , , , , , , , , , , , , , , , , , , , , , , , , , , , , , , , , , , , , , , , , , , , , , , , , , , , , , , , , , , , , , , , , , , , , , , , , , , , , , , , , , , , , , , , , , , , , , , , , , , , , , , , , , , , , , , , , , , , , , , , , , , , , , , , , , , , , , , , , , , , , , , , , , , , , , , , , , , , , , , , , , , , , , , , , , , , , , , , , , , , , , , , , , , , , , , , , , , , , , , , , 
41.0,41.0,1,41.000,16/03/2026 16:41:13,20.567,,8.72, 9.30, 9.27,36.56, -1.04, 2.63,11.114, 9.194, 9.217, 8.546, 8.409, 8.124, 7.907, 8.042, 8.123, 8.401, 8.512, 8.595, 8.673, 8.730, 8.851, 8.985, 9.122, 9.256, 9.351, 9.397, 9.414, 9.428, 9.442, 9.444, 9.381, 9.313, 9.303, 9.279, 9.254, 9.228, 9.243, 9.201, 9.201, 9.208, 9.201, 9.248, 9.242, 9.319, 9.326, 9.429, 9.489, 9.563, 9.680, 9.731, 9.866, 9.906, 9.999, 10.019, 10.063, 10.112, 10.064, 10.134, 10.154, 10.095, 10.158, 10.232, 10.202, 10.254, 10.346, 10.372, 10.393, 10.453, 10.503, 10.540, 10.632, 10.683, 10.582, 10.600, 10.712, 10.777, 10.754, 10.705, 10.721, 10.797, 10.847, 10.825, 10.810, 10.831, 10.871, 10.857, 10.800, 10.803, 10.851, 10.943, 10.994, 10.996, 11.026, 11.088, 11.218, 11.337, 11.398, 11.401, 11.374, 11.394, 11.499, 11.601, 11.680, 11.652, 11.516, 11.370, 11.278, 11.259, 11.244, 11.040, 10.419, 9.437, 8.583, 8.143, 8.018, 7.981, 8.044, 8.186, 8.440, 8.755, 9.071, 9.381, 9.640, 9.878, 10.131, 10.367, 10.605, 10.817, 11.007, 11.180, 11.314, 11.435, 11.553, 11.651, 11.708, 11.782, 11.822, 11.852, 11.878, 11.875, 11.878, 11.878, 11.879, 11.895, 11.900, 11.847, 11.789, 11.684, 11.578, 11.469, 11.414, 11.375, 11.247, 11.248, 11.229, 11.193, 11.024, 10.622, 9.770, 8.304, 6.580, 5.427, 4.937, 4.735, 4.661, 4.696, 4.813, 5.009, 5.251, 5.535, 5.850, 6.194, 6.545, 6.893, 7.234, 7.560, 7.841, 8.117, 8.388, 8.619, 8.837, 9.034, 9.216, 9.389, 9.567, 9.733, 9.898, 10.054, 10.212, 10.344, 10.450, 10.448, 10.376, 10.327, 10.384, 10.452, 10.344, 10.251, 10.153, 10.032, 9.847, 9.636, 9.408, 9.190, 8.975, 8.784, 8.621, 8.549, 8.509, 8.460, 8.378, 8.255, 8.182, 8.007, 7.893, 7.708, 7.565, 7.390, 7.071, 7.021, 6.857, 6.694, 16.3,967891.0,1214718.0,859171.30,90095.05,4288.35,14506.41,560.89,5255.41,142.33,512.60,38.76,541.70,26.27,1476.56,29.74,838.07,18.50,1757.46,68.60,76.44,8.11,0.00,76.29,434.01,15.60,24613.30,171.48,0.00,129.24,0.00,16.41,8.20,2.35,78.24,2.84,9.10,1.33,0.00,6.43,106.20,1.54,267.49,2.61,22.51,1.07,171.96,2.11,15.20,1.21,0.00,57.12,0.00,482.77,0.00,341.19,0.00,564.78,0.00,597.14,0.00,58.47,0.00,31.52,21.29,1.64,0.00,156.61,21.51,3.59,0.00,82.46,233294.59,149402.44,7111.27,27409.32,1059.78,11243.08,304.49,1174.55,88.81,1352.57,65.59,1778.67,35.82,1172.63,25.89,2932.31,114.46,136.46,14.48,0.00,111.50,623.60,22.41,35190.71,245.17,0.00,164.33,0.00,20.88,10.26,2.94,97.39,3.53,12.01,1.76,0.00,9.04,116.14,1.68,316.33,3.09,28.59,1.36,232.28,2.85,17.82,1.42,0.00,76.17,0.00,518.55,0.00,389.75,0.00,717.00,0.00,714.84,0.00,68.65,0.00,34.03,22.93,1.77,0.00,174.59,24.48,4.09,0.00,93.55
41.5,41.5,1,41.500,16/03/2026 16:41:57,21.561, , , , , , , , , , , , , , , , , , , , , , , , , , , , , , , , , , , , , , , , , , , , , , , , , , , , , , , , , , , , , , , , , , , , , , , , , , , , , , , , , , , , , , , , , , , , , , , , , , , , , , , , , , , , , , , , , , , , , , , , , , , , , , , , , , , , , , , , , , , , , , , , , , , , , , , , , , , , , , , , , , , , , , , , , , , , , , , , , , , , , , , , , , , , , , , , , , , , , , , , , , , , , , , , , , , , , , , , , , , , , , , , , , , , , , , , , , , , , , , , , , , , , , , , , , , , , , , , , , , , , , , , , , , , , , , , , , , , , , , , , , , , , , , , , , , , , , , , , , , , , , , , , , , , , , , , , , , , , , , , , , , , , , , , , , , , , , , , , , , , , , , , , , , , , , , , , , , , , , , , , , , , 
42.0,42.0,1,42.000,16/03/2026 16:42:23,21.624,,8.53, 9.08, 9.07,36.14, -0.84, 2.56,10.593, 10.023, 9.275, 8.643, 8.176, 7.879, 7.871, 7.914, 7.963, 8.211, 8.297, 8.435, 8.457, 8.524, 8.647, 8.754, 8.883, 8.996, 9.074, 9.160, 9.188, 9.219, 9.209, 9.201, 9.163, 9.131, 9.136, 9.078, 9.088, 9.094, 9.066, 9.100, 9.069, 9.101, 9.110, 9.124, 9.174, 9.207, 9.271, 9.319, 9.415, 9.471, 9.576, 9.655, 9.732, 9.844, 9.855, 9.936, 9.974, 9.975, 10.014, 10.025, 10.051, 10.072, 10.066, 10.127, 10.179, 10.175, 10.224, 10.322, 10.333, 10.333, 10.400, 10.484, 10.546, 10.539, 10.490, 10.609, 10.615, 10.655, 10.646, 10.644, 10.665, 10.659, 10.703, 10.726, 10.747, 10.749, 10.717, 10.706, 10.679, 10.699, 10.743, 10.805, 10.826, 10.849, 10.891, 10.972, 11.073, 11.186, 11.223, 11.215, 11.211, 11.248, 11.304, 11.402, 11.455, 11.404, 11.284, 11.141, 11.029, 10.992, 10.936, 10.689, 9.999, 8.959, 8.079, 7.627, 7.458, 7.397, 7.436, 7.571, 7.844, 8.192, 8.547, 8.887, 9.170, 9.419, 9.656, 9.894, 10.128, 10.363, 10.594, 10.802, 10.972, 11.104, 11.204, 11.279, 11.323, 11.366, 11.388, 11.432, 11.473, 11.504, 11.520, 11.537, 11.522, 11.516, 11.491, 11.416, 11.314, 11.172, 11.067, 10.982, 10.936, 10.930, 10.826, 10.844, 10.819, 10.746, 10.538, 10.067, 9.108, 7.503, 5.694, 4.539, 4.089, 3.936, 3.918, 3.981, 4.109, 4.294, 4.532, 4.798, 5.082, 5.394, 5.734, 6.060, 6.383, 6.719, 7.030, 7.335, 7.627, 7.903, 8.167, 8.396, 8.611, 8.814, 8.984, 9.167, 9.310, 9.440, 9.564, 9.708, 9.770, 9.802, 9.751, 9.673, 9.739, 9.761, 9.701, 9.599, 9.525, 9.407, 9.221, 9.056, 8.821, 8.565, 8.331, 8.079, 7.954, 7.765, 7.666, 7.568, 7.389, 7.320, 7.109, 6.978, 6.812, 6.616, 6.448, 6.166, 6.038, 5.927, 5.742, 5.859, 16.3,1001464.0,1227972.0,866297.00,77391.10,3934.45,15930.94,550.21,9992.24,178.32,386.70,34.95,375.16,23.41,1916.41,30.27,1245.20,20.35,1768.81,65.70,93.20,7.88,231.91,21.57,466.40,15.43,23182.58,152.40,0.00,117.54,0.00,16.57,7.48,2.23,60.84,2.51,11.46,1.24,0.00,5.17,71.00,1.18,287.33,2.59,23.21,0.97,177.28,2.02,14.42,1.14,0.00,56.21,0.00,457.59,0.00,319.51,0.00,527.49,0.00,559.94,24.75,3.40,0.00,28.16,17.34,1.46,27.24,4.14,0.00,157.98,0.00,69.16,223840.55,128335.79,6524.40,30100.92,1039.60,21376.75,381.49,886.07,80.08,936.74,58.45,2308.52,36.46,1742.29,28.47,2951.25,109.62,166.38,14.07,338.95,31.53,670.14,22.17,33145.15,217.89,0.00,149.45,0.00,21.09,9.36,2.79,75.73,3.12,15.13,1.64,0.00,7.27,77.65,1.29,339.80,3.06,29.48,1.23,239.46,2.73,16.90,1.34,0.00,74.95,0.00,491.50,0.00,364.99,0.00,669.66,0.00,670.31,29.06,3.99,0.00,30.41,18.68,1.57,30.37,4.62,0.00,179.77,0.00,78.46
42.5,42.5,1,42.500,16/03/2026 16:42:57,20.700, , , , , , , , , , , , , , , , , , , , , , , , , , , , , , , , , , , , , , , , , , , , , , , , , , , , , , , , , , , , , , , , , , , , , , , , , , , , , , , , , , , , , , , , , , , , , , , , , , , , , , , , , , , , , , , , , , , , , , , , , , , , , , , , , , , , , , , , , , , , , , , , , , , , , , , , , , , , , , , , , , , , , , , , , , , , , , , , , , , , , , , , , , , , , , , , , , , , , , , , , , , , , , , , , , , , , , , , , , , , , , , , , , , , , , , , , , , , , , , , , , , , , , , , , , , , , , , , , , , , , , , , , , , , , , , , , , , , , , , , , , , , , , , , , , , , , , , , , , , , , , , , , , , , , , , , , , , , , , , , , , , , , , , , , , , , , , , , , , , , , , , , , , , , , , , , , , , , , , , , , , , , 
43.0,43.0,1,43.000,16/03/2026 16:43:23,20.567,,8.30, 8.82, 8.89,35.64, -0.76, 2.26,8.267, 8.652, 9.298, 8.026, 8.003, 7.886, 7.797, 7.756, 7.871, 8.090, 8.154, 8.237, 8.271, 8.323, 8.412, 8.545, 8.637, 8.745, 8.826, 8.891, 8.906, 8.929, 8.961, 8.960, 8.884, 8.822, 8.892, 8.840, 8.744, 8.868, 8.794, 8.789, 8.864, 8.750, 8.890, 8.795, 8.936, 8.882, 9.008, 9.001, 9.126, 9.160, 9.274, 9.330, 9.441, 9.486, 9.553, 9.591, 9.616, 9.679, 9.647, 9.696, 9.756, 9.689, 9.730, 9.818, 9.795, 9.830, 9.921, 9.954, 9.980, 10.039, 10.061, 10.092, 10.192, 10.225, 10.216, 10.200, 10.285, 10.390, 10.349, 10.282, 10.311, 10.409, 10.445, 10.396, 10.365, 10.407, 10.471, 10.445, 10.355, 10.329, 10.400, 10.506, 10.561, 10.544, 10.545, 10.604, 10.729, 10.877, 10.940, 10.910, 10.871, 10.874, 10.948, 11.069, 11.144, 11.112, 10.975, 10.799, 10.690, 10.667, 10.672, 10.462, 9.814, 8.809, 7.963, 7.523, 7.362, 7.337, 7.424, 7.584, 7.826, 8.121, 8.404, 8.673, 8.912, 9.158, 9.428, 9.687, 9.940, 10.184, 10.371, 10.512, 10.624, 10.722, 10.809, 10.906, 11.005, 11.089, 11.171, 11.210, 11.237, 11.244, 11.214, 11.188, 11.164, 11.167, 11.143, 11.110, 11.048, 10.979, 10.897, 10.803, 10.753, 10.690, 10.555, 10.530, 10.483, 10.393, 10.205, 9.772, 8.914, 7.508, 5.958, 5.011, 4.627, 4.490, 4.435, 4.452, 4.527, 4.659, 4.835, 5.047, 5.308, 5.591, 5.881, 6.199, 6.498, 6.806, 7.111, 7.412, 7.675, 7.911, 8.140, 8.351, 8.517, 8.692, 8.848, 8.992, 9.134, 9.270, 9.396, 9.511, 9.600, 9.649, 9.589, 9.545, 9.605, 9.633, 9.543, 9.475, 9.425, 9.305, 9.183, 9.014, 8.841, 8.582, 8.385, 8.210, 8.034, 7.933, 7.821, 7.737, 7.624, 7.498, 7.366, 7.184, 7.038, 6.824, 6.653, 6.527, 6.374, 6.192, 6.165, 6.016, 16.3,1018274.0,1201268.0,895423.58,51419.01,3700.78,15656.81,540.28,8699.27,165.77,502.85,36.02,459.88,23.69,1487.52,27.58,1161.44,19.09,2093.20,68.39,31.55,7.21,115.86,19.18,505.76,15.69,21689.39,139.56,0.00,118.16,0.00,16.32,17.44,2.40,41.38,2.15,22.13,1.30,0.00,5.92,76.24,1.22,272.01,2.44,21.86,0.96,161.32,1.91,11.68,1.12,0.00,56.78,0.00,455.57,23.05,6.53,51.78,9.66,0.00,560.77,15.66,3.10,0.00,28.71,11.89,1.40,0.00,150.52,17.63,3.36,9.81,1.54,175554.50,85266.90,6136.91,29582.96,1020.84,18610.65,354.64,1152.21,82.53,1148.28,59.15,1791.87,33.22,1625.09,26.71,3492.49,114.11,56.32,12.87,169.34,28.03,726.70,22.54,31010.27,199.54,0.00,150.24,0.00,20.77,21.83,3.00,51.51,2.68,29.22,1.72,0.00,8.32,83.38,1.33,321.68,2.89,27.76,1.22,217.91,2.58,13.69,1.31,0.00,75.71,0.00,489.33,26.33,7.46,65.74,12.26,0.00,671.30,18.39,3.64,0.00,31.00,12.81,1.51,0.00,167.81,20.06,3.82,11.13,1.75
43.5,43.5,1,43.500,16/03/2026 16:44:06,20.166,1157890.280, , , , , , , , , , , , , , , , , , , , , , , , , , , , , , , , , , , , , , , , , , , , , , , , , , , , , , , , , , , , , , , , , , , , , , , , , , , , , , , , , , , , , , , , , , , , , , , , , , , , , , , , , , , , , , , , , , , , , , , , , , , , , , , , , , , , , , , , , , , , , , , , , , , , , , , , , , , , , , , , , , , , , , , , , , , , , , , , , , , , , , , , , , , , , , , , , , , , , , , , , , , , , , , , , , , , , , , , , , , , , , , , , , , , , , , , , , , , , , , , , , , , , , , , , , , , , , , , , , , , , , , , , , , , , , , , , , , , , , , , , , , , , , , , , , , , , , , , , , , , , , , , , , , , , , , , , , , , , , , , , , , , , , , , , , , , , , , , , , , , , , , , , , , , , , , , , , , , , , , , , , , 
44.0,44.0,1,44.000,16/03/2026 16:44:24,21.222,,9.11, 9.71, 9.69,37.32, -0.96, 2.63,8.667, 9.824, 9.353, 8.721, 8.540, 8.375, 8.233, 8.344, 8.531, 8.793, 8.912, 8.996, 9.034, 9.097, 9.260, 9.387, 9.506, 9.616, 9.736, 9.806, 9.833, 9.832, 9.847, 9.864, 9.795, 9.734, 9.747, 9.686, 9.698, 9.679, 9.647, 9.671, 9.621, 9.663, 9.622, 9.683, 9.665, 9.754, 9.740, 9.854, 9.873, 9.998, 10.024, 10.168, 10.193, 10.286, 10.382, 10.307, 10.505, 10.404, 10.403, 10.576, 10.429, 10.499, 10.576, 10.500, 10.618, 10.685, 10.610, 10.753, 10.839, 10.693, 10.784, 10.996, 10.955, 10.877, 10.906, 11.084, 10.960, 10.948, 11.034, 11.160, 11.042, 10.968, 11.086, 11.219, 11.179, 11.048, 11.051, 11.134, 11.144, 11.068, 11.032, 11.115, 11.261, 11.307, 11.262, 11.234, 11.352, 11.562, 11.692, 11.634, 11.507, 11.471, 11.599, 11.811, 11.934, 11.834, 11.580, 11.327, 11.230, 11.301, 11.388, 11.193, 10.443, 9.287, 8.319, 7.871, 7.827, 7.922, 8.064, 8.157, 8.297, 8.490, 8.753, 9.112, 9.523, 9.907, 10.242, 10.478, 10.617, 10.700, 10.796, 10.952, 11.171, 11.432, 11.685, 11.862, 11.930, 11.907, 11.802, 11.686, 11.631, 11.645, 11.730, 11.865, 12.038, 12.148, 12.165, 12.082, 11.888, 11.612, 11.364, 11.190, 11.105, 11.128, 11.130, 11.289, 11.416, 11.461, 11.322, 10.862, 9.844, 8.154, 6.199, 4.882, 4.311, 4.105, 4.115, 4.287, 4.574, 4.937, 5.309, 5.701, 6.043, 6.343, 6.590, 6.786, 6.967, 7.145, 7.344, 7.575, 7.839, 8.164, 8.494, 8.853, 9.213, 9.555, 9.827, 10.091, 10.269, 10.386, 10.460, 10.480, 10.465, 10.359, 10.202, 10.031, 10.007, 10.039, 9.949, 9.945, 9.966, 9.969, 9.961, 9.904, 9.798, 9.631, 9.451, 9.215, 9.050, 8.905, 8.809, 8.550, 8.311, 8.065, 7.843, 7.567, 7.278, 7.067, 6.917, 6.804, 6.695, 6.533, 6.502, 6.555, 16.3,980844.0,1245970.0,863240.66,87201.23,4250.33,14416.11,559.06,4311.50,132.08,581.40,39.67,476.86,25.79,1342.69,28.94,1236.85,20.96,2196.00,73.16,67.30,7.97,94.51,19.99,600.89,17.65,23439.59,163.31,0.00,125.67,0.00,18.12,14.26,2.50,67.29,2.75,6.35,1.28,0.00,5.42,86.26,1.37,281.62,2.69,20.51,1.02,202.55,2.27,4.26,1.13,0.00,59.67,32.78,10.59,0.00,335.55,0.00,560.70,0.00,599.26,30.70,3.79,0.00,36.30,20.23,1.58,27.60,4.28,0.00,162.84,0.00,77.91,226201.12,144603.69,7048.22,27238.70,1056.32,9223.74,282.56,1332.20,90.90,1190.67,64.40,1617.41,34.86,1730.61,29.33,3664.01,122.07,120.14,14.23,138.13,29.22,863.38,25.36,33512.61,233.49,0.00,159.79,0.00,23.06,17.85,3.13,83.76,3.42,8.38,1.69,0.00,7.62,94.33,1.50,333.04,3.18,26.05,1.30,273.60,3.07,4.99,1.32,0.00,79.57,35.21,11.37,0.00,383.31,0.00,711.82,0.00,717.38,36.04,4.45,0.00,39.20,21.79,1.70,30.77,4.77,0.00,185.30,0.00,88.38
44.5,44.5,1,44.500,16/03/2026 16:45:07,20.231, , , , , , , , , , , , , , , , , , , , , , , , , , , , , , , , , , , , , , , , , , , , , , , , , , , , , , , , , , , , , , , , , , , , , , , , , , , , , , , , , , , , , , , , , , , , , , , , , , , , , , , , , , , , , , , , , , , , , , , , , , , , , , , , , , , , , , , , , , , , , , , , , , , , , , , , , , , , , , , , , , , , , , , , , , , , , , , , , , , , , , , , , , , , , , , , , , , , , , , , , , , , , , , , , , , , , , , , , , , , , , , , , , , , , , , , , , , , , , , , , , , , , , , , , , , , , , , , , , , , , , , , , , , , , , , , , , , , , , , , , , , , , , , , , , , , , , , , , , , , , , , , , , , , , , , , , , , , , , , , , , , , , , , , , , , , , , , , , , , , , , , , , , , , , , , , , , , , , , , , , , , , 
45.0,45.0,1,45.000,16/03/2026 16:45:24,21.752,,9.23, 9.83, 9.78,37.54, -0.97, 2.73,11.187, 9.462, 9.302, 8.548, 8.515, 8.368, 8.420, 8.396, 8.595, 8.871, 8.963, 9.076, 9.151, 9.206, 9.348, 9.497, 9.622, 9.760, 9.857, 9.918, 9.958, 9.964, 9.959, 9.961, 9.933, 9.882, 9.849, 9.829, 9.829, 9.814, 9.818, 9.835, 9.809, 9.840, 9.856, 9.874, 9.933, 9.943, 10.017, 10.067, 10.171, 10.235, 10.344, 10.417, 10.536, 10.617, 10.674, 10.740, 10.755, 10.816, 10.815, 10.833, 10.895, 10.857, 10.878, 10.979, 10.974, 11.004, 11.101, 11.146, 11.182, 11.233, 11.300, 11.328, 11.422, 11.493, 11.442, 11.467, 11.564, 11.660, 11.581, 11.486, 11.509, 11.669, 11.673, 11.590, 11.572, 11.648, 11.732, 11.694, 11.562, 11.568, 11.720, 11.846, 11.838, 11.767, 11.765, 11.912, 12.117, 12.247, 12.233, 12.156, 12.128, 12.211, 12.395, 12.543, 12.554, 12.450, 12.286, 12.191, 12.208, 12.286, 12.314, 12.102, 11.443, 10.453, 9.640, 9.254, 9.199, 9.204, 9.266, 9.350, 9.542, 9.820, 10.147, 10.497, 10.836, 11.144, 11.404, 11.589, 11.725, 11.837, 11.954, 12.101, 12.286, 12.488, 12.693, 12.842, 12.918, 12.935, 12.899, 12.842, 12.771, 12.767, 12.780, 12.827, 12.888, 12.975, 13.064, 13.064, 13.001, 12.856, 12.687, 12.537, 12.435, 12.379, 12.256, 12.286, 12.335, 12.360, 12.271, 11.952, 11.135, 9.605, 7.642, 6.192, 5.546, 5.275, 5.190, 5.259, 5.432, 5.705, 6.036, 6.409, 6.813, 7.243, 7.655, 8.065, 8.443, 8.781, 9.103, 9.383, 9.645, 9.892, 10.119, 10.318, 10.514, 10.703, 10.877, 11.072, 11.264, 11.433, 11.596, 11.743, 11.840, 11.859, 11.759, 11.656, 11.741, 11.774, 11.644, 11.541, 11.462, 11.298, 11.134, 10.899, 10.667, 10.478, 10.254, 10.082, 9.926, 9.829, 9.887, 9.785, 9.709, 9.649, 9.461, 9.343, 9.180, 8.953, 8.757, 8.554, 8.324, 8.058, 8.084, 7.997, 16.3,979597.0,1231346.0,886027.53,67769.53,4047.52,13922.68,533.67,3991.75,125.21,676.69,39.61,592.21,25.73,570.58,24.14,952.62,18.34,1891.80,67.90,0.00,22.93,105.91,18.65,493.97,15.85,22298.37,150.84,0.00,121.65,0.00,12.86,14.49,2.38,76.68,2.78,10.79,1.23,2.23,0.52,79.28,1.27,275.83,2.57,26.75,1.02,160.72,1.96,0.00,32.68,0.00,58.13,0.00,471.69,0.00,325.90,0.00,539.64,0.00,577.18,17.20,3.40,0.00,34.66,15.78,1.47,26.57,4.14,0.00,159.12,0.00,72.32,189039.82,112380.57,6711.90,26306.38,1008.35,8539.69,267.87,1550.54,90.76,1478.69,64.25,687.32,29.08,1332.91,25.66,3156.46,113.29,0.00,40.93,154.79,27.26,709.76,22.77,31880.96,215.66,0.00,154.68,0.00,16.37,18.14,2.98,95.44,3.46,14.25,1.62,3.13,0.73,86.70,1.39,326.20,3.04,33.97,1.30,217.10,2.65,0.00,38.31,0.00,77.51,0.00,506.65,0.00,372.29,0.00,685.08,0.00,690.94,20.19,3.99,0.00,37.42,17.00,1.58,29.62,4.62,0.00,181.06,0.00,82.04
45.5,45.5,1,45.500,16/03/2026 16:46:16,21.557, , , , , , , , , , , , , , , , , , , , , , , , , , , , , , , , , , , , , , , , , , , , , , , , , , , , , , , , , , , , , , , , , , , , , , , , , , , , , , , , , , , , , , , , , , , , , , , , , , , , , , , , , , , , , , , , , , , , , , , , , , , , , , , , , , , , , , , , , , , , , , , , , , , , , , , , , , , , , , , , , , , , , , , , , , , , , , , , , , , , , , , , , , , , , , , , , , , , , , , , , , , , , , , , , , , , , , , , , , , , , , , , , , , , , , , , , , , , , , , , , , , , , , , , , , , , , , , , , , , , , , , , , , , , , , , , , , , , , , , , , , , , , , , , , , , , , , , , , , , , , , , , , , , , , , , , , , , , , , , , , , , , , , , , , , , , , , , , , , , , , , , , , , , , , , , , , , , , , , , , , , , , 
46.0,46.0,1,46.000,16/03/2026 16:46:42,21.427,,8.96, 9.50, 9.61,36.93, -0.57, 2.22,11.387, 9.526, 9.992, 9.272, 8.569, 8.669, 8.465, 8.445, 8.521, 8.730, 8.819, 8.913, 8.924, 8.968, 9.085, 9.197, 9.304, 9.407, 9.468, 9.522, 9.586, 9.631, 9.641, 9.624, 9.592, 9.608, 9.569, 9.520, 9.597, 9.525, 9.562, 9.584, 9.545, 9.619, 9.598, 9.650, 9.682, 9.730, 9.793, 9.852, 9.951, 10.027, 10.126, 10.228, 10.305, 10.430, 10.433, 10.538, 10.566, 10.567, 10.656, 10.634, 10.653, 10.756, 10.693, 10.726, 10.882, 10.862, 10.818, 10.992, 11.099, 10.994, 11.029, 11.218, 11.318, 11.220, 11.223, 11.361, 11.469, 11.419, 11.373, 11.401, 11.481, 11.490, 11.445, 11.451, 11.521, 11.552, 11.506, 11.455, 11.467, 11.522, 11.582, 11.598, 11.615, 11.665, 11.764, 11.843, 11.911, 11.954, 12.007, 12.079, 12.126, 12.167, 12.205, 12.223, 12.250, 12.281, 12.242, 12.132, 12.035, 11.956, 11.848, 11.638, 11.096, 10.200, 9.391, 8.943, 8.742, 8.632, 8.664, 8.815, 9.129, 9.524, 9.886, 10.202, 10.435, 10.624, 10.818, 11.038, 11.304, 11.597, 11.863, 12.059, 12.188, 12.254, 12.292, 12.321, 12.363, 12.457, 12.572, 12.700, 12.805, 12.853, 12.836, 12.756, 12.663, 12.584, 12.508, 12.459, 12.425, 12.410, 12.435, 12.449, 12.460, 12.469, 12.216, 12.168, 12.044, 11.884, 11.627, 11.141, 10.246, 8.723, 6.933, 5.770, 5.301, 5.179, 5.160, 5.248, 5.365, 5.543, 5.726, 5.946, 6.201, 6.477, 6.798, 7.150, 7.519, 7.913, 8.329, 8.744, 9.147, 9.505, 9.808, 10.052, 10.249, 10.389, 10.499, 10.587, 10.646, 10.709, 10.761, 10.850, 10.893, 10.916, 10.876, 10.877, 11.014, 11.154, 11.148, 11.142, 11.137, 11.064, 10.908, 10.705, 10.441, 10.196, 9.928, 9.628, 9.387, 9.216, 9.049, 8.938, 8.747, 8.577, 8.378, 8.209, 8.006, 7.890, 7.713, 7.604, 7.450, 7.363, 7.300, 7.303, 16.3,1011202.0,1265145.0,872354.43,71193.86,3873.71,13662.78,521.86,10491.90,181.35,578.97,37.34,440.41,23.67,1999.65,30.42,2017.57,24.36,1917.51,67.02,0.00,21.29,55.12,16.95,497.86,15.60,24037.28,156.39,0.00,121.70,0.00,14.56,19.72,2.47,77.46,2.73,16.36,1.34,5.65,0.59,84.10,1.29,303.39,2.69,23.32,0.99,184.23,2.07,4.58,1.09,0.00,56.18,0.00,462.89,0.00,319.34,0.00,530.14,0.00,548.08,0.00,60.04,0.00,31.77,19.43,1.53,14.43,4.10,0.00,157.80,0.00,72.60,213262.80,118059.05,6423.68,25815.31,986.03,22445.69,387.97,1326.63,85.56,1099.66,59.10,2408.79,36.64,2823.00,34.08,3199.35,111.82,0.00,38.01,80.56,24.77,715.34,22.41,34367.15,223.60,0.00,154.74,0.00,18.53,24.69,3.09,96.42,3.40,21.60,1.77,7.94,0.83,91.97,1.41,358.79,3.18,29.61,1.26,248.85,2.80,5.37,1.28,0.00,74.91,0.00,497.20,0.00,364.79,0.00,673.02,0.00,656.11,0.00,70.49,0.00,34.30,20.93,1.65,16.09,4.57,0.00,179.56,0.00,82.36
46.5,46.5,1,46.500,16/03/2026 16:47:16,21.556, , , , , , , , , , , , , , , , , , , , , , , , , , , , , , , , , , , , , , , , , , , , , , , , , , , , , , , , , , , , , , , , , , , , , , , , , , , , , , , , , , , , , , , , , , , , , , , , , , , , , , , , , , , , , , , , , , , , , , , , , , , , , , , , , , , , , , , , , , , , , , , , , , , , , , , , , , , , , , , , , , , , , , , , , , , , , , , , , , , , , , , , , , , , , , , , , , , , , , , , , , , , , , , , , , , , , , , , , , , , , , , , , , , , , , , , , , , , , , , , , , , , , , , , , , , , , , , , , , , , , , , , , , , , , , , , , , , , , , , , , , , , , , , , , , , , , , , , , , , , , , , , , , , , , , , , , , , , , , , , , , , , , , , , , , , , , , , , , , , , , , , , , , , , , , , , , , , , , , , , , , , , 
47.0,47.0,1,47.000,16/03/2026 16:47:42,20.897,,8.95, 9.50, 9.64,36.93, -0.70, 2.12,11.169, 10.048, 9.953, 9.174, 8.728, 8.452, 8.451, 8.467, 8.506, 8.752, 8.881, 8.954, 8.958, 8.980, 9.111, 9.184, 9.309, 9.432, 9.521, 9.575, 9.595, 9.608, 9.605, 9.624, 9.613, 9.538, 9.519, 9.533, 9.463, 9.504, 9.492, 9.462, 9.514, 9.438, 9.557, 9.471, 9.603, 9.561, 9.651, 9.709, 9.750, 9.890, 9.897, 10.039, 10.125, 10.156, 10.267, 10.309, 10.292, 10.392, 10.389, 10.357, 10.444, 10.484, 10.395, 10.472, 10.616, 10.580, 10.535, 10.700, 10.816, 10.684, 10.673, 10.877, 11.046, 10.952, 10.700, 10.865, 11.066, 11.118, 10.935, 10.873, 11.050, 11.243, 11.214, 11.030, 10.979, 11.108, 11.256, 11.201, 10.977, 10.857, 10.981, 11.228, 11.382, 11.352, 11.228, 11.178, 11.325, 11.591, 11.790, 11.811, 11.685, 11.547, 11.555, 11.710, 11.916, 11.985, 11.849, 11.571, 11.284, 11.112, 11.025, 10.836, 10.200, 9.163, 8.264, 7.685, 7.337, 7.131, 7.142, 7.351, 7.765, 8.287, 8.753, 9.110, 9.329, 9.471, 9.603, 9.808, 10.102, 10.468, 10.871, 11.248, 11.532, 11.688, 11.737, 11.701, 11.619, 11.582, 11.581, 11.647, 11.790, 11.959, 12.133, 12.262, 12.305, 12.288, 12.150, 11.942, 11.682, 11.419, 11.205, 11.083, 11.058, 11.148, 11.130, 11.259, 11.338, 11.312, 11.069, 10.472, 9.310, 7.553, 5.717, 4.646, 4.206, 4.033, 3.992, 4.090, 4.274, 4.533, 4.826, 5.144, 5.487, 5.796, 6.091, 6.355, 6.592, 6.795, 6.993, 7.195, 7.388, 7.586, 7.810, 8.056, 8.311, 8.567, 8.838, 9.100, 9.370, 9.612, 9.829, 10.003, 10.138, 10.190, 10.121, 10.075, 10.026, 9.946, 9.786, 9.615, 9.462, 9.243, 9.045, 8.806, 8.567, 8.344, 8.087, 7.923, 7.849, 7.755, 7.765, 7.686, 7.625, 7.605, 7.555, 7.505, 7.341, 7.162, 7.016, 6.909, 6.545, 6.347, 6.181, 5.892, 16.3,1019469.0,1217510.0,901357.19,56978.03,3866.15,9775.64,471.10,3066.46,111.27,452.79,35.61,527.62,24.44,776.72,24.06,995.10,17.56,1920.89,66.55,90.96,7.86,0.00,74.35,589.19,16.65,22684.53,148.99,0.00,120.85,0.00,12.09,11.09,2.26,68.20,2.58,8.18,1.27,0.00,5.33,76.77,1.23,312.04,2.75,31.09,1.04,188.37,2.10,5.45,1.10,0.00,56.29,0.00,463.88,0.00,321.44,48.88,10.10,0.00,564.49,0.00,60.36,0.00,25.34,21.85,1.56,12.92,4.29,0.00,163.08,0.00,73.98,161808.96,94485.29,6411.14,18470.71,890.13,6560.18,238.04,1037.51,81.60,1317.42,61.02,935.64,28.98,1392.35,24.57,3204.99,111.04,162.38,14.03,0.00,108.67,846.57,23.92,32433.07,213.02,0.00,153.66,0.00,15.39,13.88,2.83,84.89,3.21,10.80,1.68,0.00,7.49,83.96,1.35,369.02,3.25,39.48,1.32,254.44,2.84,6.39,1.29,0.00,75.06,0.00,498.26,0.00,367.19,62.05,12.82,0.00,675.75,0.00,70.87,0.00,27.36,23.54,1.68,14.40,4.78,0.00,185.57,0.00,83.93
47.5,47.5,1,47.500,16/03/2026 16:48:25,19.309, , , , , , , , , , , , , , , , , , , , , , , , , , , , , , , , , , , , , , , , , , , , , , , , , , , , , , , , , , , , , , , , , , , , , , , , , , , , , , , , , , , , , , , , , , , , , , , , , , , , , , , , , , , , , , , , , , , , , , , , , , , , , , , , , , , , , , , , , , , , , , , , , , , , , , , , , , , , , , , , , , , , , , , , , , , , , , , , , , , , , , , , , , , , , , , , , , , , , , , , , , , , , , , , , , , , , , , , , , , , , , , , , , , , , , , , , , , , , , , , , , , , , , , , , , , , , , , , , , , , , , , , , , , , , , , , , , , , , , , , , , , , , , , , , , , , , , , , , , , , , , , , , , , , , , , , , , , , , , , , , , , , , , , , , , , , , , , , , , , , , , , , , , , , , , , , , , , , , , , , , , , , 
48.0,48.0,1,48.000,16/03/2026 16:48:43,21.753,,8.66, 9.21, 9.32,36.39, -0.88, 2.20,11.520, 9.516, 10.061, 8.723, 8.518, 8.133, 8.054, 8.082, 8.199, 8.460, 8.537, 8.678, 8.667, 8.734, 8.852, 8.965, 9.087, 9.183, 9.222, 9.263, 9.305, 9.371, 9.338, 9.291, 9.296, 9.236, 9.203, 9.196, 9.155, 9.177, 9.119, 9.152, 9.099, 9.145, 9.109, 9.168, 9.143, 9.248, 9.220, 9.337, 9.398, 9.427, 9.598, 9.587, 9.737, 9.833, 9.789, 9.935, 9.952, 9.882, 9.980, 10.022, 9.943, 9.991, 10.078, 10.036, 10.047, 10.164, 10.204, 10.173, 10.229, 10.348, 10.380, 10.380, 10.445, 10.544, 10.577, 10.503, 10.522, 10.628, 10.695, 10.669, 10.564, 10.575, 10.663, 10.778, 10.787, 10.695, 10.618, 10.626, 10.697, 10.799, 10.798, 10.746, 10.719, 10.785, 10.965, 11.128, 11.203, 11.201, 11.158, 11.161, 11.252, 11.426, 11.563, 11.610, 11.555, 11.440, 11.306, 11.245, 11.273, 11.322, 11.296, 11.038, 10.337, 9.308, 8.476, 8.116, 8.043, 8.053, 8.139, 8.248, 8.466, 8.730, 9.013, 9.315, 9.611, 9.904, 10.209, 10.484, 10.721, 10.937, 11.109, 11.243, 11.356, 11.461, 11.567, 11.699, 11.814, 11.920, 12.007, 12.063, 12.096, 12.107, 12.091, 12.069, 12.018, 11.999, 11.984, 11.937, 11.895, 11.832, 11.770, 11.708, 11.676, 11.666, 11.498, 11.486, 11.425, 11.316, 11.095, 10.615, 9.689, 8.149, 6.364, 5.215, 4.745, 4.598, 4.582, 4.684, 4.850, 5.063, 5.318, 5.596, 5.882, 6.182, 6.468, 6.767, 7.060, 7.379, 7.695, 8.015, 8.330, 8.622, 8.900, 9.161, 9.398, 9.605, 9.799, 9.977, 10.098, 10.223, 10.319, 10.412, 10.479, 10.452, 10.389, 10.298, 10.363, 10.385, 10.317, 10.271, 10.208, 10.103, 9.961, 9.775, 9.557, 9.321, 9.121, 8.910, 8.751, 8.632, 8.568, 8.406, 8.319, 8.143, 8.000, 7.806, 7.583, 7.520, 7.232, 6.928, 6.928, 6.556, 6.405, 6.377, 16.3,982936.0,1167308.0,866796.19,88490.26,4229.90,11476.43,498.23,5883.13,146.66,610.36,39.38,459.78,25.41,0.00,770.07,594.28,16.13,1290.64,61.90,39.20,7.13,0.00,72.04,524.22,16.37,23131.69,159.58,0.00,125.13,0.00,13.88,15.25,2.41,97.32,3.02,4.02,1.22,0.00,5.79,76.03,1.25,276.28,2.62,19.63,0.97,157.89,1.97,0.00,32.72,0.00,58.19,0.00,473.05,30.59,6.76,0.00,545.81,0.00,584.86,0.00,50.75,4.27,1.13,22.52,1.56,0.00,146.34,0.00,162.33,0.00,68.72,221296.07,146741.26,7014.34,21684.29,941.39,12585.99,313.75,1398.56,90.23,1148.03,63.45,0.00,927.63,831.52,22.57,2153.42,103.28,69.98,12.73,0.00,105.29,753.22,23.52,33072.39,228.16,0.00,159.10,0.00,17.66,19.09,3.02,121.14,3.76,5.31,1.61,0.00,8.14,83.15,1.37,326.73,3.10,24.93,1.23,213.27,2.66,0.00,38.35,0.00,77.59,0.00,508.11,34.94,7.72,0.00,692.92,0.00,700.14,0.00,59.58,4.61,1.22,24.26,1.68,0.00,163.15,0.00,184.72,0.00,77.96
48.5,48.5,1,48.500,16/03/2026 16:49:26,23.739,1157889.418, , , , , , , , , , , , , , , , , , , , , , , , , , , , , , , , , , , , , , , , , , , , , , , , , , , , , , , , , , , , , , , , , , , , , , , , , , , , , , , , , , , , , , , , , , , , , , , , , , , , , , , , , , , , , , , , , , , , , , , , , , , , , , , , , , , , , , , , , , , , , , , , , , , , , , , , , , , , , , , , , , , , , , , , , , , , , , , , , , , , , , , , , , , , , , , , , , , , , , , , , , , , , , , , , , , , , , , , , , , , , , , , , , , , , , , , , , , , , , , , , , , , , , , , , , , , , , , , , , , , , , , , , , , , , , , , , , , , , , , , , , , , , , , , , , , , , , , , , , , , , , , , , , , , , , , , , , , , , , , , , , , , , , , , , , , , , , , , , , , , , , , , , , , , , , , , , , , , , , , , , , , 
49.0,49.0,1,49.000,16/03/2026 16:49:43,23.608,,9.26, 9.84, 9.83,37.55, -0.72, 2.61,11.383, 10.472, 10.065, 9.078, 8.702, 8.675, 8.369, 8.447, 8.677, 8.904, 9.029, 9.158, 9.170, 9.181, 9.346, 9.476, 9.619, 9.752, 9.830, 9.874, 9.922, 9.981, 9.980, 9.965, 9.974, 9.917, 9.893, 9.938, 9.862, 9.915, 9.910, 9.893, 9.936, 9.918, 9.973, 9.977, 10.039, 10.073, 10.145, 10.181, 10.337, 10.309, 10.533, 10.534, 10.651, 10.820, 10.732, 10.922, 10.959, 10.876, 11.017, 11.028, 10.976, 11.066, 11.090, 11.093, 11.186, 11.209, 11.215, 11.334, 11.381, 11.301, 11.411, 11.584, 11.601, 11.528, 11.524, 11.685, 11.743, 11.655, 11.608, 11.759, 11.853, 11.755, 11.651, 11.719, 11.900, 11.946, 11.820, 11.626, 11.596, 11.768, 11.922, 11.903, 11.792, 11.759, 11.871, 12.069, 12.230, 12.282, 12.212, 12.177, 12.221, 12.334, 12.449, 12.500, 12.453, 12.356, 12.220, 12.121, 12.054, 12.005, 11.865, 11.462, 10.587, 9.410, 8.519, 8.094, 7.940, 7.838, 7.814, 7.865, 8.093, 8.474, 8.948, 9.425, 9.860, 10.198, 10.449, 10.638, 10.793, 10.963, 11.177, 11.431, 11.720, 12.004, 12.231, 12.404, 12.469, 12.449, 12.374, 12.290, 12.230, 12.223, 12.273, 12.362, 12.460, 12.555, 12.617, 12.565, 12.455, 12.236, 12.008, 11.800, 11.661, 11.566, 11.419, 11.441, 11.469, 11.447, 11.266, 10.775, 9.734, 7.990, 6.047, 4.820, 4.311, 4.098, 4.020, 4.024, 4.118, 4.283, 4.512, 4.792, 5.120, 5.491, 5.878, 6.272, 6.657, 7.039, 7.419, 7.771, 8.094, 8.405, 8.673, 8.925, 9.157, 9.346, 9.510, 9.672, 9.808, 9.919, 10.026, 10.142, 10.196, 10.252, 10.209, 10.157, 10.254, 10.317, 10.238, 10.216, 10.126, 10.075, 9.884, 9.733, 9.511, 9.226, 8.973, 8.666, 8.402, 8.200, 7.998, 7.764, 7.529, 7.320, 7.082, 6.927, 6.628, 6.378, 6.257, 6.091, 6.024, 5.868, 5.765, 5.814, 16.3,1017178.0,1231651.0,876456.38,67555.98,3701.81,10787.89,474.01,10425.84,174.16,401.88,33.36,266.22,21.14,2834.36,33.20,2399.28,25.34,2317.77,69.02,0.00,22.77,257.59,20.17,570.04,16.20,24960.21,156.71,0.00,121.15,0.00,17.07,15.30,2.34,71.65,2.54,15.31,1.36,0.00,4.46,77.19,1.21,261.81,2.37,13.57,0.89,187.14,2.02,0.00,30.43,0.00,54.62,0.00,431.21,0.00,294.91,68.63,9.16,0.00,521.60,0.00,46.00,0.00,29.50,25.18,1.56,30.77,4.00,0.00,150.06,0.00,63.97,204761.66,112026.45,6138.62,20383.32,895.62,22304.36,372.59,920.85,76.44,664.73,52.78,3414.28,39.99,3357.09,35.46,3867.18,115.16,0.00,40.65,376.48,29.48,819.06,23.28,35686.71,224.06,0.00,154.04,0.00,21.72,19.15,2.93,89.18,3.16,20.21,1.80,0.00,6.27,84.41,1.32,309.62,2.80,17.23,1.13,252.78,2.73,0.00,35.67,0.00,72.83,0.00,463.17,0.00,336.88,87.13,11.63,0.00,624.41,0.00,54.01,0.00,31.85,27.12,1.68,34.30,4.46,0.00,170.75,0.00,72.57
49.5,49.5,1,49.500,16/03/2026 16:50:26,21.493, , , , , , , , , , , , , , , , , , , , , , , , , , , , , , , , , , , , , , , , , , , , , , , , , , , , , , , , , , , , , , , , , , , , , , , , , , , , , , , , , , , , , , , , , , , , , , , , , , , , , , , , , , , , , , , , , , , , , , , , , , , , , , , , , , , , , , , , , , , , , , , , , , , , , , , , , , , , , , , , , , , , , , , , , , , , , , , , , , , , , , , , , , , , , , , , , , , , , , , , , , , , , , , , , , , , , , , , , , , , , , , , , , , , , , , , , , , , , , , , , , , , , , , , , , , , , , , , , , , , , , , , , , , , , , , , , , , , , , , , , , , , , , , , , , , , , , , , , , , , , , , , , , , , , , , , , , , , , , , , , , , , , , , , , , , , , , , , , , , , , , , , , , , , , , , , , , , , , , , , , , , , 
50.0,50.0,1,50.000,16/03/2026 16:50:44,22.084,,9.67, 10.28, 10.37,38.35, -0.84, 2.36,10.906, 10.046, 10.847, 9.944, 9.161, 9.022, 9.019, 9.068, 9.167, 9.434, 9.514, 9.640, 9.625, 9.710, 9.844, 9.954, 10.084, 10.221, 10.317, 10.368, 10.388, 10.427, 10.430, 10.364, 10.383, 10.373, 10.244, 10.320, 10.278, 10.216, 10.321, 10.180, 10.315, 10.187, 10.323, 10.228, 10.363, 10.320, 10.447, 10.452, 10.596, 10.623, 10.771, 10.842, 10.921, 11.063, 11.043, 11.150, 11.200, 11.171, 11.243, 11.273, 11.254, 11.300, 11.331, 11.344, 11.413, 11.457, 11.479, 11.549, 11.641, 11.620, 11.638, 11.759, 11.874, 11.870, 11.733, 11.819, 11.975, 12.009, 11.931, 11.889, 11.992, 12.077, 12.108, 12.020, 12.010, 12.055, 12.130, 12.073, 11.971, 11.946, 12.014, 12.122, 12.209, 12.259, 12.252, 12.301, 12.391, 12.506, 12.623, 12.673, 12.690, 12.687, 12.729, 12.770, 12.794, 12.792, 12.697, 12.589, 12.463, 12.373, 12.226, 11.881, 11.080, 9.958, 9.089, 8.678, 8.545, 8.468, 8.457, 8.503, 8.717, 9.076, 9.510, 9.961, 10.371, 10.727, 11.036, 11.276, 11.458, 11.631, 11.810, 12.002, 12.218, 12.424, 12.644, 12.845, 13.000, 13.090, 13.109, 13.063, 13.002, 12.918, 12.896, 12.872, 12.888, 12.936, 13.008, 13.039, 13.043, 12.962, 12.854, 12.691, 12.554, 12.424, 12.141, 12.060, 11.978, 11.870, 11.658, 11.198, 10.248, 8.640, 6.842, 5.709, 5.248, 5.050, 4.957, 4.946, 5.018, 5.128, 5.300, 5.524, 5.795, 6.125, 6.490, 6.898, 7.323, 7.773, 8.211, 8.639, 9.030, 9.364, 9.664, 9.871, 10.057, 10.204, 10.301, 10.362, 10.444, 10.518, 10.566, 10.645, 10.705, 10.755, 10.750, 10.780, 10.951, 11.113, 11.128, 11.154, 11.166, 11.082, 10.924, 10.695, 10.468, 10.150, 9.821, 9.488, 9.170, 8.960, 8.751, 8.530, 8.311, 8.046, 7.861, 7.796, 7.584, 7.471, 7.363, 7.339, 7.176, 7.174, 7.122, 7.181, 16.3,968593.0,1237109.0,864798.20,58284.38,3743.04,18490.88,586.93,20458.93,255.55,600.16,38.56,371.88,23.64,3811.40,40.62,2466.64,27.81,2391.99,73.63,106.00,8.35,146.33,20.77,638.60,17.83,26624.66,171.04,0.00,134.72,0.00,19.87,26.89,2.76,80.84,2.86,19.80,1.34,0.00,5.60,106.64,1.51,258.19,2.46,23.89,1.05,155.91,1.94,11.95,1.17,0.00,55.29,0.00,469.97,33.54,6.79,0.00,538.87,40.89,10.76,0.00,56.76,0.00,26.37,11.72,1.45,39.67,4.23,0.00,156.06,0.00,75.31,230063.78,96651.58,6206.99,34937.83,1108.98,43768.50,546.71,1375.19,88.36,928.55,59.03,4591.23,48.93,3451.34,38.91,3991.02,122.85,189.23,14.91,213.87,30.36,917.57,25.62,38066.44,244.54,0.00,171.29,0.00,25.29,33.66,3.45,100.62,3.56,26.14,1.77,0.00,7.87,116.62,1.65,305.34,2.91,30.34,1.33,210.60,2.62,14.01,1.37,0.00,73.73,0.00,504.80,38.31,7.76,0.00,684.11,48.95,12.88,0.00,66.64,0.00,28.47,12.62,1.56,44.23,4.72,0.00,177.58,0.00,85.43
50.5,50.5,1,50.500,16/03/2026 16:51:36,20.697, , , , , , , , , , , , , , , , , , , , , , , , , , , , , , , , , , , , , , , , , , , , , , , , , , , , , , , , , , , , , , , , , , , , , , , , , , , , , , , , , , , , , , , , , , , , , , , , , , , , , , , , , , , , , , , , , , , , , , , , , , , , , , , , , , , , , , , , , , , , , , , , , , , , , , , , , , , , , , , , , , , , , , , , , , , , , , , , , , , , , , , , , , , , , , , , , , , , , , , , , , , , , , , , , , , , , , , , , , , , , , , , , , , , , , , , , , , , , , , , , , , , , , , , , , , , , , , , , , , , , , , , , , , , , , , , , , , , , , , , , , , , , , , , , , , , , , , , , , , , , , , , , , , , , , , , , , , , , , , , , , , , , , , , , , , , , , , , , , , , , , , , , , , , , , , , , , , , , , , , , , , , 
51.0,51.0,1,51.000,16/03/2026 16:52:01,20.566,,9.56, 10.16, 10.30,38.12, -0.76, 2.20,12.693, 11.131, 10.871, 9.784, 9.691, 9.246, 9.051, 9.065, 9.099, 9.374, 9.464, 9.520, 9.522, 9.641, 9.790, 9.896, 10.008, 10.109, 10.154, 10.164, 10.219, 10.313, 10.336, 10.247, 10.221, 10.232, 10.187, 10.141, 10.146, 10.128, 10.139, 10.112, 10.147, 10.079, 10.193, 10.100, 10.268, 10.158, 10.344, 10.301, 10.444, 10.534, 10.529, 10.811, 10.679, 10.925, 10.987, 10.855, 11.154, 11.044, 10.929, 11.241, 11.126, 10.955, 11.261, 11.282, 11.060, 11.272, 11.497, 11.313, 11.266, 11.538, 11.636, 11.463, 11.513, 11.791, 11.708, 11.531, 11.502, 11.725, 11.940, 11.803, 11.580, 11.652, 11.930, 12.054, 11.888, 11.662, 11.647, 11.808, 11.942, 11.917, 11.755, 11.657, 11.777, 12.028, 12.213, 12.229, 12.142, 12.071, 12.136, 12.317, 12.502, 12.592, 12.564, 12.442, 12.348, 12.331, 12.332, 12.334, 12.289, 12.182, 11.953, 11.524, 10.718, 9.693, 8.977, 8.704, 8.631, 8.542, 8.461, 8.425, 8.562, 8.887, 9.326, 9.810, 10.242, 10.602, 10.844, 11.019, 11.132, 11.249, 11.402, 11.601, 11.844, 12.111, 12.365, 12.567, 12.662, 12.674, 12.644, 12.560, 12.473, 12.431, 12.421, 12.478, 12.570, 12.666, 12.750, 12.768, 12.716, 12.563, 12.373, 12.171, 12.003, 11.890, 11.648, 11.645, 11.634, 11.612, 11.471, 11.072, 10.184, 8.703, 7.076, 6.031, 5.586, 5.370, 5.240, 5.186, 5.186, 5.283, 5.444, 5.665, 5.979, 6.335, 6.719, 7.138, 7.527, 7.932, 8.278, 8.618, 8.902, 9.159, 9.354, 9.519, 9.645, 9.759, 9.888, 9.978, 10.095, 10.201, 10.370, 10.513, 10.665, 10.768, 10.787, 10.795, 10.908, 11.024, 11.030, 10.971, 10.941, 10.781, 10.639, 10.412, 10.130, 9.768, 9.487, 9.172, 8.901, 8.697, 8.572, 8.485, 8.335, 8.197, 8.118, 8.085, 7.986, 7.977, 7.855, 7.781, 7.784, 7.837, 7.726, 7.793, 16.3,983238.0,1199136.0,864379.04,69600.27,3915.33,15784.32,567.56,13776.94,210.30,497.28,37.38,454.76,24.34,3866.58,41.26,2387.93,27.43,2090.13,70.80,50.58,7.59,144.16,20.42,491.81,16.11,25659.42,168.80,0.00,129.03,0.00,16.66,30.02,2.78,53.66,2.46,13.44,1.26,0.00,5.48,86.59,1.35,296.44,2.71,16.09,0.97,178.81,2.09,9.93,1.15,0.00,56.65,0.00,471.41,0.00,325.15,0.00,542.74,89.75,10.88,11.14,3.21,0.00,30.65,13.90,1.45,17.01,4.28,0.00,161.18,0.00,71.07,227164.51,115416.44,6492.70,29823.88,1072.38,29473.49,449.90,1139.45,85.65,1135.49,60.77,4657.70,49.70,3341.21,38.38,3487.37,118.13,90.29,13.55,210.70,29.84,706.65,23.15,36686.40,241.34,0.00,164.06,0.00,21.20,37.58,3.48,66.79,3.06,17.75,1.66,0.00,7.70,94.69,1.48,350.57,3.20,20.43,1.23,241.53,2.82,11.64,1.35,0.00,75.54,0.00,506.35,0.00,371.43,0.00,689.02,107.44,13.02,13.08,3.77,0.00,33.09,14.97,1.56,18.96,4.77,0.00,183.41,0.00,80.62
51.5,51.5,1,51.500,16/03/2026 16:52:36,19.312, , , , , , , , , , , , , , , , , , , , , , , , , , , , , , , , , , , , , , , , , , , , , , , , , , , , , , , , , , , , , , , , , , , , , , , , , , , , , , , , , , , , , , , , , , , , , , , , , , , , , , , , , , , , , , , , , , , , , , , , , , , , , , , , , , , , , , , , , , , , , , , , , , , , , , , , , , , , , , , , , , , , , , , , , , , , , , , , , , , , , , , , , , , , , , , , , , , , , , , , , , , , , , , , , , , , , , , , , , , , , , , , , , , , , , , , , , , , , , , , , , , , , , , , , , , , , , , , , , , , , , , , , , , , , , , , , , , , , , , , , , , , , , , , , , , , , , , , , , , , , , , , , , , , , , , , , , , , , , , , , , , , , , , , , , , , , , , , , , , , , , , , , , , , , , , , , , , , , , , , , , , , 
52.0,52.0,1,52.000,16/03/2026 16:53:02,19.047,,8.18, 8.69, 8.63,35.38, -0.73, 2.69,11.051, 8.381, 8.470, 7.667, 7.479, 7.541, 7.281, 7.504, 7.553, 7.817, 7.903, 8.034, 8.049, 8.131, 8.238, 8.352, 8.450, 8.594, 8.654, 8.727, 8.780, 8.836, 8.835, 8.843, 8.787, 8.759, 8.789, 8.721, 8.729, 8.760, 8.736, 8.741, 8.777, 8.727, 8.831, 8.760, 8.892, 8.854, 8.973, 9.002, 9.108, 9.161, 9.287, 9.340, 9.439, 9.574, 9.521, 9.668, 9.702, 9.643, 9.763, 9.759, 9.721, 9.793, 9.792, 9.821, 9.913, 9.898, 9.940, 10.077, 10.097, 10.022, 10.110, 10.296, 10.310, 10.219, 10.221, 10.419, 10.481, 10.369, 10.308, 10.399, 10.525, 10.500, 10.420, 10.440, 10.529, 10.547, 10.524, 10.453, 10.437, 10.473, 10.504, 10.514, 10.551, 10.638, 10.765, 10.839, 10.839, 10.836, 10.873, 10.989, 11.134, 11.233, 11.232, 11.139, 11.042, 11.010, 11.019, 11.031, 11.022, 10.951, 10.743, 10.297, 9.475, 8.427, 7.672, 7.368, 7.288, 7.227, 7.186, 7.206, 7.383, 7.692, 8.093, 8.523, 8.898, 9.214, 9.465, 9.669, 9.860, 10.049, 10.259, 10.478, 10.689, 10.866, 10.994, 11.077, 11.113, 11.122, 11.134, 11.163, 11.221, 11.306, 11.394, 11.457, 11.487, 11.449, 11.370, 11.211, 11.024, 10.808, 10.660, 10.540, 10.545, 10.608, 10.584, 10.712, 10.744, 10.710, 10.467, 9.918, 8.842, 7.160, 5.368, 4.243, 3.768, 3.605, 3.593, 3.696, 3.902, 4.163, 4.472, 4.787, 5.119, 5.433, 5.713, 5.976, 6.208, 6.424, 6.620, 6.825, 7.038, 7.277, 7.511, 7.777, 8.035, 8.308, 8.571, 8.825, 9.074, 9.279, 9.448, 9.599, 9.655, 9.650, 9.535, 9.381, 9.382, 9.333, 9.209, 9.060, 8.959, 8.842, 8.696, 8.574, 8.394, 8.177, 7.983, 7.829, 7.715, 7.603, 7.533, 7.444, 7.287, 7.181, 6.977, 6.810, 6.643, 6.352, 6.162, 5.883, 5.790, 5.555, 5.560, 5.539, 16.3,989020.0,1196495.0,869994.28,59244.96,3798.70,14931.02,556.46,19311.71,249.07,407.40,36.34,333.88,23.53,4205.99,42.88,2525.91,28.46,2225.16,72.27,62.00,7.78,77.60,19.20,620.50,17.61,25356.25,164.87,0.00,127.65,0.00,20.34,33.97,2.89,56.21,2.47,7.91,1.15,0.00,5.60,99.60,1.45,270.17,2.53,16.63,0.99,176.55,2.06,8.45,1.14,0.00,58.13,0.00,472.48,0.00,330.40,0.00,556.83,0.00,584.20,0.00,54.89,0.00,26.05,11.31,1.41,22.55,4.22,0.00,159.36,0.00,73.72,220077.74,98244.48,6299.29,28211.60,1051.41,41314.21,532.84,933.50,83.27,833.67,58.75,5066.55,51.65,3534.27,39.82,3712.67,120.58,110.68,13.89,113.42,28.06,891.56,25.30,36252.94,235.72,0.00,162.30,0.00,25.88,42.52,3.62,69.97,3.07,10.44,1.52,0.00,7.87,108.92,1.59,319.50,2.99,21.12,1.26,238.48,2.78,9.91,1.34,0.00,77.51,0.00,507.50,0.00,377.43,0.00,706.91,0.00,699.35,0.00,64.44,0.00,28.13,12.18,1.52,25.14,4.70,0.00,181.34,0.00,83.63
52.5,52.5,1,52.500,16/03/2026 16:53:45,19.444, , , , , , , , , , , , , , , , , , , , , , , , , , , , , , , , , , , , , , , , , , , , , , , , , , , , , , , , , , , , , , , , , , , , , , , , , , , , , , , , , , , , , , , , , , , , , , , , , , , , , , , , , , , , , , , , , , , , , , , , , , , , , , , , , , , , , , , , , , , , , , , , , , , , , , , , , , , , , , , , , , , , , , , , , , , , , , , , , , , , , , , , , , , , , , , , , , , , , , , , , , , , , , , , , , , , , , , , , , , , , , , , , , , , , , , , , , , , , , , , , , , , , , , , , , , , , , , , , , , , , , , , , , , , , , , , , , , , , , , , , , , , , , , , , , , , , , , , , , , , , , , , , , , , , , , , , , , , , , , , , , , , , , , , , , , , , , , , , , , , , , , , , , , , , , , , , , , , , , , , , , , , 
53.0,53.0,1,53.000,16/03/2026 16:54:02,18.976,,9.51, 10.10, 10.24,38.03, -0.72, 2.19,12.645, 10.838, 11.493, 9.817, 9.462, 9.219, 8.992, 9.013, 9.088, 9.316, 9.370, 9.488, 9.510, 9.595, 9.698, 9.796, 9.913, 10.008, 10.112, 10.172, 10.234, 10.254, 10.196, 10.161, 10.212, 10.204, 10.115, 10.089, 10.163, 10.091, 10.085, 10.182, 10.058, 10.183, 10.123, 10.207, 10.212, 10.278, 10.293, 10.448, 10.387, 10.685, 10.506, 10.905, 10.748, 10.954, 11.091, 10.905, 11.263, 11.093, 11.056, 11.373, 11.121, 11.143, 11.449, 11.216, 11.220, 11.582, 11.447, 11.278, 11.657, 11.766, 11.462, 11.559, 12.015, 11.975, 11.587, 11.590, 12.054, 12.137, 11.748, 11.602, 11.947, 12.253, 12.075, 11.726, 11.758, 12.102, 12.263, 12.020, 11.685, 11.700, 12.053, 12.324, 12.268, 12.003, 11.909, 12.134, 12.502, 12.701, 12.616, 12.379, 12.269, 12.433, 12.739, 12.955, 12.937, 12.669, 12.365, 12.200, 12.248, 12.402, 12.455, 12.165, 11.308, 10.082, 9.141, 8.775, 8.802, 8.908, 9.022, 9.081, 9.177, 9.349, 9.618, 10.013, 10.455, 10.887, 11.263, 11.517, 11.667, 11.723, 11.783, 11.877, 12.057, 12.309, 12.589, 12.840, 12.990, 13.043, 12.981, 12.878, 12.753, 12.660, 12.664, 12.727, 12.856, 12.998, 13.109, 13.127, 13.044, 12.869, 12.642, 12.415, 12.231, 12.135, 11.921, 12.000, 12.092, 12.164, 12.082, 11.717, 10.793, 9.175, 7.279, 5.973, 5.339, 5.018, 4.882, 4.899, 5.081, 5.340, 5.720, 6.141, 6.592, 7.038, 7.436, 7.801, 8.100, 8.333, 8.534, 8.717, 8.869, 9.021, 9.226, 9.432, 9.684, 9.945, 10.262, 10.566, 10.874, 11.151, 11.391, 11.579, 11.691, 11.718, 11.596, 11.410, 11.336, 11.214, 10.967, 10.756, 10.582, 10.407, 10.229, 10.056, 9.929, 9.798, 9.706, 9.642, 9.655, 9.699, 9.754, 9.715, 9.703, 9.571, 9.421, 9.216, 9.001, 8.644, 8.320, 7.899, 7.598, 7.347, 7.165, 6.731, 16.3,1016805.0,1235854.0,853289.95,67066.90,3670.87,17054.86,560.56,24384.22,274.87,525.93,36.44,323.86,22.44,4575.94,43.58,2349.77,27.07,2520.92,73.84,42.27,7.53,80.11,18.72,735.18,18.56,26344.03,165.41,0.00,127.42,0.00,14.12,8.12,2.24,76.76,2.68,13.98,1.33,0.00,5.46,102.02,1.44,263.10,2.42,16.24,0.97,135.27,1.79,4.39,1.09,0.00,56.75,36.41,9.90,30.27,6.47,0.00,529.30,0.00,566.72,0.00,42.54,0.00,25.32,19.52,1.54,0.00,143.39,0.00,157.84,0.00,76.42,250390.02,111215.42,6087.31,32224.52,1059.16,52166.01,588.04,1205.10,83.50,808.65,56.03,5512.20,52.50,3287.81,37.88,4206.14,123.20,75.46,13.44,117.09,27.36,1056.34,26.67,37665.21,236.49,0.00,162.01,0.00,17.97,10.16,2.80,95.54,3.34,18.46,1.76,0.00,7.67,111.57,1.57,311.14,2.86,20.62,1.23,182.72,2.42,5.15,1.28,0.00,75.67,39.11,10.63,34.58,7.39,0.00,671.96,0.00,678.42,0.00,49.94,0.00,27.34,21.03,1.66,0.00,159.86,0.00,179.61,0.00,86.69
53.5,53.5,1,53.500,16/03/2026 16:54:46,19.776,1157889.350, , , , , , , , , , , , , , , , , , , , , , , , , , , , , , , , , , , , , , , , , , , , , , , , , , , , , , , , , , , , , , , , , , , , , , , , , , , , , , , , , , , , , , , , , , , , , , , , , , , , , , , , , , , , , , , , , , , , , , , , , , , , , , , , , , , , , , , , , , , , , , , , , , , , , , , , , , , , , , , , , , , , , , , , , , , , , , , , , , , , , , , , , , , , , , , , , , , , , , , , , , , , , , , , , , , , , , , , , , , , , , , , , , , , , , , , , , , , , , , , , , , , , , , , , , , , , , , , , , , , , , , , , , , , , , , , , , , , , , , , , , , , , , , , , , , , , , , , , , , , , , , , , , , , , , , , , , , , , , , , , , , , , , , , , , , , , , , , , , , , , , , , , , , , , , , , , , , , , , , , , , , 
54.0,54.0,1,54.000,16/03/2026 16:55:03,20.040,,9.41, 9.99, 10.05,37.82, -0.69, 2.40,14.004, 11.151, 10.763, 9.436, 9.147, 8.956, 8.775, 8.789, 8.845, 9.124, 9.196, 9.361, 9.357, 9.411, 9.549, 9.644, 9.763, 9.883, 9.969, 10.030, 10.096, 10.140, 10.141, 10.092, 10.080, 10.085, 10.064, 9.999, 10.030, 10.045, 9.986, 10.066, 10.023, 10.049, 10.095, 10.068, 10.175, 10.159, 10.263, 10.338, 10.375, 10.560, 10.518, 10.757, 10.755, 10.878, 10.980, 10.974, 11.071, 11.073, 11.097, 11.142, 11.143, 11.195, 11.188, 11.199, 11.327, 11.350, 11.318, 11.440, 11.582, 11.475, 11.485, 11.669, 11.793, 11.704, 11.589, 11.742, 11.882, 11.850, 11.760, 11.793, 11.936, 11.950, 11.869, 11.851, 11.939, 12.001, 11.955, 11.829, 11.763, 11.851, 11.970, 12.016, 11.971, 11.946, 12.031, 12.178, 12.310, 12.366, 12.345, 12.333, 12.361, 12.463, 12.578, 12.609, 12.584, 12.479, 12.371, 12.274, 12.217, 12.167, 12.053, 11.716, 10.916, 9.807, 8.950, 8.561, 8.443, 8.378, 8.367, 8.417, 8.635, 8.977, 9.400, 9.844, 10.220, 10.522, 10.759, 10.953, 11.135, 11.326, 11.545, 11.790, 12.026, 12.241, 12.403, 12.502, 12.524, 12.528, 12.513, 12.509, 12.532, 12.573, 12.641, 12.703, 12.730, 12.748, 12.702, 12.605, 12.469, 12.289, 12.143, 12.022, 11.969, 12.007, 11.864, 11.932, 11.931, 11.886, 11.666, 11.128, 10.073, 8.367, 6.452, 5.236, 4.754, 4.590, 4.580, 4.681, 4.879, 5.113, 5.396, 5.685, 5.993, 6.305, 6.603, 6.889, 7.184, 7.472, 7.755, 8.042, 8.364, 8.674, 8.984, 9.290, 9.589, 9.872, 10.131, 10.341, 10.526, 10.678, 10.778, 10.872, 10.881, 10.816, 10.679, 10.545, 10.526, 10.515, 10.407, 10.341, 10.311, 10.258, 10.198, 10.047, 9.958, 9.806, 9.621, 9.442, 9.275, 9.175, 9.096, 8.867, 8.668, 8.454, 8.221, 7.876, 7.642, 7.333, 7.136, 6.830, 6.685, 6.547, 6.403, 6.308, 16.3,1017424.0,1244066.0,864730.61,56428.85,3519.78,20093.02,581.85,22727.35,260.19,344.84,33.42,288.75,21.69,4557.10,42.63,2173.80,25.78,1581.46,62.58,82.22,7.53,87.52,18.44,643.52,17.13,25611.39,156.98,0.00,126.49,0.00,14.02,11.88,2.27,65.54,2.49,15.77,1.23,0.00,5.53,90.27,1.30,248.79,2.28,21.98,0.97,146.58,1.80,0.00,30.81,0.00,54.32,0.00,441.71,34.19,6.33,0.00,514.40,0.00,545.40,0.00,51.83,0.00,25.03,14.58,1.37,0.00,136.73,0.00,152.63,0.00,64.45,231449.84,93574.60,5836.77,37965.01,1099.38,48621.41,556.63,790.15,76.58,720.98,54.16,5489.50,51.35,3041.59,36.07,2638.66,104.41,146.78,13.44,127.92,26.95,924.63,24.61,36617.73,224.44,0.00,160.83,0.00,17.84,14.87,2.84,81.58,3.10,20.82,1.62,0.00,7.77,98.72,1.42,294.22,2.70,27.91,1.23,198.00,2.43,0.00,36.12,0.00,72.43,0.00,474.45,39.06,7.23,0.00,653.04,0.00,652.90,0.00,60.85,0.00,27.03,15.71,1.48,0.00,152.43,0.00,173.68,0.00,73.11
54.5,54.5,1,54.500,16/03/2026 16:55:46,18.783, , , , , , , , , , , , , , , , , , , , , , , , , , , , , , , , , , , , , , , , , , , , , , , , , , , , , , , , , , , , , , , , , , , , , , , , , , , , , , , , , , , , , , , , , , , , , , , , , , , , , , , , , , , , , , , , , , , , , , , , , , , , , , , , , , , , , , , , , , , , , , , , , , , , , , , , , , , , , , , , , , , , , , , , , , , , , , , , , , , , , , , , , , , , , , , , , , , , , , , , , , , , , , , , , , , , , , , , , , , , , , , , , , , , , , , , , , , , , , , , , , , , , , , , , , , , , , , , , , , , , , , , , , , , , , , , , , , , , , , , , , , , , , , , , , , , , , , , , , , , , , , , , , , , , , , , , , , , , , , , , , , , , , , , , , , , , , , , , , , , , , , , , , , , , , , , , , , , , , , , , , , , 
55.0,55.0,1,55.000,16/03/2026 16:56:03,20.170,,10.33, 10.98, 11.14,39.54, -0.83, 2.22,13.251, 11.180, 11.645, 10.372, 10.122, 9.808, 9.777, 9.689, 9.909, 10.117, 10.223, 10.319, 10.351, 10.434, 10.574, 10.679, 10.806, 10.918, 10.999, 11.058, 11.091, 11.105, 11.083, 11.104, 11.080, 10.983, 11.014, 10.988, 10.913, 10.995, 10.903, 10.964, 10.914, 10.922, 10.962, 10.955, 11.002, 11.057, 11.058, 11.236, 11.159, 11.423, 11.346, 11.545, 11.658, 11.599, 11.863, 11.784, 11.789, 12.002, 11.822, 11.864, 12.085, 11.904, 11.850, 12.146, 12.111, 11.932, 12.161, 12.366, 12.204, 12.108, 12.379, 12.552, 12.411, 12.320, 12.491, 12.660, 12.574, 12.402, 12.510, 12.716, 12.765, 12.563, 12.467, 12.574, 12.798, 12.810, 12.622, 12.444, 12.439, 12.633, 12.794, 12.787, 12.654, 12.608, 12.713, 12.936, 13.110, 13.155, 13.088, 13.028, 13.048, 13.167, 13.314, 13.411, 13.361, 13.234, 13.089, 12.975, 12.930, 12.921, 12.842, 12.540, 11.779, 10.710, 9.852, 9.489, 9.422, 9.390, 9.385, 9.432, 9.608, 9.913, 10.305, 10.737, 11.142, 11.482, 11.742, 11.926, 12.044, 12.159, 12.294, 12.467, 12.707, 12.957, 13.222, 13.419, 13.540, 13.562, 13.502, 13.402, 13.289, 13.197, 13.172, 13.217, 13.300, 13.446, 13.570, 13.650, 13.627, 13.521, 13.344, 13.135, 12.924, 12.769, 12.445, 12.410, 12.391, 12.400, 12.314, 12.001, 11.188, 9.715, 7.927, 6.706, 6.156, 5.894, 5.755, 5.707, 5.764, 5.879, 6.082, 6.350, 6.688, 7.090, 7.520, 7.973, 8.447, 8.878, 9.290, 9.659, 9.988, 10.241, 10.446, 10.610, 10.727, 10.816, 10.879, 10.940, 11.016, 11.094, 11.227, 11.379, 11.523, 11.628, 11.663, 11.724, 11.910, 12.078, 12.105, 12.071, 12.061, 11.937, 11.780, 11.506, 11.224, 10.858, 10.534, 10.175, 9.887, 9.679, 9.513, 9.368, 9.245, 9.172, 9.013, 8.930, 8.838, 8.857, 8.819, 8.784, 8.703, 8.674, 8.581, 8.627, 16.3,997205.0,1209788.0,882446.14,47632.93,3556.59,15580.18,547.42,19414.37,243.67,370.73,34.61,356.49,22.88,3770.86,39.28,2016.78,24.58,2202.34,70.07,50.86,7.55,136.37,20.11,653.76,17.64,24693.80,154.89,0.00,123.32,0.00,15.24,20.52,2.50,65.78,2.53,26.70,1.35,0.00,5.79,98.81,1.39,255.28,2.36,15.26,0.96,152.28,1.88,5.04,1.09,0.00,54.93,0.00,456.44,0.00,319.58,0.00,533.62,0.00,554.29,0.00,51.05,5.89,1.16,12.08,1.36,0.00,146.56,16.73,3.40,0.00,66.89,200096.44,78988.53,5897.81,29438.17,1034.33,41533.84,521.29,849.48,79.30,890.12,57.13,4542.39,47.32,2821.89,34.39,3674.59,116.91,90.79,13.48,199.31,29.39,939.35,25.35,35305.81,221.45,0.00,156.80,0.00,19.39,25.69,3.13,81.88,3.15,35.25,1.78,0.00,8.14,108.06,1.52,301.89,2.79,19.38,1.22,205.70,2.54,5.91,1.28,0.00,73.25,0.00,490.27,0.00,365.07,0.00,677.44,0.00,663.54,0.00,59.94,6.36,1.25,13.01,1.47,0.00,163.39,19.04,3.87,0.00,75.88
55.5,55.5,1,55.500,16/03/2026 16:56:55,23.810, , , , , , , , , , , , , , , , , , , , , , , , , , , , , , , , , , , , , , , , , , , , , , , , , , , , , , , , , , , , , , , , , , , , , , , , , , , , , , , , , , , , , , , , , , , , , , , , , , , , , , , , , , , , , , , , , , , , , , , , , , , , , , , , , , , , , , , , , , , , , , , , , , , , , , , , , , , , , , , , , , , , , , , , , , , , , , , , , , , , , , , , , , , , , , , , , , , , , , , , , , , , , , , , , , , , , , , , , , , , , , , , , , , , , , , , , , , , , , , , , , , , , , , , , , , , , , , , , , , , , , , , , , , , , , , , , , , , , , , , , , , , , , , , , , , , , , , , , , , , , , , , , , , , , , , , , , , , , , , , , , , , , , , , , , , , , , , , , , , , , , , , , , , , , , , , , , , , , , , , , , , , 
56.0,56.0,1,56.000,16/03/2026 16:57:21,24.997,,10.37, 11.06, 10.83,39.68, -1.11, 3.33,13.630, 11.399, 10.884, 9.766, 9.550, 9.235, 9.216, 9.178, 9.486, 9.791, 9.938, 10.079, 10.095, 10.255, 10.430, 10.603, 10.791, 10.947, 11.056, 11.156, 11.232, 11.270, 11.232, 11.218, 11.219, 11.144, 11.112, 11.099, 11.056, 11.065, 11.039, 11.024, 11.007, 11.008, 11.041, 11.045, 11.097, 11.120, 11.187, 11.261, 11.337, 11.465, 11.529, 11.666, 11.754, 11.828, 11.924, 11.950, 12.002, 12.033, 12.013, 12.059, 12.089, 12.058, 12.067, 12.145, 12.161, 12.155, 12.234, 12.316, 12.336, 12.307, 12.374, 12.514, 12.565, 12.533, 12.399, 12.551, 12.600, 12.587, 12.558, 12.566, 12.612, 12.645, 12.622, 12.631, 12.649, 12.666, 12.645, 12.567, 12.486, 12.499, 12.574, 12.620, 12.641, 12.639, 12.681, 12.772, 12.882, 12.976, 13.007, 13.004, 12.994, 13.026, 13.098, 13.184, 13.213, 13.136, 12.973, 12.777, 12.642, 12.581, 12.511, 12.222, 11.428, 10.247, 9.255, 8.737, 8.559, 8.494, 8.553, 8.705, 8.991, 9.356, 9.741, 10.110, 10.420, 10.684, 10.953, 11.228, 11.484, 11.745, 11.980, 12.198, 12.378, 12.492, 12.586, 12.654, 12.696, 12.751, 12.800, 12.848, 12.883, 12.912, 12.918, 12.914, 12.881, 12.855, 12.808, 12.718, 12.608, 12.479, 12.384, 12.309, 12.256, 12.230, 12.058, 12.067, 12.007, 11.909, 11.653, 11.129, 10.080, 8.382, 6.444, 5.177, 4.667, 4.500, 4.487, 4.567, 4.747, 4.955, 5.204, 5.482, 5.782, 6.118, 6.441, 6.787, 7.139, 7.497, 7.851, 8.205, 8.553, 8.870, 9.179, 9.445, 9.703, 9.912, 10.101, 10.254, 10.386, 10.496, 10.602, 10.680, 10.739, 10.730, 10.657, 10.577, 10.643, 10.684, 10.638, 10.601, 10.565, 10.467, 10.318, 10.187, 9.971, 9.716, 9.469, 9.264, 9.039, 8.847, 8.706, 8.515, 8.324, 8.121, 7.890, 7.700, 7.439, 7.220, 7.045, 6.859, 6.832, 6.649, 6.673, 6.495, 16.3,1011530.0,1186966.0,877293.17,64716.39,3764.04,14745.88,523.00,12118.14,191.03,336.32,33.21,288.47,22.03,1944.42,29.49,1233.12,19.45,1376.56,59.95,35.14,6.76,0.00,67.58,514.81,15.52,24762.58,157.02,0.00,120.02,0.00,13.80,13.20,2.30,68.43,2.59,29.84,1.31,1.47,0.49,89.10,1.31,198.47,2.00,9.82,0.88,141.71,1.77,6.72,1.07,0.00,54.93,0.00,447.36,0.00,310.91,55.40,9.43,0.00,540.06,14.80,3.24,0.00,33.09,6.04,1.25,0.00,139.20,0.00,154.26,0.00,71.28,205947.38,107317.62,6241.82,27861.79,988.19,25924.76,408.68,770.63,76.10,720.28,55.01,2342.26,35.52,1725.39,27.21,2296.78,100.03,62.73,12.07,0.00,98.77,739.70,22.30,35404.15,224.50,0.00,152.60,0.00,17.56,16.52,2.88,85.18,3.22,39.40,1.73,2.07,0.69,97.44,1.43,234.71,2.37,12.47,1.12,191.42,2.39,7.88,1.25,0.00,73.25,0.00,480.52,0.00,355.16,70.33,11.97,0.00,646.51,17.38,3.80,0.00,35.73,6.51,1.35,0.00,155.19,0.00,175.53,0.00,80.86
56.5,56.5,1,56.500,16/03/2026 16:57:56,27.246, , , , , , , , , , , , , , , , , , , , , , , , , , , , , , , , , , , , , , , , , , , , , , , , , , , , , , , , , , , , , , , , , , , , , , , , , , , , , , , , , , , , , , , , , , , , , , , , , , , , , , , , , , , , , , , , , , , , , , , , , , , , , , , , , , , , , , , , , , , , , , , , , , , , , , , , , , , , , , , , , , , , , , , , , , , , , , , , , , , , , , , , , , , , , , , , , , , , , , , , , , , , , , , , , , , , , , , , , , , , , , , , , , , , , , , , , , , , , , , , , , , , , , , , , , , , , , , , , , , , , , , , , , , , , , , , , , , , , , , , , , , , , , , , , , , , , , , , , , , , , , , , , , , , , , , , , , , , , , , , , , , , , , , , , , , , , , , , , , , , , , , , , , , , , , , , , , , , , , , , , , , , 
57.0,57.0,1,57.000,16/03/2026 16:58:22,25.330,,9.97, 10.65, 10.33,38.99, -1.19, 3.58,11.813, 10.334, 10.088, 9.147, 8.769, 8.716, 8.633, 8.761, 8.916, 9.278, 9.486, 9.645, 9.696, 9.822, 10.021, 10.189, 10.373, 10.531, 10.656, 10.741, 10.799, 10.856, 10.850, 10.815, 10.799, 10.765, 10.715, 10.670, 10.687, 10.629, 10.648, 10.608, 10.599, 10.593, 10.624, 10.618, 10.683, 10.682, 10.780, 10.803, 10.942, 10.988, 11.115, 11.225, 11.295, 11.428, 11.454, 11.507, 11.576, 11.557, 11.562, 11.621, 11.600, 11.590, 11.637, 11.650, 11.677, 11.726, 11.771, 11.791, 11.842, 11.875, 11.896, 11.949, 12.048, 12.116, 11.972, 11.955, 12.032, 12.170, 12.184, 12.067, 12.014, 12.088, 12.216, 12.244, 12.162, 12.069, 12.053, 12.081, 12.084, 12.063, 12.030, 12.027, 12.068, 12.164, 12.251, 12.321, 12.362, 12.394, 12.437, 12.503, 12.543, 12.579, 12.606, 12.615, 12.605, 12.556, 12.448, 12.297, 12.168, 12.057, 11.896, 11.512, 10.644, 9.447, 8.517, 8.055, 7.865, 7.753, 7.727, 7.807, 8.062, 8.460, 8.921, 9.381, 9.747, 10.052, 10.294, 10.497, 10.696, 10.908, 11.153, 11.407, 11.657, 11.876, 12.047, 12.148, 12.189, 12.197, 12.166, 12.136, 12.123, 12.141, 12.189, 12.224, 12.273, 12.302, 12.284, 12.211, 12.076, 11.881, 11.697, 11.536, 11.434, 11.367, 11.232, 11.258, 11.252, 11.205, 10.998, 10.477, 9.439, 7.727, 5.821, 4.592, 4.078, 3.877, 3.804, 3.839, 3.980, 4.178, 4.441, 4.732, 5.070, 5.426, 5.787, 6.149, 6.499, 6.839, 7.161, 7.474, 7.753, 8.010, 8.269, 8.506, 8.709, 8.898, 9.081, 9.269, 9.415, 9.562, 9.706, 9.835, 9.946, 9.984, 9.950, 9.890, 9.970, 9.989, 9.898, 9.851, 9.765, 9.605, 9.450, 9.242, 8.984, 8.697, 8.388, 8.169, 7.946, 7.761, 7.621, 7.496, 7.348, 7.176, 7.057, 6.905, 6.686, 6.532, 6.392, 6.192, 6.016, 5.882, 5.825, 5.709, 16.3,987157.0,1178403.0,887201.16,50908.91,3743.51,13472.89,536.42,12271.41,197.44,428.92,36.00,312.28,23.19,3427.77,38.34,1742.02,23.59,1525.92,63.58,40.34,7.08,188.61,20.72,669.17,18.08,27100.95,174.77,0.00,137.19,0.00,17.03,48.55,3.12,83.46,2.90,30.67,1.59,0.00,5.99,100.49,1.46,227.13,2.27,23.03,1.05,157.83,1.95,5.86,1.14,8.94,1.90,0.00,475.91,0.00,321.77,0.00,553.26,0.00,589.93,0.00,54.40,0.00,29.14,23.69,1.64,0.00,145.11,0.00,160.78,0.00,71.53,187932.26,84421.01,6207.77,25456.52,1013.55,26252.66,422.39,982.81,82.49,779.73,57.90,4129.11,46.18,2437.44,33.01,2545.99,106.08,72.01,12.64,275.66,30.28,961.49,25.98,38747.42,249.88,0.00,174.43,0.00,21.67,60.77,3.91,103.88,3.61,40.49,2.10,0.00,8.42,109.90,1.60,268.60,2.68,29.25,1.33,213.19,2.63,6.87,1.34,11.92,2.53,0.00,511.18,0.00,367.57,0.00,702.37,0.00,706.21,0.00,63.87,0.00,31.46,25.52,1.77,0.00,161.77,0.00,182.95,0.00,81.15
57.5,57.5,1,57.500,16/03/2026 16:58:56,21.821, , , , , , , , , , , , , , , , , , , , , , , , , , , , , , , , , , , , , , , , , , , , , , , , , , , , , , , , , , , , , , , , , , , , , , , , , , , , , , , , , , , , , , , , , , , , , , , , , , , , , , , , , , , , , , , , , , , , , , , , , , , , , , , , , , , , , , , , , , , , , , , , , , , , , , , , , , , , , , , , , , , , , , , , , , , , , , , , , , , , , , , , , , , , , , , , , , , , , , , , , , , , , , , , , , , , , , , , , , , , , , , , , , , , , , , , , , , , , , , , , , , , , , , , , , , , , , , , , , , , , , , , , , , , , , , , , , , , , , , , , , , , , , , , , , , , , , , , , , , , , , , , , , , , , , , , , , , , , , , , , , , , , , , , , , , , , , , , , , , , , , , , , , , , , , , , , , , , , , , , , , , , 
58.0,58.0,1,58.000,16/03/2026 16:59:22,24.074,,9.93, 10.60, 10.46,38.89, -1.09, 3.05,13.954, 10.977, 10.189, 9.713, 9.135, 8.979, 8.841, 9.046, 9.163, 9.450, 9.571, 9.721, 9.773, 9.889, 10.049, 10.215, 10.351, 10.510, 10.611, 10.685, 10.738, 10.777, 10.766, 10.730, 10.714, 10.674, 10.611, 10.608, 10.588, 10.564, 10.575, 10.516, 10.552, 10.492, 10.574, 10.517, 10.629, 10.593, 10.711, 10.721, 10.837, 10.922, 10.976, 11.158, 11.170, 11.295, 11.380, 11.335, 11.448, 11.477, 11.387, 11.484, 11.536, 11.436, 11.477, 11.599, 11.574, 11.544, 11.668, 11.760, 11.723, 11.691, 11.793, 11.907, 11.918, 11.917, 11.811, 11.904, 11.959, 11.940, 11.952, 11.924, 11.971, 11.993, 12.012, 12.036, 12.032, 12.032, 12.020, 11.966, 11.887, 11.869, 11.908, 11.973, 12.006, 12.044, 12.098, 12.153, 12.239, 12.321, 12.393, 12.430, 12.433, 12.445, 12.462, 12.500, 12.509, 12.478, 12.376, 12.210, 12.051, 11.915, 11.755, 11.366, 10.518, 9.402, 8.536, 8.112, 7.926, 7.811, 7.797, 7.873, 8.128, 8.515, 8.948, 9.354, 9.686, 9.938, 10.150, 10.335, 10.532, 10.762, 11.027, 11.303, 11.569, 11.794, 11.947, 12.043, 12.048, 12.029, 11.989, 11.978, 11.983, 12.025, 12.100, 12.180, 12.239, 12.277, 12.241, 12.137, 11.960, 11.734, 11.499, 11.329, 11.230, 11.188, 11.100, 11.159, 11.197, 11.178, 10.994, 10.499, 9.506, 7.926, 6.242, 5.135, 4.626, 4.416, 4.346, 4.385, 4.525, 4.730, 4.995, 5.297, 5.612, 5.957, 6.291, 6.617, 6.920, 7.204, 7.479, 7.707, 7.928, 8.140, 8.342, 8.548, 8.713, 8.906, 9.089, 9.273, 9.456, 9.613, 9.797, 9.948, 10.052, 10.113, 10.068, 9.999, 10.060, 10.070, 9.951, 9.871, 9.766, 9.614, 9.426, 9.232, 8.988, 8.713, 8.459, 8.250, 8.063, 7.981, 7.934, 7.845, 7.749, 7.593, 7.571, 7.391, 7.265, 7.198, 6.966, 6.912, 6.811, 6.590, 6.386, 6.270, 16.3,983949.0,1202254.0,894570.77,50017.84,3751.29,13396.66,532.39,8312.42,165.08,347.86,34.82,252.82,22.80,2710.53,34.42,1431.78,21.23,1885.74,67.13,62.22,7.58,0.00,68.26,731.22,18.50,25555.36,165.49,0.00,133.28,0.00,14.55,16.94,2.47,84.57,2.88,19.81,1.33,0.00,5.26,105.01,1.48,271.67,2.53,20.11,1.02,141.60,1.88,0.00,31.34,0.00,57.97,0.00,461.35,0.00,324.71,37.18,10.07,0.00,572.86,0.00,55.57,0.00,26.93,13.34,1.45,0.00,150.20,14.58,3.47,0.00,75.11,174465.12,82943.37,6220.67,25312.49,1005.93,17783.05,353.16,797.07,79.79,631.27,56.93,3265.12,41.46,2003.36,29.71,3146.35,112.01,111.07,13.53,0.00,99.77,1050.65,26.58,36537.62,236.61,0.00,169.46,0.00,18.52,21.21,3.09,105.27,3.58,26.16,1.76,0.00,7.39,114.84,1.62,321.28,2.99,25.54,1.30,191.27,2.54,0.00,36.74,0.00,77.30,0.00,495.54,0.00,370.93,47.20,12.78,0.00,685.77,0.00,65.24,0.00,29.08,14.37,1.56,0.00,167.45,16.59,3.95,0.00,85.21
58.5,58.5,1,58.500,16/03/2026 17:00:05,22.746,1157888.889, , , , , , , , , , , , , , , , , , , , , , , , , , , , , , , , , , , , , , , , , , , , , , , , , , , , , , , , , , , , , , , , , , , , , , , , , , , , , , , , , , , , , , , , , , , , , , , , , , , , , , , , , , , , , , , , , , , , , , , , , , , , , , , , , , , , , , , , , , , , , , , , , , , , , , , , , , , , , , , , , , , , , , , , , , , , , , , , , , , , , , , , , , , , , , , , , , , , , , , , , , , , , , , , , , , , , , , , , , , , , , , , , , , , , , , , , , , , , , , , , , , , , , , , , , , , , , , , , , , , , , , , , , , , , , , , , , , , , , , , , , , , , , , , , , , , , , , , , , , , , , , , , , , , , , , , , , , , , , , , , , , , , , , , , , , , , , , , , , , , , , , , , , , , , , , , , , , , , , , , , , , 
59.0,59.0,1,59.000,16/03/2026 17:00:23,22.815,,9.57, 10.20, 10.09,38.20, -1.03, 2.95,13.713, 10.288, 10.054, 9.259, 9.182, 8.954, 8.615, 8.621, 8.847, 9.147, 9.227, 9.360, 9.429, 9.519, 9.700, 9.843, 9.989, 10.117, 10.207, 10.261, 10.321, 10.389, 10.387, 10.328, 10.284, 10.281, 10.263, 10.166, 10.225, 10.167, 10.168, 10.179, 10.112, 10.175, 10.134, 10.207, 10.179, 10.277, 10.265, 10.398, 10.439, 10.536, 10.658, 10.686, 10.868, 10.882, 10.951, 11.052, 11.010, 11.080, 11.094, 11.052, 11.129, 11.138, 11.078, 11.160, 11.248, 11.210, 11.243, 11.373, 11.417, 11.343, 11.409, 11.545, 11.606, 11.606, 11.521, 11.607, 11.656, 11.631, 11.662, 11.652, 11.673, 11.692, 11.708, 11.728, 11.776, 11.753, 11.711, 11.650, 11.623, 11.665, 11.730, 11.761, 11.749, 11.761, 11.824, 11.943, 12.074, 12.161, 12.166, 12.144, 12.135, 12.185, 12.268, 12.356, 12.396, 12.331, 12.184, 12.010, 11.898, 11.846, 11.787, 11.513, 10.770, 9.680, 8.776, 8.322, 8.151, 8.084, 8.137, 8.269, 8.532, 8.882, 9.240, 9.584, 9.868, 10.112, 10.355, 10.598, 10.838, 11.074, 11.314, 11.516, 11.685, 11.828, 11.925, 12.005, 12.056, 12.105, 12.141, 12.185, 12.227, 12.267, 12.280, 12.284, 12.270, 12.237, 12.196, 12.111, 12.004, 11.859, 11.755, 11.670, 11.643, 11.631, 11.463, 11.471, 11.443, 11.343, 11.114, 10.604, 9.649, 8.090, 6.350, 5.232, 4.763, 4.627, 4.611, 4.699, 4.853, 5.033, 5.269, 5.514, 5.786, 6.076, 6.368, 6.669, 6.984, 7.290, 7.603, 7.928, 8.243, 8.553, 8.824, 9.089, 9.321, 9.509, 9.693, 9.833, 9.970, 10.073, 10.159, 10.236, 10.285, 10.239, 10.156, 10.073, 10.153, 10.210, 10.161, 10.127, 10.128, 10.032, 9.933, 9.818, 9.627, 9.399, 9.156, 8.933, 8.719, 8.537, 8.449, 8.293, 8.102, 7.947, 7.754, 7.570, 7.358, 7.220, 7.082, 6.999, 6.804, 6.872, 6.671, 6.487, 16.3,997451.0,1150217.0,885476.07,66406.99,4071.86,11831.38,511.84,2958.45,113.55,358.84,35.73,500.34,25.19,760.15,25.03,1183.04,19.39,2101.80,70.18,84.02,7.97,65.42,19.44,646.43,17.88,26843.23,180.73,0.00,135.87,0.00,16.30,29.66,2.80,74.72,2.81,15.74,1.42,4.96,0.60,85.51,1.37,297.07,2.78,21.12,1.03,162.43,2.05,7.07,1.16,0.00,58.45,0.00,486.52,0.00,334.64,0.00,554.64,64.06,11.22,0.00,60.17,0.00,29.79,21.48,1.64,0.00,148.30,0.00,165.66,0.00,78.91,187464.96,110121.10,6752.27,22354.95,967.10,6329.12,242.92,822.23,81.87,1249.30,62.90,915.68,30.15,1655.32,27.13,3506.84,117.09,149.99,14.23,95.62,28.41,928.82,25.69,38378.94,258.40,0.00,172.76,0.00,20.74,37.13,3.50,93.01,3.50,20.78,1.87,6.97,0.84,93.51,1.50,351.31,3.29,26.82,1.31,219.41,2.77,8.29,1.36,0.00,77.94,0.00,522.58,0.00,382.27,0.00,704.13,76.69,13.43,0.00,70.64,0.00,32.17,23.14,1.77,0.00,165.33,0.00,188.51,0.00,89.52
59.5,59.5,1,59.500,16/03/2026 17:01:06,22.420, , , , , , , , , , , , , , , , , , , , , , , , , , , , , , , , , , , , , , , , , , , , , , , , , , , , , , , , , , , , , , , , , , , , , , , , , , , , , , , , , , , , , , , , , , , , , , , , , , , , , , , , , , , , , , , , , , , , , , , , , , , , , , , , , , , , , , , , , , , , , , , , , , , , , , , , , , , , , , , , , , , , , , , , , , , , , , , , , , , , , , , , , , , , , , , , , , , , , , , , , , , , , , , , , , , , , , , , , , , , , , , , , , , , , , , , , , , , , , , , , , , , , , , , , , , , , , , , , , , , , , , , , , , , , , , , , , , , , , , , , , , , , , , , , , , , , , , , , , , , , , , , , , , , , , , , , , , , , , , , , , , , , , , , , , , , , , , , , , , , , , , , , , , , , , , , , , , , , , , , , , , , 
60.0,60.0,1,60.000,16/03/2026 17:01:23,25.793,,10.30, 10.99, 10.97,39.56, -1.08, 2.72,11.259, 9.800, 10.780, 9.951, 9.574, 9.252, 9.396, 9.416, 9.645, 9.910, 10.085, 10.201, 10.240, 10.341, 10.486, 10.628, 10.792, 10.945, 11.034, 11.095, 11.118, 11.126, 11.101, 11.108, 11.111, 11.039, 10.968, 10.946, 10.962, 10.918, 10.881, 10.903, 10.850, 10.858, 10.889, 10.872, 10.928, 10.956, 11.004, 11.095, 11.138, 11.260, 11.335, 11.430, 11.557, 11.577, 11.707, 11.684, 11.772, 11.787, 11.730, 11.854, 11.785, 11.780, 11.891, 11.830, 11.874, 12.005, 11.940, 11.968, 12.149, 12.095, 12.021, 12.209, 12.354, 12.243, 12.144, 12.268, 12.381, 12.335, 12.294, 12.335, 12.409, 12.357, 12.302, 12.390, 12.489, 12.445, 12.304, 12.237, 12.282, 12.376, 12.371, 12.274, 12.258, 12.372, 12.551, 12.631, 12.623, 12.616, 12.658, 12.770, 12.858, 12.896, 12.858, 12.825, 12.824, 12.818, 12.765, 12.633, 12.472, 12.323, 12.149, 11.807, 11.050, 10.007, 9.156, 8.687, 8.465, 8.328, 8.323, 8.452, 8.777, 9.173, 9.578, 9.927, 10.176, 10.384, 10.594, 10.831, 11.099, 11.382, 11.671, 11.920, 12.109, 12.221, 12.293, 12.343, 12.373, 12.422, 12.486, 12.551, 12.627, 12.676, 12.720, 12.687, 12.654, 12.592, 12.512, 12.398, 12.274, 12.155, 12.048, 11.982, 11.969, 11.962, 11.807, 11.792, 11.735, 11.605, 11.347, 10.816, 9.830, 8.306, 6.675, 5.665, 5.248, 5.117, 5.120, 5.179, 5.315, 5.463, 5.647, 5.851, 6.081, 6.356, 6.624, 6.929, 7.254, 7.581, 7.926, 8.258, 8.583, 8.888, 9.138, 9.387, 9.574, 9.728, 9.878, 9.974, 10.088, 10.168, 10.276, 10.359, 10.436, 10.466, 10.405, 10.375, 10.487, 10.555, 10.552, 10.519, 10.495, 10.399, 10.251, 10.060, 9.813, 9.520, 9.226, 8.949, 8.726, 8.568, 8.464, 8.321, 8.168, 8.053, 7.999, 7.865, 7.715, 7.628, 7.532, 7.510, 7.449, 7.361, 7.174, 7.161, 16.3,996192.0,1167207.0,900699.77,56740.21,3791.88,12209.10,485.52,2498.86,102.60,450.13,34.61,470.68,23.46,0.00,1117.51,689.59,15.33,1697.75,62.77,0.00,21.99,119.07,17.68,621.75,16.69,23214.79,149.32,0.00,120.80,0.00,15.40,11.01,2.24,73.91,2.60,17.84,1.31,4.03,0.53,86.27,1.29,188.58,1.94,19.58,0.94,122.39,1.66,0.00,30.78,0.00,54.66,0.00,444.37,21.77,6.31,0.00,513.23,0.00,541.94,0.00,53.83,0.00,28.37,16.58,1.46,19.99,3.97,0.00,152.13,6.31,1.45,163482.97,94090.92,6287.98,23068.64,917.37,5345.90,219.50,1031.41,79.30,1175.24,58.58,0.00,1346.16,964.88,21.45,2832.69,104.73,0.00,39.26,174.03,25.84,893.35,23.98,33191.20,213.49,0.00,153.60,0.00,19.60,13.78,2.80,92.00,3.24,23.55,1.73,5.66,0.74,94.34,1.41,223.01,2.29,24.87,1.19,165.32,2.24,0.00,36.08,0.00,72.89,0.00,477.30,24.87,7.21,0.00,651.56,0.00,648.76,0.00,63.20,0.00,30.63,17.86,1.57,22.29,4.43,0.00,173.11,7.16,1.64
60.5,60.5,1,60.500,16/03/2026 17:02:15,22.219, , , , , , , , , , , , , , , , , , , , , , , , , , , , , , , , , , , , , , , , , , , , , , , , , , , , , , , , , , , , , , , , , , , , , , , , , , , , , , , , , , , , , , , , , , , , , , , , , , , , , , , , , , , , , , , , , , , , , , , , , , , , , , , , , , , , , , , , , , , , , , , , , , , , , , , , , , , , , , , , , , , , , , , , , , , , , , , , , , , , , , , , , , , , , , , , , , , , , , , , , , , , , , , , , , , , , , , , , , , , , , , , , , , , , , , , , , , , , , , , , , , , , , , , , , , , , , , , , , , , , , , , , , , , , , , , , , , , , , , , , , , , , , , , , , , , , , , , , , , , , , , , , , , , , , , , , , , , , , , , , , , , , , , , , , , , , , , , , , , , , , , , , , , , , , , , , , , , , , , , , , , , 
61.0,61.0,1,61.000,16/03/2026 17:02:32,20.037,,9.30, 9.93, 9.71,37.71, -1.08, 3.25,8.871, 9.283, 8.670, 8.268, 8.245, 8.161, 8.074, 8.216, 8.445, 8.746, 8.904, 9.041, 9.105, 9.231, 9.406, 9.550, 9.679, 9.812, 9.928, 10.012, 10.065, 10.081, 10.086, 10.091, 10.043, 9.986, 10.012, 9.947, 9.935, 9.948, 9.915, 9.922, 9.920, 9.907, 9.974, 9.932, 10.046, 10.008, 10.147, 10.145, 10.283, 10.368, 10.423, 10.621, 10.611, 10.774, 10.840, 10.820, 10.957, 10.923, 10.908, 11.006, 10.969, 10.951, 11.028, 11.038, 11.053, 11.125, 11.148, 11.161, 11.277, 11.289, 11.256, 11.322, 11.486, 11.533, 11.335, 11.322, 11.536, 11.640, 11.543, 11.412, 11.459, 11.651, 11.708, 11.586, 11.496, 11.545, 11.664, 11.670, 11.506, 11.391, 11.427, 11.573, 11.683, 11.722, 11.675, 11.663, 11.760, 11.937, 12.068, 12.098, 12.045, 11.982, 11.996, 12.084, 12.180, 12.173, 12.034, 11.831, 11.635, 11.538, 11.437, 11.145, 10.367, 9.243, 8.295, 7.793, 7.577, 7.499, 7.557, 7.723, 8.025, 8.397, 8.748, 9.058, 9.327, 9.570, 9.839, 10.120, 10.420, 10.703, 10.966, 11.157, 11.302, 11.388, 11.461, 11.527, 11.604, 11.686, 11.783, 11.869, 11.931, 11.968, 11.971, 11.932, 11.844, 11.765, 11.674, 11.582, 11.476, 11.389, 11.311, 11.291, 11.273, 11.279, 11.127, 11.105, 11.013, 10.857, 10.549, 9.981, 8.958, 7.369, 5.657, 4.592, 4.189, 4.087, 4.126, 4.233, 4.378, 4.562, 4.756, 4.951, 5.180, 5.422, 5.670, 5.952, 6.241, 6.570, 6.901, 7.256, 7.613, 7.967, 8.293, 8.589, 8.835, 9.046, 9.222, 9.361, 9.458, 9.531, 9.576, 9.597, 9.598, 9.549, 9.454, 9.377, 9.456, 9.533, 9.530, 9.519, 9.537, 9.485, 9.414, 9.295, 9.136, 8.909, 8.645, 8.413, 8.178, 7.997, 7.804, 7.615, 7.403, 7.176, 6.939, 6.688, 6.538, 6.317, 6.095, 6.008, 5.831, 5.790, 5.726, 5.757, 16.3,1004335.0,1183073.0,893200.30,62462.48,3868.60,12202.79,495.41,3056.53,110.26,421.40,34.69,359.63,22.96,624.99,23.07,919.21,17.03,1654.41,63.04,69.13,7.40,0.00,69.18,597.37,16.55,23795.89,154.51,0.00,121.51,0.00,14.18,21.18,2.46,77.69,2.70,30.59,1.44,0.00,5.63,91.34,1.34,222.86,2.18,16.30,0.94,114.97,1.66,5.76,1.08,0.00,53.93,0.00,446.08,20.53,6.37,0.00,521.30,0.00,553.29,0.00,57.82,7.98,1.21,16.39,1.45,0.00,144.03,10.24,3.30,0.00,75.05,175613.56,103580.02,6415.21,23056.72,936.06,6538.94,235.88,965.58,79.49,897.96,57.33,752.87,27.79,1286.16,23.83,2760.37,105.18,123.41,13.21,0.00,101.11,858.32,23.78,34022.03,220.91,0.00,154.50,0.00,18.05,26.51,3.08,96.70,3.36,40.39,1.90,0.00,7.91,99.89,1.47,263.55,2.58,20.70,1.19,155.30,2.24,6.75,1.27,0.00,71.91,0.00,479.14,23.45,7.28,0.00,661.80,0.00,662.34,0.00,67.88,8.62,1.31,17.66,1.56,0.00,160.57,11.65,3.76,0.00,85.14
61.5,61.5,1,61.500,16/03/2026 17:03:15,22.419, , , , , , , , , , , , , , , , , , , , , , , , , , , , , , , , , , , , , , , , , , , , , , , , , , , , , , , , , , , , , , , , , , , , , , , , , , , , , , , , , , , , , , , , , , , , , , , , , , , , , , , , , , , , , , , , , , , , , , , , , , , , , , , , , , , , , , , , , , , , , , , , , , , , , , , , , , , , , , , , , , , , , , , , , , , , , , , , , , , , , , , , , , , , , , , , , , , , , , , , , , , , , , , , , , , , , , , , , , , , , , , , , , , , , , , , , , , , , , , , , , , , , , , , , , , , , , , , , , , , , , , , , , , , , , , , , , , , , , , , , , , , , , , , , , , , , , , , , , , , , , , , , , , , , , , , , , , , , , , , , , , , , , , , , , , , , , , , , , , , , , , , , , , , , , , , , , , , , , , , , , , , 
62.0,62.0,1,62.000,16/03/2026 17:03:41,25.527,,10.20, 10.90, 10.83,39.41, -1.27, 2.89,10.931, 9.218, 10.060, 9.181, 9.401, 9.276, 9.049, 9.146, 9.425, 9.750, 9.957, 10.119, 10.139, 10.247, 10.429, 10.560, 10.725, 10.861, 10.944, 11.018, 11.039, 11.074, 11.066, 11.045, 10.987, 10.898, 10.878, 10.828, 10.787, 10.795, 10.747, 10.720, 10.701, 10.675, 10.716, 10.691, 10.750, 10.755, 10.827, 10.878, 10.976, 11.046, 11.157, 11.236, 11.341, 11.424, 11.454, 11.529, 11.538, 11.545, 11.557, 11.558, 11.574, 11.576, 11.559, 11.608, 11.661, 11.651, 11.686, 11.772, 11.817, 11.763, 11.821, 11.934, 11.987, 11.973, 11.850, 11.937, 11.992, 11.978, 11.953, 11.952, 11.969, 12.011, 11.986, 11.995, 12.025, 12.014, 11.965, 11.899, 11.870, 11.908, 11.954, 11.976, 11.943, 11.956, 12.032, 12.149, 12.235, 12.257, 12.254, 12.259, 12.296, 12.365, 12.428, 12.452, 12.413, 12.325, 12.220, 12.122, 12.054, 12.006, 11.888, 11.565, 10.832, 9.837, 9.043, 8.680, 8.563, 8.494, 8.476, 8.515, 8.715, 9.036, 9.420, 9.809, 10.141, 10.404, 10.598, 10.750, 10.887, 11.033, 11.217, 11.420, 11.645, 11.840, 11.994, 12.085, 12.117, 12.088, 12.040, 11.989, 11.976, 11.995, 12.061, 12.120, 12.183, 12.227, 12.237, 12.155, 12.001, 11.817, 11.632, 11.467, 11.383, 11.365, 11.231, 11.303, 11.356, 11.356, 11.211, 10.801, 9.941, 8.457, 6.719, 5.489, 4.912, 4.673, 4.624, 4.706, 4.904, 5.156, 5.470, 5.800, 6.165, 6.496, 6.827, 7.128, 7.415, 7.667, 7.890, 8.121, 8.341, 8.561, 8.780, 8.990, 9.209, 9.414, 9.623, 9.827, 10.013, 10.166, 10.322, 10.435, 10.496, 10.484, 10.395, 10.279, 10.294, 10.271, 10.154, 10.063, 9.979, 9.865, 9.716, 9.591, 9.437, 9.267, 9.102, 8.943, 8.843, 8.755, 8.710, 8.613, 8.523, 8.367, 8.208, 8.062, 7.771, 7.605, 7.300, 7.080, 6.852, 6.642, 6.455, 6.514, 16.3,1004093.0,1277322.0,864062.96,82159.93,4038.58,12882.27,520.92,5331.61,137.59,481.69,36.51,513.04,24.62,1752.18,29.64,1251.29,20.03,2258.41,71.38,28.45,7.21,0.00,72.15,629.33,17.50,27957.06,185.29,0.00,136.21,0.00,17.21,22.30,2.64,76.91,2.80,21.83,1.40,0.00,4.82,94.64,1.42,241.52,2.39,21.20,1.02,148.30,1.92,5.34,1.13,0.00,55.87,0.00,473.49,0.00,330.63,43.02,10.17,0.00,569.61,0.00,56.42,0.00,32.00,16.71,1.49,0.00,143.21,0.00,160.31,0.00,72.14,223779.04,136243.82,6697.08,24340.57,984.26,11406.10,294.35,1103.73,83.66,1281.01,61.47,2110.68,35.70,1750.81,28.03,3768.14,119.10,50.79,12.87,0.00,105.45,904.25,25.14,39971.43,264.92,0.00,173.19,0.00,21.90,27.91,3.30,95.73,3.49,28.82,1.85,0.00,6.77,103.50,1.55,285.62,2.83,26.92,1.30,200.32,2.59,6.26,1.32,0.00,74.50,0.00,508.58,0.00,377.69,54.61,12.91,0.00,681.88,0.00,66.24,0.00,34.55,18.00,1.61,0.00,159.66,0.00,182.42,0.00,81.84
62.5,62.5,1,62.500,16/03/2026 17:04:16,22.749, , , , , , , , , , , , , , , , , , , , , , , , , , , , , , , , , , , , , , , , , , , , , , , , , , , , , , , , , , , , , , , , , , , , , , , , , , , , , , , , , , , , , , , , , , , , , , , , , , , , , , , , , , , , , , , , , , , , , , , , , , , , , , , , , , , , , , , , , , , , , , , , , , , , , , , , , , , , , , , , , , , , , , , , , , , , , , , , , , , , , , , , , , , , , , , , , , , , , , , , , , , , , , , , , , , , , , , , , , , , , , , , , , , , , , , , , , , , , , , , , , , , , , , , , , , , , , , , , , , , , , , , , , , , , , , , , , , , , , , , , , , , , , , , , , , , , , , , , , , , , , , , , , , , , , , , , , , , , , , , , , , , , , , , , , , , , , , , , , , , , , , , , , , , , , , , , , , , , , , , , , , , 
63.0,63.0,1,63.000,16/03/2026 17:04:42,23.939,,9.93, 10.61, 10.53,38.92, -1.25, 2.90,11.244, 9.543, 10.028, 9.063, 9.131, 8.970, 8.768, 8.949, 9.179, 9.512, 9.657, 9.798, 9.849, 9.985, 10.137, 10.292, 10.431, 10.578, 10.654, 10.708, 10.758, 10.790, 10.775, 10.710, 10.686, 10.653, 10.585, 10.565, 10.545, 10.500, 10.509, 10.454, 10.463, 10.442, 10.478, 10.456, 10.519, 10.520, 10.599, 10.648, 10.748, 10.819, 10.921, 11.018, 11.102, 11.204, 11.241, 11.300, 11.342, 11.341, 11.351, 11.370, 11.370, 11.367, 11.377, 11.408, 11.451, 11.465, 11.516, 11.566, 11.629, 11.624, 11.667, 11.735, 11.818, 11.848, 11.803, 11.835, 11.904, 11.924, 11.919, 11.856, 11.834, 11.853, 11.922, 11.942, 11.924, 11.886, 11.870, 11.877, 11.880, 11.869, 11.869, 11.877, 11.914, 11.977, 12.065, 12.119, 12.156, 12.193, 12.252, 12.304, 12.342, 12.368, 12.392, 12.393, 12.414, 12.400, 12.343, 12.263, 12.178, 12.101, 12.000, 11.744, 11.153, 10.258, 9.508, 9.136, 8.997, 8.922, 8.914, 8.985, 9.217, 9.557, 9.917, 10.257, 10.534, 10.733, 10.900, 11.049, 11.201, 11.367, 11.563, 11.767, 11.957, 12.114, 12.224, 12.299, 12.319, 12.317, 12.299, 12.281, 12.294, 12.323, 12.349, 12.387, 12.419, 12.427, 12.427, 12.375, 12.271, 12.144, 12.014, 11.912, 11.853, 11.828, 11.659, 11.697, 11.709, 11.670, 11.525, 11.157, 10.369, 8.997, 7.301, 6.050, 5.474, 5.262, 5.224, 5.318, 5.492, 5.733, 6.019, 6.328, 6.649, 6.993, 7.319, 7.657, 7.970, 8.276, 8.576, 8.846, 9.114, 9.355, 9.593, 9.798, 9.969, 10.138, 10.286, 10.428, 10.565, 10.662, 10.770, 10.891, 10.966, 10.954, 10.879, 10.796, 10.883, 10.958, 10.899, 10.870, 10.790, 10.721, 10.571, 10.412, 10.215, 10.040, 9.800, 9.602, 9.435, 9.366, 9.274, 9.170, 9.150, 9.013, 8.910, 8.774, 8.551, 8.378, 8.258, 7.998, 7.922, 7.749, 7.633, 7.613, 16.2,1005763.0,1243465.0,889549.56,59283.24,3889.71,13732.76,533.07,4382.46,127.79,505.40,36.81,502.22,24.53,1804.12,29.79,1175.23,19.80,1424.69,61.75,82.91,7.48,0.00,63.56,709.46,18.07,26182.89,171.48,0.00,133.85,0.00,16.01,0.00,12.81,68.78,2.62,8.67,1.26,0.00,5.91,103.50,1.48,269.05,2.54,23.34,1.04,141.44,1.87,0.00,32.10,0.00,56.40,0.00,473.21,0.00,328.99,0.00,551.83,0.00,582.52,0.00,50.85,4.19,1.14,17.88,1.53,28.22,4.10,0.00,154.89,0.00,78.04,181644.40,98307.96,6450.21,25947.54,1007.22,9375.55,273.39,1158.06,84.35,1254.00,61.25,2173.25,35.89,1644.39,27.70,2377.09,103.03,148.01,13.35,0.00,92.90,1019.38,25.96,37434.83,245.17,0.00,170.19,0.00,20.37,0.00,16.04,85.61,3.26,11.45,1.66,0.00,8.31,113.19,1.62,318.18,3.00,29.64,1.32,191.05,2.53,0.00,37.63,0.00,75.21,0.00,508.28,0.00,375.82,0.00,700.56,0.00,697.34,0.00,59.70,4.52,1.23,19.26,1.65,31.46,4.57,0.00,176.25,0.00,88.53
63.5,63.5,1,63.500,16/03/2026 17:05:25,26.055,1157889.018, , , , , , , , , , , , , , , , , , , , , , , , , , , , , , , , , , , , , , , , , , , , , , , , , , , , , , , , , , , , , , , , , , , , , , , , , , , , , , , , , , , , , , , , , , , , , , , , , , , , , , , , , , , , , , , , , , , , , , , , , , , , , , , , , , , , , , , , , , , , , , , , , , , , , , , , , , , , , , , , , , , , , , , , , , , , , , , , , , , , , , , , , , , , , , , , , , , , , , , , , , , , , , , , , , , , , , , , , , , , , , , , , , , , , , , , , , , , , , , , , , , , , , , , , , , , , , , , , , , , , , , , , , , , , , , , , , , , , , , , , , , , , , , , , , , , , , , , , , , , , , , , , , , , , , , , , , , , , , , , , , , , , , , , , , , , , , , , , , , , , , , , , , , , , , , , , , , , , , , , , , , 
64.0,64.0,1,64.000,16/03/2026 17:05:42,23.940,,10.07, 10.79, 10.58,39.23, -1.49, 3.26,10.961, 9.464, 9.353, 9.057, 8.813, 8.668, 8.672, 8.907, 9.159, 9.507, 9.741, 9.881, 9.918, 10.082, 10.281, 10.418, 10.596, 10.755, 10.841, 10.925, 10.977, 10.992, 10.951, 10.911, 10.879, 10.814, 10.747, 10.693, 10.680, 10.629, 10.603, 10.575, 10.528, 10.530, 10.522, 10.531, 10.549, 10.583, 10.616, 10.698, 10.752, 10.862, 10.931, 11.047, 11.132, 11.204, 11.272, 11.294, 11.325, 11.345, 11.322, 11.342, 11.359, 11.327, 11.325, 11.372, 11.403, 11.390, 11.431, 11.517, 11.546, 11.503, 11.561, 11.661, 11.715, 11.692, 11.691, 11.776, 11.804, 11.806, 11.747, 11.746, 11.731, 11.740, 11.744, 11.723, 11.728, 11.727, 11.681, 11.626, 11.560, 11.587, 11.649, 11.671, 11.668, 11.668, 11.719, 11.806, 11.905, 11.967, 11.992, 11.968, 11.972, 12.009, 12.055, 12.108, 12.123, 12.054, 11.945, 11.804, 11.706, 11.640, 11.570, 11.318, 10.689, 9.780, 9.017, 8.633, 8.497, 8.428, 8.438, 8.540, 8.767, 9.070, 9.390, 9.678, 9.915, 10.112, 10.288, 10.459, 10.637, 10.817, 10.995, 11.185, 11.338, 11.463, 11.559, 11.629, 11.662, 11.668, 11.680, 11.690, 11.699, 11.720, 11.747, 11.759, 11.758, 11.772, 11.722, 11.661, 11.573, 11.444, 11.324, 11.244, 11.189, 11.155, 10.967, 10.996, 10.992, 10.952, 10.801, 10.420, 9.665, 8.388, 6.829, 5.671, 5.118, 4.909, 4.876, 4.955, 5.138, 5.365, 5.640, 5.932, 6.237, 6.545, 6.838, 7.132, 7.409, 7.679, 7.923, 8.164, 8.417, 8.639, 8.857, 9.062, 9.229, 9.401, 9.543, 9.697, 9.813, 9.925, 10.018, 10.103, 10.161, 10.169, 10.089, 9.998, 10.067, 10.071, 10.039, 9.992, 9.942, 9.866, 9.758, 9.620, 9.476, 9.264, 9.113, 8.954, 8.805, 8.744, 8.661, 8.591, 8.482, 8.305, 8.179, 8.030, 7.924, 7.750, 7.606, 7.383, 7.296, 7.042, 7.061, 6.779, 16.3,1004878.0,1286925.0,878087.16,57440.38,3630.20,15710.39,539.39,12523.11,192.03,582.12,35.82,454.30,22.73,3471.13,37.01,1376.37,20.94,2110.12,67.52,0.00,23.02,0.00,66.41,620.98,16.76,27040.73,168.06,0.00,129.17,0.00,13.06,14.91,2.35,71.40,2.65,8.48,1.28,0.00,5.14,101.57,1.42,186.95,1.93,17.45,0.97,115.89,1.64,6.81,1.10,0.00,53.45,0.00,444.04,0.00,307.49,0.00,515.65,0.00,544.93,9.95,3.12,0.00,28.53,21.43,1.57,28.35,4.10,0.00,151.43,0.00,73.66,204080.91,95251.99,6019.87,29684.20,1019.16,26791.13,410.82,1333.85,82.08,1134.34,56.75,4181.34,44.58,1925.83,29.30,3520.72,112.66,0.00,41.09,0.00,97.06,892.25,24.08,38661.32,240.28,0.00,164.24,0.00,16.62,18.66,2.94,88.87,3.30,11.20,1.69,0.00,7.22,111.08,1.55,221.09,2.28,22.16,1.23,156.54,2.22,7.98,1.29,0.00,71.27,0.00,476.95,0.00,351.25,0.00,654.63,0.00,652.34,11.68,3.66,0.00,30.81,23.08,1.69,31.61,4.57,0.00,172.31,0.00,83.56
64.5,64.5,1,64.500,16/03/2026 17:06:25,24.735, , , , , , , , , , , , , , , , , , , , , , , , , , , , , , , , , , , , , , , , , , , , , , , , , , , , , , , , , , , , , , , , , , , , , , , , , , , , , , , , , , , , , , , , , , , , , , , , , , , , , , , , , , , , , , , , , , , , , , , , , , , , , , , , , , , , , , , , , , , , , , , , , , , , , , , , , , , , , , , , , , , , , , , , , , , , , , , , , , , , , , , , , , , , , , , , , , , , , , , , , , , , , , , , , , , , , , , , , , , , , , , , , , , , , , , , , , , , , , , , , , , , , , , , , , , , , , , , , , , , , , , , , , , , , , , , , , , , , , , , , , , , , , , , , , , , , , , , , , , , , , , , , , , , , , , , , , , , , , , , , , , , , , , , , , , , , , , , , , , , , , , , , , , , , , , , , , , , , , , , , , , , 
65.0,65.0,1,65.000,16/03/2026 17:06:43,20.372,,10.01, 10.70, 10.59,39.07, -1.20, 2.97,11.179, 9.981, 9.979, 9.132, 9.050, 9.015, 8.954, 9.096, 9.250, 9.545, 9.716, 9.879, 9.872, 10.013, 10.166, 10.318, 10.497, 10.633, 10.727, 10.804, 10.851, 10.875, 10.866, 10.837, 10.791, 10.737, 10.692, 10.650, 10.624, 10.603, 10.585, 10.565, 10.542, 10.536, 10.552, 10.546, 10.591, 10.610, 10.658, 10.725, 10.801, 10.883, 10.976, 11.068, 11.160, 11.239, 11.287, 11.336, 11.370, 11.378, 11.383, 11.399, 11.410, 11.402, 11.404, 11.450, 11.489, 11.491, 11.535, 11.606, 11.664, 11.637, 11.684, 11.779, 11.839, 11.853, 11.709, 11.748, 11.804, 11.836, 11.823, 11.766, 11.796, 11.820, 11.835, 11.838, 11.846, 11.847, 11.833, 11.815, 11.780, 11.806, 11.855, 11.888, 11.913, 11.914, 11.944, 12.025, 12.120, 12.186, 12.228, 12.217, 12.210, 12.229, 12.286, 12.357, 12.395, 12.375, 12.284, 12.175, 12.087, 12.048, 12.017, 11.853, 11.369, 10.589, 9.876, 9.515, 9.384, 9.317, 9.334, 9.432, 9.669, 9.972, 10.270, 10.548, 10.763, 10.926, 11.071, 11.211, 11.351, 11.518, 11.680, 11.838, 11.992, 12.112, 12.203, 12.253, 12.283, 12.288, 12.279, 12.274, 12.291, 12.322, 12.346, 12.378, 12.392, 12.406, 12.385, 12.356, 12.277, 12.173, 12.099, 12.003, 11.956, 11.947, 11.772, 11.800, 11.794, 11.769, 11.632, 11.329, 10.644, 9.417, 7.820, 6.601, 6.036, 5.805, 5.775, 5.859, 6.055, 6.292, 6.579, 6.870, 7.193, 7.520, 7.829, 8.137, 8.441, 8.727, 8.987, 9.275, 9.507, 9.752, 9.965, 10.166, 10.335, 10.504, 10.628, 10.772, 10.876, 10.991, 11.101, 11.178, 11.213, 11.201, 11.110, 11.035, 11.121, 11.205, 11.171, 11.153, 11.107, 11.040, 10.974, 10.858, 10.701, 10.511, 10.304, 10.152, 9.988, 9.901, 9.848, 9.764, 9.665, 9.583, 9.415, 9.272, 9.062, 8.894, 8.787, 8.588, 8.454, 8.350, 8.235, 8.132, 16.3,1003207.0,1237351.0,890324.25,61171.65,3732.71,14160.39,509.85,4872.25,128.05,569.00,35.73,427.83,22.85,776.65,23.42,618.77,15.37,1271.70,57.70,62.06,6.91,178.80,18.98,496.40,15.16,24514.00,154.82,0.00,123.25,0.00,15.15,0.00,12.01,71.46,2.59,12.52,1.33,0.00,5.47,120.09,1.53,143.76,1.63,11.80,0.93,99.06,1.50,0.00,29.92,0.00,52.41,0.00,433.00,0.00,299.85,37.79,9.12,0.00,537.48,10.49,3.03,0.00,25.85,24.66,1.56,24.59,3.88,0.00,147.18,0.00,72.86,181717.55,101439.47,6189.86,26755.53,963.34,10423.37,273.94,1303.79,81.87,1068.25,57.05,935.56,28.21,865.79,21.51,2121.82,96.27,110.79,12.34,261.33,27.74,713.25,21.78,35048.74,221.35,0.00,156.71,0.00,19.28,0.00,15.03,88.95,3.22,16.53,1.76,0.00,7.69,131.33,1.67,170.01,1.93,14.99,1.18,133.81,2.03,0.00,35.07,0.00,69.89,0.00,465.09,0.00,342.53,47.98,11.58,0.00,643.42,12.32,3.56,0.00,27.91,26.56,1.68,27.41,4.33,0.00,167.48,0.00,82.65
65.5,65.5,1,65.500,16/03/2026 17:07:35,19.183, , , , , , , , , , , , , , , , , , , , , , , , , , , , , , , , , , , , , , , , , , , , , , , , , , , , , , , , , , , , , , , , , , , , , , , , , , , , , , , , , , , , , , , , , , , , , , , , , , , , , , , , , , , , , , , , , , , , , , , , , , , , , , , , , , , , , , , , , , , , , , , , , , , , , , , , , , , , , , , , , , , , , , , , , , , , , , , , , , , , , , , , , , , , , , , , , , , , , , , , , , , , , , , , , , , , , , , , , , , , , , , , , , , , , , , , , , , , , , , , , , , , , , , , , , , , , , , , , , , , , , , , , , , , , , , , , , , , , , , , , , , , , , , , , , , , , , , , , , , , , , , , , , , , , , , , , , , , , , , , , , , , , , , , , , , , , , , , , , , , , , , , , , , , , , , , , , , , , , , , , , , , 
66.0,66.0,1,66.000,16/03/2026 17:08:00,19.181,,8.80, 9.32, 9.29,36.59, -0.49, 2.62,11.994, 9.065, 9.240, 8.878, 8.430, 8.143, 8.071, 8.016, 8.214, 8.437, 8.511, 8.634, 8.680, 8.704, 8.851, 8.953, 9.072, 9.188, 9.277, 9.353, 9.387, 9.421, 9.462, 9.472, 9.443, 9.440, 9.458, 9.439, 9.485, 9.486, 9.502, 9.546, 9.538, 9.607, 9.626, 9.696, 9.737, 9.818, 9.879, 9.967, 10.072, 10.159, 10.279, 10.392, 10.477, 10.611, 10.651, 10.732, 10.830, 10.815, 10.870, 10.940, 10.927, 10.963, 11.021, 11.041, 11.100, 11.176, 11.205, 11.265, 11.371, 11.394, 11.392, 11.494, 11.631, 11.650, 11.554, 11.594, 11.709, 11.792, 11.704, 11.646, 11.711, 11.826, 11.842, 11.786, 11.758, 11.817, 11.875, 11.863, 11.786, 11.771, 11.840, 11.947, 12.006, 12.018, 12.016, 12.071, 12.184, 12.293, 12.380, 12.391, 12.367, 12.369, 12.412, 12.497, 12.584, 12.587, 12.505, 12.372, 12.257, 12.199, 12.153, 11.996, 11.495, 10.675, 9.927, 9.508, 9.339, 9.233, 9.249, 9.375, 9.645, 10.014, 10.375, 10.696, 10.922, 11.086, 11.224, 11.365, 11.535, 11.734, 11.957, 12.196, 12.389, 12.545, 12.628, 12.669, 12.659, 12.629, 12.604, 12.597, 12.646, 12.716, 12.804, 12.873, 12.922, 12.948, 12.931, 12.829, 12.719, 12.560, 12.415, 12.318, 12.262, 12.258, 12.118, 12.188, 12.235, 12.228, 12.108, 11.736, 10.928, 9.519, 7.762, 6.486, 5.900, 5.668, 5.628, 5.726, 5.927, 6.193, 6.509, 6.860, 7.218, 7.569, 7.895, 8.233, 8.522, 8.807, 9.053, 9.307, 9.549, 9.764, 9.980, 10.209, 10.409, 10.597, 10.780, 10.955, 11.125, 11.260, 11.409, 11.510, 11.590, 11.596, 11.517, 11.428, 11.498, 11.525, 11.464, 11.374, 11.327, 11.231, 11.120, 10.951, 10.789, 10.594, 10.400, 10.164, 10.052, 9.977, 9.953, 9.891, 9.730, 9.693, 9.562, 9.399, 9.237, 9.057, 9.001, 8.764, 8.581, 8.529, 8.238, 8.303, 16.3,1079835.0,1296440.0,888409.81,58558.40,3477.67,13229.25,486.52,7338.17,144.03,399.98,31.59,263.91,20.08,2748.01,31.45,1529.38,19.96,1652.95,59.93,26.05,6.24,223.59,18.01,624.67,16.06,24284.88,146.17,0.00,117.29,0.00,15.27,30.09,2.52,74.70,2.53,32.43,1.29,0.00,4.89,102.39,1.34,181.99,1.81,18.10,0.91,100.82,1.46,3.63,1.01,0.00,50.39,31.83,9.13,0.00,294.71,0.00,489.74,82.93,9.76,0.00,52.75,0.00,24.87,5.88,1.17,46.17,3.62,0.00,136.54,0.00,63.68,184431.89,97105.98,5766.94,24996.17,919.26,15698.80,308.13,916.50,72.38,658.96,50.14,3310.27,37.88,2139.92,27.93,2757.94,99.99,46.50,11.14,326.79,26.32,897.55,23.08,34721.16,208.99,0.00,149.13,0.00,19.43,37.67,3.15,92.98,3.15,42.82,1.70,0.00,6.87,111.97,1.47,215.22,2.14,22.99,1.16,136.18,1.97,4.26,1.18,0.00,67.19,34.19,9.81,0.00,336.66,0.00,621.73,99.28,11.68,0.00,61.93,0.00,26.85,6.33,1.26,51.47,4.04,0.00,155.37,0.00,72.24
66.5,66.5,1,66.500,16/03/2026 17:08:35,19.643, , , , , , , , , , , , , , , , , , , , , , , , , , , , , , , , , , , , , , , , , , , , , , , , , , , , , , , , , , , , , , , , , , , , , , , , , , , , , , , , , , , , , , , , , , , , , , , , , , , , , , , , , , , , , , , , , , , , , , , , , , , , , , , , , , , , , , , , , , , , , , , , , , , , , , , , , , , , , , , , , , , , , , , , , , , , , , , , , , , , , , , , , , , , , , , , , , , , , , , , , , , , , , , , , , , , , , , , , , , , , , , , , , , , , , , , , , , , , , , , , , , , , , , , , , , , , , , , , , , , , , , , , , , , , , , , , , , , , , , , , , , , , , , , , , , , , , , , , , , , , , , , , , , , , , , , , , , , , , , , , , , , , , , , , , , , , , , , , , , , , , , , , , , , , , , , , , , , , , , , , , , , 
67.0,67.0,1,67.000,16/03/2026 17:09:01,20.370,,8.24, 8.72, 8.70,35.44, -0.47, 2.55,8.453, 9.285, 9.266, 8.279, 7.735, 7.610, 7.463, 7.579, 7.719, 7.897, 7.939, 8.073, 8.123, 8.174, 8.267, 8.348, 8.481, 8.594, 8.667, 8.745, 8.798, 8.836, 8.839, 8.853, 8.862, 8.851, 8.824, 8.841, 8.860, 8.850, 8.915, 8.891, 8.942, 8.958, 8.996, 9.053, 9.084, 9.173, 9.216, 9.309, 9.406, 9.456, 9.621, 9.631, 9.825, 9.855, 9.918, 10.044, 10.011, 10.106, 10.147, 10.116, 10.218, 10.254, 10.189, 10.301, 10.397, 10.355, 10.403, 10.566, 10.591, 10.529, 10.646, 10.789, 10.815, 10.785, 10.821, 10.926, 10.956, 10.892, 10.955, 11.012, 10.966, 10.923, 10.957, 11.056, 11.108, 11.051, 10.980, 10.970, 11.027, 11.122, 11.127, 11.069, 11.081, 11.182, 11.328, 11.425, 11.441, 11.433, 11.449, 11.550, 11.663, 11.728, 11.742, 11.716, 11.695, 11.692, 11.685, 11.652, 11.584, 11.488, 11.335, 11.072, 10.498, 9.683, 9.017, 8.688, 8.532, 8.390, 8.330, 8.384, 8.636, 9.015, 9.440, 9.821, 10.082, 10.247, 10.370, 10.481, 10.631, 10.837, 11.087, 11.360, 11.598, 11.778, 11.866, 11.880, 11.857, 11.812, 11.785, 11.796, 11.878, 11.991, 12.096, 12.184, 12.231, 12.227, 12.150, 12.030, 11.869, 11.681, 11.542, 11.476, 11.479, 11.539, 11.433, 11.519, 11.549, 11.494, 11.299, 10.840, 9.945, 8.482, 6.811, 5.667, 5.193, 5.065, 5.097, 5.243, 5.462, 5.735, 6.009, 6.277, 6.547, 6.796, 7.022, 7.264, 7.481, 7.717, 7.957, 8.227, 8.511, 8.804, 9.105, 9.390, 9.660, 9.906, 10.114, 10.317, 10.432, 10.532, 10.583, 10.647, 10.613, 10.555, 10.376, 10.253, 10.274, 10.305, 10.248, 10.232, 10.298, 10.273, 10.232, 10.174, 10.082, 9.959, 9.793, 9.623, 9.530, 9.372, 9.270, 9.128, 8.935, 8.683, 8.488, 8.185, 7.892, 7.744, 7.473, 7.363, 7.215, 7.139, 7.301, 7.148, 16.2,1053172.0,1324017.0,880577.47,62194.64,3621.60,13008.31,499.99,8686.75,159.27,488.87,33.94,434.35,22.03,3137.07,34.55,1600.50,21.12,2181.64,67.20,21.01,6.63,48.28,15.93,823.26,18.62,26054.06,161.25,0.00,125.99,0.00,14.34,15.95,2.34,81.27,2.71,31.00,1.41,0.00,4.46,99.79,1.38,264.25,2.38,21.57,0.97,128.15,1.71,0.00,30.47,0.00,52.60,0.00,441.38,0.00,305.24,57.84,9.46,0.00,541.44,0.00,52.37,0.00,21.99,13.90,1.38,30.05,3.92,0.00,146.77,0.00,69.07,197609.25,103135.87,6005.61,24578.72,944.71,18583.87,340.73,1120.18,77.77,1084.53,55.01,3778.93,41.62,2239.43,29.55,3640.05,112.12,37.51,11.84,70.56,23.28,1182.89,26.75,37250.63,230.55,0.00,160.19,0.00,18.25,19.97,2.93,101.16,3.37,40.93,1.86,0.00,6.27,109.13,1.51,312.50,2.81,27.39,1.23,173.10,2.31,0.00,35.72,0.00,70.14,0.00,474.09,0.00,348.68,73.43,12.01,0.00,648.16,0.00,61.49,0.00,23.74,14.97,1.49,33.50,4.37,0.00,167.01,0.00,78.36
67.5,67.5,1,67.500,16/03/2026 17:09:44,20.633, , , , , , , , , , , , , , , , , , , , , , , , , , , , , , , , , , , , , , , , , , , , , , , , , , , , , , , , , , , , , , , , , , , , , , , , , , , , , , , , , , , , , , , , , , , , , , , , , , , , , , , , , , , , , , , , , , , , , , , , , , , , , , , , , , , , , , , , , , , , , , , , , , , , , , , , , , , , , , , , , , , , , , , , , , , , , , , , , , , , , , , , , , , , , , , , , , , , , , , , , , , , , , , , , , , , , , , , , , , , , , , , , , , , , , , , , , , , , , , , , , , , , , , , , , , , , , , , , , , , , , , , , , , , , , , , , , , , , , , , , , , , , , , , , , , , , , , , , , , , , , , , , , , , , , , , , , , , , , , , , , , , , , , , , , , , , , , , , , , , , , , , , , , , , , , , , , , , , , , , , , , , 
68.0,68.0,1,68.000,16/03/2026 17:10:01,23.019,,8.29, 8.80, 8.74,35.59, -0.65, 2.67,11.085, 8.376, 9.241, 8.059, 8.074, 7.895, 7.613, 7.648, 7.707, 7.911, 7.988, 8.108, 8.139, 8.223, 8.325, 8.445, 8.552, 8.680, 8.767, 8.853, 8.895, 8.924, 8.913, 8.931, 8.926, 8.893, 8.878, 8.865, 8.882, 8.876, 8.896, 8.896, 8.903, 8.924, 8.956, 8.993, 9.054, 9.097, 9.171, 9.219, 9.346, 9.389, 9.542, 9.609, 9.719, 9.815, 9.855, 9.943, 9.986, 10.007, 10.035, 10.068, 10.113, 10.123, 10.139, 10.227, 10.257, 10.268, 10.356, 10.447, 10.463, 10.464, 10.582, 10.658, 10.710, 10.747, 10.648, 10.687, 10.753, 10.763, 10.815, 10.816, 10.802, 10.834, 10.878, 10.928, 10.928, 10.899, 10.887, 10.908, 10.915, 10.939, 10.956, 10.997, 11.051, 11.119, 11.187, 11.240, 11.298, 11.393, 11.481, 11.531, 11.540, 11.559, 11.584, 11.636, 11.711, 11.726, 11.670, 11.547, 11.436, 11.353, 11.285, 11.090, 10.550, 9.688, 8.929, 8.515, 8.331, 8.221, 8.238, 8.364, 8.654, 9.024, 9.405, 9.726, 9.956, 10.122, 10.294, 10.463, 10.665, 10.889, 11.147, 11.377, 11.571, 11.711, 11.795, 11.827, 11.833, 11.831, 11.842, 11.875, 11.947, 12.011, 12.074, 12.133, 12.158, 12.148, 12.089, 11.999, 11.882, 11.738, 11.624, 11.540, 11.519, 11.532, 11.393, 11.439, 11.467, 11.427, 11.251, 10.831, 9.969, 8.503, 6.745, 5.571, 5.065, 4.866, 4.842, 4.929, 5.122, 5.361, 5.642, 5.937, 6.265, 6.583, 6.902, 7.203, 7.502, 7.781, 8.055, 8.325, 8.577, 8.833, 9.055, 9.300, 9.508, 9.703, 9.890, 10.057, 10.216, 10.354, 10.499, 10.598, 10.677, 10.668, 10.597, 10.511, 10.533, 10.563, 10.481, 10.392, 10.325, 10.269, 10.151, 9.995, 9.802, 9.610, 9.381, 9.216, 9.091, 9.010, 8.954, 8.869, 8.736, 8.668, 8.481, 8.360, 8.220, 8.037, 7.775, 7.642, 7.519, 7.406, 7.136, 7.104, 16.3,1004376.0,1316862.0,868918.00,68582.54,3807.62,14751.18,536.54,11482.21,188.91,564.21,37.17,592.93,24.59,2490.90,32.96,2189.04,25.31,1703.11,64.95,40.83,7.07,72.09,18.13,882.60,20.05,27034.03,173.66,0.00,133.50,0.00,18.45,41.01,2.97,80.03,2.82,24.73,1.35,0.00,4.32,70.21,1.22,257.76,2.44,25.88,1.01,158.13,1.94,4.83,1.12,0.00,55.43,0.00,467.80,0.00,325.10,0.00,541.28,0.00,572.61,0.00,58.27,0.00,29.61,9.29,1.37,17.71,4.19,0.00,157.25,6.72,1.53,218796.11,113728.77,6314.08,27871.80,1013.77,24564.29,404.14,1292.81,85.17,1480.49,61.40,3000.55,39.70,3062.92,35.41,2841.63,108.37,72.89,12.62,105.36,26.50,1268.15,28.81,38651.74,248.29,0.00,169.74,0.00,23.48,51.34,3.72,99.61,3.51,32.65,1.78,0.00,6.07,76.78,1.33,304.83,2.89,32.87,1.28,213.60,2.62,5.66,1.31,0.00,73.91,0.00,502.47,0.00,371.37,0.00,687.17,0.00,685.47,0.00,68.41,0.00,31.97,10.01,1.48,19.74,4.67,0.00,178.94,7.62,1.74
68.5,68.5,1,68.500,16/03/2026 17:10:45,26.979,1157888.757, , , , , , , , , , , , , , , , , , , , , , , , , , , , , , , , , , , , , , , , , , , , , , , , , , , , , , , , , , , , , , , , , , , , , , , , , , , , , , , , , , , , , , , , , , , , , , , , , , , , , , , , , , , , , , , , , , , , , , , , , , , , , , , , , , , , , , , , , , , , , , , , , , , , , , , , , , , , , , , , , , , , , , , , , , , , , , , , , , , , , , , , , , , , , , , , , , , , , , , , , , , , , , , , , , , , , , , , , , , , , , , , , , , , , , , , , , , , , , , , , , , , , , , , , , , , , , , , , , , , , , , , , , , , , , , , , , , , , , , , , , , , , , , , , , , , , , , , , , , , , , , , , , , , , , , , , , , , , , , , , , , , , , , , , , , , , , , , , , , , , , , , , , , , , , , , , , , , , , , , , , , 
69.0,69.0,1,69.000,16/03/2026 17:11:02,27.840,,10.77, 11.55, 11.31,40.49, -1.58, 3.37,11.479, 10.222, 10.037, 9.792, 9.223, 9.514, 9.295, 9.484, 9.820, 10.212, 10.392, 10.524, 10.624, 10.797, 10.984, 11.162, 11.317, 11.508, 11.622, 11.706, 11.773, 11.773, 11.714, 11.687, 11.660, 11.565, 11.480, 11.451, 11.389, 11.315, 11.325, 11.225, 11.226, 11.177, 11.188, 11.171, 11.200, 11.217, 11.266, 11.316, 11.412, 11.477, 11.595, 11.676, 11.786, 11.859, 11.916, 11.959, 11.981, 12.006, 11.972, 11.992, 12.015, 11.958, 11.943, 12.023, 12.012, 11.976, 12.064, 12.115, 12.112, 12.100, 12.176, 12.240, 12.250, 12.279, 12.271, 12.245, 12.256, 12.261, 12.299, 12.256, 12.175, 12.175, 12.217, 12.238, 12.221, 12.151, 12.099, 12.108, 12.119, 12.098, 12.095, 12.084, 12.099, 12.168, 12.224, 12.268, 12.290, 12.309, 12.349, 12.392, 12.424, 12.438, 12.446, 12.447, 12.451, 12.426, 12.367, 12.284, 12.198, 12.119, 12.028, 11.823, 11.330, 10.582, 9.931, 9.582, 9.434, 9.334, 9.309, 9.381, 9.584, 9.892, 10.190, 10.483, 10.699, 10.853, 10.987, 11.092, 11.196, 11.335, 11.496, 11.649, 11.808, 11.948, 12.007, 12.052, 12.059, 12.055, 12.033, 12.024, 12.025, 12.035, 12.063, 12.086, 12.112, 12.116, 12.080, 12.025, 11.941, 11.847, 11.738, 11.661, 11.609, 11.583, 11.390, 11.417, 11.406, 11.378, 11.240, 10.930, 10.292, 9.136, 7.628, 6.469, 5.928, 5.727, 5.691, 5.777, 5.956, 6.180, 6.455, 6.719, 7.015, 7.306, 7.573, 7.862, 8.121, 8.392, 8.639, 8.895, 9.144, 9.359, 9.578, 9.757, 9.910, 10.045, 10.162, 10.285, 10.361, 10.437, 10.515, 10.583, 10.617, 10.641, 10.569, 10.530, 10.588, 10.632, 10.612, 10.595, 10.593, 10.551, 10.504, 10.388, 10.268, 10.058, 9.913, 9.750, 9.575, 9.475, 9.456, 9.327, 9.170, 9.109, 8.940, 8.823, 8.668, 8.522, 8.432, 8.394, 8.255, 8.131, 8.159, 8.065, 16.3,1055991.0,1322064.0,885395.36,64935.68,3594.50,13596.16,479.77,7414.98,146.37,453.42,32.64,523.48,22.24,510.37,20.98,815.17,15.64,1058.11,53.68,0.00,18.54,89.69,15.31,763.01,17.46,23795.15,145.42,0.00,116.65,0.00,15.41,11.46,2.18,67.16,2.47,24.22,1.42,0.00,5.33,68.57,1.10,131.31,1.50,10.26,0.82,116.92,1.52,0.00,29.29,0.00,50.25,0.00,415.44,46.99,5.97,53.48,9.09,35.89,9.72,22.99,3.22,0.00,28.36,26.70,1.50,33.42,3.64,0.00,138.55,0.00,60.97,191137.77,107681.27,5960.67,25689.44,906.51,15863.13,313.13,1038.95,74.79,1307.08,55.53,614.79,25.27,1140.59,21.88,1765.45,89.56,0.00,33.10,131.09,22.38,1096.32,25.09,34020.97,207.91,0.00,148.32,0.00,19.61,14.35,2.73,83.60,3.07,31.98,1.87,0.00,7.49,74.99,1.20,155.29,1.77,13.03,1.04,157.93,2.05,0.00,34.33,0.00,67.01,0.00,446.23,53.68,6.82,67.89,11.54,42.96,11.64,26.99,3.78,0.00,30.62,28.76,1.62,37.26,4.06,0.00,157.66,0.00,69.17
69.5,69.5,1,69.500,16/03/2026 17:11:45,28.371, , , , , , , , , , , , , , , , , , , , , , , , , , , , , , , , , , , , , , , , , , , , , , , , , , , , , , , , , , , , , , , , , , , , , , , , , , , , , , , , , , , , , , , , , , , , , , , , , , , , , , , , , , , , , , , , , , , , , , , , , , , , , , , , , , , , , , , , , , , , , , , , , , , , , , , , , , , , , , , , , , , , , , , , , , , , , , , , , , , , , , , , , , , , , , , , , , , , , , , , , , , , , , , , , , , , , , , , , , , , , , , , , , , , , , , , , , , , , , , , , , , , , , , , , , , , , , , , , , , , , , , , , , , , , , , , , , , , , , , , , , , , , , , , , , , , , , , , , , , , , , , , , , , , , , , , , , , , , , , , , , , , , , , , , , , , , , , , , , , , , , , , , , , , , , , , , , , , , , , , , , , , 
70.0,70.0,1,70.000,16/03/2026 17:12:02,29.425,,10.16, 10.88, 10.72,39.38, -1.42, 3.14,13.486, 10.004, 10.096, 9.409, 9.360, 8.975, 9.097, 9.043, 9.347, 9.678, 9.814, 9.999, 10.017, 10.180, 10.339, 10.518, 10.696, 10.858, 10.943, 11.005, 11.044, 11.098, 11.064, 10.991, 10.982, 10.906, 10.825, 10.822, 10.732, 10.737, 10.679, 10.664, 10.623, 10.618, 10.615, 10.625, 10.625, 10.693, 10.699, 10.802, 10.861, 10.940, 11.069, 11.133, 11.242, 11.350, 11.373, 11.436, 11.490, 11.470, 11.458, 11.517, 11.503, 11.447, 11.496, 11.548, 11.528, 11.510, 11.621, 11.677, 11.677, 11.652, 11.760, 11.841, 11.855, 11.822, 11.720, 11.800, 11.826, 11.812, 11.776, 11.795, 11.835, 11.837, 11.794, 11.787, 11.832, 11.856, 11.847, 11.768, 11.700, 11.723, 11.800, 11.863, 11.874, 11.863, 11.861, 11.915, 12.033, 12.127, 12.177, 12.169, 12.146, 12.128, 12.164, 12.232, 12.298, 12.295, 12.208, 12.080, 11.961, 11.879, 11.817, 11.622, 11.113, 10.308, 9.589, 9.213, 9.032, 8.929, 8.908, 8.986, 9.233, 9.571, 9.920, 10.245, 10.480, 10.646, 10.785, 10.895, 11.027, 11.172, 11.348, 11.530, 11.711, 11.858, 11.966, 12.035, 12.051, 12.033, 11.997, 11.957, 11.952, 11.962, 12.001, 12.038, 12.068, 12.111, 12.116, 12.072, 12.000, 11.878, 11.751, 11.647, 11.548, 11.493, 11.330, 11.350, 11.361, 11.333, 11.212, 10.890, 10.188, 8.912, 7.284, 6.073, 5.508, 5.299, 5.239, 5.310, 5.461, 5.680, 5.944, 6.215, 6.538, 6.873, 7.201, 7.523, 7.828, 8.131, 8.428, 8.707, 8.980, 9.220, 9.442, 9.624, 9.802, 9.941, 10.069, 10.179, 10.274, 10.376, 10.439, 10.512, 10.555, 10.547, 10.480, 10.433, 10.502, 10.549, 10.523, 10.500, 10.493, 10.439, 10.344, 10.261, 10.096, 9.893, 9.721, 9.495, 9.318, 9.226, 9.156, 8.977, 8.823, 8.743, 8.494, 8.375, 8.175, 7.942, 7.871, 7.563, 7.377, 7.356, 7.233, 7.236, 16.3,1020321.0,1253049.0,899542.24,46629.22,3551.15,14818.00,520.14,8120.31,157.62,462.98,34.58,449.24,22.90,1414.87,26.45,1273.24,19.17,1749.35,63.21,69.52,7.24,0.00,66.99,666.10,17.07,24138.58,150.31,0.00,124.53,0.00,15.39,30.36,2.62,78.73,2.69,24.03,1.40,0.00,5.36,85.28,1.27,160.73,1.74,23.41,0.97,124.49,1.64,6.91,1.08,0.00,53.95,0.00,445.09,55.20,6.51,0.00,508.70,33.08,10.13,0.00,56.18,3.74,1.09,20.40,1.48,20.01,3.93,0.00,149.24,0.00,66.33,167682.66,77324.11,5888.79,27998.06,982.79,17372.06,337.20,1060.86,79.24,1121.71,57.18,1704.36,31.86,1781.53,26.82,2918.78,105.47,124.11,12.92,0.00,97.91,957.08,24.53,34511.99,214.90,0.00,158.34,0.00,19.59,38.00,3.28,98.00,3.35,31.73,1.85,0.00,7.53,93.26,1.39,190.08,2.06,29.73,1.23,168.16,2.22,8.10,1.27,0.00,71.94,0.00,478.08,63.06,7.44,0.00,645.80,39.60,12.13,0.00,65.96,4.04,1.18,21.98,1.59,22.31,4.38,0.00,169.82,0.00,75.25
70.5,70.5,1,70.500,16/03/2026 17:12:54,30.419, , , , , , , , , , , , , , , , , , , , , , , , , , , , , , , , , , , , , , , , , , , , , , , , , , , , , , , , , , , , , , , , , , , , , , , , , , , , , , , , , , , , , , , , , , , , , , , , , , , , , , , , , , , , , , , , , , , , , , , , , , , , , , , , , , , , , , , , , , , , , , , , , , , , , , , , , , , , , , , , , , , , , , , , , , , , , , , , , , , , , , , , , , , , , , , , , , , , , , , , , , , , , , , , , , , , , , , , , , , , , , , , , , , , , , , , , , , , , , , , , , , , , , , , , , , , , , , , , , , , , , , , , , , , , , , , , , , , , , , , , , , , , , , , , , , , , , , , , , , , , , , , , , , , , , , , , , , , , , , , , , , , , , , , , , , , , , , , , , , , , , , , , , , , , , , , , , , , , , , , , , , , 
71.0,71.0,1,71.000,16/03/2026 17:13:20,26.388,,10.21, 10.96, 10.67,39.52, -1.59, 3.51,10.795, 9.937, 10.124, 9.152, 8.933, 8.931, 8.842, 8.959, 9.184, 9.566, 9.788, 9.965, 10.029, 10.198, 10.401, 10.576, 10.742, 10.915, 11.026, 11.121, 11.153, 11.165, 11.137, 11.102, 11.045, 10.989, 10.909, 10.883, 10.830, 10.776, 10.780, 10.692, 10.725, 10.629, 10.716, 10.631, 10.722, 10.716, 10.761, 10.886, 10.896, 11.075, 11.134, 11.233, 11.414, 11.446, 11.525, 11.639, 11.629, 11.643, 11.707, 11.701, 11.662, 11.706, 11.734, 11.714, 11.732, 11.802, 11.856, 11.844, 11.878, 11.958, 12.005, 12.020, 12.048, 12.151, 12.126, 12.098, 12.045, 12.121, 12.209, 12.228, 12.137, 12.059, 12.086, 12.188, 12.278, 12.210, 12.094, 12.003, 11.980, 12.096, 12.186, 12.180, 12.103, 12.042, 12.107, 12.265, 12.438, 12.543, 12.527, 12.446, 12.384, 12.398, 12.527, 12.674, 12.750, 12.699, 12.509, 12.277, 12.103, 12.022, 11.996, 11.808, 11.189, 10.235, 9.387, 8.892, 8.639, 8.486, 8.505, 8.656, 8.970, 9.393, 9.806, 10.138, 10.359, 10.503, 10.604, 10.719, 10.879, 11.112, 11.394, 11.683, 11.954, 12.147, 12.265, 12.287, 12.234, 12.149, 12.063, 12.009, 12.016, 12.096, 12.187, 12.327, 12.426, 12.498, 12.476, 12.388, 12.213, 11.979, 11.756, 11.567, 11.444, 11.389, 11.235, 11.299, 11.359, 11.372, 11.276, 10.920, 10.119, 8.725, 7.046, 5.797, 5.184, 4.911, 4.795, 4.811, 4.945, 5.152, 5.428, 5.747, 6.108, 6.488, 6.871, 7.250, 7.611, 7.937, 8.241, 8.511, 8.760, 8.964, 9.137, 9.293, 9.407, 9.523, 9.628, 9.741, 9.836, 9.965, 10.056, 10.198, 10.312, 10.360, 10.363, 10.344, 10.459, 10.524, 10.494, 10.452, 10.403, 10.297, 10.191, 10.040, 9.814, 9.527, 9.272, 9.030, 8.810, 8.698, 8.555, 8.424, 8.239, 8.050, 7.941, 7.851, 7.719, 7.550, 7.385, 7.357, 7.259, 6.912, 6.987, 6.850, 16.3,998916.0,1212319.0,897824.94,58149.26,3771.63,11618.56,481.96,4020.48,120.26,472.56,34.98,533.09,23.91,337.01,21.55,701.18,15.59,1355.93,58.95,22.11,6.42,0.00,57.96,2028.70,29.45,22340.55,144.10,0.00,120.25,0.00,13.97,12.16,2.25,56.87,2.37,17.59,1.48,0.00,4.99,80.45,1.24,169.95,1.82,16.12,0.91,107.39,1.56,0.00,30.97,0.00,53.13,0.00,441.57,0.00,308.15,86.38,9.42,0.00,543.65,0.00,56.57,0.00,30.93,33.84,1.67,14.90,3.87,0.00,149.48,0.00,68.58,168666.90,96427.51,6254.40,21952.84,910.65,8601.15,257.28,1082.81,80.15,1331.07,59.70,405.96,25.96,981.10,21.81,2262.36,98.36,39.47,11.46,0.00,84.71,2914.92,42.31,31941.26,206.03,0.00,152.90,0.00,17.78,15.22,2.82,70.79,2.95,23.22,1.95,0.00,7.01,87.98,1.36,200.98,2.15,20.47,1.16,145.06,2.11,0.00,36.30,0.00,70.85,0.00,474.30,0.00,352.01,109.66,11.96,0.00,650.80,0.00,66.42,0.00,33.40,36.45,1.80,16.61,4.31,0.00,170.09,0.00,77.80
71.5,71.5,1,71.500,16/03/2026 17:13:55,27.512, , , , , , , , , , , , , , , , , , , , , , , , , , , , , , , , , , , , , , , , , , , , , , , , , , , , , , , , , , , , , , , , , , , , , , , , , , , , , , , , , , , , , , , , , , , , , , , , , , , , , , , , , , , , , , , , , , , , , , , , , , , , , , , , , , , , , , , , , , , , , , , , , , , , , , , , , , , , , , , , , , , , , , , , , , , , , , , , , , , , , , , , , , , , , , , , , , , , , , , , , , , , , , , , , , , , , , , , , , , , , , , , , , , , , , , , , , , , , , , , , , , , , , , , , , , , , , , , , , , , , , , , , , , , , , , , , , , , , , , , , , , , , , , , , , , , , , , , , , , , , , , , , , , , , , , , , , , , , , , , , , , , , , , , , , , , , , , , , , , , , , , , , , , , , , , , , , , , , , , , , , , , 
72.0,72.0,1,72.000,16/03/2026 17:14:21,28.896,,11.11, 11.93, 11.74,41.11, -1.67, 3.28,11.554, 11.830, 10.941, 10.343, 9.928, 9.830, 9.777, 9.930, 10.154, 10.569, 10.778, 10.924, 11.009, 11.183, 11.390, 11.560, 11.761, 11.974, 12.048, 12.081, 12.096, 12.140, 12.118, 12.050, 12.010, 11.908, 11.861, 11.767, 11.727, 11.663, 11.613, 11.577, 11.509, 11.500, 11.483, 11.459, 11.523, 11.455, 11.634, 11.552, 11.760, 11.811, 11.844, 12.116, 12.075, 12.208, 12.397, 12.278, 12.367, 12.518, 12.343, 12.366, 12.556, 12.421, 12.300, 12.522, 12.596, 12.414, 12.443, 12.705, 12.723, 12.534, 12.574, 12.850, 12.937, 12.787, 12.587, 12.706, 12.953, 12.912, 12.714, 12.671, 12.850, 13.006, 12.949, 12.778, 12.696, 12.793, 12.899, 12.881, 12.719, 12.588, 12.602, 12.749, 12.908, 12.969, 12.909, 12.838, 12.846, 12.977, 13.153, 13.271, 13.280, 13.195, 13.112, 13.069, 13.119, 13.178, 13.177, 13.097, 12.933, 12.749, 12.523, 12.176, 11.506, 10.649, 9.994, 9.674, 9.517, 9.358, 9.236, 9.197, 9.347, 9.696, 10.145, 10.628, 11.034, 11.332, 11.512, 11.609, 11.657, 11.725, 11.825, 11.987, 12.230, 12.507, 12.756, 12.967, 13.081, 13.104, 13.026, 12.897, 12.767, 12.653, 12.611, 12.624, 12.713, 12.821, 12.930, 13.001, 13.016, 12.925, 12.784, 12.607, 12.417, 12.238, 11.910, 11.830, 11.744, 11.662, 11.527, 11.204, 10.496, 9.249, 7.693, 6.624, 6.149, 5.967, 5.868, 5.868, 5.906, 5.998, 6.142, 6.307, 6.535, 6.820, 7.124, 7.505, 7.873, 8.286, 8.674, 9.070, 9.453, 9.772, 10.050, 10.282, 10.457, 10.552, 10.621, 10.634, 10.646, 10.622, 10.618, 10.631, 10.627, 10.595, 10.551, 10.541, 10.660, 10.811, 10.886, 10.970, 11.064, 11.121, 11.121, 11.104, 11.001, 10.758, 10.550, 10.287, 10.065, 9.835, 9.632, 9.379, 9.142, 8.851, 8.579, 8.368, 8.150, 7.946, 7.787, 7.635, 7.573, 7.515, 7.507, 7.459, 16.2,1030135.0,1266165.0,891206.59,61847.54,3742.42,12268.11,484.11,4181.56,119.87,503.58,34.62,345.76,22.09,677.27,22.63,879.48,16.72,1216.06,56.69,62.54,6.83,110.20,17.58,1566.84,25.43,24504.24,155.12,0.00,120.10,0.00,17.89,15.90,2.38,95.28,2.92,28.22,1.39,0.00,5.29,87.67,1.30,174.92,1.84,21.26,0.96,124.32,1.65,0.00,30.63,0.00,52.99,36.94,9.67,0.00,309.46,0.00,512.98,0.00,545.74,0.00,59.72,0.00,25.93,14.46,1.39,31.26,3.91,0.00,146.78,0.00,70.65,179101.11,102560.28,6205.96,23180.14,914.71,8945.76,256.44,1153.89,79.33,863.33,55.16,815.84,27.26,1230.57,23.39,2028.99,94.59,111.65,12.19,161.06,25.69,2251.30,36.54,35034.79,221.78,0.00,152.71,0.00,22.77,19.90,2.98,118.60,3.63,37.26,1.84,0.00,7.43,95.88,1.42,206.86,2.18,27.00,1.22,167.93,2.23,0.00,35.90,0.00,70.66,39.68,10.39,0.00,353.51,0.00,651.24,0.00,653.31,0.00,70.11,0.00,28.00,15.58,1.50,34.85,4.36,0.00,167.02,0.00,80.15
72.5,72.5,1,72.500,16/03/2026 17:15:04,27.113, , , , , , , , , , , , , , , , , , , , , , , , , , , , , , , , , , , , , , , , , , , , , , , , , , , , , , , , , , , , , , , , , , , , , , , , , , , , , , , , , , , , , , , , , , , , , , , , , , , , , , , , , , , , , , , , , , , , , , , , , , , , , , , , , , , , , , , , , , , , , , , , , , , , , , , , , , , , , , , , , , , , , , , , , , , , , , , , , , , , , , , , , , , , , , , , , , , , , , , , , , , , , , , , , , , , , , , , , , , , , , , , , , , , , , , , , , , , , , , , , , , , , , , , , , , , , , , , , , , , , , , , , , , , , , , , , , , , , , , , , , , , , , , , , , , , , , , , , , , , , , , , , , , , , , , , , , , , , , , , , , , , , , , , , , , , , , , , , , , , , , , , , , , , , , , , , , , , , , , , , , , , 
73.0,73.0,1,73.000,16/03/2026 17:15:21,27.050,,11.45, 12.31, 12.12,41.70, -1.76, 3.28,13.592, 11.613, 10.835, 10.518, 10.000, 10.099, 10.001, 10.200, 10.469, 10.917, 11.120, 11.289, 11.375, 11.566, 11.770, 11.953, 12.156, 12.342, 12.410, 12.474, 12.513, 12.552, 12.501, 12.414, 12.385, 12.287, 12.178, 12.137, 12.045, 12.002, 11.963, 11.877, 11.868, 11.769, 11.832, 11.741, 11.820, 11.813, 11.837, 11.983, 11.937, 12.174, 12.170, 12.289, 12.492, 12.439, 12.593, 12.684, 12.573, 12.683, 12.713, 12.600, 12.659, 12.728, 12.614, 12.612, 12.747, 12.751, 12.677, 12.773, 12.903, 12.900, 12.831, 12.922, 13.070, 13.092, 12.847, 12.813, 12.951, 13.056, 12.999, 12.897, 12.856, 12.925, 13.029, 13.038, 12.966, 12.870, 12.864, 12.911, 12.937, 12.938, 12.904, 12.887, 12.914, 12.999, 13.107, 13.184, 13.206, 13.206, 13.212, 13.245, 13.314, 13.397, 13.460, 13.463, 13.433, 13.349, 13.269, 13.194, 13.163, 13.134, 13.071, 12.822, 12.216, 11.316, 10.573, 10.213, 10.113, 10.066, 10.093, 10.167, 10.362, 10.628, 10.927, 11.236, 11.498, 11.729, 11.932, 12.109, 12.275, 12.425, 12.551, 12.684, 12.808, 12.921, 13.025, 13.112, 13.172, 13.211, 13.231, 13.229, 13.227, 13.222, 13.216, 13.206, 13.190, 13.192, 13.170, 13.147, 13.101, 13.031, 12.949, 12.875, 12.816, 12.774, 12.568, 12.550, 12.504, 12.423, 12.252, 11.897, 11.165, 9.872, 8.198, 6.938, 6.379, 6.188, 6.169, 6.278, 6.447, 6.695, 6.957, 7.227, 7.514, 7.820, 8.114, 8.421, 8.715, 9.029, 9.340, 9.643, 9.959, 10.237, 10.505, 10.757, 10.961, 11.134, 11.277, 11.395, 11.489, 11.547, 11.605, 11.657, 11.666, 11.617, 11.508, 11.403, 11.469, 11.527, 11.491, 11.518, 11.542, 11.530, 11.499, 11.405, 11.332, 11.141, 10.967, 10.833, 10.679, 10.534, 10.470, 10.389, 10.180, 10.036, 9.881, 9.636, 9.413, 9.198, 9.086, 8.732, 8.695, 8.500, 8.411, 8.435, 16.3,1026508.0,1308145.0,881180.80,65035.40,3640.17,14441.85,503.53,7643.11,150.81,504.88,34.08,449.98,22.28,1215.45,24.94,958.70,17.12,1475.17,59.22,62.63,6.89,75.44,16.75,1231.88,22.30,25105.95,155.36,0.00,117.73,0.00,15.62,23.32,2.46,84.46,2.70,17.86,1.29,0.00,5.25,88.13,1.27,169.31,1.78,16.96,0.91,125.76,1.63,0.00,29.76,0.00,52.09,0.00,420.64,0.00,296.42,0.00,493.52,41.29,10.08,0.00,47.78,0.00,28.36,17.89,1.43,33.81,3.87,0.00,144.50,0.00,63.19,197671.89,107846.63,6036.41,27287.34,951.40,16351.17,322.63,1156.86,78.09,1123.56,55.63,1464.14,30.04,1341.42,23.95,2461.31,98.81,111.81,12.30,110.26,24.48,1770.01,32.04,35895.08,222.12,0.00,149.69,0.00,19.88,29.19,3.08,105.13,3.36,23.58,1.70,0.00,7.38,96.38,1.39,200.23,2.11,21.54,1.16,169.87,2.20,0.00,34.88,0.00,69.46,0.00,451.82,0.00,338.61,0.00,626.53,49.43,12.07,0.00,56.10,0.00,30.62,19.27,1.54,37.69,4.31,0.00,164.43,0.00,71.68
73.5,73.5,1,73.500,16/03/2026 17:16:04,27.513,1157888.358, , , , , , , , , , , , , , , , , , , , , , , , , , , , , , , , , , , , , , , , , , , , , , , , , , , , , , , , , , , , , , , , , , , , , , , , , , , , , , , , , , , , , , , , , , , , , , , , , , , , , , , , , , , , , , , , , , , , , , , , , , , , , , , , , , , , , , , , , , , , , , , , , , , , , , , , , , , , , , , , , , , , , , , , , , , , , , , , , , , , , , , , , , , , , , , , , , , , , , , , , , , , , , , , , , , , , , , , , , , , , , , , , , , , , , , , , , , , , , , , , , , , , , , , , , , , , , , , , , , , , , , , , , , , , , , , , , , , , , , , , , , , , , , , , , , , , , , , , , , , , , , , , , , , , , , , , , , , , , , , , , , , , , , , , , , , , , , , , , , , , , , , , , , , , , , , , , , , , , , , , , , 
74.0,74.0,1,74.000,16/03/2026 17:16:22,25.399,,11.10, 11.94, 11.72,41.13, -1.86, 3.35,11.603, 10.567, 10.146, 9.784, 9.797, 9.597, 9.744, 9.822, 10.145, 10.553, 10.761, 10.892, 11.033, 11.217, 11.421, 11.601, 11.787, 11.960, 12.045, 12.136, 12.174, 12.170, 12.141, 12.074, 11.987, 11.894, 11.820, 11.715, 11.671, 11.592, 11.527, 11.484, 11.399, 11.387, 11.338, 11.351, 11.330, 11.365, 11.382, 11.458, 11.530, 11.611, 11.733, 11.798, 11.931, 11.991, 12.029, 12.098, 12.088, 12.099, 12.101, 12.079, 12.085, 12.073, 12.026, 12.067, 12.106, 12.066, 12.092, 12.183, 12.219, 12.152, 12.191, 12.324, 12.356, 12.319, 12.181, 12.250, 12.332, 12.309, 12.237, 12.207, 12.224, 12.225, 12.204, 12.203, 12.217, 12.220, 12.170, 12.112, 12.055, 12.083, 12.143, 12.176, 12.156, 12.140, 12.185, 12.263, 12.347, 12.412, 12.425, 12.406, 12.402, 12.427, 12.476, 12.522, 12.539, 12.485, 12.362, 12.238, 12.134, 12.078, 12.007, 11.764, 11.171, 10.281, 9.521, 9.122, 8.971, 8.890, 8.891, 8.982, 9.197, 9.492, 9.816, 10.130, 10.370, 10.575, 10.744, 10.889, 11.032, 11.183, 11.339, 11.493, 11.649, 11.787, 11.899, 11.977, 12.002, 12.004, 11.981, 11.961, 11.941, 11.946, 11.951, 11.971, 11.997, 12.029, 12.017, 11.967, 11.886, 11.744, 11.627, 11.510, 11.422, 11.368, 11.180, 11.186, 11.171, 11.131, 10.992, 10.647, 9.923, 8.652, 7.046, 5.846, 5.277, 5.071, 5.012, 5.093, 5.243, 5.470, 5.730, 6.017, 6.320, 6.644, 6.954, 7.286, 7.581, 7.874, 8.143, 8.413, 8.666, 8.882, 9.083, 9.270, 9.424, 9.566, 9.694, 9.812, 9.914, 10.018, 10.103, 10.195, 10.246, 10.262, 10.218, 10.163, 10.221, 10.260, 10.204, 10.185, 10.143, 10.067, 9.939, 9.822, 9.667, 9.449, 9.225, 9.035, 8.938, 8.838, 8.730, 8.591, 8.469, 8.361, 8.225, 8.053, 7.979, 7.815, 7.643, 7.492, 7.352, 7.317, 7.127, 6.898, 16.3,1033747.0,1275005.0,867588.35,87166.03,3910.73,10986.72,466.16,3833.71,116.15,568.75,35.49,598.89,23.81,519.99,21.94,844.10,16.46,1111.94,55.84,86.19,7.05,158.45,18.22,804.27,18.47,25139.87,161.41,0.00,126.42,0.00,14.61,24.63,2.50,93.77,2.89,19.57,1.37,0.00,5.48,90.49,1.31,164.30,1.78,14.72,0.90,119.52,1.61,0.00,29.58,0.00,52.21,0.00,437.79,0.00,307.83,0.00,507.01,0.00,544.34,0.00,58.01,0.00,24.51,22.20,1.49,43.56,3.64,0.00,139.08,0.00,67.50,218171.10,144545.32,6485.07,20759.00,880.79,8201.59,248.48,1303.21,81.32,1495.37,59.45,626.38,26.43,1181.07,23.03,1855.26,93.17,153.87,12.59,231.58,26.63,1155.61,26.54,35943.57,230.77,0.00,160.74,0.00,18.59,30.83,3.13,116.72,3.60,25.84,1.81,0.00,7.70,98.96,1.43,194.30,2.11,18.69,1.14,161.44,2.17,0.00,34.67,0.00,69.62,0.00,470.24,0.00,351.64,0.00,643.66,0.00,651.63,0.00,68.11,0.00,26.46,23.91,1.61,48.56,4.06,0.00,158.26,0.00,76.57
74.5,74.5,1,74.500,16/03/2026 17:17:05,23.413, , , , , , , , , , , , , , , , , , , , , , , , , , , , , , , , , , , , , , , , , , , , , , , , , , , , , , , , , , , , , , , , , , , , , , , , , , , , , , , , , , , , , , , , , , , , , , , , , , , , , , , , , , , , , , , , , , , , , , , , , , , , , , , , , , , , , , , , , , , , , , , , , , , , , , , , , , , , , , , , , , , , , , , , , , , , , , , , , , , , , , , , , , , , , , , , , , , , , , , , , , , , , , , , , , , , , , , , , , , , , , , , , , , , , , , , , , , , , , , , , , , , , , , , , , , , , , , , , , , , , , , , , , , , , , , , , , , , , , , , , , , , , , , , , , , , , , , , , , , , , , , , , , , , , , , , , , , , , , , , , , , , , , , , , , , , , , , , , , , , , , , , , , , , , , , , , , , , , , , , , , , , 
75.0,75.0,1,75.000,16/03/2026 17:17:22,26.191,,10.58, 11.31, 11.19,40.10, -1.28, 3.03,11.085, 10.443, 10.868, 10.307, 9.603, 9.501, 9.588, 9.543, 9.753, 10.097, 10.278, 10.395, 10.466, 10.618, 10.781, 10.938, 11.089, 11.251, 11.334, 11.424, 11.471, 11.531, 11.503, 11.443, 11.388, 11.361, 11.309, 11.216, 11.237, 11.162, 11.131, 11.126, 11.045, 11.098, 11.026, 11.098, 11.048, 11.156, 11.125, 11.261, 11.286, 11.405, 11.505, 11.559, 11.750, 11.739, 11.855, 11.931, 11.870, 11.981, 11.967, 11.895, 12.022, 12.012, 11.890, 12.031, 12.137, 12.011, 12.046, 12.264, 12.276, 12.119, 12.225, 12.459, 12.462, 12.358, 12.306, 12.444, 12.529, 12.417, 12.333, 12.421, 12.508, 12.509, 12.368, 12.340, 12.460, 12.542, 12.477, 12.345, 12.259, 12.353, 12.519, 12.588, 12.536, 12.444, 12.442, 12.587, 12.767, 12.892, 12.874, 12.789, 12.739, 12.774, 12.915, 13.052, 13.114, 13.045, 12.877, 12.694, 12.604, 12.606, 12.608, 12.500, 11.993, 11.146, 10.367, 9.929, 9.779, 9.724, 9.775, 9.924, 10.189, 10.523, 10.830, 11.105, 11.286, 11.445, 11.591, 11.753, 11.933, 12.123, 12.322, 12.511, 12.677, 12.800, 12.870, 12.911, 12.907, 12.901, 12.878, 12.893, 12.929, 12.986, 13.047, 13.114, 13.155, 13.179, 13.150, 13.077, 12.968, 12.813, 12.687, 12.587, 12.539, 12.528, 12.335, 12.383, 12.420, 12.419, 12.315, 11.979, 11.245, 9.908, 8.194, 6.895, 6.270, 6.018, 5.959, 6.050, 6.250, 6.519, 6.864, 7.231, 7.601, 7.962, 8.333, 8.666, 8.969, 9.241, 9.494, 9.702, 9.924, 10.099, 10.296, 10.457, 10.636, 10.800, 10.990, 11.160, 11.343, 11.500, 11.641, 11.796, 11.921, 11.955, 11.887, 11.822, 11.865, 11.888, 11.801, 11.706, 11.642, 11.522, 11.370, 11.196, 11.014, 10.793, 10.596, 10.424, 10.301, 10.218, 10.299, 10.232, 10.170, 10.068, 10.054, 9.965, 9.847, 9.743, 9.533, 9.407, 9.270, 9.067, 8.769, 8.749, 16.3,1015960.0,1222531.0,895827.64,61023.07,3719.47,12642.77,490.48,4425.59,122.56,485.57,34.44,758.16,24.79,893.83,23.68,768.31,16.00,942.54,53.71,53.73,6.78,0.00,64.84,559.31,15.69,21014.51,133.62,0.00,112.49,0.00,15.04,15.01,2.25,85.55,2.73,21.87,1.25,0.00,4.98,92.56,1.28,164.71,1.73,14.91,0.89,107.81,1.52,8.65,1.05,0.00,52.24,0.00,430.92,27.48,6.06,34.25,8.98,0.00,518.66,18.72,3.15,0.00,24.43,13.42,1.30,0.00,136.97,0.00,151.34,0.00,62.98,172960.06,101193.08,6167.91,23888.04,926.74,9467.82,262.20,1112.62,78.91,1893.05,61.90,1076.71,28.53,1075.02,22.39,1572.62,89.61,95.92,12.10,0.00,94.77,803.64,22.54,30045.37,191.04,0.00,143.03,0.00,19.14,18.79,2.82,106.49,3.40,28.88,1.65,0.00,7.00,101.22,1.40,194.79,2.05,18.93,1.13,145.63,2.05,10.14,1.23,0.00,69.66,0.00,462.86,31.39,6.92,43.48,11.40,0.00,620.89,21.98,3.70,0.00,26.38,14.46,1.40,0.00,152.70,0.00,172.21,0.00,71.45
75.5,75.5,1,75.500,16/03/2026 17:18:23,27.976, , , , , , , , , , , , , , , , , , , , , , , , , , , , , , , , , , , , , , , , , , , , , , , , , , , , , , , , , , , , , , , , , , , , , , , , , , , , , , , , , , , , , , , , , , , , , , , , , , , , , , , , , , , , , , , , , , , , , , , , , , , , , , , , , , , , , , , , , , , , , , , , , , , , , , , , , , , , , , , , , , , , , , , , , , , , , , , , , , , , , , , , , , , , , , , , , , , , , , , , , , , , , , , , , , , , , , , , , , , , , , , , , , , , , , , , , , , , , , , , , , , , , , , , , , , , , , , , , , , , , , , , , , , , , , , , , , , , , , , , , , , , , , , , , , , , , , , , , , , , , , , , , , , , , , , , , , , , , , , , , , , , , , , , , , , , , , , , , , , , , , , , , , , , , , , , , , , , , , , , , , , , 
76.0,76.0,1,76.000,16/03/2026 17:18:40,26.254,,12.03, 12.93, 12.85,42.66, -1.82, 3.04,14.023, 12.599, 12.361, 11.267, 11.155, 10.685, 10.737, 10.876, 11.134, 11.607, 11.768, 11.970, 12.070, 12.218, 12.443, 12.621, 12.789, 12.968, 13.059, 13.130, 13.174, 13.175, 13.098, 13.046, 12.986, 12.834, 12.774, 12.682, 12.602, 12.555, 12.456, 12.421, 12.321, 12.311, 12.274, 12.261, 12.280, 12.263, 12.336, 12.343, 12.457, 12.530, 12.591, 12.742, 12.807, 12.863, 12.968, 12.966, 12.952, 13.028, 12.981, 12.930, 12.993, 12.982, 12.882, 12.928, 13.027, 12.989, 12.941, 13.066, 13.160, 13.103, 13.076, 13.193, 13.319, 13.283, 13.097, 13.063, 13.209, 13.259, 13.187, 13.067, 13.019, 13.085, 13.139, 13.148, 13.098, 13.030, 12.990, 12.990, 13.009, 13.045, 13.057, 13.022, 12.994, 13.007, 13.113, 13.217, 13.298, 13.320, 13.266, 13.222, 13.236, 13.323, 13.434, 13.517, 13.513, 13.400, 13.238, 13.115, 13.060, 13.086, 13.120, 12.987, 12.485, 11.646, 10.857, 10.414, 10.251, 10.205, 10.290, 10.455, 10.727, 11.027, 11.289, 11.510, 11.634, 11.740, 11.867, 12.012, 12.205, 12.428, 12.634, 12.833, 12.967, 13.035, 13.058, 13.016, 12.969, 12.922, 12.905, 12.936, 12.996, 13.097, 13.189, 13.263, 13.317, 13.322, 13.248, 13.130, 12.964, 12.797, 12.650, 12.541, 12.484, 12.509, 12.353, 12.447, 12.520, 12.540, 12.470, 12.164, 11.482, 10.211, 8.497, 7.146, 6.464, 6.175, 6.073, 6.145, 6.334, 6.620, 6.976, 7.343, 7.752, 8.139, 8.526, 8.888, 9.223, 9.518, 9.768, 9.987, 10.194, 10.340, 10.481, 10.602, 10.706, 10.816, 10.928, 11.033, 11.180, 11.311, 11.434, 11.582, 11.704, 11.771, 11.795, 11.783, 11.885, 11.968, 11.912, 11.877, 11.824, 11.721, 11.590, 11.432, 11.216, 10.947, 10.694, 10.448, 10.263, 10.156, 10.112, 10.007, 9.877, 9.742, 9.733, 9.655, 9.561, 9.501, 9.348, 9.278, 9.178, 9.035, 9.039, 9.069, 16.3,1008288.0,1198206.0,886546.17,71693.85,3869.48,10397.29,462.66,4229.59,121.69,489.76,34.97,497.32,23.51,358.82,21.44,648.28,15.35,1057.45,55.66,0.00,20.65,0.00,64.97,590.36,16.25,22988.50,148.39,0.00,119.64,0.00,14.86,17.65,2.35,90.66,2.82,22.95,1.21,2.73,0.50,73.90,1.17,154.80,1.71,21.62,0.93,110.84,1.57,0.00,31.29,0.00,53.32,0.00,447.41,0.00,309.64,0.00,503.31,0.00,534.02,0.00,54.72,0.00,26.11,7.43,1.24,0.00,138.38,0.00,153.80,0.00,65.07,187383.68,118888.18,6416.67,19645.29,874.18,9048.51,260.34,1122.22,80.13,1241.76,58.70,432.24,25.83,907.08,21.48,1764.35,92.87,0.00,36.86,0.00,94.96,848.25,23.35,32867.67,212.16,0.00,152.12,0.00,18.91,22.09,2.94,112.85,3.51,30.30,1.60,3.84,0.70,80.82,1.28,183.07,2.02,27.46,1.18,149.72,2.12,0.00,36.68,0.00,71.10,0.00,480.57,0.00,353.71,0.00,638.96,0.00,639.28,0.00,64.24,0.00,28.19,8.00,1.34,0.00,154.27,0.00,175.01,0.00,73.82
76.5,76.5,1,76.500,16/03/2026 17:19:23,26.123, , , , , , , , , , , , , , , , , , , , , , , , , , , , , , , , , , , , , , , , , , , , , , , , , , , , , , , , , , , , , , , , , , , , , , , , , , , , , , , , , , , , , , , , , , , , , , , , , , , , , , , , , , , , , , , , , , , , , , , , , , , , , , , , , , , , , , , , , , , , , , , , , , , , , , , , , , , , , , , , , , , , , , , , , , , , , , , , , , , , , , , , , , , , , , , , , , , , , , , , , , , , , , , , , , , , , , , , , , , , , , , , , , , , , , , , , , , , , , , , , , , , , , , , , , , , , , , , , , , , , , , , , , , , , , , , , , , , , , , , , , , , , , , , , , , , , , , , , , , , , , , , , , , , , , , , , , , , , , , , , , , , , , , , , , , , , , , , , , , , , , , , , , , , , , , , , , , , , , , , , , , , 
77.0,77.0,1,77.000,16/03/2026 17:19:40,24.870,,12.32, 13.19, 13.28,43.05, -1.52, 2.63,14.091, 12.991, 13.820, 12.389, 11.996, 11.493, 11.298, 11.472, 11.614, 12.004, 12.181, 12.333, 12.425, 12.566, 12.731, 12.891, 13.056, 13.223, 13.306, 13.356, 13.397, 13.417, 13.304, 13.292, 13.331, 13.066, 13.022, 13.117, 12.768, 13.002, 12.751, 12.765, 12.754, 12.618, 12.735, 12.601, 12.687, 12.724, 12.634, 12.958, 12.682, 13.127, 12.975, 13.120, 13.400, 13.207, 13.455, 13.531, 13.370, 13.539, 13.550, 13.422, 13.494, 13.564, 13.479, 13.479, 13.582, 13.609, 13.592, 13.629, 13.740, 13.810, 13.795, 13.792, 13.906, 14.003, 13.814, 13.696, 13.695, 13.858, 13.993, 13.860, 13.665, 13.670, 13.877, 14.054, 13.962, 13.715, 13.583, 13.712, 13.924, 14.031, 13.889, 13.663, 13.587, 13.805, 14.128, 14.297, 14.225, 14.019, 13.859, 13.926, 14.195, 14.468, 14.579, 14.485, 14.235, 13.985, 13.904, 14.022, 14.227, 14.373, 14.314, 13.969, 13.241, 12.286, 11.592, 11.407, 11.542, 11.686, 11.770, 11.782, 11.784, 11.823, 11.954, 12.220, 12.573, 12.973, 13.340, 13.627, 13.787, 13.817, 13.768, 13.690, 13.653, 13.698, 13.854, 14.083, 14.323, 14.542, 14.676, 14.708, 14.643, 14.501, 14.313, 14.154, 14.032, 14.015, 14.035, 14.123, 14.233, 14.338, 14.426, 14.428, 14.417, 14.326, 13.950, 13.813, 13.635, 13.463, 13.257, 12.898, 12.260, 11.109, 9.570, 8.439, 7.996, 7.892, 7.929, 8.038, 8.206, 8.384, 8.579, 8.763, 8.966, 9.175, 9.415, 9.697, 9.983, 10.323, 10.683, 11.046, 11.415, 11.772, 12.086, 12.367, 12.608, 12.784, 12.911, 13.011, 13.062, 13.085, 13.103, 13.095, 13.073, 13.002, 12.880, 12.751, 12.817, 12.883, 12.874, 12.923, 12.975, 13.012, 13.052, 13.034, 12.970, 12.828, 12.643, 12.489, 12.436, 12.312, 12.276, 12.143, 11.974, 11.764, 11.615, 11.335, 11.201, 10.991, 10.735, 10.450, 10.335, 10.167, 10.058, 9.945, 16.3,999374.0,1209446.0,881172.56,77389.45,4011.31,11195.86,481.57,2759.76,107.54,449.18,35.44,578.45,24.76,0.00,946.10,738.27,16.14,1310.51,59.63,43.21,6.74,94.65,17.32,535.68,15.84,23132.91,153.27,0.00,122.38,0.00,17.82,23.63,2.54,82.33,2.72,21.37,1.30,0.00,4.88,92.07,1.35,179.65,1.91,8.59,0.88,138.30,1.75,4.77,1.07,0.00,54.89,0.00,460.17,0.00,316.87,0.00,527.67,0.00,556.34,0.00,45.98,0.00,25.32,12.95,1.35,35.90,3.79,0.00,146.84,0.00,74.53,195874.39,128333.05,6651.86,21154.16,909.91,5904.05,230.06,1029.24,81.21,1444.33,61.82,0.00,1139.68,1032.99,22.58,2186.58,99.49,77.14,12.03,138.34,25.31,769.69,22.76,33074.14,219.14,0.00,155.60,0.00,22.68,29.58,3.18,102.48,3.39,28.22,1.72,0.00,6.86,100.69,1.48,212.45,2.26,10.91,1.12,186.81,2.36,5.59,1.25,0.00,73.19,0.00,494.27,0.00,361.97,0.00,669.89,0.00,666.00,0.00,53.98,0.00,27.34,13.95,1.45,40.02,4.23,0.00,167.09,0.00,84.55
77.5,77.5,1,77.500,16/03/2026 17:20:24,23.547, , , , , , , , , , , , , , , , , , , , , , , , , , , , , , , , , , , , , , , , , , , , , , , , , , , , , , , , , , , , , , , , , , , , , , , , , , , , , , , , , , , , , , , , , , , , , , , , , , , , , , , , , , , , , , , , , , , , , , , , , , , , , , , , , , , , , , , , , , , , , , , , , , , , , , , , , , , , , , , , , , , , , , , , , , , , , , , , , , , , , , , , , , , , , , , , , , , , , , , , , , , , , , , , , , , , , , , , , , , , , , , , , , , , , , , , , , , , , , , , , , , , , , , , , , , , , , , , , , , , , , , , , , , , , , , , , , , , , , , , , , , , , , , , , , , , , , , , , , , , , , , , , , , , , , , , , , , , , , , , , , , , , , , , , , , , , , , , , , , , , , , , , , , , , , , , , , , , , , , , , , , , 
78.0,78.0,1,78.000,16/03/2026 17:20:41,23.742,,10.87, 11.59, 11.70,40.56, -1.10, 2.41,13.661, 13.504, 12.299, 10.999, 10.630, 10.319, 10.211, 10.211, 10.305, 10.603, 10.749, 10.845, 10.896, 10.983, 11.157, 11.290, 11.419, 11.571, 11.640, 11.713, 11.720, 11.740, 11.734, 11.716, 11.649, 11.585, 11.583, 11.504, 11.472, 11.470, 11.403, 11.418, 11.369, 11.375, 11.384, 11.380, 11.420, 11.448, 11.498, 11.582, 11.647, 11.741, 11.858, 11.920, 12.081, 12.109, 12.193, 12.291, 12.243, 12.350, 12.329, 12.285, 12.424, 12.368, 12.294, 12.489, 12.503, 12.398, 12.528, 12.705, 12.618, 12.613, 12.788, 12.894, 12.835, 12.858, 12.822, 12.870, 12.784, 12.819, 12.952, 12.957, 12.818, 12.748, 12.880, 13.035, 13.022, 12.853, 12.781, 12.905, 13.033, 13.059, 12.973, 12.901, 12.968, 13.130, 13.296, 13.312, 13.247, 13.231, 13.330, 13.482, 13.603, 13.626, 13.559, 13.503, 13.528, 13.612, 13.670, 13.673, 13.591, 13.471, 13.322, 13.145, 12.803, 12.243, 11.732, 11.449, 11.287, 11.108, 10.997, 11.032, 11.277, 11.684, 12.113, 12.483, 12.703, 12.780, 12.780, 12.776, 12.829, 12.967, 13.206, 13.507, 13.787, 13.979, 14.081, 14.063, 13.961, 13.824, 13.717, 13.685, 13.740, 13.875, 14.039, 14.211, 14.332, 14.382, 14.339, 14.202, 13.993, 13.774, 13.578, 13.482, 13.478, 13.538, 13.448, 13.623, 13.757, 13.817, 13.738, 13.406, 12.696, 11.404, 9.708, 8.383, 7.728, 7.497, 7.490, 7.660, 7.957, 8.333, 8.751, 9.148, 9.521, 9.856, 10.116, 10.337, 10.520, 10.675, 10.819, 10.970, 11.151, 11.377, 11.619, 11.892, 12.171, 12.434, 12.713, 12.960, 13.180, 13.337, 13.450, 13.531, 13.512, 13.406, 13.192, 12.984, 12.931, 12.913, 12.793, 12.699, 12.737, 12.703, 12.709, 12.717, 12.702, 12.648, 12.570, 12.534, 12.553, 12.572, 12.585, 12.522, 12.463, 12.285, 12.079, 11.828, 11.592, 11.241, 10.972, 10.696, 10.558, 10.387, 10.092, 10.173, 16.3,984215.0,1246213.0,884198.15,61375.56,3794.51,14147.65,522.51,9994.07,176.98,631.49,37.68,697.51,25.33,1288.25,26.71,1050.94,18.54,1593.39,62.84,25.04,6.58,0.00,63.21,654.88,17.20,23702.62,152.73,0.00,120.54,0.00,16.56,18.56,2.44,80.26,2.76,13.79,1.26,3.80,0.53,90.53,1.35,197.65,2.01,15.26,0.93,124.54,1.68,14.15,1.14,0.00,56.24,0.00,451.33,0.00,306.97,0.00,526.95,0.00,552.65,0.00,61.82,6.24,1.21,14.04,1.45,53.84,3.91,0.00,147.46,7.79,1.49,194407.86,101777.61,6292.34,26731.46,987.26,21380.66,378.62,1446.97,86.34,1741.62,63.25,1551.83,32.17,1470.48,25.94,2658.56,104.85,44.70,11.75,0.00,92.38,940.96,24.71,33888.67,218.36,0.00,153.26,0.00,21.07,23.23,3.05,99.90,3.44,18.21,1.66,5.34,0.74,99.00,1.48,233.74,2.38,19.38,1.18,168.23,2.27,16.59,1.34,0.00,74.99,0.00,484.78,0.00,350.66,0.00,668.97,0.00,661.58,0.00,72.58,6.74,1.31,15.12,1.56,60.02,4.36,0.00,167.80,8.84,1.69
78.5,78.5,1,78.500,16/03/2026 17:21:24,23.413,1157887.034, , , , , , , , , , , , , , , , , , , , , , , , , , , , , , , , , , , , , , , , , , , , , , , , , , , , , , , , , , , , , , , , , , , , , , , , , , , , , , , , , , , , , , , , , , , , , , , , , , , , , , , , , , , , , , , , , , , , , , , , , , , , , , , , , , , , , , , , , , , , , , , , , , , , , , , , , , , , , , , , , , , , , , , , , , , , , , , , , , , , , , , , , , , , , , , , , , , , , , , , , , , , , , , , , , , , , , , , , , , , , , , , , , , , , , , , , , , , , , , , , , , , , , , , , , , , , , , , , , , , , , , , , , , , , , , , , , , , , , , , , , , , , , , , , , , , , , , , , , , , , , , , , , , , , , , , , , , , , , , , , , , , , , , , , , , , , , , , , , , , , , , , , , , , , , , , , , , , , , , , , , , 
79.0,79.0,1,79.000,16/03/2026 17:21:41,28.040,,12.29, 13.17, 13.37,43.02, -1.54, 2.35,16.317, 14.586, 13.097, 12.774, 12.139, 11.777, 11.517, 11.502, 11.764, 12.130, 12.220, 12.415, 12.505, 12.603, 12.763, 12.916, 13.072, 13.231, 13.342, 13.414, 13.378, 13.277, 13.238, 13.332, 13.235, 12.988, 13.030, 12.969, 12.788, 12.863, 12.700, 12.717, 12.626, 12.619, 12.576, 12.582, 12.555, 12.642, 12.573, 12.784, 12.687, 12.925, 12.915, 13.008, 13.236, 13.101, 13.346, 13.340, 13.243, 13.477, 13.324, 13.268, 13.498, 13.339, 13.224, 13.489, 13.476, 13.267, 13.463, 13.654, 13.500, 13.427, 13.678, 13.798, 13.663, 13.641, 13.628, 13.686, 13.565, 13.534, 13.663, 13.743, 13.643, 13.499, 13.552, 13.720, 13.773, 13.606, 13.430, 13.440, 13.585, 13.704, 13.658, 13.512, 13.470, 13.610, 13.815, 13.922, 13.885, 13.789, 13.775, 13.852, 14.009, 14.117, 14.124, 14.047, 13.951, 13.903, 13.911, 13.925, 13.903, 13.826, 13.672, 13.395, 12.857, 12.114, 11.516, 11.264, 11.182, 11.062, 10.966, 10.942, 11.108, 11.421, 11.828, 12.234, 12.545, 12.753, 12.862, 12.893, 12.934, 13.006, 13.163, 13.358, 13.595, 13.816, 13.986, 14.076, 14.093, 14.031, 13.917, 13.825, 13.786, 13.779, 13.845, 13.931, 14.051, 14.171, 14.189, 14.168, 14.072, 13.897, 13.733, 13.560, 13.437, 13.371, 13.134, 13.187, 13.250, 13.282, 13.231, 12.979, 12.312, 11.067, 9.427, 8.183, 7.579, 7.283, 7.178, 7.220, 7.367, 7.586, 7.873, 8.193, 8.566, 8.939, 9.302, 9.658, 9.993, 10.283, 10.557, 10.797, 11.042, 11.230, 11.405, 11.545, 11.684, 11.800, 11.926, 12.050, 12.177, 12.304, 12.449, 12.571, 12.674, 12.735, 12.683, 12.656, 12.731, 12.801, 12.763, 12.709, 12.691, 12.592, 12.476, 12.335, 12.157, 11.907, 11.647, 11.476, 11.332, 11.214, 11.164, 11.113, 10.985, 10.969, 10.845, 10.711, 10.672, 10.538, 10.407, 10.436, 10.195, 10.164, 10.071, 9.995, 16.3,1028675.0,1265593.0,905883.87,51485.47,3586.85,12133.03,472.49,5176.86,128.64,538.54,34.56,693.53,24.07,171.35,19.96,471.60,14.02,1059.37,54.11,27.19,6.19,135.12,16.95,499.19,14.75,21172.16,131.85,0.00,112.84,0.00,14.29,24.75,2.41,56.97,2.32,18.75,1.21,1.57,0.46,84.87,1.23,141.50,1.56,7.60,0.82,114.64,1.52,0.00,29.17,0.00,51.38,35.81,9.17,0.00,293.71,0.00,495.31,0.00,514.72,19.88,3.16,0.00,32.11,12.63,1.31,33.74,3.70,0.00,142.99,0.00,70.68,156877.13,85377.11,5947.99,22924.91,892.75,11075.04,275.20,1233.99,79.19,1731.68,60.10,206.41,24.04,659.87,19.62,1767.55,90.28,48.54,11.05,197.49,24.77,717.26,21.19,30270.76,188.51,0.00,143.47,0.00,18.19,30.98,3.02,70.91,2.89,24.76,1.60,2.21,0.65,92.81,1.35,167.34,1.84,9.65,1.04,154.85,2.05,0.00,34.19,0.00,68.51,38.46,9.85,0.00,335.51,0.00,628.81,0.00,616.17,23.34,3.71,0.00,34.67,13.61,1.41,37.61,4.12,0.00,162.71,0.00,80.18
79.5,79.5,1,79.500,16/03/2026 17:22:24,29.299, , , , , , , , , , , , , , , , , , , , , , , , , , , , , , , , , , , , , , , , , , , , , , , , , , , , , , , , , , , , , , , , , , , , , , , , , , , , , , , , , , , , , , , , , , , , , , , , , , , , , , , , , , , , , , , , , , , , , , , , , , , , , , , , , , , , , , , , , , , , , , , , , , , , , , , , , , , , , , , , , , , , , , , , , , , , , , , , , , , , , , , , , , , , , , , , , , , , , , , , , , , , , , , , , , , , , , , , , , , , , , , , , , , , , , , , , , , , , , , , , , , , , , , , , , , , , , , , , , , , , , , , , , , , , , , , , , , , , , , , , , , , , , , , , , , , , , , , , , , , , , , , , , , , , , , , , , , , , , , , , , , , , , , , , , , , , , , , , , , , , , , , , , , , , , , , , , , , , , , , , , , , 
80.0,80.0,1,80.000,16/03/2026 17:22:50,28.306,,14.18, 15.27, 15.58,46.01, -2.07, 2.31,19.404, 15.615, 15.399, 14.035, 13.797, 13.429, 13.216, 13.322, 13.642, 14.089, 14.303, 14.464, 14.624, 14.742, 14.924, 15.078, 15.290, 15.435, 15.529, 15.581, 15.562, 15.523, 15.432, 15.313, 15.174, 15.070, 14.991, 14.722, 14.621, 14.636, 14.399, 14.310, 14.275, 14.113, 14.118, 14.049, 14.004, 14.049, 13.986, 14.115, 14.064, 14.247, 14.191, 14.419, 14.360, 14.556, 14.503, 14.558, 14.622, 14.472, 14.594, 14.480, 14.446, 14.527, 14.341, 14.404, 14.517, 14.347, 14.387, 14.526, 14.468, 14.402, 14.501, 14.557, 14.589, 14.581, 14.306, 14.300, 14.413, 14.438, 14.322, 14.207, 14.291, 14.377, 14.261, 14.112, 14.157, 14.256, 14.214, 13.983, 13.870, 13.998, 14.169, 14.137, 13.961, 13.873, 14.005, 14.200, 14.287, 14.197, 14.056, 14.024, 14.150, 14.280, 14.310, 14.231, 14.104, 14.039, 14.031, 14.030, 13.960, 13.835, 13.666, 13.453, 13.061, 12.467, 11.944, 11.608, 11.365, 11.150, 11.047, 11.118, 11.387, 11.775, 12.143, 12.413, 12.537, 12.574, 12.595, 12.659, 12.797, 12.989, 13.183, 13.355, 13.491, 13.563, 13.565, 13.555, 13.532, 13.545, 13.544, 13.565, 13.570, 13.569, 13.570, 13.537, 13.534, 13.533, 13.551, 13.543, 13.500, 13.427, 13.332, 13.212, 13.097, 13.010, 12.684, 12.692, 12.720, 12.722, 12.685, 12.490, 11.955, 10.882, 9.380, 8.162, 7.500, 7.183, 7.047, 7.060, 7.214, 7.463, 7.793, 8.171, 8.567, 8.968, 9.321, 9.648, 9.927, 10.162, 10.315, 10.457, 10.600, 10.689, 10.820, 10.932, 11.069, 11.213, 11.400, 11.569, 11.756, 11.917, 12.080, 12.224, 12.300, 12.352, 12.286, 12.205, 12.164, 12.098, 11.948, 11.821, 11.700, 11.597, 11.483, 11.374, 11.307, 11.202, 11.133, 11.100, 11.037, 11.050, 11.033, 11.013, 10.928, 10.844, 10.684, 10.544, 10.329, 10.143, 9.928, 9.810, 9.460, 9.278, 9.198, 9.152, 16.3,1041424.0,1361028.0,855536.42,69770.03,3649.80,17115.53,541.40,16026.40,215.96,506.40,34.69,584.41,23.32,2795.74,33.41,1636.77,21.83,2190.84,67.85,84.59,7.48,134.17,18.62,834.13,19.04,32141.03,196.94,0.00,140.72,0.00,15.18,31.43,2.75,107.37,3.15,34.71,1.54,0.00,4.90,89.05,1.35,129.42,1.58,15.00,0.94,127.30,1.68,3.56,1.09,0.00,54.08,0.00,450.16,0.00,313.80,45.70,9.59,0.00,550.72,0.00,51.44,4.07,1.15,15.25,1.48,40.72,3.95,0.00,141.37,0.00,71.07,242543.57,115697.95,6052.37,32339.15,1022.96,34285.84,462.01,1160.35,79.49,1459.22,58.23,3367.76,40.25,2290.18,30.54,3655.40,113.21,151.01,13.35,196.10,27.21,1198.51,27.36,45953.44,281.57,0.00,178.92,0.00,19.32,39.34,3.44,133.65,3.92,45.83,2.03,0.00,6.89,97.38,1.48,153.05,1.87,19.05,1.19,171.95,2.27,4.17,1.28,0.00,72.11,0.00,483.52,0.00,358.46,58.02,12.17,0.00,659.27,0.00,60.39,4.39,1.24,16.43,1.59,45.40,4.40,0.00,160.87,0.00,80.62
80.5,80.5,1,80.500,16/03/2026 17:23:34,28.574, , , , , , , , , , , , , , , , , , , , , , , , , , , , , , , , , , , , , , , , , , , , , , , , , , , , , , , , , , , , , , , , , , , , , , , , , , , , , , , , , , , , , , , , , , , , , , , , , , , , , , , , , , , , , , , , , , , , , , , , , , , , , , , , , , , , , , , , , , , , , , , , , , , , , , , , , , , , , , , , , , , , , , , , , , , , , , , , , , , , , , , , , , , , , , , , , , , , , , , , , , , , , , , , , , , , , , , , , , , , , , , , , , , , , , , , , , , , , , , , , , , , , , , , , , , , , , , , , , , , , , , , , , , , , , , , , , , , , , , , , , , , , , , , , , , , , , , , , , , , , , , , , , , , , , , , , , , , , , , , , , , , , , , , , , , , , , , , , , , , , , , , , , , , , , , , , , , , , , , , , , , , 
81.0,81.0,1,81.000,16/03/2026 17:24:00,27.577,,12.97, 14.01, 14.20,44.25, -2.24, 2.45,17.332, 15.026, 13.252, 12.407, 12.265, 12.029, 11.915, 12.129, 12.419, 12.784, 12.977, 13.215, 13.333, 13.542, 13.727, 13.881, 14.072, 14.207, 14.260, 14.302, 14.275, 14.231, 14.162, 14.051, 13.901, 13.766, 13.648, 13.498, 13.416, 13.294, 13.195, 13.113, 13.012, 12.955, 12.910, 12.861, 12.882, 12.843, 12.917, 12.925, 13.049, 13.077, 13.227, 13.299, 13.421, 13.524, 13.566, 13.646, 13.657, 13.682, 13.645, 13.660, 13.676, 13.611, 13.618, 13.663, 13.659, 13.651, 13.687, 13.737, 13.797, 13.757, 13.783, 13.921, 14.001, 13.919, 13.728, 13.813, 13.885, 13.851, 13.760, 13.792, 13.823, 13.785, 13.741, 13.750, 13.804, 13.750, 13.681, 13.618, 13.604, 13.644, 13.657, 13.664, 13.657, 13.655, 13.693, 13.761, 13.837, 13.923, 13.951, 13.924, 13.886, 13.886, 13.945, 14.041, 14.087, 14.042, 13.906, 13.747, 13.634, 13.597, 13.574, 13.420, 12.906, 12.057, 11.295, 10.858, 10.669, 10.573, 10.582, 10.681, 10.929, 11.279, 11.617, 11.936, 12.165, 12.324, 12.454, 12.568, 12.696, 12.849, 13.032, 13.224, 13.404, 13.537, 13.613, 13.635, 13.601, 13.545, 13.485, 13.470, 13.477, 13.526, 13.586, 13.633, 13.645, 13.646, 13.625, 13.522, 13.392, 13.237, 13.105, 13.026, 12.979, 12.950, 12.755, 12.816, 12.856, 12.854, 12.718, 12.388, 11.616, 10.247, 8.430, 7.058, 6.427, 6.162, 6.104, 6.200, 6.412, 6.709, 7.062, 7.433, 7.823, 8.216, 8.564, 8.911, 9.202, 9.475, 9.730, 9.951, 10.171, 10.365, 10.556, 10.741, 10.915, 11.089, 11.282, 11.442, 11.609, 11.751, 11.894, 12.016, 12.132, 12.182, 12.141, 12.096, 12.053, 11.968, 11.860, 11.732, 11.592, 11.465, 11.257, 11.087, 10.916, 10.828, 10.693, 10.579, 10.493, 10.439, 10.441, 10.365, 10.266, 10.175, 10.152, 9.895, 9.679, 9.518, 9.241, 8.994, 8.767, 8.513, 8.444, 8.272, 16.3,1021819.0,1288411.0,882844.47,55693.08,3561.66,16740.87,530.60,8511.60,158.38,237.57,30.80,459.95,22.31,1483.37,26.34,1327.49,19.31,1309.81,57.52,0.00,21.78,0.00,63.21,759.11,17.85,30056.72,182.82,0.00,136.50,0.00,16.28,30.79,2.69,77.59,2.72,38.78,1.52,0.00,5.67,85.51,1.29,150.68,1.70,16.16,0.93,96.84,1.51,5.89,1.08,0.00,51.45,0.00,432.03,0.00,297.33,0.00,500.73,40.39,10.26,0.00,56.54,0.00,29.16,13.29,1.43,20.09,4.08,0.00,147.85,0.00,66.21,194482.88,92354.49,5906.21,31631.25,1002.55,18209.16,338.83,544.36,70.57,1148.45,55.71,1786.87,31.73,1857.43,27.02,2185.41,95.97,0.00,38.88,0.00,92.38,1090.72,25.65,42973.41,261.39,0.00,173.56,0.00,20.72,38.54,3.37,96.58,3.39,51.20,2.01,0.00,7.97,93.51,1.41,178.19,2.01,20.52,1.18,130.81,2.04,6.90,1.27,0.00,68.61,0.00,464.05,0.00,339.65,0.00,635.69,48.35,12.28,0.00,66.38,0.00,31.49,14.32,1.54,22.40,4.55,0.00,168.24,0.00,75.11
81.5,81.5,1,81.500,16/03/2026 17:24:43,29.164, , , , , , , , , , , , , , , , , , , , , , , , , , , , , , , , , , , , , , , , , , , , , , , , , , , , , , , , , , , , , , , , , , , , , , , , , , , , , , , , , , , , , , , , , , , , , , , , , , , , , , , , , , , , , , , , , , , , , , , , , , , , , , , , , , , , , , , , , , , , , , , , , , , , , , , , , , , , , , , , , , , , , , , , , , , , , , , , , , , , , , , , , , , , , , , , , , , , , , , , , , , , , , , , , , , , , , , , , , , , , , , , , , , , , , , , , , , , , , , , , , , , , , , , , , , , , , , , , , , , , , , , , , , , , , , , , , , , , , , , , , , , , , , , , , , , , , , , , , , , , , , , , , , , , , , , , , , , , , , , , , , , , , , , , , , , , , , , , , , , , , , , , , , , , , , , , , , , , , , , , , , , 
82.0,82.0,1,82.000,16/03/2026 17:25:00,30.489,,13.22, 14.24, 14.47,44.57, -2.02, 2.37,16.421, 14.687, 13.884, 13.044, 12.660, 12.332, 12.240, 12.408, 12.666, 13.025, 13.256, 13.460, 13.577, 13.739, 13.932, 14.084, 14.257, 14.401, 14.451, 14.498, 14.480, 14.464, 14.399, 14.286, 14.166, 14.019, 13.929, 13.809, 13.688, 13.627, 13.513, 13.431, 13.390, 13.272, 13.304, 13.196, 13.266, 13.202, 13.296, 13.305, 13.403, 13.487, 13.550, 13.704, 13.762, 13.863, 13.938, 13.941, 14.002, 14.028, 13.954, 13.977, 14.025, 13.930, 13.891, 14.001, 13.993, 13.896, 13.990, 14.112, 14.067, 13.998, 14.120, 14.230, 14.230, 14.152, 14.029, 14.115, 14.134, 14.024, 14.053, 14.080, 14.054, 14.009, 13.961, 14.018, 14.020, 13.987, 13.922, 13.861, 13.830, 13.862, 13.899, 13.885, 13.879, 13.885, 13.933, 14.000, 14.052, 14.090, 14.124, 14.130, 14.128, 14.125, 14.122, 14.149, 14.190, 14.183, 14.111, 13.978, 13.845, 13.730, 13.624, 13.458, 12.985, 12.184, 11.445, 10.992, 10.740, 10.572, 10.535, 10.636, 10.943, 11.350, 11.765, 12.112, 12.316, 12.419, 12.480, 12.543, 12.677, 12.877, 13.129, 13.390, 13.600, 13.722, 13.761, 13.716, 13.612, 13.516, 13.459, 13.465, 13.550, 13.661, 13.771, 13.841, 13.834, 13.805, 13.735, 13.573, 13.370, 13.173, 13.061, 12.992, 13.028, 13.109, 12.972, 13.083, 13.138, 13.103, 12.932, 12.519, 11.683, 10.200, 8.271, 6.763, 6.076, 5.816, 5.799, 5.948, 6.227, 6.593, 7.002, 7.411, 7.830, 8.215, 8.540, 8.833, 9.082, 9.317, 9.524, 9.735, 9.992, 10.245, 10.515, 10.798, 11.070, 11.327, 11.558, 11.767, 11.928, 12.075, 12.138, 12.190, 12.184, 12.145, 12.006, 11.857, 11.780, 11.701, 11.562, 11.464, 11.378, 11.286, 11.185, 11.051, 10.960, 10.912, 10.812, 10.710, 10.619, 10.545, 10.390, 10.329, 10.171, 10.005, 9.835, 9.552, 9.371, 9.080, 8.830, 8.639, 8.447, 8.078, 7.929, 7.804, 16.3,1034309.0,1299230.0,898075.87,40426.51,3424.73,13749.45,502.87,8935.59,161.90,490.98,34.18,737.71,24.17,1994.75,28.79,1519.34,20.59,2095.69,65.89,68.55,7.26,0.00,70.89,677.78,17.19,30663.43,185.51,0.00,140.20,0.00,17.71,46.70,3.03,69.70,2.64,33.65,1.50,0.00,5.44,102.08,1.43,154.33,1.74,16.14,0.97,117.72,1.65,8.24,1.12,0.00,52.40,0.00,447.69,0.00,307.55,0.00,519.57,0.00,544.96,0.00,54.28,0.00,25.69,15.84,1.47,0.00,138.20,0.00,153.55,0.00,68.13,168753.11,67038.30,5679.15,25979.07,950.15,19116.22,346.36,1125.01,78.32,1841.99,60.35,2402.88,34.68,2125.87,28.81,3496.65,109.94,122.37,12.96,0.00,103.61,973.86,24.70,43840.85,265.23,0.00,178.26,0.00,22.54,58.46,3.79,86.76,3.29,44.43,1.98,0.00,7.64,111.63,1.56,182.51,2.06,20.50,1.23,159.01,2.23,9.66,1.31,0.00,69.87,0.00,480.87,0.00,351.32,0.00,659.60,0.00,652.37,0.00,63.73,0.00,27.74,17.06,1.58,0.00,154.07,0.00,174.73,0.00,77.29
82.5,82.5,1,82.500,16/03/2026 17:25:43,31.942, , , , , , , , , , , , , , , , , , , , , , , , , , , , , , , , , , , , , , , , , , , , , , , , , , , , , , , , , , , , , , , , , , , , , , , , , , , , , , , , , , , , , , , , , , , , , , , , , , , , , , , , , , , , , , , , , , , , , , , , , , , , , , , , , , , , , , , , , , , , , , , , , , , , , , , , , , , , , , , , , , , , , , , , , , , , , , , , , , , , , , , , , , , , , , , , , , , , , , , , , , , , , , , , , , , , , , , , , , , , , , , , , , , , , , , , , , , , , , , , , , , , , , , , , , , , , , , , , , , , , , , , , , , , , , , , , , , , , , , , , , , , , , , , , , , , , , , , , , , , , , , , , , , , , , , , , , , , , , , , , , , , , , , , , , , , , , , , , , , , , , , , , , , , , , , , , , , , , , , , , , , , 
83.0,83.0,1,83.000,16/03/2026 17:26:00,31.153,,13.96, 15.03, 15.32,45.67, -2.04, 2.32,17.156, 15.982, 14.658, 14.094, 13.571, 13.156, 13.051, 13.168, 13.397, 13.858, 14.021, 14.224, 14.363, 14.521, 14.692, 14.851, 15.045, 15.175, 15.245, 15.308, 15.317, 15.271, 15.185, 15.067, 14.952, 14.804, 14.680, 14.552, 14.455, 14.360, 14.255, 14.173, 14.078, 14.011, 13.985, 13.908, 13.955, 13.895, 13.977, 13.975, 14.098, 14.139, 14.243, 14.361, 14.404, 14.562, 14.543, 14.621, 14.666, 14.597, 14.635, 14.618, 14.568, 14.579, 14.532, 14.536, 14.588, 14.552, 14.547, 14.647, 14.692, 14.612, 14.655, 14.776, 14.816, 14.748, 14.496, 14.566, 14.552, 14.529, 14.524, 14.518, 14.478, 14.463, 14.461, 14.489, 14.464, 14.391, 14.329, 14.324, 14.318, 14.340, 14.327, 14.307, 14.297, 14.336, 14.410, 14.464, 14.495, 14.511, 14.526, 14.535, 14.546, 14.561, 14.587, 14.617, 14.618, 14.585, 14.494, 14.373, 14.292, 14.271, 14.239, 14.103, 13.666, 12.941, 12.251, 11.857, 11.677, 11.603, 11.616, 11.720, 11.932, 12.213, 12.494, 12.747, 12.932, 13.091, 13.228, 13.361, 13.474, 13.590, 13.692, 13.793, 13.877, 13.953, 14.015, 14.080, 14.121, 14.150, 14.149, 14.144, 14.107, 14.075, 14.035, 13.990, 13.941, 13.945, 13.969, 13.963, 13.934, 13.891, 13.834, 13.780, 13.700, 13.653, 13.383, 13.369, 13.352, 13.314, 13.221, 12.951, 12.342, 11.149, 9.385, 7.907, 7.192, 6.927, 6.878, 7.004, 7.239, 7.545, 7.896, 8.256, 8.617, 8.987, 9.327, 9.676, 9.991, 10.295, 10.552, 10.807, 11.055, 11.273, 11.488, 11.666, 11.844, 11.996, 12.153, 12.287, 12.406, 12.513, 12.609, 12.684, 12.757, 12.768, 12.713, 12.628, 12.635, 12.582, 12.448, 12.331, 12.236, 12.120, 11.980, 11.827, 11.733, 11.644, 11.536, 11.423, 11.387, 11.296, 11.214, 11.139, 11.048, 10.882, 10.737, 10.510, 10.338, 10.195, 9.850, 9.700, 9.499, 9.283, 9.108, 8.995, 16.3,1043764.0,1344033.0,866567.00,68268.62,3619.81,13870.19,495.36,12325.47,186.37,498.21,33.75,786.99,24.07,2111.92,29.12,1613.92,20.83,1842.38,63.10,37.75,6.70,51.87,16.44,783.37,18.13,30622.36,186.08,0.00,137.29,0.00,17.89,41.98,2.89,95.07,2.95,25.56,1.50,0.00,5.24,85.37,1.27,143.95,1.65,11.90,0.90,114.05,1.59,10.94,1.10,0.00,50.82,0.00,430.12,21.36,6.33,38.09,9.47,0.00,526.42,0.00,55.31,4.25,1.13,27.41,1.60,0.00,131.41,0.00,145.71,0.00,57.70,222574.57,113208.20,6002.64,26207.21,935.96,26368.31,398.71,1141.58,77.33,1965.04,60.10,2544.03,35.08,2258.21,29.15,3074.00,105.28,67.39,11.96,75.81,24.03,1125.58,26.05,43782.13,266.05,0.00,174.56,0.00,22.77,52.55,3.62,118.34,3.67,33.75,1.98,0.00,7.36,93.36,1.39,170.24,1.95,15.11,1.14,154.06,2.15,12.82,1.29,0.00,67.77,0.00,462.00,24.40,7.23,48.36,12.02,0.00,630.18,0.00,64.94,4.59,1.22,29.53,1.72,0.00,146.50,0.00,165.80,0.00,65.46
83.5,83.5,1,83.500,16/03/2026 17:26:44,30.491,1157887.828, , , , , , , , , , , , , , , , , , , , , , , , , , , , , , , , , , , , , , , , , , , , , , , , , , , , , , , , , , , , , , , , , , , , , , , , , , , , , , , , , , , , , , , , , , , , , , , , , , , , , , , , , , , , , , , , , , , , , , , , , , , , , , , , , , , , , , , , , , , , , , , , , , , , , , , , , , , , , , , , , , , , , , , , , , , , , , , , , , , , , , , , , , , , , , , , , , , , , , , , , , , , , , , , , , , , , , , , , , , , , , , , , , , , , , , , , , , , , , , , , , , , , , , , , , , , , , , , , , , , , , , , , , , , , , , , , , , , , , , , , , , , , , , , , , , , , , , , , , , , , , , , , , , , , , , , , , , , , , , , , , , , , , , , , , , , , , , , , , , , , , , , , , , , , , , , , , , , , , , , , , , 
84.0,84.0,1,84.000,16/03/2026 17:27:10,31.483,,14.65, 15.75, 16.07,46.64, -1.93, 2.32,20.147, 16.859, 15.494, 14.985, 14.214, 13.936, 13.770, 13.791, 14.052, 14.528, 14.730, 14.943, 15.053, 15.212, 15.391, 15.535, 15.736, 15.877, 15.952, 16.011, 16.039, 16.023, 15.917, 15.786, 15.656, 15.540, 15.463, 15.271, 15.184, 15.156, 15.008, 14.938, 14.893, 14.758, 14.802, 14.685, 14.747, 14.694, 14.781, 14.786, 14.935, 14.926, 15.140, 15.141, 15.342, 15.397, 15.434, 15.555, 15.505, 15.545, 15.530, 15.500, 15.549, 15.488, 15.442, 15.528, 15.532, 15.502, 15.566, 15.636, 15.635, 15.638, 15.696, 15.761, 15.819, 15.804, 15.525, 15.549, 15.591, 15.645, 15.586, 15.506, 15.500, 15.532, 15.538, 15.495, 15.469, 15.478, 15.453, 15.383, 15.309, 15.354, 15.417, 15.446, 15.389, 15.354, 15.413, 15.536, 15.659, 15.684, 15.643, 15.575, 15.597, 15.687, 15.773, 15.802, 15.764, 15.656, 15.563, 15.486, 15.449, 15.397, 15.313, 15.090, 14.561, 13.777, 13.092, 12.707, 12.488, 12.331, 12.268, 12.324, 12.585, 12.993, 13.437, 13.817, 14.040, 14.129, 14.149, 14.170, 14.266, 14.478, 14.752, 15.061, 15.315, 15.448, 15.451, 15.351, 15.200, 15.089, 15.026, 15.087, 15.237, 15.420, 15.584, 15.633, 15.599, 15.483, 15.311, 15.088, 14.869, 14.736, 14.694, 14.733, 14.866, 15.014, 14.893, 14.982, 14.960, 14.842, 14.555, 14.057, 13.196, 11.772, 9.901, 8.497, 7.892, 7.721, 7.760, 7.930, 8.174, 8.462, 8.780, 9.072, 9.383, 9.668, 9.957, 10.262, 10.573, 10.887, 11.247, 11.626, 12.016, 12.383, 12.734, 13.015, 13.258, 13.427, 13.527, 13.600, 13.592, 13.600, 13.587, 13.582, 13.612, 13.605, 13.611, 13.596, 13.729, 13.827, 13.894, 13.918, 13.951, 13.906, 13.741, 13.571, 13.346, 13.155, 12.865, 12.607, 12.344, 12.179, 11.983, 11.810, 11.634, 11.564, 11.436, 11.370, 11.372, 11.267, 11.219, 11.072, 10.935, 10.974, 10.871, 10.782, 16.3,1047041.0,1338694.0,880899.35,63157.32,3598.54,13258.96,489.86,5432.96,129.37,450.15,33.13,930.57,25.01,1758.00,27.27,1616.31,20.58,1662.83,60.96,47.79,6.73,117.43,17.64,714.91,17.40,29260.14,178.51,0.00,133.55,0.00,17.37,28.93,2.64,95.81,2.93,23.92,1.46,0.00,5.54,81.18,1.25,155.50,1.72,12.41,0.89,118.69,1.62,4.51,1.06,0.00,51.71,0.00,422.84,25.20,6.26,87.40,9.29,34.18,10.20,0.00,54.16,0.00,26.49,25.56,1.58,0.00,130.53,0.00,146.18,0.00,66.37,195884.10,104732.25,5967.37,25052.31,925.57,11622.92,276.77,1031.46,75.91,2323.54,62.45,2117.69,32.85,2261.55,28.80,2774.42,101.71,85.31,12.01,171.63,25.78,1027.21,25.00,41834.50,255.22,0.00,169.81,0.00,22.10,36.21,3.30,119.26,3.65,31.58,1.93,0.00,7.79,88.78,1.37,183.89,2.03,15.76,1.13,160.32,2.19,5.29,1.24,0.00,68.95,0.00,454.18,28.79,7.15,110.96,11.79,40.92,12.21,0.00,63.59,0.00,28.60,27.53,1.70,0.00,145.52,0.00,166.34,0.00,75.29
84.5,84.5,1,84.500,16/03/2026 17:27:44,31.216, , , , , , , , , , , , , , , , , , , , , , , , , , , , , , , , , , , , , , , , , , , , , , , , , , , , , , , , , , , , , , , , , , , , , , , , , , , , , , , , , , , , , , , , , , , , , , , , , , , , , , , , , , , , , , , , , , , , , , , , , , , , , , , , , , , , , , , , , , , , , , , , , , , , , , , , , , , , , , , , , , , , , , , , , , , , , , , , , , , , , , , , , , , , , , , , , , , , , , , , , , , , , , , , , , , , , , , , , , , , , , , , , , , , , , , , , , , , , , , , , , , , , , , , , , , , , , , , , , , , , , , , , , , , , , , , , , , , , , , , , , , , , , , , , , , , , , , , , , , , , , , , , , , , , , , , , , , , , , , , , , , , , , , , , , , , , , , , , , , , , , , , , , , , , , , , , , , , , , , , , , , , 
85.0,85.0,1,85.000,16/03/2026 17:28:10,29.432,,13.17, 14.18, 14.34,44.49, -1.99, 2.53,14.776, 14.424, 13.880, 12.998, 12.499, 12.322, 12.055, 12.319, 12.500, 12.961, 13.166, 13.341, 13.425, 13.614, 13.788, 13.958, 14.159, 14.292, 14.390, 14.449, 14.450, 14.421, 14.331, 14.245, 14.165, 13.998, 13.876, 13.767, 13.693, 13.564, 13.504, 13.425, 13.304, 13.296, 13.192, 13.223, 13.162, 13.222, 13.196, 13.301, 13.318, 13.464, 13.503, 13.640, 13.749, 13.769, 13.908, 13.892, 13.904, 13.969, 13.890, 13.878, 13.936, 13.867, 13.806, 13.891, 13.924, 13.835, 13.886, 13.996, 13.996, 13.925, 14.013, 14.131, 14.145, 14.111, 13.927, 13.969, 13.970, 13.937, 13.955, 13.935, 13.877, 13.808, 13.865, 13.941, 13.943, 13.815, 13.721, 13.736, 13.764, 13.806, 13.766, 13.724, 13.725, 13.799, 13.894, 13.938, 13.964, 13.961, 13.994, 14.027, 14.063, 14.075, 14.072, 14.091, 14.107, 14.099, 14.015, 13.891, 13.763, 13.658, 13.580, 13.419, 12.976, 12.248, 11.592, 11.194, 10.976, 10.827, 10.805, 10.913, 11.185, 11.551, 11.905, 12.196, 12.356, 12.443, 12.511, 12.584, 12.716, 12.910, 13.125, 13.341, 13.526, 13.647, 13.695, 13.690, 13.624, 13.561, 13.505, 13.515, 13.543, 13.622, 13.691, 13.756, 13.760, 13.784, 13.744, 13.634, 13.487, 13.345, 13.202, 13.098, 13.057, 13.094, 12.879, 12.970, 13.010, 13.038, 12.935, 12.629, 11.944, 10.713, 9.054, 7.770, 7.143, 6.904, 6.862, 6.976, 7.222, 7.518, 7.855, 8.195, 8.549, 8.875, 9.187, 9.456, 9.711, 9.928, 10.142, 10.334, 10.532, 10.716, 10.894, 11.085, 11.267, 11.443, 11.622, 11.799, 11.946, 12.077, 12.192, 12.317, 12.388, 12.397, 12.330, 12.217, 12.213, 12.175, 12.069, 11.967, 11.872, 11.785, 11.662, 11.544, 11.436, 11.322, 11.230, 11.127, 11.063, 11.083, 11.075, 11.007, 10.951, 10.897, 10.761, 10.631, 10.462, 10.299, 10.122, 9.837, 9.641, 9.529, 9.342, 9.531, 16.3,1024452.0,1316534.0,873330.08,73493.06,3812.21,10751.17,469.45,5587.81,133.64,388.71,33.22,832.60,25.16,1636.18,27.41,1426.49,19.90,1834.14,64.02,57.91,7.06,127.49,18.39,752.22,18.18,29138.54,184.28,0.00,139.02,0.00,17.32,39.99,2.88,100.76,2.99,26.40,1.48,0.00,5.22,81.78,1.28,164.31,1.82,18.01,0.95,120.59,1.67,9.10,1.11,0.00,53.13,0.00,440.73,0.00,307.75,43.14,9.66,0.00,535.04,0.00,36.90,0.00,25.70,21.15,1.54,18.32,4.02,0.00,148.43,0.00,66.58,207956.31,121871.76,6321.70,20313.93,887.01,11954.20,285.90,890.68,76.12,2078.92,62.82,1970.95,33.02,1995.95,27.84,3060.25,106.82,103.38,12.60,186.33,26.88,1080.82,26.12,41660.65,263.47,0.00,176.76,0.00,22.04,50.06,3.61,125.42,3.72,34.86,1.95,0.00,7.34,89.43,1.40,194.31,2.15,22.87,1.21,162.89,2.26,10.67,1.30,0.00,70.85,0.00,473.39,0.00,351.55,54.77,12.26,0.00,640.50,0.00,43.32,0.00,27.75,22.78,1.66,20.42,4.48,0.00,168.90,0.00,75.53
85.5,85.5,1,85.500,16/03/2026 17:29:02,28.901, , , , , , , , , , , , , , , , , , , , , , , , , , , , , , , , , , , , , , , , , , , , , , , , , , , , , , , , , , , , , , , , , , , , , , , , , , , , , , , , , , , , , , , , , , , , , , , , , , , , , , , , , , , , , , , , , , , , , , , , , , , , , , , , , , , , , , , , , , , , , , , , , , , , , , , , , , , , , , , , , , , , , , , , , , , , , , , , , , , , , , , , , , , , , , , , , , , , , , , , , , , , , , , , , , , , , , , , , , , , , , , , , , , , , , , , , , , , , , , , , , , , , , , , , , , , , , , , , , , , , , , , , , , , , , , , , , , , , , , , , , , , , , , , , , , , , , , , , , , , , , , , , , , , , , , , , , , , , , , , , , , , , , , , , , , , , , , , , , , , , , , , , , , , , , , , , , , , , , , , , , , , 
86.0,86.0,1,86.000,16/03/2026 17:29:19,30.358,,12.39, 13.33, 13.35,43.25, -1.87, 2.79,14.873, 14.209, 13.212, 12.022, 11.645, 11.528, 11.333, 11.454, 11.686, 12.009, 12.194, 12.413, 12.543, 12.712, 12.882, 13.032, 13.224, 13.401, 13.492, 13.549, 13.566, 13.558, 13.502, 13.424, 13.331, 13.205, 13.116, 13.018, 12.920, 12.863, 12.777, 12.697, 12.634, 12.571, 12.552, 12.505, 12.516, 12.515, 12.549, 12.611, 12.673, 12.758, 12.849, 12.939, 13.052, 13.118, 13.182, 13.222, 13.236, 13.253, 13.219, 13.219, 13.235, 13.193, 13.169, 13.211, 13.237, 13.209, 13.234, 13.329, 13.361, 13.319, 13.352, 13.473, 13.521, 13.478, 13.283, 13.356, 13.388, 13.379, 13.319, 13.271, 13.297, 13.324, 13.286, 13.261, 13.296, 13.292, 13.246, 13.199, 13.169, 13.195, 13.251, 13.260, 13.239, 13.233, 13.271, 13.353, 13.440, 13.472, 13.481, 13.451, 13.464, 13.496, 13.555, 13.589, 13.615, 13.567, 13.492, 13.387, 13.314, 13.279, 13.227, 13.085, 12.669, 11.994, 11.364, 11.012, 10.851, 10.754, 10.741, 10.825, 11.043, 11.349, 11.649, 11.931, 12.106, 12.217, 12.300, 12.387, 12.488, 12.636, 12.803, 12.979, 13.118, 13.235, 13.291, 13.300, 13.274, 13.236, 13.193, 13.174, 13.204, 13.250, 13.298, 13.333, 13.359, 13.360, 13.325, 13.267, 13.166, 13.048, 12.945, 12.870, 12.852, 12.837, 12.628, 12.675, 12.703, 12.697, 12.609, 12.333, 11.723, 10.571, 8.980, 7.729, 7.114, 6.880, 6.843, 6.961, 7.185, 7.462, 7.780, 8.101, 8.428, 8.744, 9.040, 9.331, 9.580, 9.812, 10.045, 10.241, 10.476, 10.674, 10.883, 11.065, 11.239, 11.399, 11.551, 11.678, 11.801, 11.911, 12.018, 12.092, 12.128, 12.143, 12.062, 11.950, 11.995, 11.981, 11.902, 11.831, 11.785, 11.705, 11.636, 11.535, 11.411, 11.321, 11.190, 11.074, 10.987, 10.956, 10.916, 10.857, 10.767, 10.654, 10.536, 10.367, 10.239, 10.112, 9.840, 9.718, 9.511, 9.366, 9.214, 9.040, 16.2,1012043.0,1278029.0,873012.70,69558.16,3670.17,15968.56,520.81,9692.20,167.96,447.29,33.53,592.80,23.25,1424.20,26.13,1202.23,18.95,2308.03,68.50,38.73,7.01,102.81,17.48,659.57,16.94,24388.92,151.87,0.00,119.85,0.00,13.34,36.37,2.68,81.27,2.73,41.00,1.50,0.00,4.79,87.23,1.27,166.62,1.76,5.28,0.83,103.66,1.52,8.81,1.06,0.00,52.62,0.00,424.51,28.98,6.09,0.00,500.47,0.00,526.72,16.60,3.22,0.00,30.21,13.93,1.34,14.11,3.87,0.00,147.98,0.00,66.82,212777.89,115346.61,6086.15,30172.00,984.05,20734.86,359.32,1024.90,76.83,1480.16,58.05,1715.60,31.48,1682.17,26.51,3850.93,114.29,69.14,12.51,150.26,25.55,947.70,24.34,34869.91,217.14,0.00,152.39,0.00,16.98,45.53,3.35,101.16,3.40,54.13,1.98,0.00,6.73,95.39,1.39,197.04,2.08,6.71,1.05,140.02,2.05,10.33,1.24,0.00,70.17,0.00,455.97,33.10,6.96,0.00,635.36,0.00,630.54,19.49,3.78,0.00,32.62,15.01,1.44,15.73,4.31,0.00,168.39,0.00,75.80
86.5,86.5,1,86.500,16/03/2026 17:30:02,28.110, , , , , , , , , , , , , , , , , , , , , , , , , , , , , , , , , , , , , , , , , , , , , , , , , , , , , , , , , , , , , , , , , , , , , , , , , , , , , , , , , , , , , , , , , , , , , , , , , , , , , , , , , , , , , , , , , , , , , , , , , , , , , , , , , , , , , , , , , , , , , , , , , , , , , , , , , , , , , , , , , , , , , , , , , , , , , , , , , , , , , , , , , , , , , , , , , , , , , , , , , , , , , , , , , , , , , , , , , , , , , , , , , , , , , , , , , , , , , , , , , , , , , , , , , , , , , , , , , , , , , , , , , , , , , , , , , , , , , , , , , , , , , , , , , , , , , , , , , , , , , , , , , , , , , , , , , , , , , , , , , , , , , , , , , , , , , , , , , , , , , , , , , , , , , , , , , , , , , , , , , , , , 
87.0,87.0,1,87.000,16/03/2026 17:30:20,28.307,,12.23, 13.16, 13.27,43.00, -1.89, 2.57,16.202, 12.881, 13.145, 11.808, 11.511, 11.288, 11.324, 11.346, 11.605, 11.952, 12.170, 12.333, 12.440, 12.587, 12.765, 12.922, 13.095, 13.256, 13.334, 13.374, 13.396, 13.390, 13.317, 13.245, 13.132, 13.002, 12.938, 12.814, 12.714, 12.671, 12.554, 12.499, 12.414, 12.360, 12.338, 12.291, 12.311, 12.310, 12.344, 12.391, 12.468, 12.526, 12.635, 12.699, 12.815, 12.886, 12.910, 12.980, 12.967, 12.972, 12.962, 12.937, 12.939, 12.911, 12.876, 12.906, 12.925, 12.902, 12.932, 13.018, 13.019, 13.019, 13.061, 13.130, 13.172, 13.168, 12.975, 12.949, 12.970, 13.017, 13.000, 12.938, 12.861, 12.880, 12.917, 12.932, 12.908, 12.841, 12.833, 12.849, 12.852, 12.824, 12.788, 12.798, 12.848, 12.878, 12.910, 12.908, 12.945, 13.007, 13.067, 13.088, 13.078, 13.042, 13.027, 13.078, 13.128, 13.152, 13.092, 12.981, 12.869, 12.805, 12.756, 12.663, 12.320, 11.677, 11.054, 10.690, 10.499, 10.382, 10.368, 10.468, 10.721, 11.021, 11.313, 11.549, 11.700, 11.775, 11.835, 11.915, 12.032, 12.179, 12.345, 12.509, 12.636, 12.713, 12.747, 12.747, 12.717, 12.675, 12.643, 12.650, 12.675, 12.730, 12.763, 12.798, 12.807, 12.809, 12.777, 12.695, 12.596, 12.485, 12.395, 12.336, 12.309, 12.306, 12.126, 12.182, 12.205, 12.191, 12.102, 11.839, 11.257, 10.144, 8.560, 7.258, 6.629, 6.395, 6.349, 6.480, 6.699, 6.991, 7.317, 7.659, 7.995, 8.323, 8.623, 8.912, 9.173, 9.400, 9.603, 9.815, 10.016, 10.207, 10.405, 10.588, 10.748, 10.908, 11.063, 11.196, 11.309, 11.420, 11.513, 11.587, 11.643, 11.665, 11.569, 11.495, 11.492, 11.507, 11.410, 11.341, 11.308, 11.219, 11.121, 11.039, 10.898, 10.783, 10.664, 10.587, 10.478, 10.428, 10.443, 10.360, 10.283, 10.156, 10.031, 9.893, 9.738, 9.603, 9.323, 9.190, 9.024, 8.794, 8.723, 8.637, 16.3,1019467.0,1283420.0,898042.76,54393.92,3606.13,14329.30,501.43,7068.69,147.28,861.23,38.89,698.44,24.38,219.60,20.66,793.79,16.21,1173.77,56.27,52.61,6.74,0.00,62.05,509.39,14.99,21269.23,133.25,0.00,113.63,0.00,14.93,42.44,2.74,111.87,3.02,20.11,1.31,0.00,4.93,82.52,1.22,149.90,1.63,6.47,0.82,122.98,1.58,0.00,30.03,0.00,52.43,0.00,428.30,0.00,294.67,0.00,500.11,0.00,526.90,0.00,51.60,0.00,27.11,19.16,1.42,31.81,3.81,0.00,146.50,0.00,67.91,171400.31,90200.12,5979.96,27074.68,947.43,15122.30,315.08,1973.39,89.11,1743.94,60.87,264.53,24.89,1110.68,22.68,1958.43,93.89,93.92,12.03,0.00,90.69,731.91,21.54,30409.55,190.51,0.00,144.48,0.00,19.00,53.13,3.43,139.25,3.76,26.55,1.73,0.00,6.93,90.24,1.33,177.27,1.93,8.22,1.04,166.12,2.13,0.00,35.20,0.00,69.91,0.00,460.04,0.00,336.61,0.00,634.90,0.00,630.75,0.00,60.58,0.00,29.27,20.64,1.53,35.46,4.25,0.00,166.70,0.00,77.04
87.5,87.5,1,87.500,16/03/2026 17:31:03,28.970, , , , , , , , , , , , , , , , , , , , , , , , , , , , , , , , , , , , , , , , , , , , , , , , , , , , , , , , , , , , , , , , , , , , , , , , , , , , , , , , , , , , , , , , , , , , , , , , , , , , , , , , , , , , , , , , , , , , , , , , , , , , , , , , , , , , , , , , , , , , , , , , , , , , , , , , , , , , , , , , , , , , , , , , , , , , , , , , , , , , , , , , , , , , , , , , , , , , , , , , , , , , , , , , , , , , , , , , , , , , , , , , , , , , , , , , , , , , , , , , , , , , , , , , , , , , , , , , , , , , , , , , , , , , , , , , , , , , , , , , , , , , , , , , , , , , , , , , , , , , , , , , , , , , , , , , , , , , , , , , , , , , , , , , , , , , , , , , , , , , , , , , , , , , , , , , , , , , , , , , , , , , 
88.0,88.0,1,88.000,16/03/2026 17:31:20,29.365,,12.89, 13.88, 14.06,44.05, -1.99, 2.46,14.447, 13.178, 13.874, 12.536, 12.273, 12.044, 11.894, 12.039, 12.330, 12.712, 12.878, 13.051, 13.165, 13.310, 13.524, 13.649, 13.851, 13.988, 14.086, 14.134, 14.146, 14.118, 14.036, 13.925, 13.814, 13.696, 13.586, 13.456, 13.379, 13.268, 13.164, 13.112, 12.990, 12.960, 12.893, 12.860, 12.854, 12.858, 12.865, 12.936, 12.969, 13.068, 13.138, 13.232, 13.341, 13.400, 13.457, 13.485, 13.516, 13.488, 13.489, 13.482, 13.436, 13.449, 13.415, 13.400, 13.449, 13.437, 13.413, 13.482, 13.538, 13.520, 13.521, 13.595, 13.671, 13.647, 13.420, 13.419, 13.532, 13.563, 13.457, 13.363, 13.366, 13.439, 13.401, 13.362, 13.360, 13.366, 13.346, 13.275, 13.242, 13.291, 13.333, 13.307, 13.258, 13.253, 13.337, 13.418, 13.471, 13.483, 13.445, 13.440, 13.457, 13.500, 13.535, 13.553, 13.545, 13.514, 13.455, 13.372, 13.316, 13.281, 13.245, 13.118, 12.715, 12.052, 11.440, 11.085, 10.947, 10.891, 10.897, 10.974, 11.158, 11.398, 11.649, 11.889, 12.063, 12.202, 12.312, 12.392, 12.463, 12.555, 12.649, 12.770, 12.897, 13.020, 13.104, 13.153, 13.155, 13.120, 13.053, 12.987, 12.962, 12.960, 13.002, 13.060, 13.118, 13.152, 13.149, 13.102, 12.989, 12.852, 12.730, 12.612, 12.564, 12.532, 12.339, 12.409, 12.455, 12.473, 12.401, 12.159, 11.606, 10.543, 9.043, 7.814, 7.198, 6.966, 6.929, 7.023, 7.216, 7.503, 7.817, 8.139, 8.450, 8.760, 9.040, 9.310, 9.544, 9.772, 9.982, 10.170, 10.367, 10.546, 10.721, 10.897, 11.048, 11.198, 11.346, 11.483, 11.582, 11.649, 11.744, 11.820, 11.865, 11.873, 11.799, 11.710, 11.719, 11.741, 11.663, 11.624, 11.595, 11.531, 11.457, 11.390, 11.289, 11.154, 11.010, 10.854, 10.789, 10.708, 10.694, 10.627, 10.529, 10.430, 10.305, 10.144, 10.119, 9.930, 9.730, 9.582, 9.404, 9.165, 9.019, 9.070, 16.3,1007800.0,1311440.0,870862.35,70967.84,3748.20,15654.97,524.67,11630.79,186.75,650.10,37.07,1075.33,27.11,977.44,24.77,1232.72,19.44,1248.29,58.39,57.85,7.00,126.50,18.49,634.26,16.92,24311.90,153.87,0.00,122.52,0.00,14.49,29.24,2.59,84.82,2.77,21.69,1.41,0.00,4.90,79.33,1.22,174.48,1.84,21.50,0.95,108.73,1.57,6.93,1.07,0.00,53.39,0.00,443.89,0.00,306.74,0.00,513.34,0.00,543.10,0.00,55.26,0.00,31.03,23.51,1.52,19.43,3.94,0.00,150.63,0.00,65.62,217957.99,117684.25,6215.55,29579.48,991.34,24882.15,399.52,1489.62,84.94,2685.00,67.69,1177.43,29.84,1724.83,27.20,2082.76,97.42,103.27,12.50,184.89,27.02,911.33,24.31,34759.79,219.99,0.00,155.78,0.00,18.44,36.60,3.24,105.58,3.45,28.64,1.86,0.00,6.89,86.76,1.33,206.34,2.18,27.30,1.21,146.87,2.12,8.12,1.25,0.00,71.19,0.00,476.79,0.00,350.40,0.00,651.69,0.00,650.15,0.00,64.88,0.00,33.51,25.33,1.64,21.66,4.39,0.00,171.40,0.00,74.44
88.5,88.5,1,88.500,16/03/2026 17:32:03,29.101,1157888.092, , , , , , , , , , , , , , , , , , , , , , , , , , , , , , , , , , , , , , , , , , , , , , , , , , , , , , , , , , , , , , , , , , , , , , , , , , , , , , , , , , , , , , , , , , , , , , , , , , , , , , , , , , , , , , , , , , , , , , , , , , , , , , , , , , , , , , , , , , , , , , , , , , , , , , , , , , , , , , , , , , , , , , , , , , , , , , , , , , , , , , , , , , , , , , , , , , , , , , , , , , , , , , , , , , , , , , , , , , , , , , , , , , , , , , , , , , , , , , , , , , , , , , , , , , , , , , , , , , , , , , , , , , , , , , , , , , , , , , , , , , , , , , , , , , , , , , , , , , , , , , , , , , , , , , , , , , , , , , , , , , , , , , , , , , , , , , , , , , , , , , , , , , , , , , , , , , , , , , , , , , , 
89.0,89.0,1,89.000,16/03/2026 17:32:29,28.310,,12.50, 13.44, 13.60,43.42, -1.84, 2.48,16.974, 13.429, 13.125, 12.473, 12.202, 11.773, 11.525, 11.655, 11.937, 12.321, 12.454, 12.610, 12.723, 12.874, 13.057, 13.207, 13.377, 13.538, 13.610, 13.672, 13.672, 13.673, 13.604, 13.516, 13.411, 13.290, 13.204, 13.083, 13.007, 12.960, 12.820, 12.801, 12.687, 12.660, 12.615, 12.593, 12.578, 12.590, 12.614, 12.661, 12.737, 12.791, 12.902, 12.978, 13.075, 13.161, 13.185, 13.236, 13.251, 13.248, 13.223, 13.201, 13.226, 13.181, 13.123, 13.201, 13.221, 13.138, 13.197, 13.322, 13.290, 13.265, 13.353, 13.427, 13.439, 13.385, 13.273, 13.280, 13.327, 13.307, 13.262, 13.180, 13.171, 13.181, 13.166, 13.142, 13.131, 13.134, 13.128, 13.079, 13.026, 13.042, 13.116, 13.142, 13.108, 13.073, 13.095, 13.186, 13.284, 13.325, 13.302, 13.250, 13.258, 13.303, 13.363, 13.409, 13.413, 13.378, 13.300, 13.237, 13.195, 13.142, 13.092, 12.956, 12.589, 11.988, 11.410, 11.089, 10.937, 10.832, 10.786, 10.854, 11.064, 11.362, 11.662, 11.918, 12.065, 12.151, 12.194, 12.262, 12.350, 12.474, 12.612, 12.761, 12.880, 12.979, 13.024, 13.030, 13.018, 13.000, 12.961, 12.952, 12.964, 12.989, 13.011, 13.044, 13.052, 13.052, 13.031, 12.996, 12.927, 12.842, 12.770, 12.701, 12.650, 12.600, 12.383, 12.392, 12.393, 12.373, 12.292, 12.073, 11.554, 10.533, 9.078, 7.904, 7.325, 7.093, 7.036, 7.109, 7.286, 7.519, 7.791, 8.077, 8.383, 8.702, 8.997, 9.290, 9.559, 9.819, 10.052, 10.284, 10.496, 10.693, 10.874, 11.034, 11.161, 11.285, 11.404, 11.520, 11.582, 11.657, 11.741, 11.794, 11.848, 11.844, 11.779, 11.705, 11.754, 11.784, 11.751, 11.720, 11.711, 11.688, 11.634, 11.553, 11.460, 11.296, 11.164, 11.022, 10.918, 10.888, 10.827, 10.737, 10.639, 10.512, 10.423, 10.205, 10.072, 9.828, 9.848, 9.607, 9.473, 9.386, 9.113, 9.158, 16.3,1005330.0,1321784.0,875957.79,63225.34,3680.07,13010.32,500.08,14457.30,207.39,577.39,36.23,600.61,24.02,1854.85,28.95,1444.54,20.73,1808.29,64.48,67.80,7.30,76.13,17.70,729.47,17.96,25533.32,160.17,0.00,127.83,0.00,16.63,39.87,2.83,94.94,2.93,31.38,1.39,0.00,5.09,91.76,1.33,165.78,1.79,20.04,0.96,119.32,1.63,4.52,1.07,0.00,52.35,47.33,9.62,0.00,304.57,0.00,518.98,0.00,542.96,0.00,54.87,0.00,27.37,9.84,1.32,32.11,4.00,0.00,149.05,0.00,66.04,209033.55,104845.05,6102.57,24582.51,944.88,30929.01,443.68,1323.01,83.02,1499.67,59.98,2234.36,34.87,2021.21,29.01,3017.12,107.58,121.04,13.03,111.27,25.87,1048.13,25.81,36506.11,229.00,0.00,162.53,0.00,21.16,49.91,3.54,118.17,3.65,41.43,1.84,0.00,7.15,100.35,1.45,196.05,2.12,25.45,1.22,161.17,2.20,5.30,1.25,0.00,69.81,50.84,10.33,0.00,347.92,0.00,658.85,0.00,649.98,0.00,64.42,0.00,29.55,10.60,1.42,35.80,4.46,0.00,169.60,0.00,74.92
89.5,89.5,1,89.500,16/03/2026 17:33:04,26.524, , , , , , , , , , , , , , , , , , , , , , , , , , , , , , , , , , , , , , , , , , , , , , , , , , , , , , , , , , , , , , , , , , , , , , , , , , , , , , , , , , , , , , , , , , , , , , , , , , , , , , , , , , , , , , , , , , , , , , , , , , , , , , , , , , , , , , , , , , , , , , , , , , , , , , , , , , , , , , , , , , , , , , , , , , , , , , , , , , , , , , , , , , , , , , , , , , , , , , , , , , , , , , , , , , , , , , , , , , , , , , , , , , , , , , , , , , , , , , , , , , , , , , , , , , , , , , , , , , , , , , , , , , , , , , , , , , , , , , , , , , , , , , , , , , , , , , , , , , , , , , , , , , , , , , , , , , , , , , , , , , , , , , , , , , , , , , , , , , , , , , , , , , , , , , , , , , , , , , , , , , , , 
90.0,90.0,1,90.000,16/03/2026 17:33:30,24.407,,11.62, 12.47, 12.53,41.95, -1.64, 2.63,15.832, 13.091, 12.341, 11.480, 10.968, 10.694, 10.594, 10.728, 10.951, 11.361, 11.490, 11.647, 11.711, 11.850, 12.035, 12.186, 12.349, 12.519, 12.580, 12.659, 12.689, 12.668, 12.624, 12.563, 12.487, 12.378, 12.307, 12.220, 12.155, 12.099, 12.029, 11.985, 11.913, 11.881, 11.861, 11.832, 11.852, 11.861, 11.892, 11.951, 12.016, 12.099, 12.182, 12.281, 12.371, 12.448, 12.494, 12.539, 12.554, 12.560, 12.539, 12.542, 12.552, 12.517, 12.500, 12.538, 12.558, 12.547, 12.573, 12.663, 12.690, 12.691, 12.709, 12.821, 12.882, 12.865, 12.678, 12.693, 12.743, 12.752, 12.731, 12.625, 12.624, 12.647, 12.676, 12.666, 12.622, 12.595, 12.611, 12.623, 12.612, 12.598, 12.602, 12.622, 12.662, 12.690, 12.724, 12.754, 12.799, 12.863, 12.905, 12.903, 12.896, 12.917, 12.953, 13.004, 13.054, 13.042, 12.979, 12.891, 12.818, 12.782, 12.765, 12.685, 12.359, 11.768, 11.179, 10.849, 10.708, 10.621, 10.629, 10.731, 10.951, 11.217, 11.485, 11.718, 11.848, 11.943, 12.016, 12.088, 12.194, 12.322, 12.457, 12.601, 12.737, 12.837, 12.888, 12.912, 12.889, 12.859, 12.824, 12.818, 12.829, 12.853, 12.886, 12.942, 12.992, 13.016, 13.005, 12.974, 12.887, 12.813, 12.701, 12.622, 12.568, 12.540, 12.336, 12.376, 12.402, 12.414, 12.355, 12.144, 11.648, 10.635, 9.175, 7.964, 7.356, 7.116, 7.041, 7.127, 7.305, 7.543, 7.844, 8.159, 8.486, 8.809, 9.122, 9.418, 9.693, 9.954, 10.210, 10.412, 10.632, 10.808, 10.964, 11.103, 11.217, 11.335, 11.435, 11.552, 11.657, 11.733, 11.835, 11.906, 11.988, 11.987, 11.928, 11.887, 11.949, 12.017, 11.974, 11.938, 11.932, 11.880, 11.803, 11.703, 11.558, 11.337, 11.156, 11.008, 10.911, 10.882, 10.880, 10.841, 10.754, 10.707, 10.626, 10.522, 10.480, 10.309, 10.206, 10.110, 9.927, 9.849, 9.813, 9.664, 16.3,995740.0,1293157.0,860363.01,66074.68,3636.41,18236.45,562.87,19508.50,241.77,471.24,35.14,585.97,23.89,3462.01,37.44,1750.67,23.10,1793.41,65.20,54.62,7.22,169.65,19.58,492.74,15.54,26403.49,164.29,0.00,127.11,0.00,15.34,11.92,2.32,73.60,2.67,26.04,1.43,0.00,5.38,91.33,1.34,203.35,2.04,19.47,0.97,124.46,1.68,0.00,30.99,0.00,54.18,0.00,445.67,0.00,309.02,0.00,518.88,37.09,10.05,0.00,59.03,0.00,30.40,17.60,1.48,28.65,4.02,0.00,150.30,0.00,71.62,237490.53,109570.04,6030.17,34457.09,1063.52,41735.21,517.23,1079.78,80.52,1463.11,59.65,4170.35,45.10,2449.55,32.32,2992.29,108.79,97.51,12.89,247.95,28.62,707.99,22.33,37750.23,234.89,0.00,161.62,0.00,19.52,14.92,2.90,91.61,3.32,34.38,1.89,0.00,7.56,99.88,1.47,240.48,2.41,24.73,1.23,168.12,2.27,0.00,36.33,0.00,72.25,0.00,478.70,0.00,353.00,0.00,658.73,44.40,12.03,0.00,69.30,0.00,32.82,18.96,1.59,31.94,4.48,0.00,171.03,0.00,81.25
90.5,90.5,1,90.500,16/03/2026 17:34:22,25.266, , , , , , , , , , , , , , , , , , , , , , , , , , , , , , , , , , , , , , , , , , , , , , , , , , , , , , , , , , , , , , , , , , , , , , , , , , , , , , , , , , , , , , , , , , , , , , , , , , , , , , , , , , , , , , , , , , , , , , , , , , , , , , , , , , , , , , , , , , , , , , , , , , , , , , , , , , , , , , , , , , , , , , , , , , , , , , , , , , , , , , , , , , , , , , , , , , , , , , , , , , , , , , , , , , , , , , , , , , , , , , , , , , , , , , , , , , , , , , , , , , , , , , , , , , , , , , , , , , , , , , , , , , , , , , , , , , , , , , , , , , , , , , , , , , , , , , , , , , , , , , , , , , , , , , , , , , , , , , , , , , , , , , , , , , , , , , , , , , , , , , , , , , , , , , , , , , , , , , , , , , , , 
91.0,91.0,1,91.000,16/03/2026 17:34:39,27.052,,11.19, 12.01, 12.03,41.23, -1.67, 2.71,11.127, 10.203, 10.859, 10.387, 10.220, 10.056, 10.118, 10.203, 10.476, 10.841, 11.093, 11.209, 11.270, 11.398, 11.568, 11.728, 11.887, 12.052, 12.131, 12.208, 12.222, 12.210, 12.165, 12.110, 12.033, 11.929, 11.867, 11.771, 11.712, 11.650, 11.577, 11.546, 11.464, 11.442, 11.418, 11.406, 11.408, 11.425, 11.463, 11.523, 11.591, 11.668, 11.749, 11.834, 11.926, 12.000, 12.037, 12.086, 12.104, 12.094, 12.091, 12.095, 12.081, 12.068, 12.052, 12.081, 12.106, 12.101, 12.130, 12.191, 12.230, 12.211, 12.236, 12.329, 12.381, 12.372, 12.194, 12.219, 12.266, 12.298, 12.226, 12.182, 12.164, 12.192, 12.204, 12.181, 12.163, 12.155, 12.138, 12.144, 12.121, 12.123, 12.139, 12.163, 12.187, 12.190, 12.228, 12.263, 12.326, 12.373, 12.409, 12.410, 12.408, 12.426, 12.463, 12.507, 12.530, 12.522, 12.444, 12.369, 12.306, 12.268, 12.233, 12.122, 11.752, 11.109, 10.499, 10.157, 10.032, 9.946, 9.951, 10.033, 10.245, 10.519, 10.793, 11.054, 11.218, 11.336, 11.427, 11.518, 11.610, 11.740, 11.875, 12.009, 12.145, 12.244, 12.322, 12.356, 12.345, 12.323, 12.291, 12.284, 12.277, 12.290, 12.328, 12.368, 12.402, 12.423, 12.398, 12.368, 12.281, 12.174, 12.082, 11.992, 11.943, 11.922, 11.727, 11.770, 11.803, 11.799, 11.733, 11.492, 10.935, 9.836, 8.284, 7.016, 6.405, 6.150, 6.094, 6.196, 6.399, 6.660, 6.967, 7.299, 7.632, 7.968, 8.284, 8.591, 8.865, 9.118, 9.371, 9.587, 9.797, 10.001, 10.176, 10.341, 10.489, 10.620, 10.744, 10.846, 10.958, 11.059, 11.134, 11.233, 11.271, 11.288, 11.216, 11.142, 11.217, 11.255, 11.203, 11.143, 11.146, 11.086, 10.975, 10.862, 10.719, 10.556, 10.375, 10.238, 10.099, 10.036, 9.981, 9.975, 9.849, 9.812, 9.660, 9.473, 9.336, 9.262, 9.158, 8.959, 8.921, 8.596, 8.374, 8.433, 16.3,984276.0,1277423.0,862927.70,57816.86,3660.35,17388.16,568.02,22415.83,265.68,413.58,35.62,412.69,23.49,3936.86,40.83,2166.10,26.24,1896.01,67.54,84.71,7.74,0.00,69.29,776.24,19.00,29154.28,183.19,0.00,135.98,0.00,15.92,15.14,2.48,62.17,2.56,32.06,1.45,0.00,5.76,109.30,1.53,196.37,2.06,20.99,1.03,139.38,1.82,0.00,32.39,0.00,56.16,0.00,469.24,0.00,320.79,0.00,542.36,0.00,572.82,0.00,51.86,0.00,26.05,8.43,1.37,27.09,4.07,0.00,151.54,0.00,76.74,233294.65,95876.30,6069.87,32854.28,1073.25,47954.97,568.38,947.66,81.62,1030.45,58.65,4742.36,49.18,3030.82,36.72,3163.48,112.69,151.22,13.82,0.00,101.27,1115.33,27.30,41683.15,261.91,0.00,172.90,0.00,20.26,18.95,3.10,77.38,3.19,42.33,1.91,0.00,8.09,119.53,1.67,232.23,2.44,26.66,1.31,188.27,2.46,0.00,37.97,0.00,74.89,0.00,504.02,0.00,366.45,0.00,688.54,0.00,685.72,0.00,60.89,0.00,28.13,9.08,1.48,30.20,4.54,0.00,172.44,0.00,87.06
91.5,91.5,1,91.500,16/03/2026 17:35:22,24.670, , , , , , , , , , , , , , , , , , , , , , , , , , , , , , , , , , , , , , , , , , , , , , , , , , , , , , , , , , , , , , , , , , , , , , , , , , , , , , , , , , , , , , , , , , , , , , , , , , , , , , , , , , , , , , , , , , , , , , , , , , , , , , , , , , , , , , , , , , , , , , , , , , , , , , , , , , , , , , , , , , , , , , , , , , , , , , , , , , , , , , , , , , , , , , , , , , , , , , , , , , , , , , , , , , , , , , , , , , , , , , , , , , , , , , , , , , , , , , , , , , , , , , , , , , , , , , , , , , , , , , , , , , , , , , , , , , , , , , , , , , , , , , , , , , , , , , , , , , , , , , , , , , , , , , , , , , , , , , , , , , , , , , , , , , , , , , , , , , , , , , , , , , , , , , , , , , , , , , , , , , , , 
92.0,92.0,1,92.000,16/03/2026 17:35:39,22.418,,11.28, 12.12, 12.21,41.40, -1.70, 2.52,14.039, 12.013, 11.650, 11.259, 10.754, 10.605, 10.423, 10.516, 10.719, 11.020, 11.206, 11.331, 11.409, 11.538, 11.715, 11.862, 12.028, 12.174, 12.261, 12.326, 12.331, 12.321, 12.268, 12.190, 12.109, 12.006, 11.932, 11.842, 11.769, 11.714, 11.637, 11.588, 11.524, 11.475, 11.457, 11.433, 11.442, 11.452, 11.474, 11.543, 11.598, 11.676, 11.765, 11.848, 11.953, 12.023, 12.056, 12.111, 12.125, 12.117, 12.105, 12.110, 12.097, 12.070, 12.059, 12.093, 12.106, 12.101, 12.140, 12.209, 12.231, 12.231, 12.282, 12.358, 12.400, 12.402, 12.160, 12.218, 12.242, 12.253, 12.221, 12.169, 12.151, 12.160, 12.180, 12.190, 12.190, 12.154, 12.135, 12.126, 12.129, 12.147, 12.175, 12.196, 12.189, 12.200, 12.239, 12.290, 12.377, 12.446, 12.461, 12.449, 12.441, 12.453, 12.497, 12.561, 12.611, 12.611, 12.557, 12.471, 12.392, 12.374, 12.369, 12.332, 12.049, 11.510, 10.980, 10.670, 10.549, 10.469, 10.472, 10.560, 10.765, 11.011, 11.265, 11.475, 11.611, 11.698, 11.752, 11.821, 11.902, 12.008, 12.133, 12.261, 12.389, 12.455, 12.517, 12.545, 12.534, 12.520, 12.492, 12.478, 12.476, 12.492, 12.529, 12.563, 12.601, 12.618, 12.625, 12.590, 12.530, 12.452, 12.385, 12.316, 12.265, 12.243, 12.037, 12.082, 12.084, 12.089, 12.037, 11.842, 11.379, 10.428, 9.027, 7.846, 7.258, 7.015, 6.951, 7.045, 7.217, 7.458, 7.745, 8.048, 8.352, 8.669, 8.951, 9.244, 9.506, 9.747, 9.979, 10.200, 10.408, 10.590, 10.764, 10.894, 11.016, 11.122, 11.222, 11.339, 11.435, 11.513, 11.585, 11.680, 11.745, 11.726, 11.670, 11.603, 11.672, 11.731, 11.686, 11.680, 11.663, 11.608, 11.555, 11.476, 11.344, 11.170, 11.012, 10.839, 10.769, 10.701, 10.702, 10.679, 10.608, 10.553, 10.527, 10.371, 10.211, 10.092, 9.988, 9.823, 9.677, 9.646, 9.632, 9.460, 16.3,943628.0,1192340.0,850353.01,72259.27,3913.45,17040.66,582.87,22060.72,271.90,482.52,38.33,435.09,24.92,3847.78,42.09,2833.58,30.63,1932.55,70.79,0.00,23.68,234.28,22.26,489.72,16.58,27134.03,179.22,0.00,134.97,0.00,18.03,16.61,2.60,69.26,2.75,24.16,1.40,0.00,6.13,88.05,1.40,287.19,2.70,19.37,1.02,170.52,2.08,0.00,32.91,0.00,57.22,87.87,10.52,0.00,331.99,55.36,10.34,52.06,11.04,0.00,57.86,0.00,32.42,10.54,1.45,15.83,4.32,0.00,161.90,0.00,81.10,254161.54,119825.80,6489.58,32197.69,1101.31,47195.27,581.69,1105.63,87.83,1086.38,62.22,4635.05,50.70,3964.76,42.86,3224.45,118.11,0.00,42.27,342.41,32.53,703.65,23.82,38794.71,256.24,0.00,171.61,0.00,22.94,20.79,3.25,86.21,3.42,31.90,1.85,0.00,8.61,96.29,1.53,339.63,3.19,24.60,1.30,230.33,2.81,0.00,38.58,0.00,76.30,94.38,11.30,0.00,379.24,70.28,13.13,62.32,13.22,0.00,67.93,0.00,35.01,11.35,1.56,17.65,4.82,0.00,184.23,0.00,92.00
92.5,92.5,1,92.500,16/03/2026 17:36:23,23.082, , , , , , , , , , , , , , , , , , , , , , , , , , , , , , , , , , , , , , , , , , , , , , , , , , , , , , , , , , , , , , , , , , , , , , , , , , , , , , , , , , , , , , , , , , , , , , , , , , , , , , , , , , , , , , , , , , , , , , , , , , , , , , , , , , , , , , , , , , , , , , , , , , , , , , , , , , , , , , , , , , , , , , , , , , , , , , , , , , , , , , , , , , , , , , , , , , , , , , , , , , , , , , , , , , , , , , , , , , , , , , , , , , , , , , , , , , , , , , , , , , , , , , , , , , , , , , , , , , , , , , , , , , , , , , , , , , , , , , , , , , , , , , , , , , , , , , , , , , , , , , , , , , , , , , , , , , , , , , , , , , , , , , , , , , , , , , , , , , , , , , , , , , , , , , , , , , , , , , , , , , , , 
93.0,93.0,1,93.000,16/03/2026 17:36:48,25.070,,9.10, 9.74, 9.67,37.38, -1.30, 2.80,7.502, 8.430, 9.224, 8.061, 8.070, 8.174, 8.110, 8.284, 8.385, 8.748, 8.876, 8.997, 9.072, 9.134, 9.290, 9.425, 9.567, 9.704, 9.797, 9.869, 9.899, 9.903, 9.892, 9.871, 9.814, 9.741, 9.712, 9.640, 9.616, 9.582, 9.548, 9.529, 9.493, 9.490, 9.486, 9.485, 9.518, 9.534, 9.587, 9.639, 9.719, 9.804, 9.882, 9.988, 10.066, 10.147, 10.208, 10.233, 10.275, 10.306, 10.273, 10.304, 10.335, 10.300, 10.293, 10.372, 10.388, 10.385, 10.450, 10.545, 10.569, 10.560, 10.643, 10.736, 10.773, 10.759, 10.662, 10.709, 10.773, 10.763, 10.760, 10.741, 10.750, 10.777, 10.778, 10.808, 10.791, 10.784, 10.796, 10.799, 10.798, 10.826, 10.860, 10.905, 10.928, 10.960, 11.002, 11.065, 11.138, 11.210, 11.260, 11.272, 11.297, 11.341, 11.382, 11.446, 11.488, 11.479, 11.432, 11.369, 11.313, 11.292, 11.272, 11.164, 10.794, 10.154, 9.547, 9.238, 9.146, 9.087, 9.086, 9.177, 9.378, 9.660, 9.953, 10.229, 10.427, 10.572, 10.693, 10.791, 10.902, 11.034, 11.180, 11.326, 11.479, 11.609, 11.698, 11.748, 11.757, 11.755, 11.739, 11.722, 11.727, 11.752, 11.799, 11.838, 11.893, 11.922, 11.935, 11.902, 11.832, 11.753, 11.665, 11.576, 11.538, 11.520, 11.315, 11.348, 11.363, 11.345, 11.265, 11.015, 10.408, 9.257, 7.643, 6.393, 5.801, 5.575, 5.529, 5.621, 5.807, 6.055, 6.347, 6.662, 6.979, 7.314, 7.631, 7.949, 8.252, 8.537, 8.803, 9.066, 9.313, 9.541, 9.744, 9.919, 10.089, 10.233, 10.370, 10.484, 10.592, 10.692, 10.784, 10.863, 10.914, 10.909, 10.815, 10.724, 10.831, 10.884, 10.841, 10.820, 10.841, 10.794, 10.717, 10.638, 10.472, 10.291, 10.084, 9.924, 9.783, 9.741, 9.664, 9.599, 9.455, 9.354, 9.300, 9.142, 8.986, 8.754, 8.674, 8.532, 8.269, 8.283, 8.250, 8.315, 16.3,947428.0,1098391.0,894500.96,62087.83,4067.69,11894.22,516.69,4404.44,131.37,388.96,36.75,354.65,24.71,752.61,25.53,1172.93,19.86,1632.48,65.71,0.00,22.86,0.00,63.09,594.40,17.13,21517.84,147.46,0.00,117.74,0.00,17.12,8.19,2.30,72.76,2.72,10.87,1.26,0.00,5.22,82.65,1.32,268.87,2.55,33.36,1.08,159.06,1.97,0.00,32.77,0.00,58.74,0.00,472.12,0.00,328.38,0.00,539.80,0.00,583.78,16.86,3.36,0.00,30.74,15.79,1.48,30.29,4.18,0.00,161.21,0.00,79.72,174373.70,102958.75,6745.35,22473.68,976.27,9422.57,281.04,891.25,84.21,885.53,61.70,906.60,30.75,1641.17,27.79,2723.78,109.64,0.00,40.81,0.00,92.21,854.06,24.61,30765.00,210.83,0.00,149.70,0.00,21.79,10.25,2.88,90.57,3.39,14.35,1.66,0.00,7.34,90.39,1.44,317.97,3.02,42.37,1.37,214.85,2.66,0.00,38.41,0.00,78.33,0.00,507.11,0.00,375.12,0.00,685.29,0.00,698.84,19.79,3.94,0.00,33.19,17.01,1.59,33.77,4.66,0.00,183.44,0.00,90.44
93.5,93.5,1,93.500,16/03/2026 17:37:32,24.464,1157887.171, , , , , , , , , , , , , , , , , , , , , , , , , , , , , , , , , , , , , , , , , , , , , , , , , , , , , , , , , , , , , , , , , , , , , , , , , , , , , , , , , , , , , , , , , , , , , , , , , , , , , , , , , , , , , , , , , , , , , , , , , , , , , , , , , , , , , , , , , , , , , , , , , , , , , , , , , , , , , , , , , , , , , , , , , , , , , , , , , , , , , , , , , , , , , , , , , , , , , , , , , , , , , , , , , , , , , , , , , , , , , , , , , , , , , , , , , , , , , , , , , , , , , , , , , , , , , , , , , , , , , , , , , , , , , , , , , , , , , , , , , , , , , , , , , , , , , , , , , , , , , , , , , , , , , , , , , , , , , , , , , , , , , , , , , , , , , , , , , , , , , , , , , , , , , , , , , , , , , , , , , , , 
94.0,94.0,1,94.000,16/03/2026 17:37:49,24.661,,9.03, 9.63, 9.68,37.17, -1.03, 2.42,10.860, 8.653, 9.238, 8.503, 8.434, 8.369, 8.257, 8.357, 8.525, 8.745, 8.890, 9.000, 9.036, 9.068, 9.231, 9.338, 9.470, 9.577, 9.668, 9.708, 9.761, 9.772, 9.758, 9.728, 9.687, 9.636, 9.617, 9.580, 9.551, 9.543, 9.517, 9.503, 9.482, 9.473, 9.487, 9.486, 9.527, 9.564, 9.609, 9.679, 9.745, 9.831, 9.911, 9.996, 10.092, 10.156, 10.212, 10.268, 10.292, 10.316, 10.320, 10.336, 10.351, 10.362, 10.358, 10.407, 10.452, 10.468, 10.497, 10.585, 10.640, 10.644, 10.688, 10.770, 10.860, 10.874, 10.806, 10.826, 10.895, 10.912, 10.918, 10.834, 10.837, 10.877, 10.928, 10.914, 10.898, 10.886, 10.891, 10.915, 10.916, 10.919, 10.935, 10.963, 11.003, 11.042, 11.110, 11.156, 11.219, 11.278, 11.330, 11.353, 11.389, 11.412, 11.454, 11.491, 11.545, 11.546, 11.514, 11.444, 11.387, 11.353, 11.316, 11.177, 10.760, 10.064, 9.442, 9.119, 9.006, 8.932, 8.944, 9.030, 9.245, 9.540, 9.836, 10.113, 10.320, 10.476, 10.597, 10.719, 10.842, 10.993, 11.159, 11.329, 11.481, 11.610, 11.686, 11.744, 11.757, 11.751, 11.743, 11.737, 11.755, 11.803, 11.845, 11.901, 11.947, 11.969, 11.950, 11.900, 11.822, 11.709, 11.612, 11.519, 11.478, 11.472, 11.272, 11.320, 11.345, 11.333, 11.238, 10.939, 10.290, 9.092, 7.534, 6.381, 5.843, 5.624, 5.588, 5.667, 5.845, 6.078, 6.361, 6.650, 6.960, 7.264, 7.592, 7.890, 8.174, 8.441, 8.700, 8.947, 9.187, 9.396, 9.597, 9.776, 9.952, 10.105, 10.241, 10.381, 10.520, 10.612, 10.718, 10.804, 10.876, 10.861, 10.778, 10.699, 10.784, 10.824, 10.763, 10.713, 10.675, 10.618, 10.521, 10.380, 10.230, 10.068, 9.857, 9.680, 9.548, 9.501, 9.428, 9.403, 9.250, 9.173, 9.015, 8.870, 8.682, 8.567, 8.342, 8.323, 8.044, 7.934, 7.912, 7.768, 16.3,946618.0,1097900.0,879826.97,77087.61,4138.67,12351.60,517.01,7660.14,163.33,331.96,35.92,343.82,24.56,571.30,24.68,1115.02,19.25,1129.30,60.12,0.00,21.09,0.00,66.59,500.23,16.07,18488.97,128.74,0.00,108.66,0.00,16.55,0.00,12.65,52.38,2.30,24.02,1.27,0.00,5.18,80.62,1.26,233.01,2.27,15.85,0.93,154.41,1.90,3.81,1.07,0.00,56.93,0.00,461.63,0.00,323.51,0.00,541.34,0.00,563.53,0.00,53.86,0.00,25.98,9.49,1.29,0.00,152.06,19.46,3.36,0.00,70.57,201189.11,127832.52,6863.06,23337.89,976.87,16387.60,349.42,760.64,82.31,858.49,61.32,688.19,29.73,1560.14,26.93,1884.23,100.31,0.00,37.65,0.00,97.33,718.75,23.09,26434.49,184.07,0.00,138.16,0.00,21.06,0.00,15.83,65.20,2.86,31.71,1.68,0.00,7.28,88.17,1.38,275.56,2.68,20.13,1.18,208.57,2.57,4.47,1.25,0.00,75.91,0.00,495.84,0.00,369.56,0.00,687.24,0.00,674.60,0.00,63.23,0.00,28.05,10.22,1.39,0.00,169.52,22.14,3.82,0.00,80.06
94.5,94.5,1,94.500,16/03/2026 17:38:32,25.659, , , , , , , , , , , , , , , , , , , , , , , , , , , , , , , , , , , , , , , , , , , , , , , , , , , , , , , , , , , , , , , , , , , , , , , , , , , , , , , , , , , , , , , , , , , , , , , , , , , , , , , , , , , , , , , , , , , , , , , , , , , , , , , , , , , , , , , , , , , , , , , , , , , , , , , , , , , , , , , , , , , , , , , , , , , , , , , , , , , , , , , , , , , , , , , , , , , , , , , , , , , , , , , , , , , , , , , , , , , , , , , , , , , , , , , , , , , , , , , , , , , , , , , , , , , , , , , , , , , , , , , , , , , , , , , , , , , , , , , , , , , , , , , , , , , , , , , , , , , , , , , , , , , , , , , , , , , , , , , , , , , , , , , , , , , , , , , , , , , , , , , , , , , , , , , , , , , , , , , , , , , , 
95.0,95.0,1,95.000,16/03/2026 17:38:49,23.606,,9.52, 10.13, 10.21,38.08, -0.88, 2.38,14.520, 11.226, 10.791, 9.748, 9.276, 9.000, 8.821, 8.906, 9.021, 9.266, 9.333, 9.483, 9.510, 9.605, 9.726, 9.835, 9.926, 10.051, 10.145, 10.222, 10.263, 10.263, 10.272, 10.259, 10.220, 10.190, 10.151, 10.109, 10.111, 10.051, 10.094, 10.028, 10.097, 10.019, 10.116, 10.041, 10.168, 10.116, 10.231, 10.282, 10.343, 10.477, 10.498, 10.643, 10.744, 10.771, 10.884, 10.933, 10.924, 10.987, 11.014, 10.989, 11.044, 11.079, 11.038, 11.070, 11.194, 11.210, 11.186, 11.258, 11.395, 11.397, 11.377, 11.480, 11.636, 11.660, 11.491, 11.444, 11.569, 11.708, 11.655, 11.536, 11.491, 11.611, 11.727, 11.744, 11.628, 11.556, 11.594, 11.687, 11.734, 11.709, 11.650, 11.651, 11.713, 11.849, 11.960, 12.001, 12.003, 11.993, 12.032, 12.110, 12.216, 12.316, 12.352, 12.324, 12.267, 12.208, 12.180, 12.176, 12.195, 12.199, 12.109, 11.828, 11.190, 10.285, 9.584, 9.296, 9.269, 9.284, 9.318, 9.359, 9.495, 9.704, 9.971, 10.285, 10.613, 10.917, 11.212, 11.442, 11.617, 11.739, 11.822, 11.896, 11.983, 12.086, 12.225, 12.397, 12.548, 12.676, 12.748, 12.777, 12.761, 12.711, 12.628, 12.546, 12.502, 12.481, 12.466, 12.496, 12.537, 12.557, 12.585, 12.567, 12.556, 12.515, 12.138, 12.064, 11.948, 11.786, 11.539, 11.139, 10.342, 8.993, 7.384, 6.322, 5.953, 5.898, 5.952, 6.063, 6.228, 6.409, 6.599, 6.773, 6.950, 7.134, 7.360, 7.597, 7.870, 8.163, 8.503, 8.869, 9.252, 9.639, 10.015, 10.337, 10.626, 10.874, 11.066, 11.202, 11.274, 11.305, 11.311, 11.291, 11.224, 11.116, 10.931, 10.790, 10.790, 10.831, 10.808, 10.846, 10.934, 10.961, 10.997, 11.028, 10.952, 10.831, 10.672, 10.574, 10.442, 10.336, 10.238, 10.048, 9.811, 9.555, 9.305, 9.070, 8.720, 8.430, 8.068, 7.883, 7.618, 7.366, 7.312, 7.154, 16.3,955583.0,1075082.0,899838.18,65768.68,4229.60,12405.43,523.37,2477.01,110.89,336.99,36.78,283.39,24.92,0.00,1050.48,438.06,15.23,1032.72,59.24,41.16,7.19,87.43,19.08,268.24,12.82,16256.62,116.61,0.00,102.49,0.00,14.02,7.82,2.17,55.64,2.37,9.21,1.18,1.60,0.49,65.63,1.15,260.84,2.46,19.44,0.93,159.70,1.93,13.65,1.13,0.00,57.24,46.79,9.81,0.00,322.34,0.00,539.60,82.47,10.69,0.00,60.69,0.00,26.30,15.07,1.42,20.27,4.07,0.00,163.17,7.97,1.49,166373.59,109062.61,7013.84,23439.60,988.89,5299.15,237.23,772.17,84.28,707.60,62.22,0.00,1265.41,612.94,21.31,1723.09,98.84,73.48,12.84,127.78,27.89,385.42,18.42,23242.80,166.72,0.00,130.31,0.00,17.84,9.79,2.72,69.26,2.95,12.16,1.56,2.25,0.69,71.77,1.26,308.47,2.91,24.69,1.18,215.72,2.61,16.00,1.32,0.00,76.33,50.26,10.54,0.00,368.22,0.00,685.03,98.72,12.80,0.00,71.25,0.00,28.40,16.23,1.53,22.60,4.54,0.00,185.67,9.04,1.69
95.5,95.5,1,95.500,16/03/2026 17:39:41,24.730, , , , , , , , , , , , , , , , , , , , , , , , , , , , , , , , , , , , , , , , , , , , , , , , , , , , , , , , , , , , , , , , , , , , , , , , , , , , , , , , , , , , , , , , , , , , , , , , , , , , , , , , , , , , , , , , , , , , , , , , , , , , , , , , , , , , , , , , , , , , , , , , , , , , , , , , , , , , , , , , , , , , , , , , , , , , , , , , , , , , , , , , , , , , , , , , , , , , , , , , , , , , , , , , , , , , , , , , , , , , , , , , , , , , , , , , , , , , , , , , , , , , , , , , , , , , , , , , , , , , , , , , , , , , , , , , , , , , , , , , , , , , , , , , , , , , , , , , , , , , , , , , , , , , , , , , , , , , , , , , , , , , , , , , , , , , , , , , , , , , , , , , , , , , , , , , , , , , , , , , , , , , 
96.0,96.0,1,96.000,16/03/2026 17:39:59,23.741,,10.42, 11.11, 11.27,39.76, -1.05, 2.25,13.335, 11.296, 11.598, 10.388, 10.214, 9.841, 9.842, 9.905, 9.983, 10.255, 10.327, 10.402, 10.472, 10.569, 10.724, 10.821, 10.917, 11.020, 11.133, 11.272, 11.334, 11.238, 11.154, 11.292, 11.213, 11.003, 11.139, 11.006, 10.941, 11.035, 10.828, 11.007, 10.765, 10.970, 10.752, 10.985, 10.781, 11.026, 10.898, 11.054, 11.154, 11.060, 11.422, 11.263, 11.468, 11.666, 11.427, 11.735, 11.774, 11.521, 11.795, 11.862, 11.566, 11.750, 11.946, 11.712, 11.695, 12.030, 12.033, 11.806, 11.951, 12.244, 12.198, 12.016, 12.136, 12.448, 12.262, 12.010, 11.922, 12.200, 12.420, 12.300, 11.998, 11.954, 12.249, 12.500, 12.453, 12.150, 11.944, 12.065, 12.352, 12.539, 12.482, 12.223, 12.068, 12.206, 12.546, 12.831, 12.869, 12.682, 12.435, 12.365, 12.579, 12.921, 13.203, 13.227, 13.022, 12.706, 12.471, 12.487, 12.695, 12.965, 13.109, 12.945, 12.326, 11.361, 10.537, 10.243, 10.358, 10.629, 10.891, 11.081, 11.189, 11.219, 11.197, 11.221, 11.368, 11.651, 12.056, 12.491, 12.832, 13.053, 13.118, 13.035, 12.880, 12.714, 12.647, 12.704, 12.893, 13.176, 13.480, 13.721, 13.861, 13.886, 13.780, 13.579, 13.336, 13.092, 12.908, 12.840, 12.894, 13.014, 13.207, 13.433, 13.641, 13.764, 13.462, 13.412, 13.244, 12.966, 12.621, 12.116, 11.311, 10.065, 8.526, 7.471, 7.162, 7.215, 7.414, 7.714, 8.041, 8.319, 8.590, 8.784, 8.925, 9.021, 9.089, 9.155, 9.255, 9.403, 9.618, 9.911, 10.274, 10.658, 11.085, 11.494, 11.900, 12.212, 12.512, 12.726, 12.870, 12.925, 12.940, 12.856, 12.733, 12.551, 12.239, 11.976, 11.871, 11.828, 11.701, 11.684, 11.733, 11.784, 11.909, 11.976, 12.023, 12.006, 12.035, 12.040, 12.070, 12.098, 12.137, 12.038, 11.976, 11.815, 11.505, 11.138, 10.900, 10.454, 10.264, 9.716, 9.461, 9.141, 8.957, 8.892, 16.3,942002.0,1156427.0,886973.04,55859.85,3826.59,15346.39,549.80,12465.12,200.46,501.87,37.40,370.64,24.03,1750.57,29.98,1321.56,20.75,1621.43,64.77,38.80,7.21,0.00,69.78,658.70,17.78,22369.11,147.09,0.00,120.66,0.00,17.72,14.31,2.41,74.85,2.73,25.25,1.34,0.00,5.05,80.00,1.27,246.68,2.35,22.56,0.99,145.30,1.85,6.91,1.11,0.00,55.43,0.00,459.24,0.00,314.60,85.47,9.67,0.00,543.54,10.92,3.19,0.00,30.34,10.65,1.35,0.00,146.43,0.00,161.94,0.00,74.70,190920.43,92631.04,6345.54,28996.43,1038.83,26667.07,428.85,1149.97,85.70,925.45,60.00,2108.74,36.11,1849.13,29.03,2705.35,108.07,69.27,12.87,0.00,101.99,946.45,25.55,31982.10,210.30,0.00,153.42,0.00,22.55,17.91,3.02,93.17,3.40,33.34,1.77,0.00,7.10,87.49,1.39,291.72,2.78,28.65,1.26,196.27,2.50,8.10,1.30,0.00,73.91,0.00,493.28,0.00,359.38,108.51,12.28,0.00,650.67,12.82,3.75,0.00,32.76,11.47,1.45,0.00,163.25,0.00,184.27,0.00,84.74
96.5,96.5,1,96.500,16/03/2026 17:40:42,23.009, , , , , , , , , , , , , , , , , , , , , , , , , , , , , , , , , , , , , , , , , , , , , , , , , , , , , , , , , , , , , , , , , , , , , , , , , , , , , , , , , , , , , , , , , , , , , , , , , , , , , , , , , , , , , , , , , , , , , , , , , , , , , , , , , , , , , , , , , , , , , , , , , , , , , , , , , , , , , , , , , , , , , , , , , , , , , , , , , , , , , , , , , , , , , , , , , , , , , , , , , , , , , , , , , , , , , , , , , , , , , , , , , , , , , , , , , , , , , , , , , , , , , , , , , , , , , , , , , , , , , , , , , , , , , , , , , , , , , , , , , , , , , , , , , , , , , , , , , , , , , , , , , , , , , , , , , , , , , , , , , , , , , , , , , , , , , , , , , , , , , , , , , , , , , , , , , , , , , , , , , , , , 
97.0,97.0,1,97.000,16/03/2026 17:41:08,23.206,,8.81, 9.35, 9.47,36.65, -0.70, 2.17,11.033, 10.317, 10.032, 8.762, 8.395, 8.376, 8.218, 8.352, 8.358, 8.631, 8.690, 8.792, 8.805, 8.820, 8.937, 9.033, 9.176, 9.292, 9.380, 9.411, 9.423, 9.484, 9.499, 9.434, 9.435, 9.419, 9.368, 9.372, 9.370, 9.331, 9.379, 9.315, 9.388, 9.318, 9.446, 9.339, 9.507, 9.442, 9.548, 9.644, 9.625, 9.848, 9.802, 9.936, 10.116, 10.044, 10.182, 10.290, 10.196, 10.296, 10.376, 10.294, 10.322, 10.430, 10.388, 10.385, 10.492, 10.555, 10.534, 10.608, 10.711, 10.733, 10.750, 10.826, 10.945, 10.949, 10.818, 10.860, 10.918, 10.987, 10.934, 10.869, 10.907, 10.993, 11.053, 11.001, 10.955, 10.980, 11.052, 11.092, 11.050, 11.004, 11.013, 11.077, 11.198, 11.304, 11.313, 11.292, 11.306, 11.373, 11.494, 11.594, 11.681, 11.673, 11.646, 11.621, 11.636, 11.693, 11.745, 11.756, 11.735, 11.672, 11.562, 11.350, 10.915, 10.263, 9.744, 9.551, 9.518, 9.487, 9.445, 9.448, 9.551, 9.763, 10.062, 10.393, 10.692, 10.943, 11.145, 11.288, 11.376, 11.436, 11.485, 11.563, 11.658, 11.800, 11.949, 12.107, 12.226, 12.310, 12.342, 12.325, 12.288, 12.239, 12.188, 12.162, 12.154, 12.160, 12.186, 12.227, 12.250, 12.251, 12.250, 12.218, 12.188, 12.159, 11.854, 11.832, 11.765, 11.675, 11.522, 11.219, 10.572, 9.409, 7.895, 6.792, 6.322, 6.203, 6.216, 6.329, 6.490, 6.698, 6.922, 7.159, 7.407, 7.653, 7.897, 8.157, 8.435, 8.724, 9.019, 9.329, 9.644, 9.941, 10.210, 10.468, 10.684, 10.876, 11.024, 11.159, 11.262, 11.328, 11.357, 11.388, 11.364, 11.304, 11.164, 11.047, 11.106, 11.147, 11.104, 11.106, 11.140, 11.162, 11.130, 11.111, 11.009, 10.839, 10.708, 10.573, 10.432, 10.437, 10.330, 10.276, 10.110, 9.999, 9.797, 9.561, 9.328, 9.129, 8.929, 8.684, 8.515, 8.359, 8.282, 8.277, 16.3,963891.0,1136546.0,876284.41,61521.49,3896.85,15263.86,554.63,14749.60,219.13,499.04,37.82,287.95,23.67,2292.94,33.08,1936.83,24.56,1796.79,67.83,37.01,7.33,80.04,19.16,697.22,18.54,23812.97,157.87,0.00,126.41,0.00,18.22,9.68,2.38,54.01,2.45,23.57,1.51,0.00,5.53,76.05,1.28,270.33,2.54,20.87,0.99,159.69,1.97,0.00,32.21,0.00,57.17,39.08,10.28,0.00,327.50,0.00,551.75,51.02,10.85,0.00,62.22,3.99,1.19,22.83,1.62,0.00,147.01,0.00,162.95,8.75,1.59,208875.64,102019.60,6462.05,28840.49,1047.95,31554.33,468.79,1143.48,86.66,718.98,59.10,2762.09,39.85,2710.02,34.36,2997.93,113.17,66.07,13.09,116.98,28.00,1001.79,26.64,34046.45,225.71,0.00,160.73,0.00,23.19,12.12,2.98,67.23,3.05,31.12,1.99,0.00,7.77,83.17,1.40,319.69,3.00,26.50,1.26,215.70,2.66,0.00,37.76,0.00,76.23,41.98,11.04,0.00,374.11,0.00,700.46,61.08,12.99,0.00,73.05,4.31,1.28,24.59,1.75,0.00,163.89,0.00,185.42,9.93,1.80
97.5,97.5,1,97.500,16/03/2026 17:41:42,18.914, , , , , , , , , , , , , , , , , , , , , , , , , , , , , , , , , , , , , , , , , , , , , , , , , , , , , , , , , , , , , , , , , , , , , , , , , , , , , , , , , , , , , , , , , , , , , , , , , , , , , , , , , , , , , , , , , , , , , , , , , , , , , , , , , , , , , , , , , , , , , , , , , , , , , , , , , , , , , , , , , , , , , , , , , , , , , , , , , , , , , , , , , , , , , , , , , , , , , , , , , , , , , , , , , , , , , , , , , , , , , , , , , , , , , , , , , , , , , , , , , , , , , , , , , , , , , , , , , , , , , , , , , , , , , , , , , , , , , , , , , , , , , , , , , , , , , , , , , , , , , , , , , , , , , , , , , , , , , , , , , , , , , , , , , , , , , , , , , , , , , , , , , , , , , , , , , , , , , , , , , , , , 
98.0,98.0,1,98.000,16/03/2026 17:42:08,18.582,,12.61, 13.38, 14.00,43.33, -0.69, 1.34,17.736, 16.067, 15.566, 14.165, 13.547, 12.895, 12.659, 12.634, 12.575, 12.809, 12.832, 12.930, 12.925, 12.964, 13.053, 13.137, 13.251, 13.414, 13.478, 13.488, 13.454, 13.428, 13.510, 13.531, 13.301, 13.401, 13.402, 13.120, 13.472, 13.045, 13.409, 13.037, 13.329, 12.989, 13.339, 12.975, 13.368, 13.062, 13.341, 13.306, 13.326, 13.532, 13.442, 13.644, 13.709, 13.743, 13.841, 13.865, 13.956, 13.944, 13.923, 14.094, 14.046, 13.932, 14.131, 14.251, 14.032, 14.092, 14.453, 14.410, 14.126, 14.273, 14.721, 14.679, 14.344, 14.362, 14.487, 14.703, 14.338, 13.987, 14.229, 14.760, 14.850, 14.349, 13.911, 14.161, 14.817, 15.077, 14.628, 13.973, 13.788, 14.324, 15.037, 15.254, 14.796, 14.148, 13.919, 14.369, 15.150, 15.664, 15.530, 14.871, 14.249, 14.122, 14.644, 15.415, 15.937, 15.886, 15.288, 14.514, 13.982, 13.981, 14.466, 15.024, 15.126, 14.530, 13.521, 12.524, 11.781, 11.452, 11.661, 12.284, 13.165, 13.956, 14.396, 14.444, 14.113, 13.654, 13.333, 13.332, 13.686, 14.336, 15.097, 15.763, 16.197, 16.277, 16.026, 15.576, 15.081, 14.708, 14.556, 14.661, 15.010, 15.534, 16.102, 16.567, 16.865, 16.867, 16.562, 16.108, 15.578, 15.050, 14.662, 14.477, 14.518, 14.776, 14.869, 15.326, 15.729, 16.027, 16.103, 15.785, 14.942, 13.453, 11.553, 10.111, 9.311, 8.899, 8.771, 8.857, 9.157, 9.607, 10.177, 10.785, 11.390, 11.948, 12.403, 12.753, 12.998, 13.123, 13.166, 13.139, 13.095, 13.061, 13.062, 13.114, 13.251, 13.467, 13.692, 14.056, 14.384, 14.734, 15.074, 15.428, 15.693, 15.916, 15.934, 15.924, 15.953, 15.915, 15.678, 15.513, 15.324, 15.111, 14.900, 14.711, 14.483, 14.172, 13.941, 13.809, 13.774, 13.853, 13.998, 14.051, 14.146, 14.238, 14.302, 14.288, 14.254, 14.214, 14.247, 14.095, 13.948, 13.882, 13.713, 13.484, 16.3,982293.0,1127505.0,867224.66,71907.44,4061.15,15308.64,568.94,17681.80,245.99,498.36,39.27,416.88,25.57,2203.23,33.76,2010.47,25.69,1229.80,62.85,21.25,7.06,0.00,67.15,548.54,16.96,20222.24,139.29,0.00,109.34,0.00,14.71,36.65,2.85,38.60,2.14,11.38,1.21,0.00,4.92,68.82,1.20,274.24,2.57,22.46,0.99,176.83,2.07,13.78,1.17,0.00,60.16,0.00,493.89,0.00,345.42,42.13,10.20,0.00,604.44,0.00,56.83,8.68,1.25,12.27,1.41,20.85,4.24,0.00,165.99,0.00,79.48,226326.69,119242.37,6734.51,28925.10,1074.99,37827.29,526.25,1141.92,89.98,1040.91,63.85,2654.02,40.67,2813.06,35.95,2051.91,104.86,37.94,12.60,0.00,98.14,788.16,24.37,28912.62,199.15,0.00,139.02,0.00,18.72,45.88,3.57,48.05,2.66,15.03,1.60,0.00,6.91,75.26,1.31,324.32,3.04,28.52,1.26,238.86,2.80,16.15,1.37,0.00,80.22,0.00,530.49,0.00,394.58,53.48,12.95,0.00,723.58,0.00,66.72,9.37,1.35,13.22,1.52,23.24,4.73,0.00,188.88,0.00,90.16
98.5,98.5,1,98.500,16/03/2026 17:42:51,20.964,1157886.774, , , , , , , , , , , , , , , , , , , , , , , , , , , , , , , , , , , , , , , , , , , , , , , , , , , , , , , , , , , , , , , , , , , , , , , , , , , , , , , , , , , , , , , , , , , , , , , , , , , , , , , , , , , , , , , , , , , , , , , , , , , , , , , , , , , , , , , , , , , , , , , , , , , , , , , , , , , , , , , , , , , , , , , , , , , , , , , , , , , , , , , , , , , , , , , , , , , , , , , , , , , , , , , , , , , , , , , , , , , , , , , , , , , , , , , , , , , , , , , , , , , , , , , , , , , , , , , , , , , , , , , , , , , , , , , , , , , , , , , , , , , , , , , , , , , , , , , , , , , , , , , , , , , , , , , , , , , , , , , , , , , , , , , , , , , , , , , , , , , , , , , , , , , , , , , , , , , , , , , , , , , 
99.0,99.0,1,99.000,16/03/2026 17:43:09,25.127,,8.85, 9.45, 9.50,36.84, -1.15, 2.38,8.100, 7.963, 9.301, 8.633, 8.515, 8.360, 8.196, 8.118, 8.365, 8.622, 8.743, 8.841, 8.867, 8.915, 9.058, 9.186, 9.300, 9.421, 9.520, 9.576, 9.578, 9.568, 9.586, 9.554, 9.479, 9.453, 9.403, 9.353, 9.337, 9.299, 9.290, 9.255, 9.234, 9.223, 9.236, 9.234, 9.255, 9.307, 9.317, 9.411, 9.460, 9.530, 9.634, 9.677, 9.794, 9.871, 9.878, 9.968, 10.002, 9.974, 10.000, 10.034, 10.015, 10.002, 10.054, 10.098, 10.101, 10.128, 10.204, 10.266, 10.275, 10.299, 10.384, 10.456, 10.482, 10.468, 10.329, 10.446, 10.470, 10.420, 10.415, 10.449, 10.493, 10.512, 10.491, 10.486, 10.511, 10.547, 10.561, 10.525, 10.456, 10.470, 10.566, 10.657, 10.693, 10.685, 10.676, 10.720, 10.805, 10.935, 11.023, 11.053, 11.021, 11.002, 11.027, 11.107, 11.189, 11.238, 11.198, 11.103, 10.990, 10.910, 10.858, 10.719, 10.326, 9.652, 9.036, 8.709, 8.574, 8.458, 8.425, 8.482, 8.706, 9.026, 9.390, 9.738, 9.981, 10.151, 10.261, 10.340, 10.430, 10.541, 10.696, 10.879, 11.084, 11.267, 11.398, 11.493, 11.515, 11.506, 11.460, 11.416, 11.393, 11.390, 11.414, 11.478, 11.552, 11.623, 11.649, 11.662, 11.609, 11.512, 11.415, 11.307, 11.216, 11.158, 10.926, 10.934, 10.940, 10.908, 10.820, 10.547, 9.896, 8.699, 7.139, 6.016, 5.519, 5.330, 5.282, 5.334, 5.460, 5.643, 5.869, 6.121, 6.405, 6.703, 7.008, 7.334, 7.648, 7.974, 8.273, 8.574, 8.875, 9.130, 9.375, 9.573, 9.750, 9.900, 10.024, 10.140, 10.208, 10.263, 10.310, 10.374, 10.398, 10.378, 10.302, 10.213, 10.310, 10.402, 10.384, 10.401, 10.452, 10.412, 10.385, 10.317, 10.159, 9.984, 9.788, 9.645, 9.468, 9.333, 9.286, 9.140, 8.995, 8.817, 8.595, 8.415, 8.329, 8.077, 8.014, 7.850, 7.700, 7.564, 7.465, 7.530, 16.3,972825.0,1179664.0,861989.36,47260.00,3551.58,20487.45,607.08,31062.11,320.40,654.12,39.58,288.63,23.23,5085.15,47.39,2729.48,30.13,2525.33,75.75,102.96,8.40,231.75,22.21,720.19,18.94,26170.31,165.15,0.00,130.99,0.00,15.98,0.00,13.69,71.91,2.73,9.05,1.33,0.00,4.26,90.91,1.39,279.99,2.57,19.35,1.01,154.07,1.93,0.00,32.59,0.00,58.44,0.00,480.14,0.00,333.52,0.00,557.12,0.00,588.69,0.00,57.83,0.00,29.21,20.42,1.58,47.45,4.07,0.00,152.81,0.00,76.67,239724.08,78370.11,5889.50,38710.27,1147.05,66452.26,685.44,1498.83,90.69,720.68,58.00,6125.59,57.09,3819.11,42.16,4213.50,126.39,183.80,15.00,338.72,32.46,1034.80,27.21,37416.84,236.12,0.00,166.55,0.00,20.34,0.00,17.14,89.51,3.40,11.95,1.76,0.00,5.99,99.42,1.52,331.12,3.04,24.57,1.28,208.11,2.61,0.00,38.20,0.00,77.93,0.00,515.73,0.00,380.99,0.00,707.27,0.00,704.72,0.00,67.90,0.00,31.54,22.00,1.70,52.90,4.54,0.00,173.88,0.00,86.98
99.5,99.5,1,99.500,16/03/2026 17:43:52,28.895, , , , , , , , , , , , , , , , , , , , , , , , , , , , , , , , , , , , , , , , , , , , , , , , , , , , , , , , , , , , , , , , , , , , , , , , , , , , , , , , , , , , , , , , , , , , , , , , , , , , , , , , , , , , , , , , , , , , , , , , , , , , , , , , , , , , , , , , , , , , , , , , , , , , , , , , , , , , , , , , , , , , , , , , , , , , , , , , , , , , , , , , , , , , , , , , , , , , , , , , , , , , , , , , , , , , , , , , , , , , , , , , , , , , , , , , , , , , , , , , , , , , , , , , , , , , , , , , , , , , , , , , , , , , , , , , , , , , , , , , , , , , , , , , , , , , , , , , , , , , , , , , , , , , , , , , , , , , , , , , , , , , , , , , , , , , , , , , , , , , , , , , , , , , , , , , , , , , , , , , , , , , 
100.0,100.0,1,100.000,16/03/2026 17:44:09,30.220,,12.59, 13.57, 13.56,43.61, -2.10, 2.90,14.699, 13.449, 12.396, 11.496, 11.736, 11.181, 11.295, 11.399, 11.771, 12.250, 12.449, 12.654, 12.729, 12.888, 13.114, 13.279, 13.486, 13.676, 13.771, 13.819, 13.844, 13.850, 13.750, 13.675, 13.577, 13.388, 13.317, 13.174, 13.076, 12.992, 12.864, 12.808, 12.667, 12.634, 12.563, 12.529, 12.533, 12.477, 12.564, 12.542, 12.636, 12.708, 12.727, 12.874, 12.927, 12.951, 13.061, 13.048, 13.014, 13.083, 13.022, 12.937, 12.988, 12.971, 12.855, 12.862, 12.942, 12.906, 12.847, 12.924, 13.008, 12.986, 12.940, 13.015, 13.112, 13.106, 12.844, 12.790, 12.850, 12.932, 12.875, 12.744, 12.669, 12.672, 12.741, 12.760, 12.709, 12.601, 12.542, 12.566, 12.602, 12.648, 12.631, 12.576, 12.504, 12.525, 12.598, 12.695, 12.768, 12.771, 12.699, 12.640, 12.621, 12.684, 12.787, 12.867, 12.876, 12.798, 12.664, 12.537, 12.498, 12.520, 12.588, 12.573, 12.345, 11.858, 11.335, 11.007, 10.854, 10.794, 10.825, 10.955, 11.165, 11.408, 11.608, 11.737, 11.772, 11.760, 11.765, 11.803, 11.891, 12.025, 12.177, 12.337, 12.450, 12.521, 12.523, 12.458, 12.381, 12.294, 12.238, 12.214, 12.238, 12.298, 12.395, 12.484, 12.540, 12.580, 12.555, 12.482, 12.357, 12.214, 12.099, 11.996, 11.936, 11.925, 11.723, 11.801, 11.867, 11.935, 11.946, 11.809, 11.429, 10.633, 9.405, 8.305, 7.701, 7.411, 7.315, 7.356, 7.517, 7.734, 8.018, 8.317, 8.641, 8.947, 9.242, 9.531, 9.778, 9.991, 10.180, 10.342, 10.485, 10.575, 10.652, 10.735, 10.788, 10.834, 10.894, 10.948, 11.022, 11.116, 11.192, 11.305, 11.399, 11.467, 11.484, 11.470, 11.569, 11.624, 11.586, 11.554, 11.566, 11.486, 11.398, 11.314, 11.156, 10.961, 10.808, 10.664, 10.575, 10.523, 10.518, 10.423, 10.422, 10.387, 10.388, 10.297, 10.274, 10.217, 10.144, 10.126, 10.172, 9.990, 9.898, 9.964, 16.3,1009283.0,1289590.0,848361.21,50362.94,3297.87,20254.25,561.56,34611.13,322.79,445.84,34.06,367.16,21.50,4373.54,40.90,2808.87,28.57,3129.42,76.95,83.53,7.94,0.00,72.43,1066.04,21.36,33562.25,195.75,0.00,144.35,0.00,16.56,47.15,3.06,92.62,2.97,42.74,1.72,0.00,5.47,90.60,1.35,141.29,1.65,7.36,0.90,121.19,1.66,5.00,1.10,0.00,52.12,0.00,437.37,0.00,306.19,0.00,513.40,0.00,537.00,0.00,48.11,0.00,27.97,25.91,1.65,0.00,132.33,0.00,147.41,0.00,66.40,262558.42,83515.64,5468.78,38269.65,1061.05,74044.80,690.56,1021.58,78.04,916.76,53.68,5268.39,49.27,3930.19,39.98,5221.42,128.39,149.12,14.17,0.00,105.86,1531.73,30.69,47985.42,279.87,0.00,183.54,0.00,21.07,59.02,3.83,115.29,3.70,56.43,2.27,0.00,7.69,99.08,1.48,167.09,1.95,9.35,1.14,163.70,2.24,5.86,1.29,0.00,69.50,0.00,469.79,0.00,349.77,0.00,651.77,0.00,642.84,0.00,56.48,0.00,30.20,27.91,1.78,0.00,147.53,0.00,167.74,0.00,75.33
100.5,100.5,1,100.500,16/03/2026 17:45:01,29.889, , , , , , , , , , , , , , , , , , , , , , , , , , , , , , , , , , , , , , , , , , , , , , , , , , , , , , , , , , , , , , , , , , , , , , , , , , , , , , , , , , , , , , , , , , , , , , , , , , , , , , , , , , , , , , , , , , , , , , , , , , , , , , , , , , , , , , , , , , , , , , , , , , , , , , , , , , , , , , , , , , , , , , , , , , , , , , , , , , , , , , , , , , , , , , , , , , , , , , , , , , , , , , , , , , , , , , , , , , , , , , , , , , , , , , , , , , , , , , , , , , , , , , , , , , , , , , , , , , , , , , , , , , , , , , , , , , , , , , , , , , , , , , , , , , , , , , , , , , , , , , , , , , , , , , , , , , , , , , , , , , , , , , , , , , , , , , , , , , , , , , , , , , , , , , , , , , , , , , , , , , , , 
101.0,101.0,1,101.000,16/03/2026 17:45:27,29.427,,12.89, 13.91, 14.05,44.10, -2.17, 2.56,16.500, 12.715, 13.220, 12.528, 11.919, 11.748, 11.858, 11.909, 12.257, 12.682, 12.863, 13.094, 13.201, 13.348, 13.552, 13.718, 13.927, 14.084, 14.149, 14.175, 14.154, 14.174, 14.107, 13.934, 13.839, 13.738, 13.546, 13.458, 13.356, 13.203, 13.162, 12.998, 12.969, 12.827, 12.841, 12.721, 12.781, 12.702, 12.785, 12.776, 12.871, 12.933, 12.993, 13.135, 13.169, 13.288, 13.328, 13.320, 13.401, 13.366, 13.286, 13.358, 13.325, 13.212, 13.250, 13.297, 13.213, 13.201, 13.301, 13.343, 13.290, 13.322, 13.417, 13.480, 13.435, 13.411, 13.228, 13.262, 13.246, 13.176, 13.232, 13.211, 13.152, 13.096, 13.055, 13.130, 13.182, 13.127, 13.003, 12.944, 12.982, 13.094, 13.145, 13.083, 12.995, 12.958, 13.029, 13.168, 13.281, 13.287, 13.207, 13.110, 13.090, 13.180, 13.325, 13.419, 13.418, 13.291, 13.144, 13.039, 13.014, 13.082, 13.166, 13.143, 12.879, 12.333, 11.780, 11.446, 11.326, 11.307, 11.388, 11.531, 11.728, 11.914, 12.060, 12.156, 12.202, 12.245, 12.318, 12.448, 12.589, 12.744, 12.868, 12.955, 12.991, 12.988, 12.942, 12.905, 12.889, 12.892, 12.938, 12.995, 13.071, 13.123, 13.146, 13.157, 13.116, 13.068, 12.971, 12.876, 12.791, 12.726, 12.698, 12.721, 12.755, 12.807, 12.617, 12.677, 12.688, 12.651, 12.549, 12.304, 11.816, 10.922, 9.617, 8.506, 7.968, 7.797, 7.808, 7.965, 8.216, 8.506, 8.813, 9.110, 9.374, 9.608, 9.815, 9.990, 10.139, 10.282, 10.417, 10.574, 10.736, 10.902, 11.076, 11.259, 11.429, 11.609, 11.774, 11.925, 12.055, 12.176, 12.231, 12.307, 12.341, 12.294, 12.195, 12.092, 12.041, 12.005, 11.899, 11.828, 11.798, 11.762, 11.696, 11.695, 11.623, 11.578, 11.489, 11.472, 11.495, 11.542, 11.530, 11.617, 11.574, 11.521, 11.462, 11.285, 11.198, 11.000, 10.920, 10.715, 10.462, 10.300, 10.002, 10.105, 16.3,1018220.0,1315979.0,850079.65,52457.57,3340.41,19750.69,561.77,32416.83,311.95,486.32,34.54,292.97,21.13,4524.82,41.82,2566.68,27.19,2379.71,70.01,115.90,8.14,91.90,19.33,1084.66,21.57,33207.40,194.65,0.00,139.65,0.00,13.59,28.54,2.69,78.44,2.80,49.50,1.73,0.00,4.42,83.16,1.29,126.79,1.55,9.73,0.91,112.55,1.61,0.00,29.98,0.00,52.30,0.00,433.06,0.00,303.99,35.60,9.65,0.00,537.43,0.00,58.38,0.00,31.62,20.58,1.56,0.00,135.42,0.00,150.98,0.00,66.26,258565.21,86989.12,5539.32,37318.19,1061.44,69350.46,667.37,1114.34,79.14,731.52,52.76,5450.62,50.38,3591.31,38.04,3970.53,116.81,206.90,14.53,134.32,28.25,1558.48,30.99,47478.07,278.30,0.00,177.56,0.00,17.29,35.73,3.37,97.64,3.49,65.36,2.28,0.00,6.21,90.94,1.41,149.94,1.83,12.36,1.16,152.03,2.17,0.00,35.14,0.00,69.74,0.00,465.16,0.00,347.26,45.19,12.25,0.00,643.36,0.00,68.54,0.00,34.14,22.17,1.68,0.00,150.97,0.00,171.80,0.00,75.17
101.5,101.5,1,101.500,16/03/2026 17:46:10,30.085, , , , , , , , , , , , , , , , , , , , , , , , , , , , , , , , , , , , , , , , , , , , , , , , , , , , , , , , , , , , , , , , , , , , , , , , , , , , , , , , , , , , , , , , , , , , , , , , , , , , , , , , , , , , , , , , , , , , , , , , , , , , , , , , , , , , , , , , , , , , , , , , , , , , , , , , , , , , , , , , , , , , , , , , , , , , , , , , , , , , , , , , , , , , , , , , , , , , , , , , , , , , , , , , , , , , , , , , , , , , , , , , , , , , , , , , , , , , , , , , , , , , , , , , , , , , , , , , , , , , , , , , , , , , , , , , , , , , , , , , , , , , , , , , , , , , , , , , , , , , , , , , , , , , , , , , , , , , , , , , , , , , , , , , , , , , , , , , , , , , , , , , , , , , , , , , , , , , , , , , , , , , 
102.0,102.0,1,102.000,16/03/2026 17:46:27,28.565,,12.29, 13.29, 13.23,43.19, -2.30, 2.99,13.667, 11.541, 11.674, 10.943, 11.080, 10.937, 10.911, 11.100, 11.454, 11.900, 12.110, 12.332, 12.477, 12.645, 12.911, 13.077, 13.261, 13.424, 13.507, 13.571, 13.567, 13.530, 13.441, 13.367, 13.234, 13.079, 13.005, 12.858, 12.757, 12.690, 12.553, 12.517, 12.373, 12.364, 12.267, 12.283, 12.227, 12.284, 12.265, 12.367, 12.426, 12.508, 12.648, 12.710, 12.871, 12.937, 12.984, 13.087, 13.063, 13.065, 13.094, 13.042, 13.025, 13.047, 12.998, 12.980, 13.043, 13.053, 13.036, 13.103, 13.185, 13.183, 13.169, 13.257, 13.360, 13.340, 13.178, 13.164, 13.253, 13.246, 13.224, 13.132, 13.109, 13.125, 13.147, 13.137, 13.100, 13.093, 13.087, 13.083, 13.030, 13.027, 13.047, 13.103, 13.117, 13.116, 13.125, 13.156, 13.228, 13.327, 13.377, 13.379, 13.347, 13.324, 13.342, 13.409, 13.473, 13.491, 13.435, 13.325, 13.216, 13.141, 13.097, 12.985, 12.612, 11.965, 11.342, 10.972, 10.798, 10.675, 10.651, 10.733, 10.968, 11.274, 11.599, 11.871, 12.048, 12.160, 12.238, 12.315, 12.399, 12.523, 12.666, 12.828, 12.970, 13.080, 13.143, 13.176, 13.145, 13.116, 13.082, 13.057, 13.055, 13.077, 13.126, 13.158, 13.187, 13.199, 13.166, 13.119, 13.027, 12.905, 12.805, 12.717, 12.686, 12.683, 12.438, 12.503, 12.520, 12.497, 12.416, 12.143, 11.525, 10.341, 8.715, 7.384, 6.750, 6.495, 6.466, 6.573, 6.810, 7.088, 7.427, 7.761, 8.115, 8.457, 8.772, 9.081, 9.342, 9.590, 9.827, 10.036, 10.260, 10.455, 10.641, 10.803, 10.991, 11.156, 11.298, 11.436, 11.569, 11.700, 11.797, 11.885, 11.947, 11.951, 11.892, 11.798, 11.820, 11.805, 11.708, 11.622, 11.568, 11.469, 11.390, 11.276, 11.121, 10.976, 10.849, 10.716, 10.617, 10.562, 10.519, 10.529, 10.446, 10.354, 10.212, 10.048, 9.909, 9.706, 9.561, 9.361, 9.255, 8.988, 8.881, 8.708, 16.3,1004143.0,1264593.0,872873.15,48119.70,3362.85,17781.84,540.02,19574.74,235.75,381.21,32.78,315.75,21.17,2990.69,33.80,2107.36,24.26,1946.95,64.40,48.38,6.85,183.10,18.89,1701.43,26.53,31448.78,186.61,0.00,142.07,0.00,15.89,39.03,2.86,94.48,2.94,43.91,1.75,0.00,5.56,69.10,1.18,115.77,1.47,6.38,0.85,88.00,1.45,3.89,1.08,0.00,51.61,0.00,425.06,0.00,300.70,0.00,503.22,0.00,527.67,0.00,41.67,0.00,27.61,27.72,1.69,38.67,3.98,0.00,141.96,0.00,68.98,215136.14,79795.73,5576.53,33598.12,1020.35,41876.92,504.35,873.49,75.11,788.40,52.86,3602.60,40.72,2948.63,33.94,3248.47,107.45,86.37,12.23,267.61,27.61,2444.68,38.12,44963.70,266.80,0.00,180.64,0.00,20.22,48.86,3.58,117.60,3.66,57.98,2.31,0.00,7.81,75.57,1.29,136.91,1.74,8.10,1.08,118.87,1.96,4.56,1.27,0.00,68.82,0.00,456.56,0.00,343.50,0.00,638.85,0.00,631.67,0.00,48.92,0.00,29.81,29.86,1.82,43.11,4.44,0.00,161.54,0.00,78.25
102.5,102.5,1,102.500,16/03/2026 17:47:11,29.627, , , , , , , , , , , , , , , , , , , , , , , , , , , , , , , , , , , , , , , , , , , , , , , , , , , , , , , , , , , , , , , , , , , , , , , , , , , , , , , , , , , , , , , , , , , , , , , , , , , , , , , , , , , , , , , , , , , , , , , , , , , , , , , , , , , , , , , , , , , , , , , , , , , , , , , , , , , , , , , , , , , , , , , , , , , , , , , , , , , , , , , , , , , , , , , , , , , , , , , , , , , , , , , , , , , , , , , , , , , , , , , , , , , , , , , , , , , , , , , , , , , , , , , , , , , , , , , , , , , , , , , , , , , , , , , , , , , , , , , , , , , , , , , , , , , , , , , , , , , , , , , , , , , , , , , , , , , , , , , , , , , , , , , , , , , , , , , , , , , , , , , , , , , , , , , , , , , , , , , , , , , , 
103.0,103.0,1,103.000,16/03/2026 17:47:28,29.163,,12.62, 13.65, 13.71,43.72, -2.31, 2.72,14.620, 13.591, 12.310, 11.973, 11.487, 11.492, 11.497, 11.581, 11.944, 12.313, 12.528, 12.775, 12.924, 13.114, 13.320, 13.465, 13.661, 13.815, 13.900, 13.937, 13.928, 13.892, 13.791, 13.687, 13.579, 13.423, 13.284, 13.182, 13.066, 12.946, 12.883, 12.743, 12.694, 12.589, 12.564, 12.491, 12.514, 12.486, 12.545, 12.567, 12.681, 12.732, 12.863, 12.956, 13.063, 13.176, 13.201, 13.268, 13.294, 13.266, 13.262, 13.262, 13.229, 13.209, 13.188, 13.186, 13.215, 13.208, 13.215, 13.285, 13.338, 13.329, 13.353, 13.439, 13.505, 13.489, 13.275, 13.276, 13.357, 13.367, 13.293, 13.241, 13.191, 13.238, 13.260, 13.239, 13.206, 13.154, 13.143, 13.159, 13.131, 13.110, 13.121, 13.132, 13.150, 13.171, 13.196, 13.232, 13.279, 13.335, 13.367, 13.371, 13.353, 13.354, 13.384, 13.441, 13.475, 13.473, 13.408, 13.304, 13.213, 13.170, 13.144, 13.059, 12.718, 12.100, 11.513, 11.153, 10.965, 10.865, 10.858, 10.953, 11.169, 11.461, 11.741, 11.976, 12.114, 12.207, 12.271, 12.347, 12.430, 12.551, 12.695, 12.831, 12.958, 13.041, 13.090, 13.107, 13.083, 13.048, 13.006, 13.002, 12.988, 13.026, 13.045, 13.071, 13.093, 13.109, 13.079, 13.039, 12.962, 12.856, 12.766, 12.702, 12.647, 12.625, 12.406, 12.429, 12.418, 12.395, 12.315, 12.086, 11.545, 10.490, 8.996, 7.764, 7.171, 6.945, 6.902, 7.002, 7.196, 7.439, 7.730, 8.023, 8.319, 8.627, 8.916, 9.193, 9.461, 9.735, 9.979, 10.229, 10.476, 10.669, 10.862, 11.027, 11.171, 11.294, 11.379, 11.480, 11.552, 11.620, 11.667, 11.739, 11.799, 11.808, 11.756, 11.699, 11.732, 11.778, 11.739, 11.722, 11.716, 11.663, 11.629, 11.554, 11.434, 11.278, 11.127, 10.974, 10.862, 10.772, 10.723, 10.608, 10.510, 10.409, 10.274, 10.155, 10.035, 9.891, 9.757, 9.550, 9.362, 9.410, 9.278, 9.232, 16.3,997124.0,1296309.0,861403.50,60066.72,3590.47,16098.14,533.32,20923.29,250.29,646.57,37.01,370.39,22.36,2651.12,33.06,1648.32,22.18,2457.65,70.79,0.00,23.81,103.78,17.83,2189.42,30.92,30796.45,189.18,0.00,140.68,0.00,14.43,31.80,2.77,108.27,3.20,30.12,1.64,2.01,0.51,87.21,1.35,115.17,1.50,11.29,0.93,127.16,1.69,9.84,1.14,0.00,54.71,0.00,437.09,60.74,6.61,0.00,524.55,0.00,535.36,0.00,53.56,0.00,21.17,27.74,1.71,22.35,4.04,0.00,146.16,10.97,1.53,234904.33,99607.19,5953.99,30416.83,1007.69,44761.92,535.45,1481.53,84.80,924.83,55.83,3193.55,39.82,2306.34,31.03,4100.57,118.11,0.00,42.51,151.68,26.06,3145.84,44.43,44031.03,270.48,0.00,178.87,0.00,18.36,39.81,3.47,134.77,3.98,39.77,2.17,2.82,0.72,95.37,1.48,136.20,1.77,14.34,1.18,171.76,2.28,11.53,1.34,0.00,72.95,0.00,469.48,69.39,7.55,0.00,665.93,0.00,640.88,0.00,62.88,0.00,22.86,29.88,1.84,24.92,4.50,0.00,166.32,12.44,1.74
103.5,103.5,1,103.500,16/03/2026 17:48:11,29.231,1157886.837, , , , , , , , , , , , , , , , , , , , , , , , , , , , , , , , , , , , , , , , , , , , , , , , , , , , , , , , , , , , , , , , , , , , , , , , , , , , , , , , , , , , , , , , , , , , , , , , , , , , , , , , , , , , , , , , , , , , , , , , , , , , , , , , , , , , , , , , , , , , , , , , , , , , , , , , , , , , , , , , , , , , , , , , , , , , , , , , , , , , , , , , , , , , , , , , , , , , , , , , , , , , , , , , , , , , , , , , , , , , , , , , , , , , , , , , , , , , , , , , , , , , , , , , , , , , , , , , , , , , , , , , , , , , , , , , , , , , , , , , , , , , , , , , , , , , , , , , , , , , , , , , , , , , , , , , , , , , , , , , , , , , , , , , , , , , , , , , , , , , , , , , , , , , , , , , , , , , , , , , , , , 
104.0,104.0,1,104.000,16/03/2026 17:48:28,29.097,,12.23, 13.23, 13.17,43.11, -2.38, 3.01,13.878, 11.887, 11.663, 11.325, 10.840, 10.691, 10.921, 11.052, 11.372, 11.800, 12.017, 12.296, 12.448, 12.633, 12.881, 13.044, 13.246, 13.395, 13.464, 13.512, 13.511, 13.473, 13.401, 13.289, 13.165, 13.030, 12.911, 12.798, 12.682, 12.593, 12.486, 12.400, 12.316, 12.242, 12.214, 12.157, 12.168, 12.170, 12.200, 12.276, 12.336, 12.457, 12.540, 12.663, 12.784, 12.864, 12.949, 12.995, 13.024, 13.040, 13.000, 13.007, 13.023, 12.957, 12.923, 12.986, 12.987, 12.943, 12.989, 13.101, 13.114, 13.072, 13.140, 13.257, 13.294, 13.246, 13.148, 13.187, 13.242, 13.210, 13.146, 13.080, 13.085, 13.106, 13.084, 13.045, 13.051, 13.064, 13.055, 13.011, 12.961, 12.989, 13.031, 13.074, 13.067, 13.056, 13.062, 13.111, 13.195, 13.289, 13.317, 13.298, 13.272, 13.267, 13.318, 13.395, 13.457, 13.452, 13.372, 13.268, 13.171, 13.130, 13.118, 13.042, 12.703, 12.078, 11.466, 11.096, 10.920, 10.813, 10.818, 10.914, 11.147, 11.444, 11.727, 11.968, 12.116, 12.203, 12.263, 12.338, 12.427, 12.552, 12.697, 12.853, 12.995, 13.086, 13.127, 13.132, 13.104, 13.075, 13.024, 13.006, 13.010, 13.044, 13.090, 13.134, 13.174, 13.183, 13.157, 13.102, 13.011, 12.894, 12.802, 12.703, 12.667, 12.642, 12.382, 12.421, 12.455, 12.453, 12.391, 12.149, 11.594, 10.499, 8.926, 7.610, 6.962, 6.705, 6.654, 6.757, 6.973, 7.255, 7.587, 7.920, 8.262, 8.599, 8.916, 9.215, 9.482, 9.738, 9.970, 10.181, 10.392, 10.565, 10.756, 10.908, 11.050, 11.177, 11.316, 11.434, 11.525, 11.626, 11.712, 11.804, 11.881, 11.895, 11.851, 11.803, 11.849, 11.823, 11.766, 11.707, 11.690, 11.599, 11.523, 11.428, 11.291, 11.100, 10.969, 10.818, 10.727, 10.637, 10.645, 10.551, 10.490, 10.369, 10.317, 10.189, 10.028, 9.915, 9.702, 9.595, 9.395, 9.161, 9.166, 9.048, 16.3,1043730.0,1287872.0,882063.29,43808.84,3329.45,13987.66,498.22,19730.19,234.91,515.72,34.05,350.96,21.16,3170.52,34.27,1985.30,23.29,1784.75,62.23,93.11,7.32,112.02,17.90,1075.77,20.92,30778.17,181.34,0.00,136.75,0.00,17.49,27.78,2.66,80.53,2.77,36.32,1.59,4.20,0.55,79.55,1.24,125.39,1.52,10.06,0.88,113.61,1.57,0.00,29.53,0.00,52.84,0.00,443.75,0.00,302.57,0.00,503.26,0.00,531.90,9.59,3.11,0.00,24.24,22.10,1.58,34.61,3.92,0.00,141.51,0.00,63.48,199463.30,72647.14,5521.15,26429.16,941.37,42209.48,502.55,1181.70,78.02,876.31,52.83,3819.22,41.28,2777.84,32.59,2977.84,103.83,166.22,13.07,163.72,26.16,1545.71,30.06,44004.90,259.27,0.00,173.88,0.00,22.26,34.77,3.33,100.24,3.45,47.95,2.10,5.90,0.77,87.00,1.36,148.29,1.80,12.78,1.12,153.46,2.12,0.00,34.62,0.00,70.46,0.00,476.64,0.00,345.63,0.00,638.90,0.00,636.74,11.26,3.65,0.00,26.17,23.81,1.70,38.58,4.37,0.00,161.02,0.00,72.01
104.5,104.5,1,104.500,16/03/2026 17:49:12,31.080, , , , , , , , , , , , , , , , , , , , , , , , , , , , , , , , , , , , , , , , , , , , , , , , , , , , , , , , , , , , , , , , , , , , , , , , , , , , , , , , , , , , , , , , , , , , , , , , , , , , , , , , , , , , , , , , , , , , , , , , , , , , , , , , , , , , , , , , , , , , , , , , , , , , , , , , , , , , , , , , , , , , , , , , , , , , , , , , , , , , , , , , , , , , , , , , , , , , , , , , , , , , , , , , , , , , , , , , , , , , , , , , , , , , , , , , , , , , , , , , , , , , , , , , , , , , , , , , , , , , , , , , , , , , , , , , , , , , , , , , , , , , , , , , , , , , , , , , , , , , , , , , , , , , , , , , , , , , , , , , , , , , , , , , , , , , , , , , , , , , , , , , , , , , , , , , , , , , , , , , , , , , 
105.0,105.0,1,105.000,16/03/2026 17:49:37,31.014,,12.84, 13.88, 13.98,44.06, -2.32, 2.65,14.608, 12.920, 13.217, 12.070, 11.935, 11.759, 11.683, 11.883, 12.115, 12.570, 12.797, 13.017, 13.166, 13.359, 13.553, 13.699, 13.900, 14.039, 14.128, 14.187, 14.175, 14.127, 14.010, 13.915, 13.811, 13.640, 13.496, 13.383, 13.288, 13.139, 13.066, 12.960, 12.826, 12.823, 12.686, 12.732, 12.626, 12.729, 12.647, 12.813, 12.778, 12.943, 12.995, 13.097, 13.265, 13.252, 13.415, 13.400, 13.411, 13.482, 13.367, 13.403, 13.423, 13.306, 13.321, 13.376, 13.315, 13.319, 13.395, 13.420, 13.421, 13.485, 13.505, 13.532, 13.590, 13.607, 13.410, 13.379, 13.399, 13.502, 13.431, 13.364, 13.307, 13.332, 13.368, 13.358, 13.304, 13.265, 13.244, 13.241, 13.220, 13.240, 13.249, 13.263, 13.269, 13.264, 13.298, 13.368, 13.437, 13.483, 13.498, 13.466, 13.460, 13.486, 13.552, 13.608, 13.621, 13.573, 13.489, 13.391, 13.349, 13.341, 13.333, 13.241, 12.879, 12.251, 11.660, 11.333, 11.211, 11.123, 11.131, 11.214, 11.395, 11.648, 11.905, 12.149, 12.312, 12.427, 12.512, 12.597, 12.685, 12.784, 12.891, 13.008, 13.133, 13.229, 13.303, 13.334, 13.329, 13.296, 13.258, 13.228, 13.211, 13.207, 13.236, 13.282, 13.327, 13.353, 13.347, 13.302, 13.230, 13.115, 13.016, 12.922, 12.865, 12.827, 12.570, 12.634, 12.655, 12.664, 12.597, 12.387, 11.839, 10.781, 9.217, 7.913, 7.266, 7.009, 6.950, 7.057, 7.266, 7.573, 7.897, 8.250, 8.600, 8.936, 9.241, 9.520, 9.777, 9.992, 10.222, 10.413, 10.587, 10.769, 10.943, 11.111, 11.264, 11.427, 11.548, 11.705, 11.819, 11.942, 12.015, 12.111, 12.172, 12.183, 12.102, 12.012, 11.996, 11.984, 11.906, 11.844, 11.797, 11.746, 11.663, 11.590, 11.468, 11.357, 11.239, 11.188, 11.150, 11.086, 11.081, 10.983, 10.896, 10.770, 10.663, 10.545, 10.337, 10.153, 9.930, 9.755, 9.611, 9.435, 9.242, 9.169, 16.3,1021540.0,1315222.0,836672.06,69452.31,3609.25,20529.53,582.00,28089.32,296.17,526.01,36.16,332.14,22.27,3859.33,39.82,2366.45,27.09,2255.04,70.47,63.12,7.61,0.00,65.50,1131.65,22.39,34138.95,208.48,0.00,147.70,0.00,16.67,22.07,2.68,59.19,2.59,44.83,1.78,2.50,0.56,83.19,1.32,150.27,1.76,18.16,1.00,146.65,1.85,14.64,1.19,0.00,55.16,0.00,461.63,0.00,315.73,0.00,526.63,0.00,561.98,17.49,3.35,0.00,21.60,25.08,1.71,0.00,141.69,0.00,155.70,0.00,66.12,279077.75,115171.08,5985.13,38789.78,1099.67,60092.46,633.61,1205.28,82.86,829.32,55.61,4648.97,47.97,3311.15,37.90,3762.52,117.58,112.68,13.59,0.00,95.73,1626.00,32.17,48809.95,298.07,0.00,187.80,0.00,21.21,27.63,3.35,73.67,3.22,59.19,2.35,3.51,0.79,90.98,1.44,177.71,2.08,23.06,1.27,198.09,2.50,17.16,1.39,0.00,73.55,0.00,495.84,0.00,360.67,0.00,668.57,0.00,672.75,20.53,3.93,0.00,23.32,27.02,1.84,0.00,157.96,0.00,177.17,0.00,75.01
105.5,105.5,1,105.500,16/03/2026 17:50:29,30.753, , , , , , , , , , , , , , , , , , , , , , , , , , , , , , , , , , , , , , , , , , , , , , , , , , , , , , , , , , , , , , , , , , , , , , , , , , , , , , , , , , , , , , , , , , , , , , , , , , , , , , , , , , , , , , , , , , , , , , , , , , , , , , , , , , , , , , , , , , , , , , , , , , , , , , , , , , , , , , , , , , , , , , , , , , , , , , , , , , , , , , , , , , , , , , , , , , , , , , , , , , , , , , , , , , , , , , , , , , , , , , , , , , , , , , , , , , , , , , , , , , , , , , , , , , , , , , , , , , , , , , , , , , , , , , , , , , , , , , , , , , , , , , , , , , , , , , , , , , , , , , , , , , , , , , , , , , , , , , , , , , , , , , , , , , , , , , , , , , , , , , , , , , , , , , , , , , , , , , , , , , , , 
106.0,106.0,1,106.000,16/03/2026 17:50:47,29.895,,13.35, 14.45, 14.71,44.88, -2.46, 2.33,16.315, 15.024, 13.926, 13.054, 12.536, 12.376, 12.259, 12.525, 12.823, 13.241, 13.444, 13.699, 13.862, 14.043, 14.255, 14.394, 14.574, 14.699, 14.753, 14.792, 14.758, 14.691, 14.566, 14.434, 14.320, 14.166, 14.016, 13.819, 13.714, 13.640, 13.449, 13.370, 13.294, 13.138, 13.143, 13.039, 13.037, 13.032, 13.032, 13.119, 13.147, 13.264, 13.335, 13.451, 13.563, 13.617, 13.717, 13.706, 13.769, 13.741, 13.705, 13.723, 13.675, 13.640, 13.610, 13.619, 13.643, 13.611, 13.622, 13.707, 13.737, 13.716, 13.753, 13.843, 13.900, 13.869, 13.636, 13.621, 13.697, 13.705, 13.666, 13.552, 13.575, 13.589, 13.566, 13.521, 13.527, 13.545, 13.488, 13.428, 13.396, 13.457, 13.532, 13.513, 13.438, 13.429, 13.519, 13.619, 13.662, 13.638, 13.623, 13.637, 13.681, 13.722, 13.725, 13.724, 13.725, 13.742, 13.735, 13.675, 13.581, 13.503, 13.455, 13.413, 13.217, 12.782, 12.291, 11.933, 11.718, 11.573, 11.573, 11.714, 11.979, 12.259, 12.474, 12.609, 12.651, 12.670, 12.730, 12.843, 12.986, 13.142, 13.243, 13.312, 13.335, 13.341, 13.356, 13.394, 13.442, 13.498, 13.526, 13.533, 13.495, 13.412, 13.360, 13.309, 13.314, 13.354, 13.404, 13.457, 13.493, 13.456, 13.374, 13.257, 13.148, 13.010, 12.640, 12.634, 12.654, 12.700, 12.736, 12.657, 12.285, 11.430, 10.089, 8.901, 8.234, 7.911, 7.765, 7.773, 7.928, 8.167, 8.498, 8.849, 9.239, 9.618, 9.968, 10.266, 10.508, 10.709, 10.857, 10.964, 11.065, 11.147, 11.234, 11.349, 11.473, 11.610, 11.763, 11.927, 12.101, 12.246, 12.384, 12.508, 12.556, 12.566, 12.471, 12.367, 12.308, 12.218, 12.106, 12.019, 11.946, 11.906, 11.868, 11.850, 11.811, 11.773, 11.719, 11.686, 11.672, 11.736, 11.710, 11.625, 11.591, 11.468, 11.333, 11.158, 10.995, 10.757, 10.529, 10.273, 10.244, 10.146, 9.995, 10.084, 16.3,1023805.0,1368130.0,828378.45,68240.55,3551.31,21406.25,586.53,34116.11,330.45,647.50,37.64,438.69,22.95,3901.63,40.02,2474.94,27.47,2722.05,75.03,54.29,7.61,57.82,18.43,1094.42,22.15,35793.85,215.92,0.00,148.82,0.00,15.77,24.57,2.74,88.69,3.04,41.60,1.80,0.00,5.12,94.07,1.41,165.17,1.86,12.38,0.97,147.60,1.86,9.11,1.16,0.00,53.67,0.00,457.08,0.00,319.41,0.00,529.60,60.48,10.82,0.00,60.70,0.00,26.55,29.80,1.77,0.00,135.92,0.00,150.71,0.00,67.29,295631.89,113161.65,5889.05,40446.31,1108.23,72985.78,706.94,1483.66,86.25,1095.37,57.30,4699.92,48.21,3462.95,38.44,4541.72,125.19,96.92,13.59,84.51,26.94,1572.51,31.83,51176.04,308.71,0.00,189.22,0.00,20.07,30.76,3.43,110.39,3.78,54.93,2.38,0.00,7.19,102.87,1.54,195.33,2.20,15.72,1.23,199.37,2.51,10.68,1.36,0.00,71.57,0.00,490.96,0.00,364.87,0.00,672.34,72.40,12.95,0.00,71.27,0.00,28.67,32.10,1.91,0.00,151.53,0.00,171.49,0.00,76.34
106.5,106.5,1,106.500,16/03/2026 17:51:30,29.360, , , , , , , , , , , , , , , , , , , , , , , , , , , , , , , , , , , , , , , , , , , , , , , , , , , , , , , , , , , , , , , , , , , , , , , , , , , , , , , , , , , , , , , , , , , , , , , , , , , , , , , , , , , , , , , , , , , , , , , , , , , , , , , , , , , , , , , , , , , , , , , , , , , , , , , , , , , , , , , , , , , , , , , , , , , , , , , , , , , , , , , , , , , , , , , , , , , , , , , , , , , , , , , , , , , , , , , , , , , , , , , , , , , , , , , , , , , , , , , , , , , , , , , , , , , , , , , , , , , , , , , , , , , , , , , , , , , , , , , , , , , , , , , , , , , , , , , , , , , , , , , , , , , , , , , , , , , , , , , , , , , , , , , , , , , , , , , , , , , , , , , , , , , , , , , , , , , , , , , , , , , , 
107.0,107.0,1,107.000,16/03/2026 17:51:47,28.639,,13.27, 14.35, 14.70,44.73, -2.35, 2.11,16.767, 14.514, 14.051, 13.126, 12.988, 12.600, 12.509, 12.524, 12.815, 13.242, 13.481, 13.698, 13.791, 13.959, 14.167, 14.295, 14.464, 14.584, 14.648, 14.667, 14.649, 14.593, 14.477, 14.325, 14.186, 14.040, 13.918, 13.742, 13.622, 13.531, 13.402, 13.288, 13.198, 13.106, 13.039, 13.011, 12.951, 12.995, 12.949, 13.071, 13.049, 13.211, 13.211, 13.383, 13.422, 13.512, 13.588, 13.558, 13.650, 13.574, 13.557, 13.583, 13.496, 13.497, 13.466, 13.432, 13.488, 13.459, 13.423, 13.542, 13.596, 13.509, 13.553, 13.696, 13.707, 13.625, 13.315, 13.358, 13.349, 13.335, 13.375, 13.296, 13.218, 13.226, 13.296, 13.298, 13.221, 13.142, 13.173, 13.212, 13.193, 13.128, 13.130, 13.198, 13.251, 13.230, 13.197, 13.196, 13.295, 13.422, 13.466, 13.393, 13.307, 13.283, 13.381, 13.521, 13.595, 13.530, 13.383, 13.227, 13.184, 13.248, 13.332, 13.335, 13.078, 12.570, 12.043, 11.765, 11.706, 11.720, 11.771, 11.843, 11.944, 12.073, 12.212, 12.373, 12.524, 12.651, 12.750, 12.801, 12.822, 12.822, 12.828, 12.868, 12.964, 13.083, 13.207, 13.294, 13.324, 13.285, 13.198, 13.090, 13.004, 12.953, 12.956, 13.007, 13.101, 13.194, 13.277, 13.283, 13.222, 13.108, 12.974, 12.820, 12.723, 12.652, 12.419, 12.502, 12.579, 12.656, 12.676, 12.578, 12.227, 11.443, 10.185, 9.038, 8.409, 8.129, 8.040, 8.097, 8.294, 8.556, 8.884, 9.190, 9.512, 9.827, 10.105, 10.346, 10.541, 10.722, 10.873, 10.995, 11.139, 11.246, 11.361, 11.483, 11.603, 11.717, 11.831, 11.953, 12.049, 12.140, 12.216, 12.305, 12.348, 12.358, 12.301, 12.205, 12.222, 12.223, 12.155, 12.109, 12.086, 12.036, 11.973, 11.908, 11.828, 11.687, 11.605, 11.573, 11.510, 11.533, 11.518, 11.492, 11.510, 11.374, 11.335, 11.227, 11.165, 11.068, 11.036, 10.910, 10.771, 10.637, 10.551, 10.571, 16.3,1004075.0,1379719.0,845569.92,55869.34,3438.34,22329.89,593.52,31776.27,314.40,589.01,36.83,529.23,23.42,3856.72,39.43,2454.46,27.43,2548.89,72.85,71.92,7.69,88.25,18.66,1039.06,21.45,32689.00,195.70,0.00,145.67,0.00,18.29,37.89,2.96,80.84,2.90,34.74,1.57,0.00,4.77,87.44,1.34,156.77,1.77,15.09,0.96,123.23,1.69,0.00,30.39,0.00,52.42,0.00,447.50,0.00,314.06,0.00,521.52,0.00,551.57,16.10,3.47,0.00,31.20,17.44,1.52,18.55,4.06,0.00,147.50,0.00,67.96,267028.51,92646.77,5701.72,42191.49,1121.43,67980.08,672.61,1349.64,84.39,1321.44,58.48,4645.82,47.50,3434.30,38.38,4252.81,121.55,128.39,13.73,128.98,27.27,1492.96,30.82,46736.90,279.80,0.00,185.22,0.00,23.28,47.43,3.71,100.62,3.61,45.87,2.07,0.00,6.70,95.62,1.47,185.40,2.09,19.16,1.22,166.46,2.28,0.00,35.62,0.00,69.90,0.00,480.67,0.00,358.76,0.00,662.08,0.00,660.29,18.90,4.07,0.00,33.69,18.79,1.64,20.68,4.53,0.00,167.84,0.00,77.10
107.5,107.5,1,107.500,16/03/2026 17:52:30,27.843, , , , , , , , , , , , , , , , , , , , , , , , , , , , , , , , , , , , , , , , , , , , , , , , , , , , , , , , , , , , , , , , , , , , , , , , , , , , , , , , , , , , , , , , , , , , , , , , , , , , , , , , , , , , , , , , , , , , , , , , , , , , , , , , , , , , , , , , , , , , , , , , , , , , , , , , , , , , , , , , , , , , , , , , , , , , , , , , , , , , , , , , , , , , , , , , , , , , , , , , , , , , , , , , , , , , , , , , , , , , , , , , , , , , , , , , , , , , , , , , , , , , , , , , , , , , , , , , , , , , , , , , , , , , , , , , , , , , , , , , , , , , , , , , , , , , , , , , , , , , , , , , , , , , , , , , , , , , , , , , , , , , , , , , , , , , , , , , , , , , , , , , , , , , , , , , , , , , , , , , , , , , 
108.0,108.0,1,108.000,16/03/2026 17:52:48,27.710,,12.78, 13.79, 14.08,43.92, -2.14, 2.17,16.494, 13.986, 13.923, 12.510, 12.289, 12.100, 11.941, 12.079, 12.335, 12.729, 12.902, 13.095, 13.200, 13.342, 13.551, 13.664, 13.825, 13.964, 14.042, 14.068, 14.063, 14.021, 13.933, 13.818, 13.664, 13.521, 13.433, 13.280, 13.150, 13.087, 12.968, 12.853, 12.799, 12.694, 12.664, 12.607, 12.592, 12.590, 12.600, 12.658, 12.710, 12.790, 12.875, 12.950, 13.076, 13.102, 13.193, 13.193, 13.216, 13.229, 13.150, 13.179, 13.165, 13.083, 13.099, 13.105, 13.074, 13.094, 13.120, 13.149, 13.209, 13.205, 13.198, 13.283, 13.357, 13.327, 13.066, 13.094, 13.192, 13.145, 13.046, 12.991, 12.998, 13.030, 12.985, 12.931, 12.948, 12.946, 12.915, 12.862, 12.849, 12.904, 12.946, 12.942, 12.889, 12.877, 12.938, 13.019, 13.083, 13.090, 13.070, 13.046, 13.066, 13.118, 13.167, 13.200, 13.188, 13.170, 13.119, 13.086, 13.045, 13.024, 12.999, 12.943, 12.722, 12.296, 11.869, 11.627, 11.505, 11.403, 11.371, 11.419, 11.599, 11.842, 12.069, 12.262, 12.353, 12.377, 12.381, 12.387, 12.432, 12.526, 12.648, 12.773, 12.898, 12.962, 12.988, 12.971, 12.935, 12.893, 12.847, 12.842, 12.855, 12.887, 12.920, 12.956, 12.968, 12.971, 12.937, 12.893, 12.821, 12.768, 12.716, 12.681, 12.645, 12.638, 12.395, 12.431, 12.437, 12.416, 12.349, 12.186, 11.806, 11.017, 9.797, 8.748, 8.210, 7.990, 7.952, 8.045, 8.209, 8.436, 8.692, 8.935, 9.190, 9.437, 9.672, 9.917, 10.142, 10.371, 10.572, 10.777, 10.973, 11.157, 11.303, 11.417, 11.506, 11.585, 11.656, 11.721, 11.773, 11.800, 11.849, 11.914, 11.973, 11.968, 11.934, 11.884, 11.963, 12.020, 11.989, 11.974, 11.979, 11.932, 11.894, 11.778, 11.656, 11.524, 11.355, 11.264, 11.160, 11.104, 11.111, 11.051, 11.055, 11.056, 10.965, 10.830, 10.813, 10.741, 10.682, 10.597, 10.521, 10.478, 10.380, 10.395, 16.3,997043.0,1374019.0,854052.66,54014.82,3415.42,17346.12,544.03,30448.34,304.84,710.42,37.79,569.80,23.44,4030.95,39.94,2408.82,26.53,2290.23,69.97,35.56,7.14,147.66,19.46,1031.17,21.34,32216.48,192.77,0.00,141.86,0.00,13.42,30.31,2.76,126.37,3.48,26.14,1.58,0.00,4.83,103.37,1.46,163.40,1.81,23.24,1.04,125.75,1.71,5.89,1.12,0.00,52.41,0.00,441.03,0.00,309.26,0.00,518.48,50.31,10.44,11.94,3.53,3.77,1.25,26.48,1.69,0.00,138.21,0.00,152.01,0.00,70.21,251254.83,89571.47,5663.71,32774.85,1027.92,65139.20,652.15,1627.83,86.59,1422.74,58.53,4855.70,48.11,3370.44,37.12,3821.23,116.74,63.48,12.75,215.81,28.44,1481.63,30.66,46061.31,275.61,0.00,180.37,0.00,17.08,37.94,3.45,157.29,4.33,34.51,2.09,0.00,6.79,113.05,1.60,193.24,2.14,29.51,1.32,169.86,2.31,6.90,1.31,0.00,69.89,0.00,473.72,0.00,353.28,0.00,658.22,60.23,12.50,14.02,4.14,4.07,1.35,28.52,1.82,0.00,154.08,0.00,172.97,0.00,79.65
108.5,108.5,1,108.500,16/03/2026 17:53:31,31.076,1157885.386, , , , , , , , , , , , , , , , , , , , , , , , , , , , , , , , , , , , , , , , , , , , , , , , , , , , , , , , , , , , , , , , , , , , , , , , , , , , , , , , , , , , , , , , , , , , , , , , , , , , , , , , , , , , , , , , , , , , , , , , , , , , , , , , , , , , , , , , , , , , , , , , , , , , , , , , , , , , , , , , , , , , , , , , , , , , , , , , , , , , , , , , , , , , , , , , , , , , , , , , , , , , , , , , , , , , , , , , , , , , , , , , , , , , , , , , , , , , , , , , , , , , , , , , , , , , , , , , , , , , , , , , , , , , , , , , , , , , , , , , , , , , , , , , , , , , , , , , , , , , , , , , , , , , , , , , , , , , , , , , , , , , , , , , , , , , , , , , , , , , , , , , , , , , , , , , , , , , , , , , , , , 
109.0,109.0,1,109.000,16/03/2026 17:53:57,33.986,,13.41, 14.46, 14.85,44.88, -2.11, 2.02,16.633, 15.886, 14.597, 13.601, 13.095, 12.862, 12.632, 12.804, 13.072, 13.436, 13.602, 13.779, 13.888, 14.065, 14.225, 14.362, 14.523, 14.654, 14.706, 14.752, 14.746, 14.700, 14.595, 14.448, 14.305, 14.180, 14.095, 13.918, 13.794, 13.756, 13.609, 13.508, 13.470, 13.323, 13.338, 13.244, 13.258, 13.251, 13.260, 13.327, 13.377, 13.453, 13.569, 13.619, 13.796, 13.780, 13.919, 13.911, 13.924, 13.986, 13.859, 13.915, 13.913, 13.785, 13.834, 13.858, 13.799, 13.842, 13.876, 13.874, 13.951, 13.967, 13.947, 14.020, 14.169, 14.097, 13.719, 13.747, 13.865, 13.871, 13.712, 13.661, 13.713, 13.741, 13.675, 13.623, 13.654, 13.686, 13.640, 13.553, 13.533, 13.620, 13.677, 13.677, 13.593, 13.552, 13.632, 13.755, 13.841, 13.844, 13.768, 13.740, 13.774, 13.865, 13.930, 13.952, 13.903, 13.841, 13.817, 13.803, 13.804, 13.798, 13.737, 13.632, 13.366, 12.924, 12.489, 12.268, 12.153, 12.053, 11.983, 12.013, 12.156, 12.420, 12.703, 12.952, 13.083, 13.116, 13.103, 13.079, 13.093, 13.170, 13.301, 13.463, 13.627, 13.735, 13.785, 13.762, 13.679, 13.596, 13.524, 13.505, 13.509, 13.566, 13.641, 13.690, 13.721, 13.724, 13.701, 13.623, 13.517, 13.417, 13.338, 13.287, 13.272, 13.289, 13.097, 13.170, 13.188, 13.172, 13.103, 12.920, 12.469, 11.603, 10.296, 9.142, 8.592, 8.391, 8.359, 8.464, 8.672, 8.914, 9.192, 9.449, 9.716, 9.969, 10.213, 10.442, 10.685, 10.918, 11.140, 11.369, 11.584, 11.780, 11.943, 12.100, 12.194, 12.292, 12.345, 12.417, 12.465, 12.494, 12.532, 12.569, 12.599, 12.614, 12.555, 12.519, 12.608, 12.682, 12.671, 12.650, 12.673, 12.648, 12.561, 12.465, 12.347, 12.169, 12.021, 11.885, 11.721, 11.663, 11.654, 11.608, 11.546, 11.475, 11.442, 11.308, 11.300, 11.215, 11.194, 11.214, 11.134, 11.065, 11.008, 10.896, 16.3,992418.0,1352163.0,834159.93,68665.14,3599.28,22595.13,601.16,30821.73,313.30,675.10,38.27,495.38,23.60,3700.79,39.34,2269.15,26.88,2355.52,72.12,71.67,7.72,60.79,18.35,990.79,21.25,32500.38,199.26,0.00,147.39,0.00,17.78,21.59,2.68,104.42,3.27,26.48,1.53,0.00,5.26,93.96,1.42,160.46,1.82,7.98,0.93,141.51,1.81,0.00,31.47,0.00,54.67,0.00,451.74,0.00,323.30,0.00,527.57,0.00,564.27,23.49,3.70,0.00,28.27,18.32,1.59,40.32,4.16,0.00,148.12,0.00,72.33,285729.02,113865.74,5968.60,42692.65,1135.87,65938.00,670.25,1546.90,87.69,1236.92,58.93,4457.99,47.39,3175.01,37.61,3930.17,120.33,127.94,13.78,88.85,26.82,1423.61,30.53,46467.22,284.89,0.00,187.40,0.00,22.63,27.03,3.35,129.97,4.07,34.96,2.02,0.00,7.39,102.75,1.55,189.76,2.15,10.13,1.18,191.15,2.44,0.00,36.89,0.00,72.90,0.00,485.22,0.00,369.32,0.00,669.76,0.00,675.49,27.58,4.34,0.00,30.52,19.73,1.71,44.95,4.64,0.00,168.55,0.00,82.05
109.5,109.5,1,109.500,16/03/2026 17:54:31,34.123, , , , , , , , , , , , , , , , , , , , , , , , , , , , , , , , , , , , , , , , , , , , , , , , , , , , , , , , , , , , , , , , , , , , , , , , , , , , , , , , , , , , , , , , , , , , , , , , , , , , , , , , , , , , , , , , , , , , , , , , , , , , , , , , , , , , , , , , , , , , , , , , , , , , , , , , , , , , , , , , , , , , , , , , , , , , , , , , , , , , , , , , , , , , , , , , , , , , , , , , , , , , , , , , , , , , , , , , , , , , , , , , , , , , , , , , , , , , , , , , , , , , , , , , , , , , , , , , , , , , , , , , , , , , , , , , , , , , , , , , , , , , , , , , , , , , , , , , , , , , , , , , , , , , , , , , , , , , , , , , , , , , , , , , , , , , , , , , , , , , , , , , , , , , , , , , , , , , , , , , , , , , 
110.0,110.0,1,110.000,16/03/2026 17:54:57,32.532,,13.76, 14.82, 15.32,45.39, -2.08, 1.82,19.577, 15.573, 15.495, 14.095, 13.405, 13.225, 13.210, 13.224, 13.547, 13.873, 14.011, 14.262, 14.324, 14.457, 14.634, 14.752, 14.924, 15.052, 15.085, 15.125, 15.103, 15.056, 14.957, 14.817, 14.682, 14.531, 14.415, 14.245, 14.151, 14.045, 13.918, 13.839, 13.700, 13.656, 13.571, 13.540, 13.492, 13.511, 13.478, 13.581, 13.569, 13.723, 13.712, 13.880, 13.924, 13.992, 14.085, 14.015, 14.126, 14.072, 13.987, 14.076, 13.974, 13.918, 13.961, 13.909, 13.894, 13.945, 13.932, 13.947, 14.034, 14.033, 14.008, 14.069, 14.191, 14.145, 13.877, 13.912, 13.985, 13.985, 13.871, 13.752, 13.741, 13.803, 13.780, 13.702, 13.655, 13.672, 13.693, 13.660, 13.575, 13.550, 13.607, 13.694, 13.696, 13.615, 13.568, 13.617, 13.757, 13.879, 13.864, 13.756, 13.658, 13.658, 13.785, 13.946, 13.999, 13.913, 13.740, 13.600, 13.587, 13.683, 13.796, 13.775, 13.516, 13.008, 12.503, 12.251, 12.237, 12.270, 12.321, 12.370, 12.450, 12.538, 12.656, 12.823, 12.976, 13.104, 13.217, 13.272, 13.261, 13.241, 13.224, 13.251, 13.326, 13.466, 13.601, 13.716, 13.757, 13.735, 13.629, 13.513, 13.407, 13.327, 13.312, 13.371, 13.474, 13.599, 13.690, 13.727, 13.696, 13.602, 13.455, 13.293, 13.156, 13.069, 12.780, 12.842, 12.920, 13.015, 13.091, 13.037, 12.747, 12.032, 10.838, 9.734, 9.096, 8.782, 8.651, 8.691, 8.861, 9.113, 9.434, 9.772, 10.104, 10.439, 10.720, 10.976, 11.179, 11.352, 11.471, 11.588, 11.686, 11.763, 11.852, 11.934, 12.022, 12.124, 12.226, 12.347, 12.507, 12.614, 12.730, 12.832, 12.899, 12.905, 12.843, 12.762, 12.763, 12.748, 12.648, 12.555, 12.527, 12.440, 12.359, 12.293, 12.171, 12.104, 12.043, 11.991, 11.990, 12.014, 12.080, 12.109, 12.081, 12.089, 12.107, 11.990, 11.865, 11.795, 11.731, 11.576, 11.451, 11.347, 11.168, 11.237, 16.3,985050.0,1341126.0,835491.03,66009.48,3617.76,19871.23,583.77,32310.75,325.20,732.22,39.48,397.22,23.32,4111.80,41.87,2348.61,27.30,2282.15,71.96,81.41,7.93,245.94,22.35,938.00,21.12,34405.48,212.18,0.00,148.51,0.00,16.13,32.90,2.93,84.64,2.99,33.10,1.72,0.00,5.02,102.09,1.49,162.86,1.87,19.64,1.05,145.09,1.87,0.00,31.71,0.00,54.29,65.05,10.26,43.74,6.93,0.00,533.40,37.01,11.00,0.00,55.62,0.00,28.50,28.13,1.77,20.41,4.33,0.00,152.37,0.00,68.63,282824.19,109461.92,5999.24,37545.95,1103.01,69123.51,695.71,1677.78,90.46,991.82,58.23,4953.09,50.44,3286.19,38.20,3807.75,120.06,145.33,14.16,359.46,32.67,1347.76,30.35,49191.02,303.36,0.00,188.83,0.00,20.53,41.18,3.67,105.35,3.72,43.70,2.27,0.00,7.05,111.65,1.63,192.60,2.21,24.94,1.33,195.98,2.53,0.00,37.17,0.00,72.39,69.87,11.02,49.97,7.92,0.00,677.16,44.30,13.17,0.00,65.30,0.00,30.77,30.30,1.91,22.75,4.83,0.00,173.38,0.00,77.86
110.5,110.5,1,110.500,16/03/2026 17:55:49,32.599, , , , , , , , , , , , , , , , , , , , , , , , , , , , , , , , , , , , , , , , , , , , , , , , , , , , , , , , , , , , , , , , , , , , , , , , , , , , , , , , , , , , , , , , , , , , , , , , , , , , , , , , , , , , , , , , , , , , , , , , , , , , , , , , , , , , , , , , , , , , , , , , , , , , , , , , , , , , , , , , , , , , , , , , , , , , , , , , , , , , , , , , , , , , , , , , , , , , , , , , , , , , , , , , , , , , , , , , , , , , , , , , , , , , , , , , , , , , , , , , , , , , , , , , , , , , , , , , , , , , , , , , , , , , , , , , , , , , , , , , , , , , , , , , , , , , , , , , , , , , , , , , , , , , , , , , , , , , , , , , , , , , , , , , , , , , , , , , , , , , , , , , , , , , , , , , , , , , , , , , , , , , 
111.0,111.0,1,111.000,16/03/2026 17:56:06,32.735,,13.25, 14.31, 14.72,44.67, -2.26, 1.97,16.245, 14.816, 14.000, 13.083, 12.826, 12.567, 12.479, 12.664, 12.914, 13.302, 13.477, 13.691, 13.776, 13.928, 14.138, 14.240, 14.412, 14.542, 14.606, 14.629, 14.600, 14.533, 14.431, 14.299, 14.168, 13.991, 13.869, 13.718, 13.596, 13.479, 13.363, 13.259, 13.154, 13.066, 13.004, 12.940, 12.920, 12.903, 12.908, 12.957, 13.003, 13.071, 13.155, 13.235, 13.327, 13.386, 13.422, 13.452, 13.449, 13.432, 13.387, 13.363, 13.340, 13.293, 13.247, 13.251, 13.261, 13.225, 13.234, 13.307, 13.338, 13.307, 13.321, 13.399, 13.463, 13.401, 13.133, 13.165, 13.201, 13.161, 13.114, 13.026, 13.002, 13.006, 12.982, 12.952, 12.937, 12.909, 12.881, 12.861, 12.858, 12.854, 12.864, 12.872, 12.854, 12.858, 12.871, 12.901, 12.954, 13.005, 13.012, 12.992, 12.965, 12.966, 12.995, 13.060, 13.095, 13.086, 13.021, 12.945, 12.888, 12.863, 12.882, 12.865, 12.697, 12.320, 11.900, 11.643, 11.528, 11.453, 11.439, 11.504, 11.667, 11.863, 12.041, 12.187, 12.249, 12.265, 12.275, 12.295, 12.318, 12.390, 12.484, 12.559, 12.649, 12.695, 12.733, 12.733, 12.695, 12.661, 12.627, 12.598, 12.580, 12.590, 12.607, 12.634, 12.633, 12.640, 12.649, 12.608, 12.570, 12.496, 12.449, 12.372, 12.328, 12.309, 12.071, 12.111, 12.122, 12.127, 12.109, 11.989, 11.684, 11.007, 9.918, 8.923, 8.387, 8.159, 8.096, 8.152, 8.318, 8.528, 8.784, 9.038, 9.293, 9.535, 9.759, 9.974, 10.175, 10.360, 10.520, 10.678, 10.834, 10.957, 11.077, 11.170, 11.242, 11.325, 11.397, 11.471, 11.523, 11.591, 11.641, 11.711, 11.751, 11.757, 11.699, 11.628, 11.677, 11.694, 11.664, 11.648, 11.628, 11.573, 11.517, 11.438, 11.349, 11.259, 11.128, 11.054, 10.965, 10.954, 10.973, 11.017, 10.988, 10.922, 10.856, 10.764, 10.737, 10.688, 10.619, 10.549, 10.429, 10.368, 10.241, 10.346, 16.3,960471.0,1310581.0,833795.47,65210.99,3747.34,22252.53,620.62,32640.62,335.27,641.98,39.88,548.80,25.27,3800.99,41.55,2574.97,29.29,2774.10,78.74,23.27,7.57,0.00,78.46,1043.46,22.59,33812.40,214.34,0.00,153.67,23.99,4.39,51.61,3.39,104.63,3.32,32.01,1.69,0.00,5.07,100.21,1.51,199.62,2.16,18.41,1.06,142.88,1.92,8.89,1.20,0.00,55.75,0.00,472.56,0.00,332.90,124.95,10.47,48.57,11.23,0.00,49.84,0.00,29.26,24.63,1.73,0.00,143.14,0.00,159.27,0.00,69.90,286631.12,108137.81,6214.12,42045.32,1172.64,69829.22,717.25,1471.01,91.38,1370.30,63.10,4578.69,50.05,3602.91,40.98,4628.57,131.38,41.54,13.51,0.00,114.67,1499.28,32.46,48343.07,306.45,0.00,195.39,30.53,5.59,64.60,4.24,130.23,4.13,42.26,2.23,0.00,7.12,109.59,1.65,236.07,2.55,23.38,1.35,193.00,2.59,10.42,1.41,0.00,74.34,0.00,507.58,0.00,380.28,158.63,13.29,58.14,13.44,0.00,58.52,0.00,31.59,26.53,1.86,0.00,159.58,0.00,181.23,0.00,79.30
111.5,111.5,1,111.500,16/03/2026 17:56:49,32.201, , , , , , , , , , , , , , , , , , , , , , , , , , , , , , , , , , , , , , , , , , , , , , , , , , , , , , , , , , , , , , , , , , , , , , , , , , , , , , , , , , , , , , , , , , , , , , , , , , , , , , , , , , , , , , , , , , , , , , , , , , , , , , , , , , , , , , , , , , , , , , , , , , , , , , , , , , , , , , , , , , , , , , , , , , , , , , , , , , , , , , , , , , , , , , , , , , , , , , , , , , , , , , , , , , , , , , , , , , , , , , , , , , , , , , , , , , , , , , , , , , , , , , , , , , , , , , , , , , , , , , , , , , , , , , , , , , , , , , , , , , , , , , , , , , , , , , , , , , , , , , , , , , , , , , , , , , , , , , , , , , , , , , , , , , , , , , , , , , , , , , , , , , , , , , , , , , , , , , , , , , , , 
112.0,112.0,1,112.000,16/03/2026 17:57:15,35.177,,13.66, 14.70, 15.18,45.22, -1.97, 1.84,17.339, 16.425, 15.425, 14.039, 13.642, 13.199, 13.086, 13.163, 13.318, 13.774, 13.918, 14.096, 14.185, 14.342, 14.486, 14.594, 14.766, 14.885, 14.944, 14.980, 14.952, 14.899, 14.825, 14.731, 14.609, 14.433, 14.338, 14.168, 14.033, 13.999, 13.867, 13.693, 13.716, 13.521, 13.521, 13.496, 13.380, 13.524, 13.363, 13.614, 13.453, 13.746, 13.637, 13.870, 13.899, 13.938, 14.127, 13.944, 14.193, 14.027, 13.998, 14.127, 13.914, 13.995, 13.996, 13.870, 14.013, 13.997, 13.895, 14.054, 14.126, 13.997, 14.061, 14.235, 14.229, 14.150, 13.970, 14.008, 13.947, 13.925, 13.923, 13.881, 13.819, 13.801, 13.838, 13.852, 13.782, 13.727, 13.699, 13.688, 13.695, 13.713, 13.734, 13.747, 13.725, 13.740, 13.774, 13.822, 13.879, 13.901, 13.900, 13.893, 13.890, 13.923, 13.975, 14.016, 14.015, 13.994, 13.941, 13.879, 13.838, 13.809, 13.798, 13.767, 13.573, 13.204, 12.793, 12.549, 12.424, 12.327, 12.300, 12.359, 12.536, 12.756, 12.977, 13.162, 13.250, 13.291, 13.300, 13.305, 13.331, 13.398, 13.503, 13.616, 13.734, 13.826, 13.892, 13.905, 13.872, 13.833, 13.770, 13.711, 13.696, 13.708, 13.749, 13.806, 13.861, 13.915, 13.945, 13.910, 13.835, 13.740, 13.651, 13.550, 13.478, 13.449, 13.178, 13.253, 13.320, 13.362, 13.342, 13.233, 12.859, 12.083, 10.847, 9.732, 9.127, 8.859, 8.807, 8.913, 9.120, 9.393, 9.721, 10.024, 10.305, 10.567, 10.790, 11.006, 11.163, 11.331, 11.476, 11.635, 11.794, 11.940, 12.100, 12.244, 12.400, 12.527, 12.655, 12.767, 12.867, 12.929, 12.962, 12.986, 12.984, 12.946, 12.875, 12.754, 12.780, 12.797, 12.758, 12.754, 12.782, 12.829, 12.825, 12.802, 12.745, 12.676, 12.619, 12.517, 12.405, 12.407, 12.361, 12.362, 12.212, 12.133, 12.022, 11.866, 11.721, 11.625, 11.612, 11.507, 11.539, 11.462, 11.490, 11.643, 16.4,946709.0,1274444.0,846376.80,53860.90,3615.62,21725.85,613.95,31684.34,326.88,583.79,38.90,548.20,25.08,3995.09,42.18,2478.95,28.53,2814.90,78.46,40.16,7.80,0.00,82.10,994.20,22.00,34188.71,213.72,0.00,148.87,0.00,18.18,38.59,3.12,83.99,3.11,34.04,1.73,0.00,5.99,95.73,1.46,176.44,1.99,13.86,1.02,144.28,1.92,16.68,1.24,0.00,56.88,0.00,470.57,0.00,330.42,0.00,551.15,37.43,11.16,19.61,3.82,6.73,1.43,26.77,1.76,0.00,146.46,13.95,3.61,0.00,66.05,265078.30,89316.23,5995.70,41050.18,1160.04,67783.41,699.31,1337.68,89.13,1368.80,62.62,4812.50,50.81,3468.56,39.92,4696.64,130.91,71.69,13.92,0.00,119.99,1428.51,31.61,48881.10,305.56,0.00,189.29,0.00,23.14,48.31,3.91,104.54,3.87,44.94,2.28,0.00,8.42,104.69,1.60,208.66,2.35,17.60,1.30,194.89,2.59,19.55,1.45,0.00,75.85,0.00,505.45,0.00,377.45,0.00,699.70,44.81,13.36,23.02,4.48,7.27,1.54,28.84,1.90,0.00,163.28,15.87,4.11,0.00,74.93
112.5,112.5,1,112.500,16/03/2026 17:57:50,32.863, , , , , , , , , , , , , , , , , , , , , , , , , , , , , , , , , , , , , , , , , , , , , , , , , , , , , , , , , , , , , , , , , , , , , , , , , , , , , , , , , , , , , , , , , , , , , , , , , , , , , , , , , , , , , , , , , , , , , , , , , , , , , , , , , , , , , , , , , , , , , , , , , , , , , , , , , , , , , , , , , , , , , , , , , , , , , , , , , , , , , , , , , , , , , , , , , , , , , , , , , , , , , , , , , , , , , , , , , , , , , , , , , , , , , , , , , , , , , , , , , , , , , , , , , , , , , , , , , , , , , , , , , , , , , , , , , , , , , , , , , , , , , , , , , , , , , , , , , , , , , , , , , , , , , , , , , , , , , , , , , , , , , , , , , , , , , , , , , , , , , , , , , , , , , , , , , , , , , , , , , , , , 
113.0,113.0,1,113.000,16/03/2026 17:58:16,33.985,,13.36, 14.43, 14.90,44.84, -2.26, 1.84,16.641, 15.827, 14.709, 13.635, 12.892, 12.863, 12.717, 12.734, 13.081, 13.476, 13.649, 13.893, 13.922, 14.094, 14.284, 14.395, 14.557, 14.680, 14.739, 14.746, 14.701, 14.625, 14.552, 14.444, 14.276, 14.068, 13.979, 13.839, 13.653, 13.582, 13.456, 13.313, 13.256, 13.100, 13.107, 12.985, 13.008, 12.944, 12.989, 12.986, 13.086, 13.087, 13.243, 13.246, 13.396, 13.430, 13.438, 13.541, 13.455, 13.490, 13.458, 13.375, 13.422, 13.356, 13.254, 13.333, 13.322, 13.226, 13.291, 13.399, 13.349, 13.325, 13.414, 13.464, 13.440, 13.441, 13.193, 13.177, 13.167, 13.172, 13.181, 13.073, 12.987, 13.000, 13.071, 13.050, 12.973, 12.898, 12.900, 12.958, 12.941, 12.900, 12.855, 12.895, 12.944, 12.956, 12.942, 12.921, 12.973, 13.058, 13.119, 13.100, 13.040, 12.982, 12.995, 13.112, 13.212, 13.211, 13.113, 12.977, 12.884, 12.872, 12.931, 12.969, 12.815, 12.410, 11.940, 11.647, 11.513, 11.469, 11.513, 11.624, 11.791, 11.965, 12.092, 12.196, 12.243, 12.291, 12.357, 12.434, 12.498, 12.570, 12.618, 12.660, 12.688, 12.726, 12.773, 12.813, 12.839, 12.860, 12.834, 12.803, 12.759, 12.716, 12.682, 12.670, 12.676, 12.717, 12.763, 12.798, 12.807, 12.772, 12.718, 12.620, 12.527, 12.426, 12.112, 12.116, 12.129, 12.146, 12.156, 12.091, 11.837, 11.197, 10.105, 9.092, 8.536, 8.266, 8.136, 8.164, 8.285, 8.469, 8.704, 8.980, 9.261, 9.565, 9.849, 10.119, 10.354, 10.569, 10.751, 10.904, 11.038, 11.108, 11.169, 11.226, 11.266, 11.326, 11.390, 11.469, 11.555, 11.638, 11.748, 11.858, 11.943, 12.000, 11.982, 11.955, 11.982, 11.994, 11.921, 11.849, 11.790, 11.716, 11.568, 11.475, 11.345, 11.226, 11.119, 11.076, 11.046, 11.052, 11.119, 11.187, 11.119, 11.175, 11.200, 11.127, 11.036, 11.040, 10.895, 10.784, 10.679, 10.534, 10.440, 10.295, 16.4,964413.0,1282131.0,833349.08,69278.51,3698.12,19388.57,583.26,31805.86,325.16,559.11,37.87,372.28,23.47,3908.89,41.28,2571.63,28.98,2881.74,78.55,111.56,8.57,0.00,75.18,1228.72,23.98,33806.11,211.74,0.00,150.26,0.00,16.17,32.20,2.93,110.97,3.38,40.92,1.69,0.00,5.81,81.89,1.35,169.50,1.93,16.90,1.00,140.08,1.86,0.00,31.56,0.00,56.37,58.88,10.22,46.28,6.99,0.00,539.04,0.00,576.44,0.00,55.38,0.00,31.16,16.08,1.56,24.26,4.23,0.00,151.14,0.00,69.16,286078.31,114882.88,6132.50,36633.98,1102.05,68043.39,695.63,1281.13,86.77,929.55,58.60,4708.67,49.73,3598.24,40.55,4808.16,131.06,199.16,15.30,0.00,109.88,1765.47,34.46,48334.08,302.73,0.00,191.05,0.00,20.58,40.31,3.67,138.13,4.21,54.03,2.23,0.00,8.16,89.55,1.48,200.45,2.28,21.46,1.27,189.22,2.51,0.00,36.99,0.00,75.17,63.24,10.98,52.87,7.98,0.00,684.32,0.00,690.06,0.00,65.02,0.00,33.65,17.32,1.68,27.05,4.72,0.00,171.98,0.00,78.46
113.5,113.5,1,113.500,16/03/2026 17:58:59,32.076,1157886.043, , , , , , , , , , , , , , , , , , , , , , , , , , , , , , , , , , , , , , , , , , , , , , , , , , , , , , , , , , , , , , , , , , , , , , , , , , , , , , , , , , , , , , , , , , , , , , , , , , , , , , , , , , , , , , , , , , , , , , , , , , , , , , , , , , , , , , , , , , , , , , , , , , , , , , , , , , , , , , , , , , , , , , , , , , , , , , , , , , , , , , , , , , , , , , , , , , , , , , , , , , , , , , , , , , , , , , , , , , , , , , , , , , , , , , , , , , , , , , , , , , , , , , , , , , , , , , , , , , , , , , , , , , , , , , , , , , , , , , , , , , , , , , , , , , , , , , , , , , , , , , , , , , , , , , , , , , , , , , , , , , , , , , , , , , , , , , , , , , , , , , , , , , , , , , , , , , , , , , , , , , , 
114.0,114.0,1,114.000,16/03/2026 17:59:16,31.213,,13.00, 14.05, 14.43,44.30, -2.32, 2.01,16.592, 14.173, 13.838, 13.032, 12.417, 12.342, 12.121, 12.280, 12.660, 13.024, 13.223, 13.454, 13.527, 13.664, 13.875, 13.979, 14.160, 14.273, 14.348, 14.364, 14.338, 14.282, 14.185, 14.060, 13.902, 13.717, 13.609, 13.447, 13.306, 13.210, 13.073, 12.956, 12.864, 12.743, 12.713, 12.616, 12.620, 12.575, 12.601, 12.622, 12.684, 12.726, 12.824, 12.878, 12.985, 13.026, 13.057, 13.105, 13.075, 13.078, 13.027, 12.987, 12.989, 12.916, 12.857, 12.899, 12.885, 12.829, 12.866, 12.931, 12.925, 12.918, 12.954, 13.026, 13.043, 13.018, 12.678, 12.675, 12.719, 12.724, 12.652, 12.568, 12.528, 12.570, 12.575, 12.546, 12.510, 12.466, 12.461, 12.452, 12.429, 12.406, 12.428, 12.467, 12.476, 12.444, 12.439, 12.456, 12.542, 12.623, 12.634, 12.582, 12.529, 12.527, 12.577, 12.677, 12.724, 12.697, 12.598, 12.483, 12.436, 12.436, 12.489, 12.482, 12.264, 11.838, 11.359, 11.091, 10.979, 10.930, 10.945, 11.032, 11.180, 11.355, 11.519, 11.671, 11.741, 11.797, 11.846, 11.890, 11.936, 11.996, 12.069, 12.146, 12.211, 12.254, 12.309, 12.348, 12.341, 12.312, 12.278, 12.237, 12.201, 12.199, 12.201, 12.226, 12.233, 12.261, 12.286, 12.289, 12.248, 12.176, 12.113, 12.017, 11.949, 11.899, 11.670, 11.704, 11.709, 11.729, 11.716, 11.607, 11.276, 10.571, 9.412, 8.358, 7.780, 7.535, 7.463, 7.505, 7.662, 7.883, 8.152, 8.426, 8.705, 8.988, 9.242, 9.490, 9.718, 9.925, 10.105, 10.253, 10.409, 10.529, 10.620, 10.714, 10.790, 10.884, 10.937, 11.029, 11.101, 11.173, 11.247, 11.330, 11.395, 11.418, 11.379, 11.333, 11.364, 11.363, 11.316, 11.269, 11.259, 11.178, 11.096, 11.042, 10.906, 10.805, 10.715, 10.606, 10.554, 10.510, 10.578, 10.565, 10.576, 10.562, 10.479, 10.422, 10.311, 10.211, 10.119, 10.055, 9.881, 9.715, 9.684, 9.662, 16.4,935830.0,1225098.0,845875.32,58233.73,3742.50,19135.46,595.91,30424.04,323.67,365.45,36.63,284.41,23.73,3986.56,42.73,2504.81,28.94,2498.66,76.06,50.76,7.87,241.62,23.21,1079.48,23.23,34665.36,221.32,0.00,154.37,0.00,15.01,36.25,3.08,97.21,3.30,33.80,1.67,0.00,3.37,94.16,1.48,190.10,2.12,14.98,1.04,114.28,1.79,15.69,1.26,0.00,57.07,0.00,481.84,0.00,329.13,39.81,10.81,0.00,588.86,0.00,62.34,0.00,31.34,18.04,1.65,0.00,147.48,0.00,163.38,0.00,72.37,264191.95,96567.58,6206.10,36155.74,1125.95,65087.21,692.44,837.38,83.93,710.14,59.25,4802.23,51.47,3504.75,40.49,4169.00,126.91,90.62,14.05,353.14,33.92,1551.04,33.38,49562.58,316.43,0.00,196.28,0.00,19.10,45.38,3.86,121.00,4.11,44.63,2.20,0.00,4.74,102.97,1.62,224.81,2.51,19.02,1.32,154.37,2.42,18.39,1.48,0.00,76.10,0.00,517.55,0.00,375.97,50.54,13.72,0.00,704.93,0.00,73.19,0.00,33.84,19.43,1.78,0.00,164.42,0.00,185.91,0.00,82.10
114.5,114.5,1,114.500,16/03/2026 18:00:00,31.613, , , , , , , , , , , , , , , , , , , , , , , , , , , , , , , , , , , , , , , , , , , , , , , , , , , , , , , , , , , , , , , , , , , , , , , , , , , , , , , , , , , , , , , , , , , , , , , , , , , , , , , , , , , , , , , , , , , , , , , , , , , , , , , , , , , , , , , , , , , , , , , , , , , , , , , , , , , , , , , , , , , , , , , , , , , , , , , , , , , , , , , , , , , , , , , , , , , , , , , , , , , , , , , , , , , , , , , , , , , , , , , , , , , , , , , , , , , , , , , , , , , , , , , , , , , , , , , , , , , , , , , , , , , , , , , , , , , , , , , , , , , , , , , , , , , , , , , , , , , , , , , , , , , , , , , , , , , , , , , , , , , , , , , , , , , , , , , , , , , , , , , , , , , , , , , , , , , , , , , , , , , , 
115.0,115.0,1,115.000,16/03/2026 18:00:17,34.059,,16.09, 17.28, 18.29,48.61, -1.91, 1.04,24.948, 20.526, 20.011, 17.839, 17.246, 16.471, 16.156, 16.106, 16.315, 16.596, 16.776, 16.950, 17.028, 17.093, 17.233, 17.351, 17.450, 17.599, 17.625, 17.626, 17.539, 17.412, 17.320, 17.300, 17.138, 16.818, 16.746, 16.651, 16.396, 16.361, 16.216, 16.017, 16.017, 15.775, 15.859, 15.638, 15.746, 15.582, 15.724, 15.630, 15.770, 15.766, 15.828, 16.003, 15.921, 16.171, 16.090, 16.065, 16.286, 15.999, 16.083, 16.207, 15.877, 16.024, 16.090, 15.794, 15.966, 16.127, 15.828, 15.895, 16.225, 16.045, 15.835, 16.146, 16.354, 16.052, 15.510, 15.789, 15.976, 15.699, 15.519, 15.655, 15.795, 15.654, 15.473, 15.473, 15.631, 15.612, 15.399, 15.263, 15.322, 15.471, 15.535, 15.462, 15.351, 15.339, 15.446, 15.569, 15.621, 15.581, 15.504, 15.456, 15.498, 15.578, 15.643, 15.669, 15.626, 15.539, 15.455, 15.378, 15.372, 15.407, 15.414, 15.384, 15.168, 14.783, 14.398, 14.201, 14.131, 14.062, 14.015, 14.029, 14.124, 14.293, 14.511, 14.725, 14.866, 14.946, 14.977, 14.957, 14.912, 14.901, 14.950, 15.048, 15.212, 15.384, 15.517, 15.574, 15.534, 15.438, 15.311, 15.185, 15.120, 15.123, 15.207, 15.332, 15.494, 15.603, 15.631, 15.621, 15.500, 15.358, 15.181, 15.048, 14.956, 14.947, 14.625, 14.752, 14.897, 14.991, 15.039, 14.941, 14.588, 13.829, 12.611, 11.538, 10.923, 10.620, 10.549, 10.670, 10.886, 11.188, 11.535, 11.866, 12.167, 12.442, 12.662, 12.821, 12.948, 13.023, 13.128, 13.201, 13.316, 13.437, 13.567, 13.733, 13.892, 14.104, 14.273, 14.465, 14.594, 14.697, 14.773, 14.809, 14.832, 14.787, 14.686, 14.540, 14.501, 14.430, 14.340, 14.320, 14.344, 14.343, 14.407, 14.469, 14.483, 14.441, 14.441, 14.483, 14.427, 14.535, 14.614, 14.607, 14.516, 14.478, 14.350, 14.231, 14.089, 13.886, 13.709, 13.557, 13.489, 13.359, 13.350, 13.524, 16.4,933586.0,1207065.0,833671.72,65001.58,3709.73,18623.17,586.06,34275.54,344.27,451.14,37.49,378.05,24.04,4374.53,44.46,2898.93,31.07,2865.74,79.59,47.61,7.88,0.00,75.62,1018.89,22.36,35657.17,225.28,0.00,156.45,0.00,18.15,36.40,3.11,106.00,3.42,28.24,1.78,0.00,4.43,73.23,1.32,178.67,2.04,31.53,1.13,157.60,2.01,9.33,1.23,0.00,55.78,51.88,10.82,0.00,324.48,0.00,540.46,0.00,576.27,0.00,63.06,0.00,33.03,31.63,1.91,25.12,4.49,0.00,156.97,6.29,1.60,285814.68,107790.55,6151.76,35187.78,1107.34,73326.86,736.51,1033.73,85.90,943.95,60.03,5269.58,53.56,4056.20,43.47,4781.47,132.80,84.99,14.07,0.00,110.52,1463.98,32.13,50980.62,322.09,0.00,198.92,0.00,23.10,45.56,3.89,131.94,4.26,37.29,2.35,0.00,6.23,80.08,1.44,211.30,2.41,40.04,1.44,212.88,2.72,10.94,1.44,0.00,74.38,55.73,11.62,0.00,370.66,0.00,686.12,0.00,689.85,0.00,74.04,0.00,35.66,34.07,2.06,28.00,5.01,0.00,178.62,7.14,1.82
115.5,115.5,1,115.500,16/03/2026 18:01:09,31.015, , , , , , , , , , , , , , , , , , , , , , , , , , , , , , , , , , , , , , , , , , , , , , , , , , , , , , , , , , , , , , , , , , , , , , , , , , , , , , , , , , , , , , , , , , , , , , , , , , , , , , , , , , , , , , , , , , , , , , , , , , , , , , , , , , , , , , , , , , , , , , , , , , , , , , , , , , , , , , , , , , , , , , , , , , , , , , , , , , , , , , , , , , , , , , , , , , , , , , , , , , , , , , , , , , , , , , , , , , , , , , , , , , , , , , , , , , , , , , , , , , , , , , , , , , , , , , , , , , , , , , , , , , , , , , , , , , , , , , , , , , , , , , , , , , , , , , , , , , , , , , , , , , , , , , , , , , , , , , , , , , , , , , , , , , , , , , , , , , , , , , , , , , , , , , , , , , , , , , , , , , , , 
116.0,116.0,1,116.000,16/03/2026 18:01:35,32.337,,14.72, 15.81, 16.55,46.73, -1.86, 1.41,19.856, 17.886, 17.727, 15.897, 14.898, 14.607, 14.530, 14.470, 14.690, 14.988, 15.207, 15.345, 15.425, 15.523, 15.656, 15.772, 15.900, 16.019, 16.070, 16.087, 16.082, 16.053, 15.949, 15.784, 15.660, 15.555, 15.356, 15.231, 15.146, 14.962, 14.950, 14.717, 14.769, 14.496, 14.653, 14.356, 14.581, 14.321, 14.538, 14.437, 14.512, 14.684, 14.548, 14.870, 14.800, 14.848, 15.048, 14.891, 14.941, 15.053, 14.856, 14.857, 14.979, 14.828, 14.716, 14.868, 14.890, 14.736, 14.774, 14.963, 14.962, 14.823, 14.887, 15.060, 15.085, 14.957, 14.668, 14.805, 14.844, 14.782, 14.652, 14.624, 14.660, 14.646, 14.567, 14.523, 14.530, 14.517, 14.477, 14.451, 14.419, 14.437, 14.474, 14.470, 14.454, 14.450, 14.476, 14.532, 14.580, 14.605, 14.602, 14.591, 14.583, 14.603, 14.639, 14.670, 14.682, 14.658, 14.603, 14.540, 14.478, 14.466, 14.451, 14.409, 14.176, 13.765, 13.339, 13.074, 12.939, 12.826, 12.784, 12.854, 13.031, 13.278, 13.508, 13.707, 13.797, 13.815, 13.809, 13.813, 13.858, 13.951, 14.086, 14.234, 14.367, 14.446, 14.480, 14.434, 14.361, 14.288, 14.233, 14.241, 14.276, 14.363, 14.452, 14.524, 14.561, 14.560, 14.491, 14.393, 14.263, 14.141, 14.051, 14.020, 14.065, 14.116, 13.862, 13.972, 14.037, 14.048, 13.982, 13.768, 13.291, 12.422, 11.132, 10.012, 9.452, 9.226, 9.247, 9.412, 9.702, 10.021, 10.383, 10.699, 10.983, 11.217, 11.410, 11.548, 11.645, 11.727, 11.824, 11.933, 12.069, 12.216, 12.406, 12.620, 12.831, 13.069, 13.302, 13.496, 13.668, 13.783, 13.882, 13.940, 13.929, 13.847, 13.670, 13.487, 13.382, 13.291, 13.161, 13.068, 13.047, 13.014, 13.029, 13.082, 13.106, 13.059, 13.121, 13.197, 13.237, 13.335, 13.413, 13.470, 13.380, 13.357, 13.249, 13.103, 12.844, 12.739, 12.481, 12.248, 12.070, 11.922, 11.772, 11.601, 16.4,886487.0,1169685.0,864419.25,55660.66,3989.69,15114.38,576.89,24004.90,294.32,452.82,39.72,288.32,25.33,3022.70,39.12,2236.54,27.91,1556.50,67.87,78.15,8.18,0.00,89.71,796.39,20.73,31714.08,213.46,0.00,153.77,0.00,18.66,33.87,3.11,119.72,3.63,21.62,1.57,0.00,6.47,93.24,1.51,188.95,2.17,12.25,1.04,128.89,1.92,14.73,1.28,0.00,59.89,0.00,495.16,0.00,347.91,0.00,577.46,0.00,606.73,0.00,53.05,0.00,28.37,20.03,1.73,0.00,158.68,22.02,3.80,0.00,77.61,230764.08,92300.72,6616.01,28558.06,1090.01,51354.52,629.65,1037.58,91.01,719.91,63.25,3641.16,47.12,3129.38,39.05,2597.01,113.24,139.51,14.60,0.00,131.12,1144.28,29.79,45343.01,305.19,0.00,195.52,0.00,23.75,42.40,3.89,149.02,4.52,28.55,2.07,0.00,9.09,101.97,1.65,223.45,2.57,15.56,1.32,174.10,2.59,17.27,1.50,0.00,79.86,0.00,531.86,0.00,397.43,0.00,733.10,0.00,726.32,0.00,62.28,0.00,30.63,21.58,1.86,0.00,176.90,25.06,4.32,0.00,88.04
116.5,116.5,1,116.500,16/03/2026 18:02:09,30.621, , , , , , , , , , , , , , , , , , , , , , , , , , , , , , , , , , , , , , , , , , , , , , , , , , , , , , , , , , , , , , , , , , , , , , , , , , , , , , , , , , , , , , , , , , , , , , , , , , , , , , , , , , , , , , , , , , , , , , , , , , , , , , , , , , , , , , , , , , , , , , , , , , , , , , , , , , , , , , , , , , , , , , , , , , , , , , , , , , , , , , , , , , , , , , , , , , , , , , , , , , , , , , , , , , , , , , , , , , , , , , , , , , , , , , , , , , , , , , , , , , , , , , , , , , , , , , , , , , , , , , , , , , , , , , , , , , , , , , , , , , , , , , , , , , , , , , , , , , , , , , , , , , , , , , , , , , , , , , , , , , , , , , , , , , , , , , , , , , , , , , , , , , , , , , , , , , , , , , , , , , , , 
117.0,117.0,1,117.000,16/03/2026 18:02:35,30.422,,12.32, 13.25, 13.48,43.14, -1.90, 2.29,16.614, 13.110, 13.083, 12.383, 11.661, 11.515, 11.388, 11.629, 11.840, 12.186, 12.348, 12.532, 12.599, 12.746, 12.939, 13.052, 13.223, 13.394, 13.463, 13.506, 13.478, 13.442, 13.411, 13.344, 13.170, 13.058, 13.011, 12.816, 12.795, 12.691, 12.572, 12.558, 12.395, 12.422, 12.294, 12.339, 12.260, 12.321, 12.314, 12.365, 12.467, 12.465, 12.632, 12.666, 12.771, 12.885, 12.863, 12.942, 12.971, 12.915, 12.916, 12.928, 12.876, 12.843, 12.851, 12.849, 12.847, 12.852, 12.885, 12.951, 12.984, 12.983, 13.015, 13.120, 13.149, 13.107, 12.888, 12.918, 12.927, 12.875, 12.857, 12.828, 12.824, 12.814, 12.769, 12.746, 12.791, 12.802, 12.764, 12.691, 12.661, 12.724, 12.800, 12.844, 12.785, 12.724, 12.720, 12.806, 12.943, 13.036, 13.025, 12.941, 12.864, 12.859, 12.959, 13.102, 13.197, 13.169, 13.028, 12.871, 12.771, 12.770, 12.855, 12.902, 12.724, 12.266, 11.726, 11.355, 11.162, 11.069, 11.104, 11.267, 11.532, 11.809, 12.021, 12.142, 12.150, 12.121, 12.122, 12.176, 12.290, 12.469, 12.672, 12.839, 12.949, 12.984, 12.939, 12.853, 12.764, 12.690, 12.665, 12.704, 12.780, 12.891, 13.009, 13.076, 13.107, 13.075, 12.998, 12.871, 12.718, 12.585, 12.487, 12.456, 12.480, 12.522, 12.368, 12.501, 12.574, 12.599, 12.560, 12.364, 11.888, 10.969, 9.610, 8.441, 7.825, 7.595, 7.546, 7.692, 7.948, 8.251, 8.614, 8.967, 9.292, 9.597, 9.849, 10.044, 10.210, 10.342, 10.473, 10.572, 10.685, 10.811, 10.936, 11.075, 11.219, 11.377, 11.548, 11.733, 11.865, 12.018, 12.161, 12.281, 12.326, 12.305, 12.230, 12.144, 12.104, 12.055, 11.931, 11.809, 11.726, 11.653, 11.553, 11.490, 11.376, 11.296, 11.211, 11.192, 11.174, 11.258, 11.339, 11.388, 11.461, 11.413, 11.402, 11.294, 11.204, 11.169, 11.006, 10.865, 10.640, 10.478, 10.331, 10.035, 16.4,882931.0,1114474.0,862469.18,51481.04,3897.28,17599.58,601.13,25665.03,302.76,417.41,38.93,242.34,24.70,3689.33,42.49,2383.99,28.94,2486.05,77.77,101.61,8.70,0.00,81.91,1120.94,24.00,31562.50,209.85,0.00,153.16,0.00,15.91,20.75,2.81,98.10,3.33,31.65,1.76,0.00,5.68,96.26,1.52,187.23,2.14,12.18,1.03,134.07,1.92,11.22,1.25,0.00,58.77,34.45,11.18,0.00,338.12,114.86,10.83,0.00,593.94,0.00,59.10,0.00,31.00,26.05,1.81,14.22,4.56,0.00,163.90,0.00,73.93,234890.28,85369.76,6462.77,33253.75,1135.81,54906.09,647.71,956.44,89.20,605.10,61.67,4444.18,51.18,3335.69,40.49,4147.96,129.76,181.39,15.53,0.00,119.72,1610.61,34.48,45126.29,300.03,0.00,194.74,0.00,20.25,25.97,3.52,122.11,4.14,41.79,2.32,0.00,7.98,105.27,1.66,221.42,2.53,15.47,1.31,181.10,2.59,13.15,1.47,0.00,78.37,37.00,12.01,0.00,386.24,145.82,13.75,0.00,711.01,0.00,69.39,0.00,33.47,28.06,1.95,15.85,5.08,0.00,186.50,0.00,83.87
117.5,117.5,1,117.500,16/03/2026 18:03:18,31.874, , , , , , , , , , , , , , , , , , , , , , , , , , , , , , , , , , , , , , , , , , , , , , , , , , , , , , , , , , , , , , , , , , , , , , , , , , , , , , , , , , , , , , , , , , , , , , , , , , , , , , , , , , , , , , , , , , , , , , , , , , , , , , , , , , , , , , , , , , , , , , , , , , , , , , , , , , , , , , , , , , , , , , , , , , , , , , , , , , , , , , , , , , , , , , , , , , , , , , , , , , , , , , , , , , , , , , , , , , , , , , , , , , , , , , , , , , , , , , , , , , , , , , , , , , , , , , , , , , , , , , , , , , , , , , , , , , , , , , , , , , , , , , , , , , , , , , , , , , , , , , , , , , , , , , , , , , , , , , , , , , , , , , , , , , , , , , , , , , , , , , , , , , , , , , , , , , , , , , , , , , , , 
118.0,118.0,1,118.000,16/03/2026 18:03:36,31.413,,13.72, 14.79, 15.37,45.35, -2.17, 1.64,17.506, 15.949, 15.515, 14.000, 13.680, 13.430, 13.186, 13.255, 13.555, 13.943, 14.097, 14.258, 14.364, 14.508, 14.662, 14.771, 14.938, 15.056, 15.071, 15.107, 15.097, 15.035, 14.882, 14.754, 14.667, 14.447, 14.308, 14.185, 14.044, 13.942, 13.789, 13.746, 13.537, 13.562, 13.383, 13.430, 13.304, 13.361, 13.313, 13.363, 13.424, 13.459, 13.550, 13.650, 13.672, 13.781, 13.817, 13.756, 13.861, 13.813, 13.684, 13.779, 13.732, 13.586, 13.626, 13.669, 13.595, 13.560, 13.621, 13.679, 13.691, 13.641, 13.658, 13.778, 13.817, 13.713, 13.396, 13.475, 13.570, 13.481, 13.339, 13.248, 13.351, 13.381, 13.304, 13.184, 13.172, 13.231, 13.301, 13.225, 13.106, 13.081, 13.149, 13.219, 13.225, 13.202, 13.156, 13.156, 13.225, 13.303, 13.349, 13.338, 13.314, 13.288, 13.271, 13.280, 13.330, 13.352, 13.355, 13.331, 13.266, 13.192, 13.128, 13.045, 12.860, 12.522, 12.197, 12.010, 11.901, 11.771, 11.664, 11.638, 11.741, 11.940, 12.193, 12.447, 12.597, 12.664, 12.643, 12.607, 12.548, 12.522, 12.572, 12.658, 12.805, 12.963, 13.083, 13.151, 13.144, 13.087, 12.975, 12.854, 12.757, 12.724, 12.726, 12.771, 12.853, 12.938, 13.002, 13.047, 13.011, 12.951, 12.838, 12.714, 12.594, 12.528, 12.229, 12.263, 12.275, 12.323, 12.323, 12.263, 12.003, 11.353, 10.293, 9.319, 8.785, 8.545, 8.447, 8.472, 8.588, 8.762, 9.009, 9.233, 9.474, 9.730, 9.964, 10.198, 10.421, 10.633, 10.830, 11.004, 11.177, 11.314, 11.436, 11.544, 11.628, 11.700, 11.779, 11.844, 11.878, 11.920, 11.970, 12.015, 12.050, 12.032, 11.955, 11.901, 11.939, 11.968, 11.952, 11.941, 11.947, 11.931, 11.922, 11.899, 11.842, 11.762, 11.638, 11.598, 11.520, 11.513, 11.530, 11.474, 11.373, 11.328, 11.204, 11.163, 11.007, 10.882, 10.746, 10.707, 10.629, 10.515, 10.540, 10.268, 16.4,887835.0,1137835.0,859112.63,50098.26,3799.18,16365.82,581.64,28814.28,319.52,305.64,36.92,253.55,24.29,3947.77,43.32,2609.17,30.19,2800.91,80.21,66.23,8.23,94.36,21.01,787.03,20.38,34028.92,221.93,0.00,158.43,0.00,18.35,32.75,3.09,110.34,3.52,22.21,1.60,0.00,4.96,93.35,1.50,204.80,2.26,12.67,1.03,138.14,1.95,8.90,1.23,0.00,59.76,51.60,10.92,0.00,328.64,0.00,564.78,0.00,589.11,0.00,59.75,0.00,30.88,21.32,1.74,19.34,4.57,0.00,161.93,0.00,74.47,240960.36,83076.73,6300.09,30922.61,1098.99,61643.39,683.56,700.33,84.60,633.09,60.65,4755.50,52.18,3650.77,42.24,4673.30,133.83,118.23,14.69,137.91,30.71,1130.84,29.28,48652.64,317.30,0.00,201.44,0.00,23.35,41.00,3.87,137.34,4.38,29.32,2.11,0.00,6.97,102.09,1.64,242.20,2.67,16.09,1.31,186.60,2.63,10.43,1.44,0.00,79.69,55.42,11.73,0.00,375.42,0.00,717.00,0.00,705.22,0.00,70.15,0.00,33.34,22.97,1.87,21.56,5.09,0.00,184.26,0.00,84.48
118.5,118.5,1,118.500,16/03/2026 18:04:19,32.334,1157885.980, , , , , , , , , , , , , , , , , , , , , , , , , , , , , , , , , , , , , , , , , , , , , , , , , , , , , , , , , , , , , , , , , , , , , , , , , , , , , , , , , , , , , , , , , , , , , , , , , , , , , , , , , , , , , , , , , , , , , , , , , , , , , , , , , , , , , , , , , , , , , , , , , , , , , , , , , , , , , , , , , , , , , , , , , , , , , , , , , , , , , , , , , , , , , , , , , , , , , , , , , , , , , , , , , , , , , , , , , , , , , , , , , , , , , , , , , , , , , , , , , , , , , , , , , , , , , , , , , , , , , , , , , , , , , , , , , , , , , , , , , , , , , , , , , , , , , , , , , , , , , , , , , , , , , , , , , , , , , , , , , , , , , , , , , , , , , , , , , , , , , , , , , , , , , , , , , , , , , , , , , , , 
119.0,119.0,1,119.000,16/03/2026 18:04:36,30.949,,13.73, 14.79, 15.34,45.35, -2.10, 1.72,19.595, 15.535, 15.600, 14.121, 13.409, 13.483, 13.201, 13.271, 13.570, 13.911, 14.040, 14.218, 14.328, 14.463, 14.633, 14.745, 14.899, 15.008, 15.057, 15.091, 15.078, 15.045, 14.932, 14.770, 14.637, 14.503, 14.357, 14.174, 14.120, 13.962, 13.838, 13.777, 13.587, 13.589, 13.443, 13.464, 13.349, 13.425, 13.343, 13.472, 13.435, 13.559, 13.617, 13.658, 13.823, 13.794, 13.865, 13.926, 13.845, 13.892, 13.869, 13.771, 13.798, 13.799, 13.667, 13.689, 13.792, 13.699, 13.650, 13.789, 13.878, 13.737, 13.721, 13.914, 13.998, 13.859, 13.531, 13.648, 13.785, 13.667, 13.475, 13.466, 13.584, 13.586, 13.445, 13.315, 13.387, 13.490, 13.460, 13.319, 13.199, 13.263, 13.419, 13.487, 13.402, 13.255, 13.222, 13.347, 13.546, 13.641, 13.573, 13.411, 13.313, 13.369, 13.519, 13.682, 13.717, 13.609, 13.420, 13.276, 13.260, 13.337, 13.453, 13.487, 13.248, 12.753, 12.214, 11.908, 11.820, 11.831, 11.918, 12.044, 12.180, 12.306, 12.398, 12.484, 12.536, 12.619, 12.725, 12.849, 12.951, 13.030, 13.074, 13.084, 13.078, 13.092, 13.113, 13.166, 13.228, 13.286, 13.312, 13.311, 13.275, 13.226, 13.171, 13.115, 13.094, 13.093, 13.113, 13.123, 13.157, 13.167, 13.164, 13.130, 13.081, 13.019, 12.695, 12.647, 12.601, 12.551, 12.499, 12.384, 12.087, 11.428, 10.390, 9.456, 8.983, 8.797, 8.746, 8.781, 8.899, 9.025, 9.220, 9.399, 9.597, 9.819, 10.043, 10.288, 10.535, 10.786, 11.042, 11.295, 11.524, 11.693, 11.847, 11.969, 12.045, 12.096, 12.110, 12.119, 12.124, 12.107, 12.112, 12.139, 12.180, 12.199, 12.183, 12.203, 12.295, 12.401, 12.400, 12.447, 12.528, 12.542, 12.505, 12.471, 12.377, 12.244, 12.079, 11.914, 11.785, 11.710, 11.586, 11.550, 11.442, 11.332, 11.360, 11.251, 11.169, 11.153, 11.125, 11.205, 11.167, 11.282, 11.146, 11.275, 16.5,844930.0,1085661.0,874177.86,34883.71,3778.89,17607.93,608.72,28489.16,324.43,180.80,36.68,0.00,433.83,3706.23,43.25,2443.36,29.68,3654.05,90.57,46.72,8.41,0.00,77.19,760.07,20.46,33264.15,221.64,0.00,160.94,0.00,17.28,42.29,3.37,80.80,3.22,24.53,1.62,0.00,4.90,88.92,1.51,197.50,2.26,28.36,1.18,160.26,2.12,10.21,1.29,0.00,59.36,0.00,499.15,0.00,346.41,39.96,11.06,39.26,12.18,16.27,3.86,0.00,32.63,15.78,1.69,41.82,4.60,0.00,161.97,0.00,77.94,216154.86,57846.81,6266.44,33269.53,1150.15,60947.85,694.06,414.28,84.05,0.00,1083.23,4464.54,52.10,3418.76,41.53,6096.76,151.12,83.40,15.01,0.00,112.82,1092.10,29.40,47559.21,316.89,0.00,204.63,0.00,21.99,52.94,4.22,100.57,4.01,32.39,2.14,0.00,6.89,97.24,1.65,233.56,2.67,36.02,1.50,216.47,2.86,11.97,1.51,0.00,79.15,0.00,536.14,0.00,395.71,50.73,14.04,47.00,14.58,19.10,4.53,0.00,35.23,17.00,1.82,46.62,5.13,0.00,184.31,0.00,88.42
119.5,119.5,1,119.500,16/03/2026 18:05:19,30.817, , , , , , , , , , , , , , , , , , , , , , , , , , , , , , , , , , , , , , , , , , , , , , , , , , , , , , , , , , , , , , , , , , , , , , , , , , , , , , , , , , , , , , , , , , , , , , , , , , , , , , , , , , , , , , , , , , , , , , , , , , , , , , , , , , , , , , , , , , , , , , , , , , , , , , , , , , , , , , , , , , , , , , , , , , , , , , , , , , , , , , , , , , , , , , , , , , , , , , , , , , , , , , , , , , , , , , , , , , , , , , , , , , , , , , , , , , , , , , , , , , , , , , , , , , , , , , , , , , , , , , , , , , , , , , , , , , , , , , , , , , , , , , , , , , , , , , , , , , , , , , , , , , , , , , , , , , , , , , , , , , , , , , , , , , , , , , , , , , , , , , , , , , , , , , , , , , , , , , , , , , , , 
120.0,120.0,1,120.000,16/03/2026 18:05:45,30.289,,13.82, 14.88, 15.58,45.48, -2.06, 1.40,19.413, 16.195, 16.271, 14.660, 14.389, 13.956, 13.573, 13.648, 13.788, 14.116, 14.293, 14.463, 14.510, 14.605, 14.751, 14.877, 15.034, 15.146, 15.173, 15.206, 15.165, 15.098, 14.988, 14.857, 14.718, 14.552, 14.402, 14.239, 14.145, 14.020, 13.865, 13.806, 13.644, 13.565, 13.527, 13.405, 13.445, 13.349, 13.434, 13.389, 13.498, 13.512, 13.600, 13.685, 13.724, 13.828, 13.806, 13.855, 13.852, 13.811, 13.784, 13.749, 13.732, 13.672, 13.624, 13.655, 13.635, 13.601, 13.640, 13.664, 13.691, 13.693, 13.689, 13.747, 13.819, 13.800, 13.442, 13.439, 13.501, 13.526, 13.428, 13.302, 13.311, 13.351, 13.315, 13.243, 13.231, 13.251, 13.232, 13.168, 13.102, 13.154, 13.211, 13.239, 13.172, 13.124, 13.139, 13.241, 13.331, 13.333, 13.277, 13.230, 13.233, 13.308, 13.364, 13.396, 13.360, 13.314, 13.249, 13.239, 13.226, 13.219, 13.183, 13.101, 12.876, 12.514, 12.183, 12.010, 11.911, 11.794, 11.705, 11.694, 11.814, 12.053, 12.306, 12.541, 12.649, 12.643, 12.584, 12.516, 12.493, 12.558, 12.677, 12.870, 13.038, 13.156, 13.186, 13.142, 13.020, 12.902, 12.798, 12.771, 12.814, 12.885, 13.004, 13.100, 13.151, 13.147, 13.066, 12.958, 12.826, 12.703, 12.634, 12.591, 12.617, 12.670, 12.496, 12.574, 12.606, 12.594, 12.517, 12.338, 11.936, 11.212, 10.104, 9.138, 8.648, 8.486, 8.490, 8.622, 8.822, 9.058, 9.305, 9.520, 9.722, 9.900, 10.058, 10.224, 10.366, 10.527, 10.689, 10.882, 11.108, 11.277, 11.470, 11.633, 11.749, 11.849, 11.935, 11.992, 12.016, 12.028, 12.045, 12.045, 12.029, 12.010, 11.946, 11.882, 11.921, 11.976, 11.962, 12.012, 12.075, 12.090, 12.082, 12.066, 12.006, 11.859, 11.761, 11.653, 11.567, 11.481, 11.493, 11.432, 11.389, 11.303, 11.197, 11.201, 11.079, 11.015, 10.982, 10.807, 10.792, 10.719, 10.843, 10.991, 16.5,801884.0,1025518.0,855075.45,58576.49,4310.89,15909.47,623.33,27950.56,339.34,280.50,41.07,129.12,26.82,3448.44,44.69,2407.46,31.15,2431.38,82.29,0.00,27.01,0.00,90.24,931.94,23.54,32136.88,230.18,0.00,162.50,0.00,18.08,52.78,3.69,90.04,3.47,26.24,1.86,0.00,4.82,91.50,1.58,185.49,2.27,22.96,1.18,142.71,2.10,10.82,1.33,0.00,63.71,0.00,523.11,0.00,370.67,0.00,604.15,54.08,12.68,0.00,72.11,0.00,37.81,30.36,1.99,15.33,4.78,0.00,173.37,0.00,80.32,247704.25,97135.98,7148.64,30060.35,1177.76,59795.61,725.96,642.73,94.11,322.40,66.97,4154.01,53.83,3368.53,43.59,4056.74,137.30,0.00,48.22,0.00,131.89,1339.05,33.82,45947.51,329.10,0.00,206.62,0.00,23.01,66.07,4.62,112.07,4.32,34.65,2.46,0.00,6.77,100.06,1.73,219.36,2.68,29.16,1.50,192.77,2.84,12.68,1.56,0.00,84.95,0.00,561.88,0.00,423.43,0.00,766.98,64.74,15.18,0.00,84.66,0.00,40.83,32.70,2.14,17.09,5.33,0.00,197.28,0.00,91.12
120.5,120.5,1,120.500,16/03/2026 18:06:37,30.948, , , , , , , , , , , , , , , , , , , , , , , , , , , , , , , , , , , , , , , , , , , , , , , , , , , , , , , , , , , , , , , , , , , , , , , , , , , , , , , , , , , , , , , , , , , , , , , , , , , , , , , , , , , , , , , , , , , , , , , , , , , , , , , , , , , , , , , , , , , , , , , , , , , , , , , , , , , , , , , , , , , , , , , , , , , , , , , , , , , , , , , , , , , , , , , , , , , , , , , , , , , , , , , , , , , , , , , , , , , , , , , , , , , , , , , , , , , , , , , , , , , , , , , , , , , , , , , , , , , , , , , , , , , , , , , , , , , , , , , , , , , , , , , , , , , , , , , , , , , , , , , , , , , , , , , , , , , , , , , , , , , , , , , , , , , , , , , , , , , , , , , , , , , , , , , , , , , , , , , , , , , , 
121.0,121.0,1,121.000,16/03/2026 18:06:54,31.146,,15.31, 16.45, 17.40,47.56, -1.91, 1.07,21.904, 19.251, 18.543, 16.773, 16.064, 15.403, 15.265, 15.359, 15.512, 15.764, 15.965, 16.148, 16.181, 16.267, 16.385, 16.506, 16.633, 16.747, 16.770, 16.761, 16.708, 16.634, 16.547, 16.444, 16.293, 16.081, 15.937, 15.755, 15.683, 15.542, 15.352, 15.348, 15.137, 15.076, 15.042, 14.882, 14.977, 14.814, 14.977, 14.857, 15.077, 14.950, 15.228, 15.129, 15.342, 15.413, 15.276, 15.631, 15.279, 15.460, 15.522, 15.131, 15.508, 15.365, 15.003, 15.458, 15.377, 14.987, 15.372, 15.526, 15.138, 15.275, 15.634, 15.398, 15.260, 15.600, 15.403, 15.042, 14.991, 15.314, 15.350, 14.945, 14.769, 15.104, 15.286, 14.994, 14.695, 14.780, 15.055, 15.050, 14.749, 14.599, 14.790, 15.089, 15.106, 14.884, 14.664, 14.755, 15.064, 15.300, 15.221, 14.941, 14.742, 14.819, 15.091, 15.350, 15.360, 15.129, 14.847, 14.710, 14.753, 14.944, 15.109, 15.124, 14.854, 14.334, 13.848, 13.644, 13.655, 13.736, 13.806, 13.849, 13.897, 13.941, 14.035, 14.165, 14.300, 14.439, 14.569, 14.634, 14.651, 14.630, 14.598, 14.592, 14.643, 14.728, 14.863, 14.995, 15.074, 15.108, 15.057, 14.948, 14.822, 14.724, 14.686, 14.693, 14.788, 14.901, 14.997, 15.101, 15.118, 15.073, 14.973, 14.826, 14.682, 14.556, 14.130, 14.142, 14.187, 14.257, 14.343, 14.349, 14.147, 13.578, 12.561, 11.607, 11.025, 10.718, 10.547, 10.522, 10.601, 10.762, 11.023, 11.307, 11.620, 11.928, 12.223, 12.506, 12.733, 12.952, 13.100, 13.235, 13.350, 13.421, 13.470, 13.529, 13.550, 13.591, 13.649, 13.737, 13.830, 13.953, 14.059, 14.178, 14.278, 14.361, 14.351, 14.339, 14.388, 14.404, 14.331, 14.298, 14.278, 14.230, 14.182, 14.062, 13.944, 13.821, 13.703, 13.635, 13.623, 13.667, 13.737, 13.735, 13.783, 13.776, 13.850, 13.869, 13.837, 13.828, 13.849, 13.696, 13.635, 13.798, 13.672, 13.727, 16.7,728524.0,897738.0,866328.74,44153.77,4681.30,16532.64,686.19,28836.66,372.10,317.76,46.80,0.00,508.97,3549.42,49.67,2543.92,34.87,2771.16,92.16,52.87,9.18,0.00,104.05,831.77,24.13,33251.32,257.60,0.00,182.38,0.00,19.04,58.41,4.14,85.85,3.72,34.91,2.00,0.00,5.94,92.39,1.75,185.33,2.47,18.96,1.25,180.77,2.54,18.00,1.51,0.00,67.97,69.91,13.46,0.00,413.29,0.00,685.99,0.00,724.90,22.88,4.49,0.00,31.78,17.92,1.95,35.34,5.17,0.00,183.86,9.34,1.96,229172.35,73219.13,7762.89,31237.81,1296.53,61691.27,796.05,728.10,107.24,0.00,1270.85,4275.65,59.83,3559.47,48.79,4623.66,153.77,94.38,16.39,0.00,152.07,1195.12,34.67,47540.87,368.30,0.00,231.89,0.00,24.23,73.12,5.18,106.86,4.63,46.09,2.64,0.00,8.35,101.04,1.91,219.17,2.92,24.08,1.59,244.18,3.43,21.10,1.77,0.00,90.64,75.09,14.46,0.00,472.11,0.00,870.88,0.00,867.78,26.86,5.27,0.00,34.31,19.30,2.10,39.40,5.76,0.00,209.21,10.60,2.22
121.5,121.5,1,121.500,16/03/2026 18:07:37,30.616, , , , , , , , , , , , , , , , , , , , , , , , , , , , , , , , , , , , , , , , , , , , , , , , , , , , , , , , , , , , , , , , , , , , , , , , , , , , , , , , , , , , , , , , , , , , , , , , , , , , , , , , , , , , , , , , , , , , , , , , , , , , , , , , , , , , , , , , , , , , , , , , , , , , , , , , , , , , , , , , , , , , , , , , , , , , , , , , , , , , , , , , , , , , , , , , , , , , , , , , , , , , , , , , , , , , , , , , , , , , , , , , , , , , , , , , , , , , , , , , , , , , , , , , , , , , , , , , , , , , , , , , , , , , , , , , , , , , , , , , , , , , , , , , , , , , , , , , , , , , , , , , , , , , , , , , , , , , , , , , , , , , , , , , , , , , , , , , , , , , , , , , , , , , , , , , , , , , , , , , , , , , 
122.0,122.0,1,122.000,16/03/2026 18:07:55,29.759,,14.59, 15.69, 16.46,46.57, -1.97, 1.34,22.766, 18.432, 17.739, 15.807, 15.300, 14.785, 14.536, 14.453, 14.687, 14.923, 15.078, 15.226, 15.309, 15.417, 15.568, 15.690, 15.841, 15.965, 15.999, 15.989, 15.962, 15.919, 15.828, 15.648, 15.458, 15.358, 15.247, 15.028, 14.987, 14.855, 14.712, 14.670, 14.495, 14.474, 14.362, 14.341, 14.290, 14.303, 14.286, 14.323, 14.400, 14.419, 14.564, 14.572, 14.693, 14.774, 14.722, 14.836, 14.796, 14.731, 14.777, 14.700, 14.635, 14.665, 14.608, 14.550, 14.597, 14.601, 14.537, 14.594, 14.717, 14.688, 14.621, 14.667, 14.802, 14.762, 14.670, 14.591, 14.665, 14.735, 14.614, 14.396, 14.318, 14.410, 14.489, 14.415, 14.306, 14.266, 14.335, 14.407, 14.380, 14.275, 14.180, 14.196, 14.295, 14.361, 14.350, 14.263, 14.234, 14.297, 14.413, 14.506, 14.499, 14.385, 14.273, 14.268, 14.357, 14.514, 14.590, 14.568, 14.439, 14.288, 14.158, 14.084, 13.952, 13.688, 13.378, 13.142, 12.932, 12.695, 12.543, 12.544, 12.724, 13.031, 13.365, 13.642, 13.740, 13.689, 13.575, 13.446, 13.370, 13.410, 13.549, 13.773, 14.013, 14.201, 14.285, 14.262, 14.124, 13.930, 13.747, 13.623, 13.575, 13.623, 13.751, 13.929, 14.075, 14.190, 14.199, 14.134, 13.979, 13.743, 13.544, 13.363, 13.249, 13.223, 12.981, 13.125, 13.278, 13.416, 13.505, 13.449, 13.133, 12.382, 11.202, 10.088, 9.416, 9.057, 8.913, 8.929, 9.100, 9.360, 9.712, 10.083, 10.456, 10.836, 11.147, 11.426, 11.628, 11.803, 11.883, 11.973, 12.009, 12.023, 12.042, 12.062, 12.119, 12.192, 12.305, 12.423, 12.608, 12.773, 12.955, 13.128, 13.279, 13.346, 13.338, 13.285, 13.273, 13.235, 13.106, 12.950, 12.833, 12.696, 12.540, 12.394, 12.266, 12.077, 11.973, 11.913, 11.887, 11.950, 12.067, 12.178, 12.235, 12.319, 12.380, 12.326, 12.321, 12.272, 12.164, 12.037, 11.942, 11.672, 11.596, 11.480, 16.9,607825.0,714282.0,864462.05,55714.68,5781.78,12971.07,744.96,23920.67,380.15,0.00,708.09,0.00,611.51,3144.45,55.11,2537.05,39.44,2767.92,102.60,0.00,34.67,0.00,111.48,704.59,25.18,32976.07,297.80,0.00,193.40,0.00,22.84,42.83,4.28,85.81,4.05,25.69,1.94,0.00,7.89,86.83,1.86,190.55,2.82,21.44,1.41,141.69,2.58,12.14,1.63,28.23,2.68,0.00,654.12,0.00,452.72,123.95,14.92,0.00,796.58,0.00,78.81,0.00,36.86,12.93,2.03,0.00,201.46,29.40,4.94,0.00,96.36,229178.50,92390.31,9587.79,24508.35,1407.57,51174.32,813.27,0.00,1622.49,0.00,1526.88,3787.82,66.39,3549.86,55.18,4618.26,171.19,0.00,61.89,0.00,162.93,1012.38,36.18,47147.33,425.78,0.00,245.90,0.00,29.07,53.61,5.36,106.81,5.04,33.92,2.56,0.00,11.09,94.96,2.03,225.34,3.33,27.23,1.79,191.39,3.48,14.23,1.91,37.64,3.57,0.00,702.60,0.00,517.16,157.36,18.94,0.00,953.59,0.00,92.53,0.00,39.80,13.93,2.19,0.00,224.60,33.45,5.62,0.00,109.31
122.5,122.5,1,122.500,16/03/2026 18:08:38,28.698, , , , , , , , , , , , , , , , , , , , , , , , , , , , , , , , , , , , , , , , , , , , , , , , , , , , , , , , , , , , , , , , , , , , , , , , , , , , , , , , , , , , , , , , , , , , , , , , , , , , , , , , , , , , , , , , , , , , , , , , , , , , , , , , , , , , , , , , , , , , , , , , , , , , , , , , , , , , , , , , , , , , , , , , , , , , , , , , , , , , , , , , , , , , , , , , , , , , , , , , , , , , , , , , , , , , , , , , , , , , , , , , , , , , , , , , , , , , , , , , , , , , , , , , , , , , , , , , , , , , , , , , , , , , , , , , , , , , , , , , , , , , , , , , , , , , , , , , , , , , , , , , , , , , , , , , , , , , , , , , , , , , , , , , , , , , , , , , , , , , , , , , , , , , , , , , , , , , , , , , , , , , 
123.0,123.0,1,123.000,16/03/2026 18:09:04,24.728,,12.35, 13.32, 13.70,43.24, -2.12, 1.93,14.547, 14.586, 13.915, 12.546, 12.127, 11.804, 11.702, 11.766, 12.021, 12.429, 12.545, 12.736, 12.797, 12.945, 13.114, 13.236, 13.397, 13.524, 13.580, 13.610, 13.584, 13.541, 13.451, 13.319, 13.180, 13.058, 12.933, 12.790, 12.706, 12.574, 12.500, 12.380, 12.296, 12.211, 12.161, 12.102, 12.098, 12.064, 12.108, 12.097, 12.213, 12.209, 12.327, 12.391, 12.440, 12.556, 12.533, 12.562, 12.612, 12.526, 12.496, 12.520, 12.447, 12.391, 12.416, 12.390, 12.340, 12.378, 12.413, 12.396, 12.419, 12.480, 12.477, 12.472, 12.530, 12.585, 12.304, 12.208, 12.267, 12.337, 12.301, 12.118, 11.996, 12.046, 12.109, 12.123, 12.029, 11.949, 11.967, 12.061, 12.073, 12.028, 11.954, 11.927, 11.964, 12.032, 12.072, 12.056, 12.033, 12.048, 12.088, 12.150, 12.179, 12.162, 12.138, 12.119, 12.132, 12.156, 12.182, 12.179, 12.135, 12.073, 11.999, 11.897, 11.675, 11.315, 10.963, 10.757, 10.658, 10.539, 10.463, 10.466, 10.572, 10.766, 10.989, 11.209, 11.343, 11.402, 11.402, 11.380, 11.353, 11.372, 11.413, 11.517, 11.652, 11.781, 11.873, 11.919, 11.897, 11.826, 11.728, 11.631, 11.581, 11.535, 11.559, 11.618, 11.698, 11.791, 11.839, 11.835, 11.781, 11.668, 11.535, 11.416, 11.296, 11.220, 11.009, 11.061, 11.112, 11.174, 11.221, 11.170, 10.895, 10.248, 9.188, 8.215, 7.653, 7.352, 7.220, 7.226, 7.341, 7.532, 7.785, 8.050, 8.343, 8.652, 8.931, 9.200, 9.434, 9.633, 9.805, 9.936, 10.051, 10.114, 10.178, 10.221, 10.239, 10.301, 10.350, 10.425, 10.518, 10.625, 10.713, 10.820, 10.931, 10.989, 10.989, 10.989, 11.035, 11.047, 10.990, 10.903, 10.856, 10.756, 10.633, 10.514, 10.361, 10.218, 10.071, 10.015, 9.934, 9.940, 9.934, 9.956, 10.016, 10.027, 10.029, 10.010, 9.915, 9.816, 9.872, 9.742, 9.690, 9.587, 9.416, 9.531, 16.9,523789.0,582867.0,878578.41,55554.57,6953.69,7131.84,762.20,18609.61,373.65,0.00,879.88,0.00,803.92,2288.60,57.24,2237.06,41.56,2518.00,109.32,43.77,11.35,0.00,127.00,621.09,26.47,31672.06,331.00,0.00,214.97,0.00,27.46,0.00,22.29,80.98,4.34,17.78,2.45,0.00,8.58,73.60,1.91,163.41,2.86,27.22,1.60,130.94,2.76,20.27,1.88,31.57,2.98,112.01,16.63,0.00,502.94,0.00,862.62,0.00,916.95,0.00,90.17,0.00,50.55,39.21,2.88,0.00,230.17,48.00,5.62,0.00,116.27,202646.51,92124.80,11531.14,13475.35,1440.15,39812.19,799.36,0.00,2016.13,0.00,2007.31,2756.86,68.95,3130.11,58.15,4201.27,182.40,78.14,20.26,0.00,185.62,892.41,38.03,45282.93,473.25,0.00,273.33,0.00,34.95,0.00,27.90,100.80,5.40,23.48,3.23,0.00,12.06,80.49,2.09,193.25,3.38,34.57,2.03,176.87,3.73,23.76,2.20,42.10,3.97,120.31,17.86,0.00,574.52,0.00,1095.11,0.00,1097.68,0.00,105.86,0.00,54.58,42.24,3.10,0.00,256.60,54.62,6.40,0.00,131.90
123.5,123.5,1,123.500,16/03/2026 18:09:38,12.231,1157886.047, , , , , , , , , , , , , , , , , , , , , , , , , , , , , , , , , , , , , , , , , , , , , , , , , , , , , , , , , , , , , , , , , , , , , , , , , , , , , , , , , , , , , , , , , , , , , , , , , , , , , , , , , , , , , , , , , , , , , , , , , , , , , , , , , , , , , , , , , , , , , , , , , , , , , , , , , , , , , , , , , , , , , , , , , , , , , , , , , , , , , , , , , , , , , , , , , , , , , , , , , , , , , , , , , , , , , , , , , , , , , , , , , , , , , , , , , , , , , , , , , , , , , , , , , , , , , , , , , , , , , , , , , , , , , , , , , , , , , , , , , , , , , , , , , , , , , , , , , , , , , , , , , , , , , , , , , , , , , , , , , , , , , , , , , , , , , , , , , , , , , , , , , , , , , , , , , , , , , , , , , , , 
124.0,124.0,1,124.000,16/03/2026 18:23:28*,5.154,,7.99, 8.63, 8.77,35.26, -1.90, 2.02,10.754, 8.718, 8.503, 7.509, 7.580, 7.312, 7.482, 7.445, 7.626, 7.935, 8.054, 8.195, 8.204, 8.300, 8.441, 8.526, 8.643, 8.743, 8.795, 8.825, 8.813, 8.787, 8.725, 8.639, 8.553, 8.479, 8.399, 8.308, 8.249, 8.182, 8.115, 8.057, 7.995, 7.960, 7.928, 7.901, 7.899, 7.898, 7.910, 7.947, 7.986, 8.037, 8.092, 8.154, 8.213, 8.250, 8.275, 8.296, 8.302, 8.297, 8.262, 8.252, 8.242, 8.204, 8.195, 8.204, 8.203, 8.179, 8.194, 8.240, 8.259, 8.229, 8.238, 8.288, 8.315, 8.306, 8.185, 8.205, 8.228, 8.238, 8.177, 8.097, 8.079, 8.061, 8.080, 8.073, 8.052, 8.049, 8.060, 8.052, 8.014, 8.002, 8.009, 8.014, 7.998, 7.975, 7.990, 8.029, 8.095, 8.134, 8.128, 8.107, 8.085, 8.091, 8.103, 8.142, 8.171, 8.151, 8.095, 8.041, 7.999, 7.988, 7.944, 7.825, 7.513, 7.053, 6.646, 6.426, 6.311, 6.250, 6.243, 6.276, 6.379, 6.533, 6.699, 6.867, 6.989, 7.074, 7.135, 7.194, 7.241, 7.311, 7.396, 7.477, 7.572, 7.642, 7.685, 7.704, 7.704, 7.676, 7.653, 7.624, 7.620, 7.621, 7.641, 7.649, 7.655, 7.662, 7.651, 7.621, 7.557, 7.478, 7.402, 7.340, 7.298, 7.279, 7.152, 7.184, 7.177, 7.169, 7.126, 6.971, 6.621, 5.975, 5.096, 4.395, 4.056, 3.915, 3.871, 3.908, 4.006, 4.143, 4.301, 4.474, 4.645, 4.815, 4.979, 5.148, 5.309, 5.451, 5.599, 5.731, 5.873, 5.996, 6.099, 6.233, 6.308, 6.400, 6.460, 6.528, 6.571, 6.630, 6.667, 6.718, 6.740, 6.751, 6.728, 6.684, 6.715, 6.702, 6.671, 6.638, 6.612, 6.570, 6.525, 6.447, 6.365, 6.237, 6.153, 6.093, 5.993, 5.941, 5.884, 5.841, 5.786, 5.737, 5.668, 5.569, 5.491, 5.431, 5.305, 5.294, 5.139, 5.151, 4.997, 5.135, 16.9,364529.0,405579.0,890258.87,68117.73,10269.68,0.00,10420.06,11547.43,388.40,0.00,1613.09,0.00,1445.28,0.00,3118.53,1100.48,42.36,1998.24,125.15,0.00,38.30,0.00,112.88,734.55,34.56,25571.29,368.13,0.00,236.28,0.00,30.62,0.00,29.07,68.79,5.05,19.36,2.17,0.00,9.47,91.80,2.56,144.66,3.30,20.84,1.83,123.11,3.26,13.49,2.14,20.05,3.49,0.00,901.68,42.25,13.28,0.00,1064.33,85.02,21.61,42.04,7.40,0.00,58.74,0.00,72.84,0.00,266.48,0.00,296.10,0.00,118.08,180968.83,112957.98,17029.96,0.00,19688.31,24703.82,830.92,0.00,3696.18,0.00,3608.73,0.00,3756.60,1539.80,59.27,3334.05,208.81,0.00,68.37,0.00,164.98,1055.43,49.66,36560.39,526.33,0.00,300.43,0.00,38.97,0.00,36.39,85.62,6.29,25.56,2.87,0.00,13.31,100.39,2.80,171.07,3.90,26.47,2.32,166.29,4.40,15.81,2.51,26.74,4.65,0.00,968.51,48.26,15.17,0.00,1351.19,101.78,25.87,49.36,8.69,0.00,63.43,0.00,78.46,0.00,297.08,0.00,336.93,0.00,133.95
