Exported at 18/03/2026 10:40:54, , , , , , , , , , , , , , , , , , , , , , , , , , , , , , , , , , , , , , , , , , , , , , , , , , , , , , , , , , , , , , , , , , , , , , , , , , , , , , , , , , , , , , , , , , , , , , , , , , , , , , , , , , , , , , , , , , , , , , , , , , , , , , , , , , , , , , , , , , , , , , , , , , , , , , , , , , , , , , , , , , , , , , , , , , , , , , , , , , , , , , , , , , , , , , , , , , , , , , , , , , , , , , , , , , , , , , , , , , , , , , , , , , , , , , , , , , , , , , , , , , , , , , , , , , , , , , , , , , , , , , , , , , , , , , , , , , , , , , , , , , , , , , , , , , , , , , , , , , , , , , , , , , , , , , , , , , , , , , , , , , , , , , , , , , , , , , , , , , , , , , , , , , , , , , , , , , , , , , , , , , , , , , , , , 
Core ID:,WAN1m17Mar26V2, , , , , , , , , , , , , , , , , , , , , , , , , , , , , , , , , , , , , , , , , , , , , , , , , , , , , , , , , , , , , , , , , , , , , , , , , , , , , , , , , , , , , , , , , , , , , , , , , , , , , , , , , , , , , , , , , , , , , , , , , , , , , , , , , , , , , , , , , , , , , , , , , , , , , , , , , , , , , , , , , , , , , , , , , , , , , , , , , , , , , , , , , , , , , , , , , , , , , , , , , , , , , , , , , , , , , , , , , , , , , , , , , , , , , , , , , , , , , , , , , , , , , , , , , , , , , , , , , , , , , , , , , , , , , , , , , , , , , , , , , , , , , , , , , , , , , , , , , , , , , , , , , , , , , , , , , , , , , , , , , , , , , , , , , , , , , , , , , , , , , , , , , , , , , , , , , , , , , , , , , , , , , , , , 
Comments:,, , , , , , , , , , , , , , , , , , , , , , , , , , , , , , , , , , , , , , , , , , , , , , , , , , , , , , , , , , , , , , , , , , , , , , , , , , , , , , , , , , , , , , , , , , , , , , , , , , , , , , , , , , , , , , , , , , , , , , , , , , , , , , , , , , , , , , , , , , , , , , , , , , , , , , , , , , , , , , , , , , , , , , , , , , , , , , , , , , , , , , , , , , , , , , , , , , , , , , , , , , , , , , , , , , , , , , , , , , , , , , , , , , , , , , , , , , , , , , , , , , , , , , , , , , , , , , , , , , , , , , , , , , , , , , , , , , , , , , , , , , , , , , , , , , , , , , , , , , , , , , , , , , , , , , , , , , , , , , , , , , , , , , , , , , , , , , , , , , , , , , , , , , , , , , , , , , , , , , , , , , , , , , , , 
XRF Measurement Mode:,Geochem(2), , , , , , , , , , , , , , , , , , , , , , , , , , , , , , , , , , , , , , , , , , , , , , , , , , , , , , , , , , , , , , , , , , , , , , , , , , , , , , , , , , , , , , , , , , , , , , , , , , , , , , , , , , , , , , , , , , , , , , , , , , , , , , , , , , , , , , , , , , , , , , , , , , , , , , , , , , , , , , , , , , , , , , , , , , , , , , , , , , , , , , , , , , , , , , , , , , , , , , , , , , , , , , , , , , , , , , , , , , , , , , , , , , , , , , , , , , , , , , , , , , , , , , , , , , , , , , , , , , , , , , , , , , , , , , , , , , , , , , , , , , , , , , , , , , , , , , , , , , , , , , , , , , , , , , , , , , , , , , , , , , , , , , , , , , , , , , , , , , , , , , , , , , , , , , , , , , , , , , , , , , , , , , , , 
Depth,Depth In Core,Section,Section Depth,Time Stamp,Magnetic Susceptibility,Mag Sus in Air,CIE XYZ Colour Space, , ,CIE L*a*b* Colour Space, , ,Reflectance (nm), , , , , , , , , , , , , , , , , , , , , , , , , , , , , , , , , , , , , , , , , , , , , , , , , , , , , , , , , , , , , , , , , , , , , , , , , , , , , , , , , , , , , , , , , , , , , , , , , , , , , , , , , , , , , , , , , , , , , , , , , , , , , , , , , , , , , , , , , , , , , , , , , , , , , , , , , , , , , , , , , , , , , , , , , , , , , , , , , , , , , , , , , , , , , , , , , , , , , , , , , , , , , , , , , , , , , , , ,XRF Total Live Time,XRF Total Counts,,XRF Elements(ppm), , , , , , , , , , , , , , , , , , , , , , , , , , , , , , , , , , , , , , , , , , , , , , , , , , , , , , , , , , , , , , , , , , , , ,XRF Oxides(ppm), , , , , , , , , , , , , , , , , , , , , , , , , , , , , , , , , , , , , , , , , , , , , , , , , , , , , , , , , , , , , , , , , , , , 
cm,cm,,cm,,x10^-5 SI,x10^-5 SI,X, Y, Z,L*, a*, b*,350,360,370,380,390,400,410,420,430,440,450,460,470,480,490,500,510,520,530,540,550,560,570,580,590,600,610,620,630,640,650,660,670,680,690,700,710,720,730,740,750,760,770,780,790,800,810,820,830,840,850,860,870,880,890,900,910,920,930,940,950,960,970,980,990,1000,1010,1020,1030,1040,1050,1060,1070,1080,1090,1100,1110,1120,1130,1140,1150,1160,1170,1180,1190,1200,1210,1220,1230,1240,1250,1260,1270,1280,1290,1300,1310,1320,1330,1340,1350,1360,1370,1380,1390,1400,1410,1420,1430,1440,1450,1460,1470,1480,1490,1500,1510,1520,1530,1540,1550,1560,1570,1580,1590,1600,1610,1620,1630,1640,1650,1660,1670,1680,1690,1700,1710,1720,1730,1740,1750,1760,1770,1780,1790,1800,1810,1820,1830,1840,1850,1860,1870,1880,1890,1900,1910,1920,1930,1940,1950,1960,1970,1980,1990,2000,2010,2020,2030,2040,2050,2060,2070,2080,2090,2100,2110,2120,2130,2140,2150,2160,2170,2180,2190,2200,2210,2220,2230,2240,2250,2260,2270,2280,2290,2300,2310,2320,2330,2340,2350,2360,2370,2380,2390,2400,2410,2420,2430,2440,2450,2460,2470,2480,2490,2500,Seconds,Beam 1,Beam 2,LE (Value),Mg (Value),Mg (Error),Al (Value),Al (Error),Si (Value),Si (Error),P (Value),P (Error),S (Value),S (Error),K (Value),K (Error),Ca (Value),Ca (Error),Ti (Value),Ti (Error),V (Value),V (Error),Cr (Value),Cr (Error),Mn (Value),Mn (Error),Fe (Value),Fe (Error),Co (Value),Co (Error),Ni (Value),Ni (Error),Cu (Value),Cu (Error),Zn (Value),Zn (Error),As (Value),As (Error),Se (Value),Se (Error),Rb (Value),Rb (Error),Sr (Value),Sr (Error),Y (Value),Y (Error),Zr (Value),Zr (Error),Nb (Value),Nb (Error),Mo (Value),Mo (Error),Ag (Value),Ag (Error),Cd (Value),Cd (Error),Sn (Value),Sn (Error),Sb (Value),Sb (Error),W (Value),W (Error),Hg (Value),Hg (Error),Pb (Value),Pb (Error),Bi (Value),Bi (Error),Th (Value),Th (Error),U (Value),U (Error),LE (Value),MgO (Value),MgO (Error),Al2O3 (Value),Al2O3 (Error),SiO2 (Value),SiO2 (Error),P2O5 (Value),P2O5 (Error),SO3 (Value),SO3 (Error),K2O (Value),K2O (Error),CaO (Value),CaO (Error),TiO2 (Value),TiO2 (Error),V2O5 (Value),V2O5 (Error),Cr2O3 (Value),Cr2O3 (Error),Mn2O3 (Value),Mn2O3 (Error),Fe2O3 (Value),Fe2O3 (Error),CoO (Value),CoO (Error),NiO (Value),NiO (Error),CuO (Value),CuO (Error),ZnO (Value),ZnO (Error),As2O3 (Value),As2O3 (Error),SeO2 (Value),SeO2 (Error),Rb2O (Value),Rb2O (Error),SrO (Value),SrO (Error),Y2O3 (Value),Y2O3 (Error),ZrO2 (Value),ZrO2 (Error),NbO (Value),NbO (Error),MoO2 (Value),MoO2 (Error),Ag2O (Value),Ag2O (Error),CdO (Value),CdO (Error),SnO2 (Value),SnO2 (Error),Sb2O3 (Value),Sb2O3 (Error),WO2 (Value),WO2 (Error),HgO (Value),HgO (Error),PbO (Value),PbO (Error),Bi2O3 (Value),Bi2O3 (Error),ThO2 (Value),ThO2 (Error),UO2 (Value),UO2 (Error)
3.5,3.5,1,3.500,18/03/2026 00:55:52,17.724,1157878.569,11.21, 11.98, 11.68,41.18, -1.24, 3.54,14.138, 12.697, 12.240, 10.823, 10.372, 10.068, 9.921, 10.050, 10.182, 10.534, 10.721, 10.828, 10.925, 11.067, 11.277, 11.472, 11.652, 11.858, 11.966, 12.079, 12.198, 12.241, 12.157, 12.121, 12.193, 12.083, 11.960, 12.072, 11.902, 11.905, 11.948, 11.740, 11.913, 11.656, 11.914, 11.660, 11.935, 11.718, 11.994, 11.851, 12.066, 12.083, 12.106, 12.368, 12.217, 12.496, 12.469, 12.409, 12.673, 12.497, 12.471, 12.710, 12.521, 12.462, 12.701, 12.599, 12.466, 12.692, 12.780, 12.594, 12.645, 12.902, 12.870, 12.689, 12.816, 13.029, 13.091, 12.820, 12.806, 13.121, 13.213, 12.979, 12.718, 12.842, 13.142, 13.192, 12.932, 12.749, 12.848, 13.106, 13.167, 13.024, 12.821, 12.807, 13.016, 13.254, 13.302, 13.165, 13.001, 12.993, 13.184, 13.431, 13.527, 13.429, 13.253, 13.097, 13.137, 13.316, 13.516, 13.578, 13.465, 13.237, 12.972, 12.762, 12.510, 12.170, 11.886, 11.733, 11.613, 11.354, 11.092, 10.962, 11.092, 11.458, 11.966, 12.452, 12.772, 12.898, 12.826, 12.660, 12.494, 12.400, 12.514, 12.765, 13.121, 13.485, 13.761, 13.891, 13.827, 13.629, 13.360, 13.107, 12.939, 12.906, 13.043, 13.290, 13.623, 13.902, 14.060, 14.115, 14.004, 13.762, 13.461, 13.119, 12.857, 12.693, 12.582, 12.684, 12.877, 13.109, 13.310, 13.319, 12.962, 12.024, 10.547, 9.257, 8.463, 7.958, 7.666, 7.535, 7.582, 7.804, 8.159, 8.613, 9.161, 9.719, 10.265, 10.744, 11.164, 11.490, 11.711, 11.819, 11.860, 11.822, 11.743, 11.649, 11.581, 11.544, 11.554, 11.675, 11.864, 12.104, 12.406, 12.749, 13.057, 13.294, 13.439, 13.511, 13.699, 13.784, 13.712, 13.635, 13.433, 13.178, 12.893, 12.607, 12.238, 11.803, 11.473, 11.236, 11.158, 11.134, 11.226, 11.363, 11.507, 11.686, 11.822, 11.984, 12.147, 12.239, 12.307, 12.210, 12.043, 12.102, 11.814, 11.621, 16.3,989627.0,1130548.0,858030.85,32394.75,3009.64,28696.56,635.16,41832.40,358.64,409.25,34.15,248.90,21.24,5154.00,44.92,1651.83,23.79,1653.68,63.58,47.92,7.05,0.00,62.99,474.26,15.09,28881.25,164.91,0.00,134.02,0.00,13.00,20.76,2.49,65.71,2.59,84.06,1.85,0.00,5.29,69.41,1.15,103.70,1.37,9.59,0.86,88.36,1.43,0.00,30.53,0.00,53.60,0.00,448.72,0.00,306.21,0.00,513.59,46.05,10.03,14.60,3.25,0.00,29.59,0.00,35.59,22.09,3.93,0.00,146.16,0.00,63.79,252977.68,53719.43,4990.81,54221.08,1200.11,89493.51,767.25,937.74,78.25,621.48,53.03,6208.53,54.11,2311.25,33.29,2759.15,106.08,85.55,12.59,0.00,92.06,681.44,21.68,41292.79,235.78,0.00,170.40,0.00,16.54,25.99,3.12,81.79,3.22,110.99,2.44,0.00,7.43,75.91,1.26,122.64,1.62,12.18,1.09,119.35,1.93,0.00,35.79,0.00,71.47,0.00,481.98,0.00,349.79,0.00,652.01,55.13,12.01,17.14,3.82,0.00,31.95,0.00,38.34,24.63,4.38,0.00,166.32,0.00,72.37
4.0,4.0,1,4.000,18/03/2026 00:55:52,17.066,,10.76, 11.53, 10.88,40.46, -1.48, 4.54,8.188, 10.253, 9.962, 9.162, 8.785, 8.912, 8.772, 9.054, 9.310, 9.706, 9.981, 10.147, 10.259, 10.456, 10.695, 10.905, 11.113, 11.356, 11.512, 11.659, 11.772, 11.815, 11.794, 11.734, 11.694, 11.703, 11.683, 11.538, 11.556, 11.569, 11.414, 11.475, 11.384, 11.355, 11.424, 11.346, 11.470, 11.403, 11.548, 11.520, 11.700, 11.678, 11.880, 11.879, 12.026, 12.123, 12.081, 12.285, 12.171, 12.252, 12.331, 12.174, 12.322, 12.341, 12.173, 12.346, 12.410, 12.249, 12.367, 12.541, 12.422, 12.392, 12.596, 12.635, 12.537, 12.571, 12.707, 12.711, 12.620, 12.683, 12.833, 12.796, 12.619, 12.582, 12.745, 12.805, 12.772, 12.679, 12.680, 12.752, 12.752, 12.710, 12.697, 12.759, 12.854, 12.868, 12.822, 12.815, 12.920, 13.073, 13.162, 13.125, 13.008, 12.935, 13.000, 13.168, 13.311, 13.294, 13.142, 12.933, 12.814, 12.830, 12.932, 12.910, 12.520, 11.752, 10.964, 10.536, 10.458, 10.502, 10.650, 10.820, 11.020, 11.216, 11.373, 11.545, 11.716, 11.942, 12.194, 12.416, 12.575, 12.655, 12.681, 12.688, 12.707, 12.759, 12.889, 13.048, 13.205, 13.318, 13.352, 13.312, 13.206, 13.084, 12.989, 12.951, 12.992, 13.066, 13.161, 13.267, 13.324, 13.286, 13.204, 13.072, 12.928, 12.773, 12.663, 12.579, 12.542, 12.525, 12.505, 12.332, 11.843, 10.787, 9.280, 8.056, 7.464, 7.181, 7.041, 7.050, 7.131, 7.328, 7.586, 7.914, 8.298, 8.720, 9.149, 9.555, 9.930, 10.256, 10.516, 10.741, 10.925, 11.056, 11.153, 11.247, 11.321, 11.408, 11.513, 11.643, 11.776, 11.945, 12.102, 12.278, 12.415, 12.486, 12.451, 12.388, 12.466, 12.532, 12.442, 12.366, 12.290, 12.199, 12.065, 11.953, 11.780, 11.525, 11.357, 11.250, 11.162, 11.148, 11.214, 11.253, 11.238, 11.152, 11.084, 10.999, 10.845, 10.678, 10.598, 10.348, 10.125, 9.943, 9.834, 9.689, 16.4,1073885.0,1207466.0,864868.09,32695.76,2867.55,25377.31,577.03,37889.59,322.06,357.40,30.79,351.12,20.03,4722.40,40.31,1534.33,21.80,1985.95,63.34,34.72,6.60,282.22,19.66,472.05,14.54,28985.51,158.04,0.00,125.71,0.00,12.55,22.73,2.39,60.75,2.33,58.88,1.61,0.00,5.13,66.95,1.09,111.55,1.35,11.84,0.83,72.06,1.28,0.00,27.91,0.00,50.12,0.00,423.34,0.00,293.57,0.00,481.74,0.00,511.91,0.00,46.57,0.00,25.71,9.41,1.27,29.38,3.75,0.00,138.21,0.00,61.16,239208.03,54218.59,4755.19,47949.48,1090.28,81058.52,688.99,818.93,70.55,876.71,50.01,5688.62,48.56,2146.84,30.50,3313.54,105.68,61.98,11.78,412.48,28.73,678.26,20.89,41441.85,225.96,0.00,159.84,0.00,15.97,28.45,2.99,75.62,2.90,77.74,2.13,0.00,7.21,73.22,1.19,131.92,1.60,15.04,1.05,97.34,1.73,0.00,32.72,0.00,66.83,0.00,454.72,0.00,335.35,0.00,611.58,0.00,612.81,0.00,54.68,0.00,27.76,10.14,1.37,32.75,4.18,0.00,157.27,0.00,69.38
4.5,4.5,1,4.500,18/03/2026 00:55:52,17.529,,11.41, 12.28, 11.19,41.65, -1.82, 5.72,8.980, 8.424, 9.150, 8.692, 8.551, 8.744, 8.812, 9.113, 9.392, 9.941, 10.264, 10.467, 10.629, 10.860, 11.165, 11.485, 11.772, 12.070, 12.273, 12.428, 12.535, 12.594, 12.602, 12.625, 12.574, 12.454, 12.403, 12.404, 12.299, 12.233, 12.269, 12.098, 12.118, 12.082, 12.043, 12.140, 12.044, 12.228, 12.116, 12.350, 12.278, 12.503, 12.513, 12.636, 12.805, 12.748, 13.006, 12.871, 13.015, 13.073, 12.897, 13.115, 13.028, 12.915, 13.131, 13.038, 12.950, 13.161, 13.131, 13.007, 13.197, 13.280, 13.112, 13.166, 13.414, 13.330, 13.171, 13.232, 13.525, 13.467, 13.242, 13.273, 13.469, 13.429, 13.219, 13.171, 13.410, 13.534, 13.341, 13.088, 13.076, 13.329, 13.508, 13.386, 13.145, 13.092, 13.296, 13.547, 13.608, 13.472, 13.318, 13.319, 13.482, 13.642, 13.666, 13.532, 13.387, 13.360, 13.439, 13.530, 13.520, 13.376, 13.120, 12.826, 12.400, 11.844, 11.379, 11.104, 10.879, 10.609, 10.411, 10.401, 10.689, 11.166, 11.673, 12.066, 12.236, 12.223, 12.125, 12.078, 12.169, 12.387, 12.711, 13.023, 13.246, 13.330, 13.276, 13.125, 12.962, 12.863, 12.874, 12.978, 13.151, 13.314, 13.431, 13.489, 13.439, 13.290, 13.073, 12.886, 12.765, 12.715, 12.725, 12.788, 12.893, 12.971, 12.957, 12.936, 12.838, 12.630, 12.348, 11.920, 11.194, 9.959, 8.390, 7.270, 6.841, 6.782, 6.865, 7.022, 7.193, 7.345, 7.510, 7.664, 7.848, 8.062, 8.312, 8.597, 8.941, 9.317, 9.724, 10.123, 10.494, 10.829, 11.065, 11.260, 11.386, 11.440, 11.425, 11.401, 11.356, 11.328, 11.320, 11.363, 11.444, 11.543, 11.608, 11.711, 11.896, 12.072, 12.163, 12.232, 12.270, 12.201, 12.111, 11.926, 11.717, 11.348, 10.991, 10.694, 10.410, 10.274, 10.138, 10.014, 9.938, 9.871, 9.850, 9.882, 9.927, 9.881, 9.944, 9.934, 9.860, 9.807, 9.775, 9.573, 16.3,1111125.0,1259683.0,866154.79,37779.55,2890.83,24611.10,559.74,34434.09,302.41,340.00,30.07,454.15,20.39,2968.89,31.80,1681.86,21.49,1829.76,60.82,0.00,20.55,0.00,52.11,504.60,14.33,28719.73,155.63,0.00,126.45,0.00,14.25,24.40,2.40,99.13,2.84,54.38,1.65,0.00,4.93,68.15,1.08,99.44,1.26,10.32,0.81,85.53,1.32,0.00,28.33,0.00,49.29,31.70,9.13,0.00,293.05,0.00,478.88,0.00,498.23,0.00,54.01,0.00,21.76,21.71,1.43,26.74,3.60,0.00,134.49,0.00,62.49,236132.93,62648.91,4793.79,46501.75,1057.61,73666.05,646.96,779.06,68.90,1133.97,50.91,3576.34,38.31,2353.27,30.07,3052.94,101.48,0.00,36.69,0.00,76.16,725.03,20.59,41061.86,222.51,0.00,160.78,0.00,18.13,30.54,3.00,123.39,3.53,71.80,2.18,0.00,6.93,74.53,1.18,117.60,1.49,13.11,1.03,115.53,1.78,0.00,33.21,0.00,65.73,34.05,9.81,0.00,334.76,0.00,607.95,0.00,596.43,0.00,63.41,0.00,23.50,23.39,1.54,29.81,4.01,0.00,153.04,0.00,70.89
5.0,5.0,1,5.000,18/03/2026 00:55:52,17.857,,11.96, 12.88, 11.73,42.59, -1.95, 5.85,10.732, 8.648, 9.949, 9.051, 8.943, 9.031, 9.011, 9.449, 9.808, 10.373, 10.746, 10.989, 11.212, 11.427, 11.747, 12.065, 12.362, 12.685, 12.880, 13.035, 13.154, 13.231, 13.245, 13.234, 13.158, 13.077, 13.020, 12.931, 12.881, 12.837, 12.739, 12.714, 12.593, 12.592, 12.591, 12.563, 12.644, 12.609, 12.726, 12.738, 12.862, 12.952, 12.999, 13.233, 13.146, 13.463, 13.338, 13.462, 13.593, 13.373, 13.596, 13.548, 13.377, 13.624, 13.509, 13.368, 13.641, 13.594, 13.410, 13.631, 13.756, 13.539, 13.584, 13.834, 13.799, 13.598, 13.712, 13.928, 13.852, 13.686, 13.749, 13.953, 13.907, 13.660, 13.656, 13.851, 13.967, 13.797, 13.578, 13.564, 13.728, 13.839, 13.787, 13.646, 13.630, 13.762, 13.900, 13.908, 13.834, 13.806, 13.877, 13.995, 14.035, 13.980, 13.902, 13.877, 13.961, 14.052, 14.036, 13.902, 13.698, 13.555, 13.493, 13.433, 13.154, 12.553, 11.897, 11.434, 11.141, 10.984, 11.005, 11.178, 11.506, 11.856, 12.139, 12.339, 12.436, 12.518, 12.642, 12.809, 12.997, 13.196, 13.337, 13.428, 13.483, 13.478, 13.508, 13.552, 13.627, 13.713, 13.801, 13.843, 13.822, 13.767, 13.698, 13.638, 13.628, 13.616, 13.613, 13.657, 13.709, 13.722, 13.691, 13.619, 13.501, 13.386, 13.137, 13.013, 12.914, 12.852, 12.758, 12.532, 12.009, 10.903, 9.326, 8.085, 7.478, 7.201, 7.061, 7.038, 7.103, 7.255, 7.478, 7.792, 8.143, 8.564, 9.010, 9.454, 9.857, 10.242, 10.575, 10.830, 11.027, 11.149, 11.231, 11.293, 11.310, 11.376, 11.424, 11.510, 11.630, 11.774, 11.956, 12.173, 12.403, 12.557, 12.662, 12.708, 12.782, 12.799, 12.709, 12.588, 12.463, 12.288, 12.116, 11.858, 11.648, 11.375, 11.141, 10.978, 10.920, 10.918, 10.993, 11.009, 11.097, 11.089, 11.148, 11.162, 11.027, 10.999, 10.821, 10.687, 10.423, 10.263, 9.888, 9.758, 16.3,1159726.0,1329818.0,860627.14,46755.76,2902.86,23875.16,537.75,31048.89,278.23,464.00,30.21,675.06,20.85,2775.91,29.88,1522.98,19.75,1629.13,57.41,33.33,6.25,0.00,56.89,657.16,15.66,29423.23,156.45,0.00,120.34,0.00,12.35,18.01,2.21,63.16,2.27,47.52,1.57,0.00,4.34,61.63,0.99,107.39,1.28,5.82,0.75,83.51,1.30,0.00,26.48,0.00,46.62,0.00,396.61,31.77,5.76,69.03,8.51,0.00,487.40,0.00,44.13,0.00,26.66,24.45,1.44,0.00,122.87,0.00,135.91,0.00,51.37,243711.10,77533.94,4813.74,45111.22,1016.06,66423.97,595.23,1063.19,69.22,1685.56,52.06,3343.87,35.99,2130.96,27.63,2718.19,95.79,59.50,11.16,0.00,83.15,944.23,22.50,42067.68,223.68,0.00,153.01,0.00,15.72,22.54,2.77,78.62,2.83,62.74,2.07,0.00,6.10,67.40,1.08,127.00,1.51,7.39,0.95,112.80,1.76,0.00,31.04,0.00,62.17,0.00,426.00,36.29,6.58,87.63,10.80,0.00,583.47,0.00,51.81,0.00,28.79,26.34,1.55,0.00,136.98,0.00,154.65,0.00,58.28
5.5,5.5,1,5.500,18/03/2026 00:55:52,18.390,,12.24, 13.18, 12.20,43.03, -1.97, 5.37,10.982, 9.408, 10.075, 9.600, 9.473, 9.540, 9.538, 9.950, 10.302, 10.861, 11.171, 11.429, 11.572, 11.801, 12.127, 12.400, 12.732, 13.028, 13.210, 13.362, 13.466, 13.523, 13.501, 13.475, 13.397, 13.308, 13.254, 13.185, 13.105, 13.022, 12.998, 12.890, 12.813, 12.828, 12.762, 12.820, 12.795, 12.859, 12.880, 12.975, 13.038, 13.154, 13.229, 13.369, 13.433, 13.574, 13.581, 13.674, 13.688, 13.698, 13.707, 13.691, 13.713, 13.674, 13.672, 13.706, 13.685, 13.724, 13.761, 13.737, 13.804, 13.848, 13.832, 13.870, 13.976, 13.956, 13.906, 13.951, 14.036, 14.008, 13.952, 13.987, 14.049, 13.969, 13.857, 13.912, 14.046, 14.011, 13.836, 13.727, 13.801, 13.937, 13.972, 13.863, 13.785, 13.862, 13.996, 14.061, 14.046, 14.017, 14.052, 14.131, 14.178, 14.136, 14.079, 14.069, 14.135, 14.202, 14.190, 14.057, 13.864, 13.724, 13.661, 13.589, 13.252, 12.586, 11.877, 11.403, 11.122, 10.983, 11.012, 11.184, 11.500, 11.849, 12.143, 12.361, 12.501, 12.621, 12.761, 12.934, 13.100, 13.274, 13.405, 13.497, 13.572, 13.633, 13.704, 13.761, 13.827, 13.884, 13.897, 13.880, 13.841, 13.792, 13.767, 13.767, 13.816, 13.852, 13.871, 13.892, 13.853, 13.764, 13.656, 13.518, 13.399, 13.327, 13.166, 13.163, 13.167, 13.157, 13.068, 12.792, 12.122, 10.805, 9.016, 7.593, 6.904, 6.633, 6.551, 6.656, 6.867, 7.174, 7.532, 7.907, 8.295, 8.680, 9.040, 9.365, 9.651, 9.892, 10.134, 10.346, 10.571, 10.783, 11.007, 11.209, 11.406, 11.610, 11.784, 11.961, 12.109, 12.215, 12.298, 12.399, 12.410, 12.401, 12.342, 12.217, 12.230, 12.215, 12.149, 12.126, 12.116, 12.104, 12.071, 12.064, 11.917, 11.797, 11.620, 11.489, 11.369, 11.260, 11.153, 11.000, 10.856, 10.715, 10.495, 10.268, 9.970, 9.896, 9.765, 9.517, 9.276, 9.192, 9.010, 9.150, 16.3,1173011.0,1351971.0,854313.51,55645.63,2926.44,21219.06,509.47,32031.69,279.37,453.37,29.43,678.86,20.41,3144.82,30.98,1593.43,19.75,2233.99,62.24,18.45,6.07,228.78,16.80,444.39,13.29,27524.49,145.83,0.00,117.33,0.00,11.86,23.39,2.25,56.92,2.17,36.54,1.34,0.00,3.75,64.59,0.99,110.19,1.27,11.84,0.77,79.39,1.23,0.00,27.20,0.00,46.11,0.00,392.36,0.00,269.36,29.70,8.13,0.00,474.17,0.00,51.87,0.00,25.23,13.64,1.22,43.35,3.39,0.00,126.01,0.00,49.55,254305.14,92275.80,4852.84,40092.62,962.62,68526.51,597.67,1038.84,67.43,1695.05,50.96,3788.26,37.32,2229.54,27.63,3727.40,103.85,32.94,10.84,334.37,24.55,638.52,19.10,39352.97,208.50,0.00,149.18,0.00,15.09,29.28,2.82,70.85,2.70,48.24,1.77,0.00,5.27,70.64,1.08,130.31,1.50,15.04,0.98,107.24,1.66,0.00,31.88,0.00,61.49,0.00,421.44,0.00,307.70,37.70,10.32,0.00,567.63,0.00,60.90,0.00,27.24,14.69,1.31,48.33,3.78,0.00,143.39,0.00,56.21
6.0,6.0,1,6.000,18/03/2026 00:55:52,18.648,,11.67, 12.58, 11.52,42.13, -2.03, 5.63,12.736, 9.290, 9.954, 9.308, 9.289, 9.204, 9.025, 9.306, 9.640, 10.207, 10.561, 10.787, 10.962, 11.210, 11.543, 11.834, 12.110, 12.405, 12.601, 12.748, 12.871, 12.927, 12.924, 12.909, 12.833, 12.706, 12.654, 12.615, 12.535, 12.439, 12.420, 12.312, 12.218, 12.245, 12.179, 12.238, 12.222, 12.281, 12.327, 12.401, 12.495, 12.593, 12.678, 12.840, 12.866, 13.091, 13.005, 13.196, 13.164, 13.154, 13.267, 13.121, 13.220, 13.222, 13.090, 13.250, 13.238, 13.131, 13.300, 13.327, 13.240, 13.370, 13.456, 13.368, 13.434, 13.567, 13.478, 13.392, 13.459, 13.628, 13.558, 13.406, 13.484, 13.591, 13.513, 13.393, 13.478, 13.608, 13.545, 13.358, 13.280, 13.429, 13.619, 13.621, 13.466, 13.392, 13.506, 13.718, 13.807, 13.748, 13.658, 13.669, 13.760, 13.862, 13.864, 13.819, 13.782, 13.801, 13.826, 13.796, 13.681, 13.542, 13.412, 13.280, 12.957, 12.372, 11.769, 11.349, 11.076, 10.877, 10.844, 11.001, 11.338, 11.734, 12.066, 12.277, 12.383, 12.431, 12.534, 12.698, 12.907, 13.122, 13.305, 13.407, 13.446, 13.455, 13.466, 13.509, 13.597, 13.693, 13.766, 13.821, 13.788, 13.729, 13.647, 13.590, 13.575, 13.602, 13.628, 13.710, 13.734, 13.744, 13.670, 13.549, 13.384, 13.256, 13.044, 12.966, 12.956, 12.943, 12.899, 12.701, 12.140, 10.935, 9.230, 7.851, 7.149, 6.815, 6.668, 6.687, 6.837, 7.105, 7.459, 7.862, 8.316, 8.776, 9.196, 9.579, 9.890, 10.161, 10.347, 10.532, 10.677, 10.813, 10.922, 11.068, 11.236, 11.422, 11.622, 11.852, 12.056, 12.248, 12.429, 12.589, 12.673, 12.675, 12.617, 12.484, 12.417, 12.361, 12.212, 12.093, 12.000, 11.930, 11.863, 11.834, 11.774, 11.662, 11.636, 11.590, 11.560, 11.542, 11.504, 11.420, 11.295, 11.133, 10.937, 10.633, 10.356, 10.059, 9.926, 9.584, 9.330, 9.091, 8.960, 9.006, 16.3,1141447.0,1314664.0,871920.85,38068.93,2831.26,23318.88,540.20,30443.21,276.85,477.66,30.86,670.30,21.14,2698.77,29.75,1681.57,20.77,2290.12,63.85,69.11,6.88,177.90,17.25,514.06,14.33,27202.99,145.54,0.00,118.31,0.00,13.05,27.40,2.38,75.52,2.42,39.81,1.34,0.00,4.89,63.76,1.02,114.50,1.32,14.77,0.81,86.11,1.30,0.00,26.68,0.00,47.37,0.00,407.54,0.00,282.60,0.00,470.03,0.00,488.52,0.00,40.28,0.00,20.24,6.80,1.17,36.95,3.58,0.00,132.39,0.00,58.50,225095.09,63128.79,4695.01,44060.15,1020.69,65128.22,592.27,1094.49,70.71,1673.67,52.78,3250.95,35.84,2352.86,29.06,3821.05,106.53,123.37,12.28,260.01,25.21,738.62,20.59,38893.31,208.08,0.00,150.43,0.00,16.61,34.30,2.98,94.00,3.01,52.56,1.77,0.00,6.87,69.73,1.12,135.41,1.56,18.76,1.03,116.31,1.76,0.00,31.27,0.00,63.17,0.00,437.74,0.00,322.82,0.00,596.71,0.00,584.81,0.00,47.29,0.00,21.85,7.33,1.26,41.19,3.99,0.00,150.65,0.00,66.36
6.5,6.5,1,6.500,18/03/2026 00:55:52,19.312,,12.57, 13.52, 12.76,43.54, -1.86, 4.78,11.173, 11.424, 11.479, 10.779, 10.423, 10.396, 10.357, 10.577, 10.858, 11.410, 11.666, 11.905, 12.088, 12.272, 12.591, 12.847, 13.115, 13.384, 13.570, 13.700, 13.785, 13.835, 13.819, 13.794, 13.723, 13.624, 13.548, 13.470, 13.408, 13.356, 13.266, 13.200, 13.136, 13.065, 13.109, 13.067, 13.111, 13.141, 13.167, 13.274, 13.311, 13.451, 13.513, 13.653, 13.746, 13.844, 13.915, 13.952, 14.024, 13.980, 14.026, 14.002, 13.980, 14.031, 13.944, 13.987, 14.068, 13.983, 14.021, 14.140, 14.101, 14.081, 14.222, 14.225, 14.194, 14.274, 14.327, 14.280, 14.284, 14.392, 14.389, 14.258, 14.195, 14.293, 14.297, 14.238, 14.208, 14.280, 14.295, 14.186, 14.063, 14.111, 14.280, 14.357, 14.256, 14.153, 14.183, 14.353, 14.497, 14.523, 14.438, 14.366, 14.400, 14.493, 14.559, 14.565, 14.513, 14.484, 14.467, 14.435, 14.355, 14.263, 14.124, 13.956, 13.560, 12.926, 12.304, 11.924, 11.672, 11.457, 11.382, 11.480, 11.804, 12.233, 12.621, 12.892, 13.017, 13.060, 13.109, 13.208, 13.385, 13.602, 13.822, 13.983, 14.081, 14.090, 14.086, 14.075, 14.088, 14.136, 14.204, 14.263, 14.300, 14.291, 14.254, 14.201, 14.149, 14.119, 14.085, 14.102, 14.128, 14.113, 14.076, 14.008, 13.927, 13.800, 13.619, 13.525, 13.453, 13.382, 13.282, 13.028, 12.434, 11.193, 9.468, 8.072, 7.392, 7.089, 6.968, 6.999, 7.141, 7.390, 7.687, 8.062, 8.480, 8.929, 9.352, 9.758, 10.139, 10.469, 10.730, 10.941, 11.132, 11.273, 11.398, 11.516, 11.628, 11.769, 11.915, 12.077, 12.261, 12.436, 12.616, 12.767, 12.900, 12.956, 12.935, 12.862, 12.838, 12.801, 12.658, 12.545, 12.421, 12.273, 12.151, 12.040, 11.895, 11.729, 11.611, 11.522, 11.465, 11.415, 11.456, 11.417, 11.367, 11.204, 11.055, 10.849, 10.631, 10.366, 10.095, 9.866, 9.592, 9.349, 9.155, 9.227, 16.3,1127288.0,1282654.0,871581.42,47170.65,3004.34,20994.92,524.74,25622.26,254.20,335.84,29.19,592.57,20.82,2387.33,28.45,1474.46,19.39,1334.51,54.69,49.39,6.16,213.50,16.86,623.91,15.45,27072.88,148.30,0.00,119.99,0.00,14.11,25.67,2.36,56.75,2.20,48.38,1.41,4.02,0.48,59.24,1.00,113.40,1.33,10.38,0.77,81.08,1.27,3.29,0.97,0.00,47.31,0.00,403.84,44.17,5.89,0.00,464.36,34.42,9.17,0.00,46.78,0.00,25.76,4.19,1.12,61.39,3.34,0.00,124.67,0.00,58.03,222786.58,78221.95,4982.02,39669.12,991.48,54814.59,543.82,769.53,66.88,1479.59,51.99,2875.79,34.27,2063.07,27.13,2226.62,91.25,88.17,11.00,312.04,24.64,896.46,22.20,38707.28,212.03,0.00,152.57,0.00,17.96,32.13,2.95,70.64,2.74,63.88,1.86,5.65,0.67,64.78,1.09,134.11,1.57,13.18,0.98,109.52,1.72,3.86,1.14,0.00,63.09,0.00,433.77,50.46,6.73,0.00,589.51,41.20,10.98,0.00,54.92,0.00,27.81,4.51,1.21,68.44,3.72,0.00,141.86,0.00,65.83
7.0,7.0,1,7.000,18/03/2026 00:55:52,19.645,,11.55, 12.43, 11.48,41.90, -1.89, 5.33,7.783, 9.234, 9.927, 9.161, 8.715, 8.955, 9.016, 9.227, 9.711, 10.160, 10.541, 10.744, 10.931, 11.191, 11.452, 11.705, 11.994, 12.273, 12.448, 12.595, 12.685, 12.720, 12.728, 12.740, 12.716, 12.601, 12.481, 12.417, 12.442, 12.338, 12.230, 12.245, 12.115, 12.081, 12.162, 12.047, 12.199, 12.113, 12.277, 12.246, 12.434, 12.419, 12.644, 12.614, 12.855, 12.805, 12.968, 12.978, 12.963, 13.094, 12.923, 13.042, 13.037, 12.896, 13.041, 13.005, 12.926, 13.091, 13.057, 13.009, 13.174, 13.193, 13.085, 13.224, 13.368, 13.243, 13.228, 13.394, 13.470, 13.321, 13.269, 13.404, 13.421, 13.250, 13.171, 13.330, 13.475, 13.358, 13.148, 13.114, 13.256, 13.363, 13.309, 13.213, 13.238, 13.365, 13.460, 13.440, 13.384, 13.435, 13.575, 13.668, 13.628, 13.508, 13.452, 13.542, 13.728, 13.807, 13.718, 13.495, 13.284, 13.216, 13.265, 13.288, 12.985, 12.262, 11.470, 10.961, 10.749, 10.726, 10.857, 11.071, 11.329, 11.564, 11.743, 11.914, 12.085, 12.282, 12.530, 12.740, 12.901, 13.003, 13.036, 13.045, 13.087, 13.186, 13.337, 13.501, 13.623, 13.691, 13.677, 13.591, 13.465, 13.364, 13.317, 13.361, 13.477, 13.611, 13.700, 13.759, 13.732, 13.606, 13.420, 13.211, 13.041, 12.953, 12.818, 12.852, 12.945, 13.000, 13.008, 12.769, 12.143, 10.847, 9.051, 7.593, 6.839, 6.509, 6.405, 6.515, 6.766, 7.118, 7.536, 7.974, 8.420, 8.833, 9.194, 9.488, 9.737, 9.926, 10.107, 10.256, 10.413, 10.594, 10.796, 11.030, 11.265, 11.510, 11.752, 11.983, 12.158, 12.322, 12.431, 12.498, 12.538, 12.479, 12.362, 12.182, 12.161, 12.104, 11.994, 11.971, 11.954, 11.945, 11.981, 11.940, 11.866, 11.809, 11.724, 11.650, 11.533, 11.485, 11.413, 11.282, 11.178, 10.971, 10.725, 10.458, 10.220, 10.000, 9.646, 9.616, 9.445, 9.227, 9.082, 9.156, 16.2,1125576.0,1256940.0,859011.54,64021.70,3248.03,20127.90,527.97,26047.21,262.41,298.22,29.43,532.11,21.07,2334.07,28.97,1154.90,18.55,1132.24,54.07,0.00,18.17,129.44,16.29,386.06,13.12,24368.46,139.09,0.00,111.15,0.00,15.41,29.62,2.44,71.46,2.42,28.73,1.25,1.91,0.46,75.79,1.11,130.33,1.43,15.12,0.83,81.53,1.31,0.00,28.23,0.00,48.96,0.00,416.86,0.00,290.66,0.00,485.00,0.00,511.86,0.00,52.49,0.00,25.83,9.79,1.23,11.82,3.74,0.00,142.44,0.00,60.33,244390.18,106165.64,5386.13,38030.92,997.58,55723.70,561.38,683.33,67.43,1328.63,52.61,2811.63,34.90,1615.94,25.96,1889.14,90.22,0.00,32.44,189.18,23.81,554.71,18.85,34840.66,198.86,0.00,141.33,0.00,19.61,37.08,3.05,88.95,3.01,37.93,1.65,2.68,0.65,82.88,1.21,154.13,1.69,19.20,1.05,110.13,1.77,0.00,33.09,0.00,65.29,0.00,447.76,0.00,332.03,0.00,615.72,0.00,612.75,0.00,61.63,0.00,27.89,10.55,1.32,13.18,4.17,0.00,162.08,0.00,68.44
7.5,7.5,1,7.500,18/03/2026 00:55:52,18.718,,11.98, 12.87, 12.01,42.56, -1.74, 5.05,11.184, 10.037, 10.671, 9.636, 9.768, 9.543, 9.551, 9.790, 10.209, 10.709, 11.016, 11.225, 11.383, 11.626, 11.892, 12.139, 12.431, 12.711, 12.877, 13.012, 13.114, 13.163, 13.160, 13.152, 13.115, 13.028, 12.954, 12.894, 12.875, 12.812, 12.746, 12.703, 12.626, 12.605, 12.642, 12.617, 12.682, 12.694, 12.764, 12.828, 12.923, 13.017, 13.126, 13.227, 13.337, 13.421, 13.478, 13.539, 13.570, 13.583, 13.589, 13.580, 13.593, 13.577, 13.557, 13.604, 13.623, 13.614, 13.660, 13.710, 13.723, 13.744, 13.817, 13.834, 13.875, 13.888, 13.900, 13.905, 13.918, 13.980, 13.927, 13.905, 13.894, 13.892, 13.870, 13.874, 13.911, 13.930, 13.869, 13.794, 13.750, 13.841, 13.936, 13.950, 13.892, 13.860, 13.913, 14.019, 14.121, 14.151, 14.144, 14.113, 14.119, 14.154, 14.194, 14.228, 14.262, 14.246, 14.203, 14.112, 14.008, 13.938, 13.889, 13.781, 13.413, 12.751, 12.065, 11.671, 11.480, 11.377, 11.385, 11.496, 11.757, 12.081, 12.395, 12.658, 12.825, 12.948, 13.064, 13.172, 13.302, 13.457, 13.603, 13.735, 13.859, 13.936, 13.996, 14.037, 14.071, 14.094, 14.098, 14.096, 14.086, 14.072, 14.067, 14.083, 14.116, 14.143, 14.145, 14.142, 14.099, 14.024, 13.933, 13.827, 13.753, 13.696, 13.569, 13.565, 13.531, 13.528, 13.440, 13.172, 12.548, 11.273, 9.504, 8.068, 7.368, 7.095, 7.030, 7.153, 7.383, 7.694, 8.046, 8.433, 8.821, 9.188, 9.549, 9.874, 10.183, 10.459, 10.698, 10.947, 11.165, 11.356, 11.556, 11.742, 11.927, 12.116, 12.271, 12.438, 12.574, 12.701, 12.827, 12.931, 13.010, 12.993, 12.922, 12.837, 12.833, 12.853, 12.774, 12.739, 12.683, 12.632, 12.591, 12.478, 12.396, 12.206, 12.043, 11.919, 11.827, 11.714, 11.683, 11.550, 11.466, 11.309, 11.174, 11.007, 10.741, 10.577, 10.388, 10.239, 10.103, 9.837, 9.730, 9.578, 16.3,1120506.0,1279383.0,874868.85,34085.03,2850.58,24269.89,561.40,30254.24,279.37,449.99,31.08,472.84,20.31,3876.87,35.62,1520.37,20.81,1462.20,56.88,50.69,6.55,0.00,60.45,539.16,14.73,27663.25,149.60,0.00,120.25,0.00,12.83,19.75,2.28,66.63,2.39,49.63,1.49,0.00,5.19,95.70,1.26,132.63,1.45,10.93,0.85,100.55,1.41,0.00,28.73,0.00,48.25,0.00,404.31,0.00,282.40,0.00,472.89,0.00,507.94,0.00,52.45,0.00,27.89,10.85,1.27,0.00,128.13,0.00,141.96,0.00,65.39,219564.80,56522.38,4727.05,45857.05,1060.74,64723.95,597.67,1031.09,71.22,1180.64,50.71,4670.09,42.91,2127.31,29.12,2439.67,94.90,90.49,11.69,0.00,88.35,774.69,21.16,39551.36,213.89,0.00,152.90,0.00,16.33,24.72,2.85,82.94,2.97,65.53,1.97,0.00,7.29,104.66,1.38,156.85,1.71,13.88,1.08,135.82,1.90,0.00,33.68,0.00,64.34,0.00,434.27,0.00,322.59,0.00,600.34,0.00,608.06,0.00,61.58,0.00,30.11,11.69,1.37,0.00,142.84,0.00,161.54,0.00,74.18
8.0,8.0,1,8.000,18/03/2026 00:55:52,18.120,,11.51, 12.39, 11.54,41.82, -1.88, 5.05,10.442, 8.981, 9.899, 9.188, 9.243, 9.177, 9.207, 9.320, 9.798, 10.259, 10.599, 10.790, 10.945, 11.164, 11.482, 11.732, 11.988, 12.258, 12.428, 12.538, 12.638, 12.666, 12.679, 12.658, 12.597, 12.482, 12.432, 12.397, 12.325, 12.260, 12.260, 12.151, 12.123, 12.119, 12.094, 12.152, 12.123, 12.229, 12.214, 12.374, 12.387, 12.570, 12.607, 12.788, 12.867, 12.975, 13.093, 13.084, 13.226, 13.194, 13.193, 13.295, 13.212, 13.244, 13.313, 13.249, 13.311, 13.394, 13.335, 13.393, 13.528, 13.515, 13.490, 13.613, 13.709, 13.644, 13.616, 13.746, 13.802, 13.735, 13.729, 13.798, 13.829, 13.742, 13.690, 13.793, 13.891, 13.868, 13.734, 13.679, 13.760, 13.882, 13.937, 13.878, 13.840, 13.876, 13.997, 14.094, 14.116, 14.124, 14.127, 14.190, 14.225, 14.254, 14.247, 14.251, 14.304, 14.336, 14.348, 14.290, 14.195, 14.110, 14.056, 13.970, 13.684, 13.159, 12.599, 12.257, 12.069, 11.925, 11.869, 11.971, 12.243, 12.602, 12.944, 13.207, 13.363, 13.431, 13.465, 13.531, 13.639, 13.793, 13.979, 14.152, 14.297, 14.383, 14.420, 14.423, 14.395, 14.381, 14.385, 14.417, 14.453, 14.500, 14.555, 14.588, 14.607, 14.582, 14.520, 14.483, 14.441, 14.374, 14.340, 14.315, 14.310, 14.284, 14.199, 14.179, 14.128, 14.053, 13.924, 13.642, 13.060, 11.912, 10.283, 8.941, 8.308, 8.083, 8.057, 8.178, 8.391, 8.657, 8.945, 9.255, 9.577, 9.901, 10.240, 10.576, 10.903, 11.229, 11.544, 11.834, 12.103, 12.347, 12.546, 12.720, 12.869, 12.997, 13.078, 13.174, 13.259, 13.317, 13.382, 13.463, 13.568, 13.598, 13.559, 13.527, 13.642, 13.758, 13.763, 13.777, 13.784, 13.725, 13.680, 13.568, 13.361, 13.157, 12.940, 12.745, 12.585, 12.522, 12.505, 12.400, 12.326, 12.278, 12.200, 12.126, 11.982, 11.890, 11.850, 11.660, 11.596, 11.265, 11.320, 11.124, 16.3,1093254.0,1272109.0,852556.99,64494.45,3260.68,20723.40,539.10,24930.28,256.99,320.86,29.85,585.02,21.41,3227.65,33.36,1465.69,20.43,1538.02,58.45,46.44,6.52,135.98,17.01,475.31,14.29,29000.70,164.49,0.00,124.31,0.00,12.81,36.12,2.61,44.70,2.08,43.49,1.48,2.56,0.48,83.28,1.20,139.60,1.53,13.70,0.86,93.11,1.40,0.00,29.09,0.00,50.30,0.00,413.32,0.00,283.44,0.00,482.36,0.00,503.93,0.00,49.29,3.57,1.04,12.42,1.32,26.66,3.73,0.00,138.05,0.00,62.78,253177.18,106949.59,5407.11,39156.09,1018.61,53334.22,549.79,735.21,68.40,1460.74,53.46,3888.04,40.19,2050.80,28.59,2566.18,97.52,82.90,11.64,198.74,24.86,682.94,20.53,41463.57,235.18,0.00,158.06,0.00,16.30,45.21,3.27,55.64,2.59,57.42,1.95,3.60,0.67,91.07,1.31,165.09,1.81,17.40,1.09,125.77,1.89,0.00,34.10,0.00,67.07,0.00,443.95,0.00,323.78,0.00,612.37,0.00,603.26,0.00,57.87,3.85,1.12,13.38,1.42,29.72,4.16,0.00,157.09,0.00,71.22
8.5,8.5,1,8.500,18/03/2026 00:55:52,19.578,1157878.502,10.97, 11.84, 10.78,40.97, -2.13, 5.69,7.459, 6.784, 8.463, 8.141, 7.917, 8.146, 8.260, 8.593, 8.987, 9.559, 9.864, 10.106, 10.300, 10.570, 10.874, 11.150, 11.432, 11.720, 11.879, 12.023, 12.118, 12.154, 12.143, 12.106, 12.052, 11.977, 11.907, 11.834, 11.785, 11.728, 11.672, 11.601, 11.543, 11.518, 11.536, 11.536, 11.573, 11.625, 11.666, 11.776, 11.848, 11.983, 12.075, 12.206, 12.329, 12.430, 12.518, 12.580, 12.642, 12.667, 12.670, 12.704, 12.699, 12.693, 12.717, 12.733, 12.750, 12.796, 12.818, 12.864, 12.920, 12.962, 12.982, 13.048, 13.123, 13.130, 13.168, 13.193, 13.198, 13.248, 13.266, 13.250, 13.244, 13.238, 13.248, 13.265, 13.301, 13.306, 13.254, 13.224, 13.199, 13.270, 13.350, 13.396, 13.365, 13.341, 13.380, 13.470, 13.587, 13.662, 13.671, 13.633, 13.608, 13.641, 13.709, 13.804, 13.860, 13.826, 13.747, 13.659, 13.587, 13.579, 13.562, 13.466, 13.075, 12.412, 11.770, 11.417, 11.294, 11.210, 11.205, 11.273, 11.483, 11.776, 12.086, 12.371, 12.594, 12.734, 12.850, 12.935, 13.008, 13.102, 13.221, 13.358, 13.521, 13.656, 13.769, 13.824, 13.842, 13.823, 13.783, 13.732, 13.703, 13.707, 13.756, 13.815, 13.892, 13.941, 13.929, 13.916, 13.838, 13.741, 13.612, 13.508, 13.431, 13.388, 13.310, 13.322, 13.342, 13.321, 13.234, 12.961, 12.346, 11.121, 9.401, 8.002, 7.328, 7.050, 6.999, 7.098, 7.319, 7.616, 7.952, 8.306, 8.677, 9.049, 9.409, 9.746, 10.048, 10.341, 10.606, 10.860, 11.060, 11.269, 11.454, 11.649, 11.805, 11.959, 12.093, 12.241, 12.368, 12.466, 12.592, 12.711, 12.798, 12.806, 12.747, 12.707, 12.758, 12.793, 12.729, 12.700, 12.654, 12.596, 12.518, 12.414, 12.287, 12.087, 11.939, 11.797, 11.638, 11.643, 11.544, 11.499, 11.416, 11.305, 11.150, 11.073, 10.890, 10.754, 10.602, 10.361, 10.247, 10.067, 9.984, 9.775, 16.3,1181576.0,1304312.0,866711.58,49404.48,2886.16,20292.31,500.79,26480.76,249.66,336.28,27.64,529.52,19.25,2969.54,29.79,1637.45,19.51,2001.78,59.64,40.62,6.34,144.30,16.18,475.97,13.57,28510.45,150.05,0.00,117.55,0.00,11.86,35.20,2.45,61.83,2.21,36.29,1.34,0.00,4.80,59.62,0.98,105.44,1.24,7.02,0.74,66.11,1.19,0.00,26.69,0.00,46.45,0.00,396.80,0.00,268.73,0.00,443.57,73.12,8.89,0.00,43.59,0.00,23.61,13.13,1.26,0.00,120.60,0.00,134.28,7.24,1.27,230516.82,81926.25,4786.05,38341.56,946.22,56651.21,534.11,770.54,63.33,1322.16,48.07,3577.12,35.89,2291.13,27.30,3339.96,99.51,72.51,11.32,210.90,23.65,683.89,19.50,40762.64,214.53,0.00,149.46,0.00,15.09,44.06,3.07,76.96,2.75,47.91,1.77,0.00,6.75,65.20,1.07,124.69,1.47,8.91,0.94,89.30,1.61,0.00,31.29,0.00,61.94,0.00,426.21,0.00,306.98,0.00,563.12,87.53,10.64,0.00,51.18,0.00,25.49,14.14,1.36,0.00,134.45,0.00,152.80,8.21,1.44
9.0,9.0,1,9.000,18/03/2026 00:55:52,19.843,,11.54, 12.45, 11.35,41.93, -2.08, 5.76,7.863, 8.823, 9.135, 8.092, 8.257, 8.679, 8.762, 8.951, 9.474, 10.038, 10.400, 10.663, 10.852, 11.097, 11.400, 11.711, 12.010, 12.302, 12.474, 12.613, 12.715, 12.786, 12.807, 12.767, 12.673, 12.600, 12.572, 12.445, 12.388, 12.376, 12.248, 12.242, 12.125, 12.120, 12.133, 12.111, 12.171, 12.189, 12.251, 12.353, 12.393, 12.578, 12.578, 12.805, 12.832, 12.963, 13.074, 13.030, 13.183, 13.156, 13.085, 13.234, 13.159, 13.078, 13.207, 13.189, 13.094, 13.227, 13.308, 13.204, 13.253, 13.414, 13.411, 13.347, 13.432, 13.574, 13.555, 13.443, 13.500, 13.633, 13.684, 13.548, 13.441, 13.540, 13.643, 13.613, 13.509, 13.466, 13.519, 13.550, 13.499, 13.444, 13.448, 13.548, 13.656, 13.676, 13.628, 13.592, 13.661, 13.804, 13.925, 13.936, 13.853, 13.760, 13.754, 13.858, 13.998, 14.039, 13.952, 13.771, 13.583, 13.485, 13.461, 13.412, 13.034, 12.324, 11.586, 11.128, 10.899, 10.777, 10.787, 10.924, 11.217, 11.585, 11.922, 12.190, 12.353, 12.462, 12.559, 12.684, 12.845, 13.037, 13.236, 13.400, 13.533, 13.600, 13.622, 13.618, 13.621, 13.618, 13.639, 13.684, 13.733, 13.785, 13.813, 13.831, 13.842, 13.811, 13.723, 13.644, 13.578, 13.500, 13.449, 13.411, 13.410, 13.420, 13.327, 13.294, 13.234, 13.128, 12.929, 12.555, 11.855, 10.531, 8.774, 7.417, 6.780, 6.554, 6.523, 6.646, 6.861, 7.140, 7.450, 7.772, 8.104, 8.440, 8.764, 9.087, 9.378, 9.689, 9.996, 10.302, 10.598, 10.866, 11.112, 11.322, 11.538, 11.687, 11.809, 11.947, 12.015, 12.071, 12.125, 12.183, 12.230, 12.224, 12.157, 12.131, 12.202, 12.263, 12.249, 12.292, 12.320, 12.265, 12.253, 12.189, 12.039, 11.816, 11.651, 11.440, 11.253, 11.136, 11.047, 10.886, 10.762, 10.595, 10.414, 10.319, 10.086, 9.991, 9.915, 9.657, 9.463, 9.534, 9.336, 9.395, 16.3,1171212.0,1252203.0,879878.23,47897.32,3012.26,19219.82,502.13,21053.23,225.89,433.49,29.66,436.53,19.45,1991.25,26.09,1253.44,17.98,1805.16,58.62,0.00,19.51,124.90,15.04,459.35,13.42,25005.26,136.89,0.00,112.59,0.00,15.32,0.00,11.15,68.49,2.31,21.81,1.22,1.43,0.42,79.47,1.11,122.97,1.35,8.99,0.78,95.64,1.33,0.00,28.10,0.00,47.66,0.00,401.52,0.00,278.52,0.00,461.59,0.00,488.32,0.00,48.58,0.00,27.15,17.06,1.28,26.12,3.42,0.00,131.39,0.00,57.06,207159.82,79426.97,4995.16,36315.13,948.76,45039.91,483.25,993.28,67.96,1089.97,48.56,2398.67,31.43,1753.82,25.16,3011.90,97.81,0.00,34.83,182.55,21.98,660.01,19.28,35751.12,195.72,0.00,143.16,0.00,19.50,0.00,13.96,85.25,2.88,28.80,1.61,2.01,0.59,86.91,1.21,145.42,1.60,11.42,0.99,129.19,1.80,0.00,32.94,0.00,63.55,0.00,431.28,0.00,318.16,0.00,586.00,0.00,584.57,0.00,57.04,0.00,29.32,18.38,1.38,29.12,3.81,0.00,149.51,0.00,64.73
9.5,9.5,1,9.500,18/03/2026 00:55:52,21.694,,12.03, 12.97, 11.93,42.71, -2.02, 5.52,10.017, 9.011, 9.915, 9.107, 9.399, 9.232, 9.240, 9.545, 10.046, 10.564, 10.946, 11.192, 11.362, 11.614, 11.921, 12.225, 12.526, 12.801, 12.981, 13.118, 13.249, 13.336, 13.294, 13.234, 13.222, 13.134, 12.999, 12.993, 12.901, 12.817, 12.821, 12.646, 12.676, 12.544, 12.650, 12.553, 12.679, 12.609, 12.735, 12.762, 12.853, 12.983, 13.010, 13.192, 13.243, 13.328, 13.443, 13.431, 13.471, 13.519, 13.443, 13.462, 13.508, 13.434, 13.403, 13.482, 13.485, 13.430, 13.475, 13.560, 13.561, 13.512, 13.597, 13.690, 13.687, 13.626, 13.634, 13.750, 13.751, 13.731, 13.698, 13.702, 13.739, 13.712, 13.650, 13.627, 13.682, 13.706, 13.650, 13.556, 13.476, 13.534, 13.653, 13.721, 13.682, 13.619, 13.592, 13.668, 13.815, 13.929, 13.942, 13.877, 13.785, 13.758, 13.816, 13.940, 14.025, 14.013, 13.881, 13.705, 13.569, 13.522, 13.500, 13.402, 12.990, 12.249, 11.521, 11.087, 10.885, 10.771, 10.759, 10.871, 11.141, 11.502, 11.847, 12.140, 12.330, 12.441, 12.526, 12.627, 12.747, 12.899, 13.081, 13.271, 13.442, 13.562, 13.642, 13.637, 13.601, 13.551, 13.516, 13.505, 13.521, 13.577, 13.657, 13.742, 13.804, 13.824, 13.774, 13.685, 13.560, 13.431, 13.286, 13.178, 13.149, 13.133, 13.074, 13.115, 13.140, 13.118, 12.996, 12.670, 11.948, 10.593, 8.792, 7.372, 6.697, 6.436, 6.380, 6.481, 6.707, 6.998, 7.335, 7.703, 8.098, 8.485, 8.857, 9.203, 9.514, 9.803, 10.063, 10.297, 10.520, 10.718, 10.889, 11.068, 11.230, 11.415, 11.555, 11.721, 11.872, 12.023, 12.166, 12.288, 12.407, 12.426, 12.412, 12.349, 12.386, 12.386, 12.301, 12.234, 12.149, 12.064, 11.944, 11.835, 11.691, 11.440, 11.299, 11.133, 11.012, 10.959, 10.937, 10.916, 10.816, 10.725, 10.571, 10.454, 10.210, 10.143, 10.074, 9.752, 9.646, 9.438, 9.290, 9.178, 16.3,1154737.0,1250229.0,884270.32,46471.96,2984.25,19005.52,497.72,20767.84,223.35,381.51,28.87,426.71,19.30,1722.41,24.73,1160.31,17.11,1240.11,52.79,20.82,5.88,87.67,14.81,321.40,11.71,23580.67,128.78,0.00,107.96,0.00,14.53,18.39,2.15,85.83,2.50,30.76,1.21,0.00,4.80,75.68,1.06,114.43,1.28,13.38,0.79,85.00,1.26,0.00,27.29,0.00,47.01,46.95,8.37,0.00,269.35,61.93,8.22,0.00,474.42,0.00,48.05,0.00,26.03,10.39,1.14,0.00,120.63,0.00,135.17,0.00,54.92,200112.02,77063.33,4948.71,35910.22,940.42,44429.36,477.82,874.18,66.15,1065.45,48.19,2074.82,29.79,1623.51,23.94,2069.12,88.08,37.17,10.50,128.13,21.65,461.80,16.83,33714.32,184.12,0.00,137.27,0.00,18.49,23.02,2.69,106.83,3.11,40.61,1.60,0.00,6.75,82.76,1.16,135.32,1.51,16.99,1.00,114.82,1.70,0.00,31.99,0.00,62.69,50.43,8.99,0.00,307.69,78.62,10.44,0.00,567.93,0.00,56.41,0.00,28.11,11.19,1.23,0.00,134.48,0.00,153.81,0.00,62.30
10.0,10.0,1,10.000,18/03/2026 00:55:52,20.436,,12.44, 13.38, 12.57,43.33, -1.86, 4.90,10.744, 10.465, 10.708, 10.356, 10.035, 10.113, 10.094, 10.401, 10.694, 11.214, 11.508, 11.748, 11.911, 12.123, 12.417, 12.677, 12.989, 13.248, 13.430, 13.560, 13.633, 13.678, 13.684, 13.662, 13.583, 13.491, 13.419, 13.370, 13.301, 13.221, 13.215, 13.074, 13.074, 12.985, 13.032, 12.990, 13.046, 13.037, 13.139, 13.119, 13.322, 13.254, 13.505, 13.481, 13.610, 13.773, 13.658, 13.866, 13.839, 13.740, 13.910, 13.815, 13.722, 13.884, 13.806, 13.696, 13.871, 13.896, 13.751, 13.833, 14.011, 13.909, 13.818, 13.977, 14.114, 13.996, 13.947, 14.019, 14.206, 14.151, 13.991, 13.965, 14.061, 14.123, 13.996, 13.897, 13.938, 14.069, 14.072, 13.920, 13.769, 13.800, 13.959, 14.087, 14.049, 13.899, 13.820, 13.911, 14.125, 14.297, 14.290, 14.152, 14.006, 13.978, 14.098, 14.294, 14.385, 14.330, 14.130, 13.915, 13.790, 13.786, 13.833, 13.757, 13.291, 12.464, 11.665, 11.225, 11.068, 11.023, 11.081, 11.227, 11.484, 11.767, 12.024, 12.256, 12.424, 12.576, 12.751, 12.930, 13.120, 13.280, 13.424, 13.520, 13.596, 13.644, 13.677, 13.724, 13.787, 13.847, 13.908, 13.952, 13.957, 13.946, 13.927, 13.882, 13.859, 13.813, 13.760, 13.751, 13.735, 13.707, 13.694, 13.651, 13.611, 13.569, 13.445, 13.362, 13.281, 13.154, 12.970, 12.646, 11.995, 10.758, 9.084, 7.756, 7.140, 6.901, 6.849, 6.938, 7.139, 7.381, 7.669, 7.967, 8.294, 8.633, 8.977, 9.325, 9.659, 10.011, 10.324, 10.647, 10.934, 11.201, 11.449, 11.645, 11.797, 11.938, 12.017, 12.095, 12.150, 12.187, 12.231, 12.274, 12.347, 12.342, 12.322, 12.313, 12.444, 12.525, 12.596, 12.615, 12.621, 12.602, 12.585, 12.476, 12.298, 12.034, 11.810, 11.600, 11.386, 11.220, 11.127, 10.971, 10.775, 10.699, 10.557, 10.408, 10.332, 10.154, 10.137, 9.919, 9.804, 9.766, 9.623, 9.672, 16.2,1093435.0,1257440.0,889025.65,36431.62,2959.95,20521.79,528.54,22465.74,239.84,364.86,30.12,453.50,20.47,1952.39,26.87,1165.48,18.22,1358.05,55.41,41.81,6.19,184.27,16.77,423.57,13.37,25095.41,139.36,0.00,116.27,0.00,14.87,16.71,2.21,68.67,2.38,39.14,1.39,0.00,4.12,77.48,1.13,113.73,1.33,9.56,0.80,92.33,1.34,3.79,0.98,0.00,48.89,37.31,8.80,0.00,284.09,0.00,479.49,0.00,494.02,0.00,51.21,0.00,28.35,11.75,1.23,45.42,3.45,0.00,131.30,0.00,59.92,192921.98,60413.67,4908.41,38775.16,998.66,48061.74,513.10,836.03,69.02,1132.35,51.11,2351.86,32.37,1630.75,25.49,2265.90,92.45,74.64,11.05,269.32,24.51,608.60,19.21,35880.01,199.25,0.00,147.84,0.00,18.92,20.92,2.77,85.47,2.96,51.68,1.84,0.00,5.79,84.73,1.24,134.50,1.57,12.14,1.02,124.72,1.81,4.44,1.15,0.00,65.19,40.08,9.45,0.00,324.52,0.00,608.72,0.00,591.39,0.00,60.12,0.00,30.61,12.66,1.32,50.64,3.85,0.00,149.41,0.00,67.98
10.5,10.5,1,10.500,18/03/2026 00:55:52,20.699,,12.41, 13.29, 12.81,43.20, -1.53, 4.08,13.033, 11.706, 11.532, 10.727, 10.869, 10.608, 10.671, 10.730, 11.097, 11.489, 11.717, 11.948, 12.044, 12.215, 12.472, 12.690, 12.933, 13.176, 13.337, 13.454, 13.544, 13.558, 13.524, 13.521, 13.470, 13.372, 13.343, 13.307, 13.214, 13.215, 13.163, 13.088, 13.086, 13.004, 13.081, 13.006, 13.111, 13.078, 13.182, 13.211, 13.310, 13.417, 13.453, 13.635, 13.649, 13.779, 13.850, 13.828, 13.945, 13.928, 13.864, 13.963, 13.940, 13.853, 13.935, 13.980, 13.891, 13.941, 14.048, 14.030, 14.010, 14.083, 14.175, 14.129, 14.134, 14.233, 14.346, 14.297, 14.217, 14.270, 14.375, 14.291, 14.182, 14.105, 14.189, 14.310, 14.328, 14.212, 14.121, 14.134, 14.211, 14.279, 14.266, 14.205, 14.178, 14.234, 14.355, 14.442, 14.472, 14.457, 14.457, 14.481, 14.540, 14.607, 14.630, 14.619, 14.597, 14.568, 14.537, 14.511, 14.475, 14.435, 14.332, 14.098, 13.575, 12.801, 12.124, 11.808, 11.731, 11.645, 11.597, 11.615, 11.785, 12.076, 12.452, 12.823, 13.133, 13.355, 13.507, 13.584, 13.622, 13.682, 13.777, 13.906, 14.097, 14.280, 14.459, 14.583, 14.641, 14.630, 14.570, 14.470, 14.389, 14.355, 14.367, 14.425, 14.531, 14.628, 14.679, 14.693, 14.652, 14.549, 14.403, 14.249, 14.107, 14.009, 13.879, 13.855, 13.853, 13.843, 13.788, 13.534, 12.910, 11.612, 9.829, 8.369, 7.647, 7.332, 7.210, 7.266, 7.439, 7.693, 8.020, 8.394, 8.820, 9.240, 9.673, 10.086, 10.470, 10.830, 11.168, 11.434, 11.683, 11.888, 12.059, 12.198, 12.322, 12.440, 12.524, 12.629, 12.729, 12.856, 12.976, 13.117, 13.247, 13.319, 13.286, 13.257, 13.397, 13.517, 13.510, 13.492, 13.454, 13.348, 13.252, 13.062, 12.848, 12.539, 12.261, 12.036, 11.844, 11.709, 11.690, 11.615, 11.555, 11.514, 11.420, 11.293, 11.190, 11.007, 10.964, 10.950, 10.789, 10.592, 10.437, 10.311, 16.3,1096799.0,1276639.0,865380.40,48020.09,3087.86,21603.54,553.49,28636.70,276.69,411.91,31.32,473.53,20.83,4607.77,39.91,1668.31,21.99,1760.57,61.28,71.43,6.99,302.05,20.05,518.98,15.01,25994.12,146.73,0.00,118.97,0.00,14.71,15.01,2.24,73.40,2.53,31.98,1.34,0.00,4.17,108.02,1.37,157.87,1.63,8.26,0.85,100.72,1.43,4.86,1.01,0.00,49.67,0.00,422.74,0.00,290.66,0.00,492.75,0.00,521.40,0.00,57.66,0.00,30.10,10.25,1.27,40.23,3.67,0.00,137.60,0.00,67.80,233806.60,79630.55,5120.52,40819.08,1045.80,61263.49,591.93,943.84,71.77,1182.36,52.01,5550.54,48.08,2334.31,30.77,2937.50,102.25,127.52,12.48,441.46,29.30,745.69,21.57,37164.93,209.79,0.00,151.27,0.00,18.72,18.79,2.80,91.36,3.15,42.22,1.77,0.00,5.86,118.13,1.50,186.70,1.93,10.49,1.08,136.05,1.93,5.70,1.18,0.00,66.23,0.00,454.07,0.00,332.03,0.00,625.56,0.00,624.17,0.00,67.70,0.00,32.50,11.04,1.37,44.85,4.09,0.00,156.58,0.00,76.91
11.0,11.0,1,11.000,18/03/2026 00:55:52,20.237,,10.91, 11.70, 11.08,40.74, -1.56, 4.46,8.100, 8.905, 9.236, 8.780, 8.632, 8.988, 8.971, 9.062, 9.483, 9.894, 10.182, 10.347, 10.486, 10.662, 10.901, 11.117, 11.328, 11.574, 11.719, 11.838, 11.923, 11.958, 11.930, 11.930, 11.900, 11.809, 11.782, 11.747, 11.672, 11.677, 11.613, 11.585, 11.546, 11.523, 11.555, 11.553, 11.588, 11.632, 11.666, 11.777, 11.821, 11.943, 12.027, 12.124, 12.246, 12.326, 12.383, 12.455, 12.486, 12.493, 12.512, 12.539, 12.521, 12.530, 12.564, 12.561, 12.573, 12.641, 12.670, 12.692, 12.735, 12.801, 12.846, 12.865, 12.886, 12.971, 13.004, 12.982, 12.944, 13.025, 13.075, 13.075, 12.967, 12.953, 13.016, 13.119, 13.140, 13.057, 12.992, 13.007, 13.057, 13.143, 13.166, 13.135, 13.118, 13.153, 13.250, 13.351, 13.430, 13.437, 13.438, 13.437, 13.475, 13.545, 13.624, 13.660, 13.676, 13.631, 13.569, 13.518, 13.484, 13.508, 13.485, 13.374, 12.983, 12.318, 11.678, 11.362, 11.311, 11.286, 11.310, 11.390, 11.586, 11.853, 12.121, 12.373, 12.565, 12.728, 12.870, 12.988, 13.092, 13.193, 13.306, 13.420, 13.539, 13.647, 13.745, 13.806, 13.861, 13.882, 13.885, 13.879, 13.879, 13.895, 13.919, 13.949, 13.997, 14.015, 14.007, 14.002, 13.945, 13.887, 13.818, 13.767, 13.731, 13.709, 13.644, 13.647, 13.651, 13.592, 13.480, 13.221, 12.620, 11.458, 9.854, 8.545, 7.913, 7.689, 7.672, 7.808, 8.035, 8.317, 8.631, 8.971, 9.311, 9.644, 9.956, 10.251, 10.537, 10.809, 11.069, 11.337, 11.587, 11.817, 12.032, 12.225, 12.391, 12.570, 12.707, 12.859, 12.978, 13.080, 13.175, 13.243, 13.307, 13.273, 13.150, 13.048, 13.135, 13.247, 13.226, 13.206, 13.255, 13.209, 13.190, 13.099, 12.990, 12.768, 12.603, 12.497, 12.367, 12.345, 12.350, 12.311, 12.229, 12.110, 12.046, 11.925, 11.745, 11.559, 11.401, 11.247, 11.162, 10.950, 10.695, 10.743, 16.3,1059791.0,1297174.0,837111.28,52358.77,3162.49,28904.19,630.31,39805.32,344.47,535.03,34.71,520.48,22.22,5989.73,48.37,2145.35,25.85,2158.68,68.09,140.82,8.33,77.70,18.39,553.11,15.91,29015.54,165.78,0.00,127.58,0.00,14.91,32.04,2.67,81.01,2.73,27.18,1.35,0.00,4.93,111.96,1.44,169.11,1.76,13.76,0.93,109.82,1.54,0.00,30.17,0.00,52.00,0.00,437.04,0.00,304.13,32.54,9.34,63.98,10.11,0.00,52.86,0.00,21.31,12.64,1.34,29.94,3.82,0.00,141.64,0.00,60.57,286414.34,86825.28,5244.28,54613.39,1190.95,85156.91,736.94,1225.95,79.53,1299.59,55.48,7215.26,58.27,3001.79,36.17,3601.74,113.61,251.39,14.87,113.56,26.88,794.73,22.86,41484.79,237.02,0.00,162.22,0.00,18.97,40.11,3.34,100.83,3.40,35.89,1.78,0.00,6.93,122.44,1.57,199.99,2.08,17.47,1.18,148.34,2.08,0.00,35.37,0.00,69.34,0.00,469.43,0.00,347.42,41.31,11.86,76.59,12.10,0.00,62.06,0.00,23.01,13.62,1.44,33.38,4.26,0.00,161.17,0.00,68.71
11.5,11.5,1,11.500,18/03/2026 00:55:52,20.506,,10.70, 11.52, 10.78,40.44, -1.84, 4.80,8.104, 8.201, 9.185, 8.119, 8.330, 8.378, 8.613, 8.749, 9.077, 9.614, 9.869, 10.101, 10.227, 10.447, 10.697, 10.941, 11.174, 11.410, 11.548, 11.668, 11.750, 11.790, 11.771, 11.735, 11.690, 11.626, 11.546, 11.505, 11.454, 11.401, 11.365, 11.283, 11.265, 11.219, 11.263, 11.239, 11.305, 11.320, 11.377, 11.465, 11.516, 11.657, 11.726, 11.841, 11.980, 12.034, 12.134, 12.210, 12.205, 12.271, 12.283, 12.250, 12.294, 12.319, 12.275, 12.302, 12.382, 12.389, 12.365, 12.453, 12.539, 12.534, 12.532, 12.616, 12.724, 12.717, 12.716, 12.733, 12.832, 12.871, 12.839, 12.784, 12.746, 12.793, 12.833, 12.845, 12.817, 12.800, 12.813, 12.826, 12.828, 12.836, 12.854, 12.895, 12.936, 12.971, 13.009, 13.042, 13.102, 13.160, 13.206, 13.238, 13.263, 13.283, 13.303, 13.327, 13.363, 13.372, 13.350, 13.316, 13.262, 13.235, 13.181, 13.046, 12.654, 12.012, 11.415, 11.141, 11.064, 11.010, 10.993, 11.033, 11.210, 11.466, 11.759, 12.055, 12.289, 12.459, 12.588, 12.694, 12.772, 12.847, 12.935, 13.040, 13.160, 13.274, 13.398, 13.490, 13.550, 13.568, 13.572, 13.546, 13.513, 13.487, 13.493, 13.503, 13.551, 13.584, 13.582, 13.582, 13.575, 13.526, 13.467, 13.402, 13.366, 13.299, 13.226, 13.180, 13.150, 13.089, 12.958, 12.685, 12.111, 10.968, 9.397, 8.140, 7.551, 7.334, 7.322, 7.426, 7.637, 7.885, 8.163, 8.449, 8.755, 9.073, 9.378, 9.667, 9.952, 10.248, 10.536, 10.830, 11.097, 11.339, 11.590, 11.798, 11.979, 12.140, 12.253, 12.389, 12.477, 12.545, 12.613, 12.663, 12.708, 12.663, 12.557, 12.468, 12.547, 12.627, 12.629, 12.642, 12.679, 12.668, 12.655, 12.607, 12.537, 12.352, 12.160, 11.995, 11.882, 11.835, 11.830, 11.713, 11.563, 11.478, 11.339, 11.166, 11.066, 10.797, 10.697, 10.532, 10.330, 10.259, 10.171, 10.057, 16.3,1107017.0,1295210.0,874949.49,39838.16,2879.27,19790.62,514.18,27446.77,261.73,596.67,31.97,498.30,20.03,3334.48,32.48,1423.46,19.54,2168.75,62.65,54.00,6.61,143.78,16.42,461.17,13.73,28768.35,154.79,0.00,120.77,0.00,14.60,21.06,2.31,69.78,2.42,65.37,1.56,0.00,4.74,82.02,1.16,126.39,1.41,12.96,0.83,78.59,1.28,0.00,27.55,0.00,48.76,0.00,394.48,39.09,5.86,0.00,457.78,0.00,484.86,0.00,51.21,0.00,25.73,0.00,34.25,30.76,3.55,0.00,131.92,0.00,56.01,217153.31,66062.66,4774.62,37393.64,971.52,58717.83,559.93,1367.19,73.25,1244.21,50.01,4016.73,39.13,1991.71,27.34,3618.55,104.53,96.40,11.80,210.14,24.00,662.63,19.73,41131.37,221.31,0.00,153.56,0.00,18.58,26.36,2.89,86.86,3.01,86.31,2.06,0.00,6.66,89.70,1.27,149.47,1.67,16.46,1.05,106.16,1.73,0.00,32.29,0.00,65.02,0.00,423.72,44.65,6.69,0.00,581.16,0.00,580.43,0.00,60.12,0.00,27.78,0.00,36.89,34.29,3.96,0.00,150.11,0.00,63.54
12.0,12.0,1,12.000,18/03/2026 00:55:52,20.963,,10.47, 11.33, 10.40,40.12, -2.21, 5.34,7.661, 6.753, 8.387, 7.541, 7.658, 7.843, 7.943, 8.380, 8.674, 9.207, 9.497, 9.777, 9.946, 10.162, 10.464, 10.739, 10.985, 11.249, 11.387, 11.512, 11.592, 11.622, 11.600, 11.547, 11.480, 11.409, 11.324, 11.261, 11.199, 11.138, 11.090, 10.991, 10.943, 10.903, 10.936, 10.914, 10.970, 10.990, 11.059, 11.139, 11.210, 11.346, 11.429, 11.564, 11.687, 11.769, 11.873, 11.936, 11.966, 12.015, 12.017, 12.020, 12.048, 12.036, 12.020, 12.056, 12.083, 12.088, 12.116, 12.185, 12.217, 12.235, 12.279, 12.352, 12.399, 12.405, 12.437, 12.466, 12.513, 12.533, 12.548, 12.513, 12.525, 12.518, 12.524, 12.548, 12.589, 12.577, 12.536, 12.515, 12.498, 12.554, 12.624, 12.647, 12.641, 12.633, 12.669, 12.743, 12.841, 12.922, 12.929, 12.928, 12.911, 12.938, 12.994, 13.061, 13.101, 13.085, 13.019, 12.939, 12.874, 12.844, 12.822, 12.703, 12.303, 11.622, 10.979, 10.638, 10.507, 10.445, 10.446, 10.536, 10.731, 11.024, 11.322, 11.602, 11.808, 11.964, 12.091, 12.189, 12.289, 12.415, 12.546, 12.683, 12.814, 12.919, 13.011, 13.054, 13.082, 13.082, 13.073, 13.061, 13.045, 13.055, 13.103, 13.138, 13.184, 13.201, 13.159, 13.137, 13.072, 12.971, 12.886, 12.798, 12.772, 12.760, 12.681, 12.672, 12.649, 12.623, 12.483, 12.181, 11.546, 10.328, 8.671, 7.375, 6.754, 6.531, 6.491, 6.604, 6.821, 7.088, 7.386, 7.706, 8.055, 8.378, 8.694, 9.007, 9.310, 9.573, 9.829, 10.081, 10.317, 10.536, 10.752, 10.930, 11.101, 11.267, 11.400, 11.564, 11.670, 11.775, 11.878, 11.956, 12.002, 12.000, 11.965, 11.885, 11.933, 11.968, 11.940, 11.916, 11.910, 11.834, 11.807, 11.717, 11.589, 11.388, 11.183, 11.083, 10.959, 10.914, 10.846, 10.753, 10.660, 10.580, 10.408, 10.278, 10.129, 10.005, 9.807, 9.676, 9.472, 9.361, 9.205, 9.133, 16.3,1151540.0,1228817.0,883261.80,46751.92,2983.33,19063.52,491.80,20750.71,223.85,245.98,27.04,499.55,19.84,636.57,19.98,598.07,14.12,1216.84,52.23,22.69,5.73,150.97,15.49,398.44,12.64,25846.98,140.23,0.00,113.57,0.00,12.72,12.81,2.05,50.58,2.04,36.72,1.32,0.00,4.30,56.86,0.95,103.47,1.23,9.02,0.75,81.94,1.25,0.00,27.03,0.00,48.12,57.85,8.60,0.00,271.41,40.79,8.30,66.63,8.93,0.00,45.34,0.00,24.07,12.84,1.20,26.45,3.40,0.00,129.19,0.00,55.91,201844.36,77527.58,4947.18,36019.81,929.24,44392.72,478.89,563.63,61.96,1247.33,49.54,766.82,24.07,836.82,19.76,2030.29,87.15,40.51,10.23,220.65,22.64,572.49,18.16,36954.56,200.49,0.00,144.40,0.00,16.19,16.04,2.57,62.96,2.54,48.48,1.74,0.00,6.04,62.18,1.04,122.36,1.45,11.45,0.95,110.68,1.69,0.00,31.68,0.00,64.17,62.14,9.24,0.00,310.04,51.78,10.54,79.76,10.69,0.00,53.23,0.00,25.99,13.83,1.29,29.49,3.79,0.00,147.01,0.00,63.43
12.5,12.5,1,12.500,18/03/2026 00:55:52,20.306,,10.81, 11.70, 10.75,40.73, -2.25, 5.39,7.648, 7.513, 8.360, 7.971, 7.932, 8.143, 8.413, 8.553, 8.987, 9.479, 9.840, 10.102, 10.273, 10.511, 10.814, 11.096, 11.372, 11.614, 11.766, 11.869, 11.960, 12.015, 12.007, 11.914, 11.846, 11.808, 11.680, 11.600, 11.583, 11.446, 11.454, 11.309, 11.292, 11.232, 11.271, 11.249, 11.312, 11.290, 11.418, 11.416, 11.595, 11.631, 11.776, 11.911, 11.965, 12.148, 12.179, 12.228, 12.338, 12.301, 12.306, 12.378, 12.335, 12.313, 12.373, 12.369, 12.343, 12.399, 12.448, 12.452, 12.482, 12.543, 12.577, 12.611, 12.667, 12.693, 12.729, 12.733, 12.751, 12.826, 12.847, 12.813, 12.770, 12.748, 12.810, 12.834, 12.832, 12.789, 12.767, 12.761, 12.751, 12.781, 12.822, 12.853, 12.871, 12.887, 12.914, 12.967, 13.028, 13.105, 13.146, 13.174, 13.148, 13.124, 13.151, 13.201, 13.269, 13.292, 13.248, 13.136, 13.036, 12.955, 12.897, 12.784, 12.405, 11.751, 11.120, 10.759, 10.582, 10.444, 10.413, 10.476, 10.703, 11.050, 11.418, 11.738, 11.950, 12.073, 12.138, 12.197, 12.265, 12.383, 12.551, 12.748, 12.942, 13.084, 13.191, 13.208, 13.181, 13.132, 13.052, 13.007, 12.994, 13.030, 13.117, 13.216, 13.320, 13.361, 13.338, 13.267, 13.168, 13.016, 12.864, 12.742, 12.666, 12.636, 12.566, 12.600, 12.654, 12.663, 12.576, 12.286, 11.644, 10.356, 8.649, 7.294, 6.638, 6.347, 6.275, 6.361, 6.569, 6.848, 7.186, 7.570, 7.949, 8.335, 8.703, 9.037, 9.329, 9.605, 9.838, 10.050, 10.251, 10.417, 10.580, 10.733, 10.865, 11.014, 11.160, 11.321, 11.452, 11.605, 11.741, 11.880, 11.983, 12.050, 12.009, 11.981, 12.017, 12.027, 11.948, 11.879, 11.809, 11.701, 11.605, 11.479, 11.336, 11.102, 10.926, 10.769, 10.646, 10.598, 10.590, 10.506, 10.435, 10.383, 10.386, 10.209, 10.026, 9.940, 9.782, 9.724, 9.542, 9.287, 9.007, 9.084, 16.3,1154854.0,1273243.0,873717.65,53442.31,3056.67,19141.11,503.36,21304.30,227.92,376.85,29.13,502.52,19.95,2264.05,27.47,1340.99,18.60,1395.35,54.74,0.00,18.22,89.33,14.21,427.93,13.07,25525.95,140.15,0.00,114.03,0.00,14.51,29.25,2.38,62.40,2.24,37.81,1.34,0.00,4.50,63.35,1.00,109.06,1.27,6.77,0.74,84.43,1.27,6.45,0.97,0.00,47.24,0.00,400.75,36.84,5.62,0.00,464.39,0.00,489.64,0.00,47.27,0.00,25.81,12.32,1.20,22.98,3.41,0.00,131.46,0.00,60.33,217230.15,88622.09,5068.80,36166.41,951.08,45577.03,487.60,863.50,66.75,1254.74,49.81,2727.28,33.09,1876.32,26.03,2328.13,91.33,0.00,32.53,130.56,20.77,614.87,18.78,36495.57,200.38,0.00,144.99,0.00,18.47,36.61,2.98,77.67,2.79,49.92,1.77,0.00,6.32,69.28,1.09,128.97,1.50,8.60,0.94,114.05,1.72,7.56,1.14,0.00,62.99,0.00,430.45,42.08,6.42,0.00,589.55,0.00,586.15,0.00,55.50,0.00,27.87,13.27,1.29,25.62,3.80,0.00,149.59,0.00,68.44
13.0,13.0,1,13.000,18/03/2026 00:55:52,20.239,,10.76, 11.65, 10.64,40.65, -2.32, 5.55,8.314, 7.510, 8.356, 7.540, 7.746, 7.865, 8.102, 8.385, 8.830, 9.387, 9.772, 10.020, 10.188, 10.431, 10.756, 11.018, 11.292, 11.556, 11.717, 11.850, 11.950, 11.968, 11.911, 11.893, 11.845, 11.711, 11.637, 11.587, 11.473, 11.452, 11.354, 11.278, 11.216, 11.168, 11.202, 11.183, 11.229, 11.258, 11.303, 11.415, 11.463, 11.612, 11.690, 11.809, 11.956, 12.010, 12.111, 12.189, 12.184, 12.240, 12.256, 12.221, 12.248, 12.257, 12.212, 12.231, 12.290, 12.285, 12.281, 12.348, 12.413, 12.412, 12.429, 12.522, 12.582, 12.561, 12.533, 12.569, 12.657, 12.647, 12.664, 12.607, 12.625, 12.629, 12.626, 12.619, 12.652, 12.632, 12.608, 12.562, 12.548, 12.587, 12.651, 12.695, 12.690, 12.679, 12.692, 12.746, 12.843, 12.930, 12.956, 12.940, 12.913, 12.900, 12.952, 13.037, 13.092, 13.077, 13.004, 12.886, 12.782, 12.747, 12.722, 12.610, 12.209, 11.521, 10.848, 10.475, 10.309, 10.218, 10.210, 10.305, 10.536, 10.849, 11.169, 11.443, 11.640, 11.780, 11.885, 11.987, 12.092, 12.225, 12.380, 12.520, 12.656, 12.764, 12.842, 12.875, 12.873, 12.860, 12.842, 12.829, 12.825, 12.842, 12.881, 12.930, 12.967, 12.994, 12.945, 12.908, 12.816, 12.708, 12.599, 12.512, 12.462, 12.448, 12.383, 12.387, 12.381, 12.337, 12.210, 11.902, 11.230, 9.970, 8.277, 6.967, 6.332, 6.104, 6.079, 6.179, 6.396, 6.669, 6.989, 7.315, 7.655, 7.990, 8.328, 8.641, 8.933, 9.212, 9.452, 9.699, 9.923, 10.139, 10.345, 10.528, 10.676, 10.847, 10.991, 11.125, 11.247, 11.360, 11.453, 11.542, 11.609, 11.633, 11.611, 11.530, 11.581, 11.605, 11.555, 11.527, 11.486, 11.420, 11.344, 11.235, 11.105, 10.895, 10.729, 10.566, 10.434, 10.409, 10.330, 10.271, 10.160, 10.046, 9.879, 9.696, 9.588, 9.373, 9.338, 9.120, 8.928, 8.748, 8.614, 8.469, 16.3,1140605.0,1254993.0,875698.09,50946.46,3083.21,19057.77,506.48,21631.67,232.73,395.91,29.84,518.18,20.49,1717.23,25.39,1208.56,18.03,1484.63,56.27,61.97,6.51,123.82,16.07,484.16,13.94,26185.39,145.30,0.00,114.96,0.00,13.04,17.71,2.20,58.37,2.24,37.52,1.26,0.00,4.51,75.06,1.10,109.64,1.30,7.70,0.78,88.69,1.31,0.00,27.48,0.00,48.98,30.38,8.75,30.69,5.92,0.00,468.87,0.00,494.32,0.00,52.55,0.00,24.27,0.00,34.01,30.41,3.50,0.00,132.64,0.00,60.11,214220.27,84483.28,5112.81,36008.94,956.98,46277.39,497.89,907.17,68.37,1293.85,51.16,2068.58,30.58,1691.02,25.23,2477.10,93.89,110.63,11.62,180.97,23.49,695.66,20.03,37438.40,207.74,0.00,146.17,0.00,16.59,22.17,2.75,72.65,2.79,49.54,1.66,0.00,6.34,82.09,1.20,129.66,1.54,9.78,0.99,119.80,1.77,0.00,32.21,0.00,65.31,32.63,9.40,35.06,6.76,0.00,595.24,0.00,591.75,0.00,61.70,0.00,26.21,0.00,36.64,33.90,3.90,0.00,150.93,0.00,68.19
13.5,13.5,1,13.500,18/03/2026 00:55:52,18.451,1157878.837,10.67, 11.56, 10.70,40.50, -2.34, 5.13,10.791, 8.216, 9.080, 8.168, 8.460, 8.368, 8.425, 8.552, 8.987, 9.419, 9.772, 10.063, 10.231, 10.467, 10.755, 11.014, 11.268, 11.522, 11.661, 11.771, 11.833, 11.833, 11.817, 11.784, 11.676, 11.584, 11.526, 11.402, 11.359, 11.286, 11.202, 11.129, 11.025, 11.025, 11.008, 11.038, 11.044, 11.100, 11.136, 11.230, 11.315, 11.410, 11.541, 11.635, 11.771, 11.870, 11.926, 12.014, 12.044, 12.056, 12.074, 12.081, 12.075, 12.080, 12.071, 12.081, 12.106, 12.125, 12.143, 12.195, 12.229, 12.258, 12.279, 12.355, 12.402, 12.426, 12.334, 12.377, 12.373, 12.444, 12.468, 12.436, 12.416, 12.408, 12.448, 12.471, 12.486, 12.443, 12.417, 12.390, 12.394, 12.436, 12.474, 12.489, 12.499, 12.517, 12.546, 12.611, 12.683, 12.741, 12.776, 12.767, 12.771, 12.766, 12.806, 12.866, 12.902, 12.887, 12.823, 12.727, 12.641, 12.597, 12.548, 12.423, 11.994, 11.297, 10.652, 10.288, 10.142, 10.046, 10.019, 10.092, 10.305, 10.618, 10.937, 11.237, 11.461, 11.607, 11.734, 11.828, 11.918, 12.029, 12.165, 12.313, 12.460, 12.586, 12.684, 12.735, 12.751, 12.734, 12.698, 12.676, 12.646, 12.653, 12.694, 12.742, 12.799, 12.833, 12.822, 12.776, 12.691, 12.596, 12.475, 12.374, 12.288, 12.255, 12.196, 12.199, 12.203, 12.165, 12.040, 11.753, 11.099, 9.825, 8.128, 6.814, 6.184, 5.941, 5.910, 6.001, 6.199, 6.465, 6.769, 7.097, 7.448, 7.791, 8.132, 8.464, 8.748, 9.033, 9.300, 9.539, 9.764, 9.969, 10.154, 10.326, 10.485, 10.645, 10.767, 10.908, 11.023, 11.126, 11.238, 11.330, 11.409, 11.443, 11.416, 11.366, 11.427, 11.446, 11.406, 11.360, 11.307, 11.234, 11.130, 11.043, 10.894, 10.714, 10.499, 10.347, 10.236, 10.114, 10.092, 9.991, 9.900, 9.809, 9.661, 9.520, 9.413, 9.225, 9.054, 8.866, 8.745, 8.486, 8.534, 8.341, 16.3,1150566.0,1217677.0,882837.98,49432.84,3026.81,20580.16,510.23,19241.01,215.43,279.34,27.69,610.46,20.61,1097.85,22.16,846.01,15.61,1087.73,51.02,0.00,17.71,123.46,14.38,415.72,12.74,22915.83,126.08,0.00,105.66,0.00,13.60,20.15,2.15,42.72,1.87,34.29,1.27,0.00,4.31,65.98,1.01,109.40,1.25,5.97,0.72,84.14,1.24,0.00,27.43,0.00,45.97,44.34,8.41,0.00,269.50,27.84,8.09,42.55,8.82,0.00,41.12,0.00,18.22,11.30,1.17,42.97,3.29,0.00,126.86,0.00,60.86,202689.06,81973.28,5019.29,38885.44,964.06,41162.96,460.88,640.07,63.45,1524.26,51.46,1322.48,26.69,1183.74,21.84,1814.87,85.13,0.00,31.62,180.44,21.02,597.32,18.31,32763.77,180.26,0.00,134.34,0.00,17.31,25.22,2.69,53.17,2.33,45.27,1.68,0.00,6.06,72.16,1.10,129.38,1.48,7.58,0.91,113.65,1.67,0.00,32.15,0.00,61.30,47.63,9.03,0.00,307.86,35.34,10.27,50.94,10.56,0.00,48.28,0.00,19.67,12.17,1.26,47.90,3.67,0.00,144.35,0.00,69.04
14.0,14.0,1,14.000,18/03/2026 00:55:52,19.640,,10.68, 11.55, 10.66,40.49, -2.22, 5.21,11.164, 8.711, 9.181, 8.038, 8.464, 8.436, 8.408, 8.569, 8.910, 9.431, 9.746, 10.026, 10.161, 10.404, 10.696, 10.940, 11.222, 11.488, 11.634, 11.747, 11.800, 11.817, 11.832, 11.802, 11.688, 11.605, 11.562, 11.417, 11.395, 11.332, 11.230, 11.181, 11.028, 11.086, 11.037, 11.152, 11.101, 11.242, 11.211, 11.366, 11.441, 11.503, 11.725, 11.716, 11.929, 12.036, 12.011, 12.217, 12.207, 12.162, 12.310, 12.281, 12.204, 12.312, 12.312, 12.236, 12.314, 12.412, 12.355, 12.362, 12.482, 12.539, 12.486, 12.542, 12.665, 12.717, 12.688, 12.650, 12.749, 12.855, 12.834, 12.735, 12.742, 12.788, 12.851, 12.820, 12.795, 12.777, 12.792, 12.800, 12.744, 12.724, 12.773, 12.846, 12.917, 12.938, 12.933, 12.939, 13.004, 13.108, 13.201, 13.229, 13.196, 13.150, 13.139, 13.206, 13.293, 13.348, 13.282, 13.150, 13.009, 12.904, 12.808, 12.672, 12.235, 11.487, 10.779, 10.368, 10.167, 10.039, 10.020, 10.115, 10.386, 10.759, 11.141, 11.487, 11.715, 11.874, 11.968, 12.041, 12.152, 12.296, 12.486, 12.707, 12.923, 13.083, 13.182, 13.212, 13.193, 13.131, 13.059, 13.017, 13.028, 13.077, 13.181, 13.278, 13.374, 13.428, 13.385, 13.303, 13.159, 12.980, 12.820, 12.686, 12.615, 12.611, 12.576, 12.616, 12.653, 12.640, 12.511, 12.141, 11.340, 9.887, 8.035, 6.656, 6.042, 5.821, 5.797, 5.931, 6.174, 6.470, 6.790, 7.135, 7.514, 7.876, 8.225, 8.537, 8.844, 9.108, 9.363, 9.595, 9.812, 10.012, 10.210, 10.401, 10.588, 10.796, 10.980, 11.157, 11.332, 11.488, 11.628, 11.784, 11.886, 11.886, 11.856, 11.793, 11.793, 11.782, 11.686, 11.599, 11.540, 11.409, 11.318, 11.180, 11.054, 10.861, 10.686, 10.538, 10.434, 10.361, 10.334, 10.314, 10.191, 10.084, 9.977, 9.796, 9.644, 9.422, 9.175, 9.093, 8.802, 8.777, 8.349, 8.390, 16.3,1157526.0,1181996.0,893096.01,41168.46,2961.78,19379.22,502.88,21396.30,230.15,544.65,31.54,612.20,21.12,551.27,20.14,622.53,14.52,837.27,48.96,39.22,6.01,0.00,53.19,381.24,12.42,20899.38,116.10,0.00,104.28,0.00,14.10,7.00,1.91,50.89,2.00,29.86,1.20,0.00,4.49,64.59,0.98,98.12,1.18,9.90,0.75,80.46,1.22,5.86,0.94,0.00,48.05,0.00,406.17,51.00,5.69,0.00,461.41,38.46,9.02,0.00,42.84,0.00,19.96,9.54,1.12,26.58,3.42,0.00,133.44,0.00,55.51,187436.60,68268.66,4911.45,36616.31,950.17,45773.85,492.37,1247.99,72.27,1528.60,52.73,664.06,24.26,871.05,20.32,1396.98,81.69,70.01,10.73,0.00,77.74,547.78,17.85,29880.76,165.99,0.00,132.59,0.00,17.94,8.76,2.39,63.34,2.49,39.42,1.58,0.00,6.31,70.64,1.07,116.04,1.40,12.57,0.95,108.68,1.65,6.87,1.10,0.00,64.07,0.00,436.27,58.26,6.50,0.00,585.77,46.04,10.80,0.00,50.30,0.00,21.55,10.28,1.21,29.63,3.81,0.00,151.84,0.00,62.97
14.5,14.5,1,14.500,18/03/2026 00:55:52,22.221,,10.77, 11.63, 10.71,40.62, -2.08, 5.31,11.128, 10.294, 9.189, 8.654, 8.677, 8.581, 8.442, 8.620, 8.996, 9.502, 9.784, 10.026, 10.196, 10.428, 10.725, 10.962, 11.241, 11.493, 11.677, 11.820, 11.897, 11.935, 11.929, 11.893, 11.826, 11.732, 11.655, 11.586, 11.512, 11.478, 11.388, 11.295, 11.191, 11.179, 11.232, 11.285, 11.316, 11.407, 11.404, 11.569, 11.582, 11.743, 11.852, 11.922, 12.115, 12.155, 12.242, 12.360, 12.342, 12.399, 12.435, 12.407, 12.441, 12.449, 12.423, 12.468, 12.496, 12.491, 12.541, 12.610, 12.608, 12.622, 12.699, 12.799, 12.781, 12.780, 12.898, 12.985, 12.970, 12.908, 12.928, 13.031, 13.008, 12.907, 12.854, 12.938, 13.070, 13.064, 12.916, 12.793, 12.791, 12.939, 13.060, 13.050, 12.949, 12.914, 12.973, 13.153, 13.290, 13.333, 13.277, 13.211, 13.205, 13.288, 13.393, 13.482, 13.466, 13.376, 13.240, 13.147, 13.088, 13.087, 13.038, 12.809, 12.192, 11.283, 10.517, 10.160, 10.051, 10.018, 10.016, 10.065, 10.253, 10.542, 10.874, 11.231, 11.574, 11.839, 12.045, 12.196, 12.277, 12.355, 12.455, 12.571, 12.731, 12.915, 13.098, 13.259, 13.363, 13.379, 13.335, 13.249, 13.149, 13.072, 13.043, 13.079, 13.173, 13.258, 13.320, 13.370, 13.347, 13.250, 13.124, 12.937, 12.777, 12.634, 12.452, 12.382, 12.335, 12.283, 12.179, 11.878, 11.197, 9.876, 8.182, 6.952, 6.377, 6.109, 5.984, 5.975, 6.058, 6.212, 6.437, 6.710, 7.064, 7.455, 7.869, 8.287, 8.707, 9.113, 9.474, 9.788, 10.061, 10.293, 10.462, 10.588, 10.691, 10.776, 10.812, 10.876, 10.938, 11.024, 11.112, 11.231, 11.389, 11.486, 11.578, 11.603, 11.766, 11.884, 11.895, 11.900, 11.884, 11.775, 11.694, 11.510, 11.285, 10.958, 10.641, 10.374, 10.121, 9.936, 9.847, 9.656, 9.571, 9.515, 9.410, 9.285, 9.269, 9.202, 9.118, 9.191, 9.100, 8.983, 8.879, 8.973, 16.2,1129997.0,1175568.0,889299.55,44865.19,3009.30,19761.49,505.08,20713.69,225.72,357.65,29.07,471.74,20.10,727.43,20.76,669.98,14.75,1099.42,51.87,0.00,18.00,181.38,16.48,360.26,12.37,21029.38,117.25,0.00,101.22,0.00,12.61,25.12,2.23,52.46,2.05,24.06,1.05,0.00,4.12,61.60,0.96,97.69,1.18,10.65,0.75,70.70,1.18,3.90,0.93,0.00,46.99,0.00,392.86,36.55,5.54,36.32,8.13,43.78,8.76,0.00,46.92,0.00,24.81,0.00,32.66,0.00,122.23,0.00,137.01,0.00,56.49,193111.08,74398.86,4990.25,37338.60,954.33,44313.52,482.89,819.51,66.61,1177.89,50.19,876.27,25.01,937.44,20.64,1834.38,86.54,0.00,32.13,265.10,24.09,517.64,17.77,30066.63,167.64,0.00,128.70,0.00,16.05,31.44,2.79,65.30,2.55,31.77,1.39,0.00,5.79,67.37,1.05,115.53,1.40,13.52,0.95,95.50,1.59,4.57,1.09,0.00,62.66,0.00,421.98,41.75,6.33,46.11,10.32,52.41,10.49,0.00,55.09,0.00,26.79,0.00,35.18,0.00,136.27,0.00,155.90,0.00,64.08
15.0,15.0,1,15.000,18/03/2026 00:55:52,21.162,,11.06, 11.94, 10.88,41.11, -2.08, 5.67,8.075, 8.033, 8.499, 8.151, 8.504, 8.145, 8.358, 8.642, 9.081, 9.629, 9.976, 10.221, 10.371, 10.642, 10.931, 11.195, 11.481, 11.762, 11.964, 12.120, 12.218, 12.261, 12.266, 12.239, 12.151, 12.082, 12.006, 11.898, 11.905, 11.773, 11.776, 11.600, 11.571, 11.481, 11.608, 11.557, 11.705, 11.654, 11.784, 11.841, 11.894, 12.090, 12.080, 12.278, 12.394, 12.387, 12.580, 12.602, 12.558, 12.696, 12.670, 12.591, 12.683, 12.701, 12.601, 12.639, 12.742, 12.721, 12.679, 12.769, 12.838, 12.832, 12.818, 12.902, 12.985, 13.000, 13.062, 13.061, 13.039, 13.157, 13.107, 13.071, 13.042, 13.029, 13.071, 13.125, 13.127, 13.055, 12.982, 12.952, 12.956, 13.016, 13.044, 13.033, 13.005, 13.037, 13.124, 13.222, 13.295, 13.314, 13.299, 13.285, 13.309, 13.382, 13.428, 13.474, 13.447, 13.370, 13.263, 13.154, 13.083, 13.048, 12.947, 12.692, 12.031, 11.072, 10.276, 9.880, 9.737, 9.680, 9.677, 9.727, 9.940, 10.273, 10.664, 11.048, 11.374, 11.626, 11.817, 11.974, 12.089, 12.207, 12.337, 12.499, 12.680, 12.856, 13.008, 13.122, 13.178, 13.190, 13.145, 13.093, 13.024, 12.993, 13.006, 13.051, 13.136, 13.194, 13.219, 13.217, 13.142, 13.016, 12.863, 12.701, 12.585, 12.475, 12.329, 12.287, 12.267, 12.223, 12.086, 11.711, 10.920, 9.427, 7.579, 6.254, 5.670, 5.433, 5.354, 5.399, 5.533, 5.733, 5.987, 6.293, 6.655, 7.043, 7.445, 7.838, 8.232, 8.599, 8.969, 9.279, 9.567, 9.816, 10.015, 10.189, 10.328, 10.448, 10.554, 10.664, 10.743, 10.843, 10.940, 11.058, 11.173, 11.242, 11.278, 11.283, 11.388, 11.475, 11.450, 11.465, 11.410, 11.344, 11.251, 11.101, 10.931, 10.593, 10.316, 10.073, 9.868, 9.674, 9.560, 9.396, 9.294, 9.116, 8.937, 8.794, 8.742, 8.569, 8.488, 8.341, 8.141, 8.025, 7.916, 7.950, 16.3,1133479.0,1160222.0,875499.80,58547.48,3231.16,19781.64,518.47,21427.23,236.88,339.43,30.03,754.56,22.77,321.69,19.95,526.55,14.71,561.19,46.89,0.00,17.14,99.28,15.13,336.38,12.26,21380.71,123.46,0.00,106.09,0.00,13.34,30.65,2.39,67.14,2.31,26.04,1.27,0.00,4.52,55.69,0.95,93.87,1.19,10.64,0.76,91.28,1.31,5.03,0.96,0.00,50.71,0.00,418.31,0.00,294.12,0.00,476.33,0.00,494.30,0.00,50.27,0.00,27.69,16.74,1.29,26.99,3.56,0.00,138.27,0.00,59.97,216743.41,97087.87,5358.15,37376.67,979.63,45840.02,506.77,777.76,68.81,1884.06,56.85,387.51,24.03,736.75,20.58,936.34,78.24,0.00,30.60,145.10,22.11,483.32,17.62,30568.94,176.52,0.00,134.89,0.00,16.98,38.37,2.99,83.57,2.88,34.38,1.68,0.00,6.35,60.90,1.04,111.01,1.41,13.51,0.97,123.30,1.77,5.90,1.13,0.00,67.62,0.00,449.31,0.00,335.98,0.00,604.71,0.00,591.73,0.00,59.02,0.00,29.90,18.03,1.39,30.09,3.97,0.00,157.34,0.00,68.03
15.5,15.5,1,15.500,18/03/2026 00:55:52,22.284,,12.12, 13.06, 12.07,42.85, -1.99, 5.39,10.358, 8.749, 9.989, 9.177, 9.160, 9.301, 9.414, 9.718, 10.132, 10.720, 11.096, 11.309, 11.497, 11.754, 12.038, 12.293, 12.583, 12.889, 13.105, 13.284, 13.354, 13.343, 13.364, 13.436, 13.285, 13.133, 13.209, 12.986, 12.998, 12.980, 12.785, 12.852, 12.556, 12.740, 12.567, 12.788, 12.652, 12.831, 12.796, 12.896, 13.057, 13.016, 13.284, 13.283, 13.399, 13.586, 13.539, 13.638, 13.718, 13.660, 13.671, 13.727, 13.695, 13.662, 13.665, 13.708, 13.723, 13.693, 13.725, 13.818, 13.848, 13.748, 13.806, 13.954, 14.013, 13.902, 13.794, 13.943, 14.065, 14.015, 13.879, 13.877, 14.012, 14.120, 14.040, 13.862, 13.826, 13.954, 14.073, 13.993, 13.772, 13.637, 13.731, 13.966, 14.130, 14.114, 13.968, 13.832, 13.886, 14.111, 14.346, 14.430, 14.344, 14.147, 13.992, 14.013, 14.160, 14.333, 14.357, 14.218, 13.958, 13.675, 13.448, 13.197, 12.706, 11.959, 11.309, 10.922, 10.646, 10.387, 10.187, 10.161, 10.415, 10.907, 11.481, 12.021, 12.425, 12.646, 12.714, 12.706, 12.680, 12.725, 12.874, 13.124, 13.420, 13.732, 13.997, 14.139, 14.168, 14.094, 13.958, 13.783, 13.632, 13.572, 13.599, 13.699, 13.864, 14.010, 14.106, 14.155, 14.106, 13.954, 13.753, 13.516, 13.321, 13.183, 12.995, 12.929, 12.915, 12.894, 12.796, 12.484, 11.723, 10.239, 8.344, 6.958, 6.337, 6.057, 5.954, 5.978, 6.090, 6.296, 6.556, 6.875, 7.237, 7.633, 8.041, 8.450, 8.878, 9.281, 9.648, 9.999, 10.308, 10.592, 10.837, 11.042, 11.189, 11.331, 11.427, 11.520, 11.595, 11.661, 11.729, 11.792, 11.884, 11.914, 11.938, 11.919, 12.008, 12.092, 12.089, 12.090, 12.114, 12.076, 12.028, 11.953, 11.769, 11.530, 11.302, 11.097, 10.858, 10.770, 10.540, 10.422, 10.168, 9.998, 9.770, 9.543, 9.383, 9.066, 8.927, 8.766, 8.655, 8.511, 8.438, 8.345, 16.3,1129685.0,1142634.0,882915.50,53666.60,3193.27,19078.32,507.46,22325.28,241.07,204.84,28.09,694.31,22.31,0.00,776.86,312.52,13.39,844.49,50.06,0.00,17.08,187.49,16.49,336.65,12.22,18967.64,110.24,0.00,97.64,0.00,12.95,39.11,2.48,54.24,2.10,33.46,1.25,0.00,4.14,65.10,1.00,112.30,1.28,11.82,0.77,92.25,1.30,8.09,0.97,0.00,49.39,0.00,411.14,22.08,5.62,0.00,476.08,0.00,501.04,0.00,50.59,0.00,27.03,10.03,1.13,17.90,3.39,0.00,136.53,0.00,63.16,205298.68,88994.02,5295.32,36047.77,958.83,47761.25,515.73,469.36,64.36,1733.63,55.71,0.00,935.81,437.28,18.74,1409.03,83.52,0.00,30.49,274.03,24.10,483.71,17.56,27118.87,157.61,0.00,124.15,0.00,16.48,48.96,3.10,67.51,2.61,44.18,1.65,0.00,5.82,71.19,1.09,132.81,1.51,15.01,0.98,124.61,1.76,9.48,1.14,0.00,65.86,0.00,441.61,25.22,6.42,0.00,604.39,0.00,599.80,0.00,59.40,0.00,29.19,10.80,1.22,19.96,3.78,0.00,155.36,0.00,71.65
16.0,16.0,1,16.000,18/03/2026 00:56:18,23.012,,12.73, 13.69, 12.69,43.79, -1.90, 5.37,8.762, 10.311, 10.773, 9.643, 9.792, 9.818, 9.913, 10.226, 10.701, 11.313, 11.616, 11.912, 12.089, 12.337, 12.622, 12.884, 13.187, 13.483, 13.711, 13.897, 13.992, 13.984, 14.016, 14.075, 13.894, 13.840, 13.837, 13.628, 13.735, 13.537, 13.574, 13.409, 13.376, 13.302, 13.403, 13.324, 13.508, 13.376, 13.638, 13.522, 13.709, 13.808, 13.806, 14.121, 14.046, 14.160, 14.391, 14.235, 14.320, 14.498, 14.267, 14.319, 14.495, 14.315, 14.242, 14.408, 14.495, 14.274, 14.336, 14.548, 14.559, 14.342, 14.450, 14.644, 14.731, 14.501, 14.486, 14.634, 14.834, 14.727, 14.516, 14.569, 14.670, 14.818, 14.733, 14.471, 14.487, 14.608, 14.702, 14.686, 14.417, 14.256, 14.389, 14.583, 14.717, 14.774, 14.619, 14.446, 14.527, 14.742, 14.901, 15.020, 15.026, 14.832, 14.612, 14.628, 14.789, 14.890, 14.876, 14.826, 14.653, 14.354, 14.040, 13.769, 13.241, 12.364, 11.580, 11.171, 10.991, 10.823, 10.660, 10.619, 10.869, 11.342, 11.879, 12.374, 12.771, 13.082, 13.296, 13.370, 13.334, 13.299, 13.379, 13.615, 13.943, 14.240, 14.454, 14.613, 14.722, 14.776, 14.718, 14.536, 14.297, 14.102, 14.056, 14.145, 14.322, 14.514, 14.582, 14.614, 14.571, 14.512, 14.430, 14.283, 14.083, 13.867, 13.545, 13.391, 13.301, 13.273, 13.203, 12.907, 12.086, 10.464, 8.337, 6.744, 6.033, 5.781, 5.734, 5.838, 6.046, 6.316, 6.616, 6.941, 7.311, 7.723, 8.153, 8.623, 9.068, 9.513, 9.934, 10.309, 10.648, 10.970, 11.257, 11.530, 11.758, 11.954, 12.072, 12.136, 12.153, 12.138, 12.093, 12.083, 12.126, 12.183, 12.227, 12.285, 12.466, 12.605, 12.649, 12.675, 12.659, 12.582, 12.501, 12.350, 12.171, 11.976, 11.731, 11.503, 11.273, 11.050, 10.816, 10.547, 10.275, 10.001, 9.815, 9.556, 9.303, 9.169, 8.909, 8.797, 8.666, 8.697, 8.574, 8.426, 16.2,1104494.0,1140191.0,888934.33,46907.70,3141.13,22731.03,549.36,21893.24,240.60,371.91,30.92,691.61,22.71,70.34,19.33,252.59,13.45,546.73,46.97,0.00,15.74,111.68,14.74,291.95,11.59,16773.15,99.10,0.00,90.04,0.00,15.00,15.85,2.10,37.55,1.86,15.29,1.07,0.00,4.78,62.84,0.98,120.79,1.32,12.33,0.76,77.15,1.22,0.00,28.34,0.00,50.61,0.00,408.63,0.00,282.31,30.08,8.21,0.00,493.61,10.89,2.67,0.00,27.54,12.36,1.15,28.59,3.32,0.00,134.85,0.00,61.39,196580.13,77785.90,5208.86,42949.43,1038.00,46836.97,514.72,852.18,70.85,1726.88,56.70,84.73,23.29,353.43,18.82,912.22,78.37,0.00,28.10,163.23,21.54,419.49,16.65,23981.31,141.69,0.00,114.48,0.00,19.09,19.84,2.63,46.74,2.32,20.19,1.41,0.00,6.72,68.72,1.07,142.85,1.56,15.66,0.97,104.21,1.65,0.00,33.22,0.00,67.49,0.00,438.92,0.00,322.49,38.19,10.42,0.00,590.90,12.79,3.13,0.00,29.74,13.31,1.24,31.87,3.70,0.00,153.45,0.00,69.64
16.5,16.5,1,16.500,18/03/2026 00:56:35,21.292,,12.76, 13.72, 12.70,43.83, -1.82, 5.44,10.782, 9.807, 10.809, 9.923, 9.938, 9.841, 9.986, 10.236, 10.706, 11.300, 11.614, 11.912, 12.084, 12.346, 12.622, 12.906, 13.227, 13.502, 13.715, 13.884, 14.005, 14.039, 14.038, 14.069, 13.995, 13.876, 13.874, 13.746, 13.732, 13.690, 13.602, 13.575, 13.448, 13.488, 13.452, 13.521, 13.511, 13.583, 13.621, 13.692, 13.814, 13.850, 14.028, 14.092, 14.188, 14.343, 14.318, 14.408, 14.485, 14.402, 14.437, 14.518, 14.425, 14.390, 14.485, 14.478, 14.405, 14.476, 14.566, 14.534, 14.493, 14.554, 14.672, 14.657, 14.636, 14.668, 14.788, 14.797, 14.759, 14.714, 14.773, 14.846, 14.827, 14.711, 14.662, 14.693, 14.803, 14.788, 14.689, 14.540, 14.457, 14.534, 14.668, 14.727, 14.680, 14.627, 14.607, 14.698, 14.840, 14.974, 15.010, 14.964, 14.887, 14.837, 14.877, 14.975, 15.042, 15.017, 14.887, 14.705, 14.518, 14.380, 14.257, 14.025, 13.349, 12.298, 11.369, 10.866, 10.642, 10.496, 10.475, 10.583, 10.887, 11.320, 11.795, 12.243, 12.604, 12.864, 13.048, 13.184, 13.295, 13.438, 13.629, 13.840, 14.075, 14.290, 14.480, 14.605, 14.662, 14.651, 14.596, 14.513, 14.422, 14.391, 14.396, 14.455, 14.527, 14.601, 14.628, 14.629, 14.565, 14.444, 14.313, 14.157, 14.011, 13.895, 13.706, 13.636, 13.579, 13.501, 13.336, 12.911, 11.976, 10.272, 8.123, 6.569, 5.917, 5.691, 5.648, 5.763, 5.956, 6.221, 6.535, 6.876, 7.256, 7.664, 8.074, 8.486, 8.909, 9.323, 9.741, 10.129, 10.511, 10.871, 11.192, 11.465, 11.701, 11.903, 12.026, 12.127, 12.191, 12.226, 12.256, 12.285, 12.364, 12.353, 12.367, 12.349, 12.436, 12.512, 12.529, 12.526, 12.529, 12.509, 12.451, 12.336, 12.198, 11.999, 11.750, 11.496, 11.256, 11.074, 10.883, 10.587, 10.308, 10.117, 9.808, 9.530, 9.387, 9.099, 8.874, 8.666, 8.450, 8.350, 8.121, 8.075, 16.3,1115742.0,1178982.0,873499.83,62718.95,3283.65,21628.04,536.35,22015.07,240.73,456.89,31.64,570.83,21.73,251.14,19.84,289.95,13.58,1402.76,57.03,0.00,16.18,282.01,18.43,196.14,10.52,16288.16,97.61,0.00,92.38,0.00,12.34,18.10,2.09,71.96,2.29,23.91,1.12,0.00,4.30,62.59,0.98,109.51,1.25,8.51,0.73,81.70,1.24,0.00,28.36,0.00,50.08,0.00,404.48,0.00,280.92,0.00,467.05,0.00,492.05,0.00,46.02,0.00,18.37,8.59,1.11,10.55,3.50,0.00,140.93,4.81,1.20,221960.51,104005.32,5445.20,40865.37,1013.41,47097.61,515.00,1046.90,72.50,1425.31,54.26,302.52,23.90,405.70,19.00,2340.50,95.15,0.00,28.88,412.17,26.94,281.82,15.12,23287.90,139.56,0.00,117.46,0.00,15.70,22.66,2.62,89.57,2.85,31.57,1.48,0.00,6.04,68.45,1.07,129.51,1.48,10.81,0.93,110.36,1.67,0.00,33.24,0.00,66.78,0.00,434.46,0.00,320.90,0.00,592.93,0.00,589.03,0.00,54.03,0.00,19.84,9.25,1.20,11.76,3.90,0.00,160.36,5.46,1.36
17.0,17.0,1,17.000,18/03/2026 00:57:01,21.757,,13.04, 13.99, 13.08,44.22, -1.70, 5.13,10.722, 11.299, 10.860, 10.239, 10.267, 10.378, 10.470, 10.738, 11.093, 11.673, 11.992, 12.230, 12.419, 12.637, 12.942, 13.190, 13.505, 13.756, 13.964, 14.125, 14.267, 14.342, 14.330, 14.298, 14.254, 14.177, 14.115, 14.025, 14.014, 13.933, 13.900, 13.815, 13.748, 13.738, 13.762, 13.763, 13.829, 13.813, 13.939, 13.925, 14.120, 14.129, 14.283, 14.411, 14.423, 14.647, 14.606, 14.654, 14.806, 14.666, 14.710, 14.828, 14.670, 14.686, 14.818, 14.705, 14.667, 14.849, 14.833, 14.721, 14.817, 14.948, 14.876, 14.816, 14.991, 15.101, 14.963, 14.816, 14.960, 15.160, 15.173, 14.922, 14.821, 14.966, 15.163, 15.113, 14.899, 14.795, 14.883, 15.000, 14.957, 14.801, 14.697, 14.755, 14.943, 15.093, 15.098, 14.992, 14.914, 14.975, 15.140, 15.300, 15.356, 15.288, 15.150, 15.060, 15.076, 15.124, 15.157, 15.102, 14.962, 14.765, 14.505, 14.125, 13.397, 12.378, 11.576, 11.202, 11.039, 10.903, 10.808, 10.800, 11.019, 11.412, 11.894, 12.392, 12.838, 13.168, 13.393, 13.533, 13.616, 13.688, 13.807, 13.963, 14.168, 14.404, 14.631, 14.818, 14.929, 14.954, 14.906, 14.813, 14.708, 14.624, 14.581, 14.596, 14.666, 14.745, 14.802, 14.848, 14.825, 14.731, 14.586, 14.421, 14.244, 14.116, 13.954, 13.860, 13.789, 13.698, 13.525, 13.120, 12.241, 10.616, 8.604, 7.203, 6.593, 6.356, 6.280, 6.329, 6.459, 6.659, 6.900, 7.201, 7.568, 7.984, 8.412, 8.858, 9.293, 9.741, 10.179, 10.568, 10.924, 11.226, 11.488, 11.714, 11.882, 12.026, 12.120, 12.241, 12.311, 12.372, 12.455, 12.568, 12.669, 12.727, 12.752, 12.780, 12.908, 13.017, 13.015, 13.024, 12.973, 12.918, 12.833, 12.650, 12.441, 12.126, 11.818, 11.533, 11.279, 11.073, 10.946, 10.761, 10.574, 10.434, 10.188, 10.118, 9.853, 9.765, 9.592, 9.399, 9.325, 9.293, 9.173, 9.131, 16.2,1091713.0,1145986.0,879680.86,54187.25,3271.12,24946.39,574.29,22479.24,247.16,482.35,32.85,646.82,22.83,0.00,774.05,230.74,13.80,671.12,49.04,0.00,16.76,124.91,15.36,234.19,10.87,15863.48,96.18,0.00,90.63,0.00,12.78,0.00,11.68,60.50,2.12,13.75,1.19,0.00,3.36,69.74,1.04,127.47,1.37,3.80,0.72,81.07,1.24,5.10,0.94,0.00,49.65,0.00,414.85,27.71,5.61,0.00,473.71,0.00,493.61,0.00,36.13,0.00,21.99,22.93,1.34,36.86,3.34,0.00,135.66,3.69,1.21,212988.39,89857.40,5424.42,47135.27,1085.10,48090.62,528.76,1105.24,75.27,1615.05,57.00,0.00,932.42,322.85,19.31,1119.76,81.82,0.00,29.92,182.56,22.45,336.49,15.62,22680.71,137.51,0.00,115.23,0.00,16.26,0.00,14.62,75.31,2.64,18.15,1.57,0.00,4.72,76.27,1.14,150.75,1.62,4.83,0.91,109.51,1.67,5.98,1.10,0.00,66.21,0.00,445.60,31.65,6.41,0.00,601.38,0.00,590.90,0.00,42.42,0.00,23.74,24.70,1.44,41.09,3.72,0.00,154.37,4.19,1.37
17.5,17.5,1,17.500,18/03/2026 00:57:18,22.418,,13.05, 14.00, 13.16,44.23, -1.64, 4.96,14.045, 11.453, 12.252, 10.853, 10.819, 10.639, 10.703, 10.797, 11.171, 11.765, 12.016, 12.314, 12.488, 12.711, 12.970, 13.240, 13.534, 13.796, 13.981, 14.119, 14.229, 14.335, 14.341, 14.267, 14.260, 14.220, 14.069, 14.070, 14.037, 13.932, 13.984, 13.787, 13.852, 13.699, 13.866, 13.732, 13.917, 13.811, 13.988, 14.000, 14.089, 14.258, 14.235, 14.479, 14.513, 14.561, 14.749, 14.687, 14.721, 14.851, 14.734, 14.730, 14.857, 14.780, 14.689, 14.831, 14.895, 14.785, 14.807, 14.979, 14.975, 14.857, 14.914, 15.109, 15.160, 15.035, 14.936, 15.130, 15.248, 15.196, 15.057, 15.061, 15.231, 15.285, 15.139, 14.975, 14.998, 15.175, 15.220, 15.038, 14.797, 14.708, 14.902, 15.170, 15.250, 15.125, 14.940, 14.893, 15.064, 15.376, 15.556, 15.507, 15.295, 15.090, 15.047, 15.231, 15.471, 15.586, 15.426, 15.089, 14.723, 14.456, 14.344, 14.246, 13.749, 12.803, 11.875, 11.256, 10.819, 10.527, 10.449, 10.647, 11.147, 11.803, 12.411, 12.841, 13.041, 13.087, 13.074, 13.104, 13.278, 13.602, 14.036, 14.498, 14.877, 15.102, 15.141, 15.029, 14.816, 14.608, 14.466, 14.456, 14.578, 14.808, 15.083, 15.357, 15.549, 15.584, 15.446, 15.180, 14.818, 14.420, 14.102, 13.905, 13.842, 13.955, 14.020, 14.252, 14.482, 14.580, 14.469, 13.950, 12.830, 10.888, 8.588, 6.935, 6.145, 5.802, 5.727, 5.881, 6.199, 6.650, 7.182, 7.760, 8.347, 8.905, 9.366, 9.739, 10.025, 10.231, 10.372, 10.463, 10.541, 10.643, 10.795, 10.959, 11.197, 11.490, 11.794, 12.160, 12.529, 12.893, 13.246, 13.566, 13.810, 13.940, 13.916, 13.793, 13.698, 13.491, 13.206, 12.898, 12.629, 12.314, 12.074, 11.814, 11.599, 11.339, 11.190, 11.082, 11.057, 11.108, 11.217, 11.309, 11.369, 11.465, 11.407, 11.321, 11.295, 11.048, 10.918, 10.509, 10.160, 9.694, 9.413, 9.033, 16.3,1059064.0,1112024.0,888995.90,47186.74,3297.98,18622.56,525.56,23003.10,253.67,421.37,32.72,678.02,23.49,272.10,20.77,414.75,14.49,1220.76,56.42,30.53,6.55,59.12,16.07,246.12,11.39,18432.22,111.27,0.00,100.91,0.00,15.04,7.18,2.00,54.72,2.16,20.50,1.19,0.00,5.06,72.41,1.09,141.85,1.50,8.72,0.79,92.67,1.36,0.00,29.94,0.00,51.41,0.00,422.47,0.00,291.97,0.00,490.65,0.00,509.12,0.00,51.71,0.00,24.49,13.68,1.25,0.00,132.31,0.00,147.84,4.97,1.29,195605.61,78248.63,5468.96,35186.63,993.03,49211.33,542.69,965.51,74.97,1692.95,58.65,327.77,25.02,580.32,20.27,2036.83,94.14,54.50,11.69,86.41,23.49,353.63,16.37,26353.35,159.09,0.00,128.31,0.00,19.14,8.99,2.50,68.11,2.69,27.07,1.57,0.00,7.11,79.19,1.19,167.75,1.77,11.07,1.00,125.18,1.84,0.00,35.10,0.00,68.55,0.00,453.78,0.00,333.53,0.00,622.89,0.00,609.47,0.00,60.71,0.00,26.44,14.74,1.35,0.00,147.50,0.00,168.23,5.64,1.46
18.0,18.0,1,18.000,18/03/2026 00:57:36,21.230,,12.85, 13.79, 12.94,43.92, -1.65, 4.99,13.892, 11.346, 11.532, 10.580, 10.480, 10.371, 10.313, 10.597, 11.014, 11.554, 11.839, 12.105, 12.273, 12.496, 12.795, 13.055, 13.345, 13.595, 13.764, 13.883, 14.028, 14.145, 14.125, 14.024, 14.065, 14.017, 13.829, 13.893, 13.816, 13.713, 13.811, 13.549, 13.698, 13.455, 13.724, 13.488, 13.794, 13.562, 13.871, 13.758, 13.940, 14.091, 13.988, 14.398, 14.236, 14.397, 14.636, 14.373, 14.599, 14.713, 14.395, 14.592, 14.757, 14.428, 14.479, 14.786, 14.593, 14.447, 14.698, 14.859, 14.605, 14.538, 14.828, 14.959, 14.771, 14.692, 14.864, 15.096, 14.973, 14.794, 14.796, 15.053, 15.099, 14.867, 14.748, 14.771, 15.010, 15.077, 14.860, 14.623, 14.481, 14.629, 14.906, 14.960, 14.804, 14.685, 14.646, 14.791, 15.106, 15.251, 15.174, 15.047, 14.940, 14.877, 15.001, 15.252, 15.334, 15.180, 14.949, 14.683, 14.430, 14.298, 14.280, 14.102, 13.304, 12.015, 10.915, 10.317, 10.009, 9.860, 9.926, 10.168, 10.598, 11.075, 11.520, 11.928, 12.243, 12.454, 12.596, 12.780, 13.070, 13.433, 13.780, 14.033, 14.204, 14.348, 14.474, 14.509, 14.441, 14.331, 14.286, 14.353, 14.511, 14.668, 14.770, 14.796, 14.784, 14.771, 14.710, 14.580, 14.347, 14.050, 13.793, 13.648, 13.673, 13.798, 13.824, 13.899, 13.888, 13.780, 13.520, 12.967, 11.833, 9.872, 7.535, 5.949, 5.262, 5.021, 4.997, 5.161, 5.443, 5.817, 6.239, 6.692, 7.128, 7.576, 7.990, 8.381, 8.737, 9.068, 9.347, 9.599, 9.840, 10.044, 10.263, 10.522, 10.802, 11.137, 11.452, 11.776, 12.049, 12.272, 12.445, 12.565, 12.658, 12.689, 12.659, 12.598, 12.630, 12.585, 12.422, 12.246, 12.035, 11.765, 11.527, 11.279, 11.045, 10.885, 10.736, 10.598, 10.534, 10.474, 10.470, 10.304, 10.222, 10.110, 9.927, 9.805, 9.522, 9.280, 9.020, 8.744, 8.460, 8.184, 7.907, 7.688, 16.2,1045468.0,1122770.0,870939.71,59195.65,3451.90,23327.14,578.88,23091.74,258.74,361.21,32.66,526.20,23.02,300.11,21.65,426.36,15.50,794.48,52.27,33.16,6.47,123.23,17.64,292.59,12.35,20076.22,122.85,0.00,109.30,0.00,14.10,36.89,2.61,51.13,2.23,26.03,1.30,0.00,5.66,82.71,1.19,134.85,1.50,13.95,0.85,102.78,1.44,4.90,1.01,0.00,53.19,0.00,433.75,18.28,6.01,0.00,499.30,0.00,524.05,24.97,3.18,0.00,28.48,15.68,1.32,0.00,133.43,0.00,148.26,0.00,66.77,226051.69,98162.71,5724.20,44075.76,1093.77,49400.96,553.53,827.66,74.84,1313.87,57.48,361.51,26.08,596.57,21.69,1325.58,87.21,59.20,11.55,180.11,25.78,420.40,17.74,28703.85,175.64,0.00,138.97,0.00,17.94,46.18,3.27,63.64,2.78,34.37,1.72,0.00,7.95,90.45,1.30,159.47,1.77,17.72,1.08,138.83,1.95,5.74,1.18,0.00,70.93,0.00,465.90,20.88,6.87,0.00,633.87,0.00,627.34,29.32,3.73,0.00,30.75,16.89,1.42,0.00,148.75,0.00,168.71,0.00,75.75
18.5,18.5,1,18.500,18/03/2026 00:58:01,21.034,1157878.767,12.56, 13.49, 12.50,43.49, -1.74, 5.37,10.790, 9.888, 9.968, 9.978, 9.598, 9.809, 9.798, 10.165, 10.530, 11.139, 11.476, 11.709, 11.874, 12.109, 12.416, 12.701, 13.000, 13.287, 13.470, 13.627, 13.755, 13.826, 13.806, 13.798, 13.791, 13.673, 13.606, 13.615, 13.498, 13.509, 13.451, 13.351, 13.361, 13.253, 13.402, 13.300, 13.453, 13.397, 13.521, 13.588, 13.627, 13.852, 13.792, 14.047, 14.083, 14.131, 14.346, 14.244, 14.304, 14.439, 14.275, 14.318, 14.447, 14.296, 14.274, 14.437, 14.411, 14.301, 14.401, 14.538, 14.433, 14.344, 14.479, 14.626, 14.549, 14.512, 14.632, 14.795, 14.767, 14.647, 14.683, 14.770, 14.800, 14.685, 14.601, 14.627, 14.739, 14.810, 14.650, 14.396, 14.289, 14.360, 14.557, 14.633, 14.496, 14.385, 14.419, 14.549, 14.766, 14.948, 14.885, 14.734, 14.657, 14.664, 14.742, 14.903, 14.982, 14.821, 14.503, 14.231, 14.043, 13.931, 13.815, 13.476, 12.504, 11.038, 9.840, 9.244, 9.006, 8.925, 8.977, 9.170, 9.554, 10.022, 10.464, 10.862, 11.222, 11.530, 11.824, 12.077, 12.355, 12.688, 13.028, 13.308, 13.487, 13.610, 13.711, 13.806, 13.852, 13.855, 13.824, 13.841, 13.912, 14.037, 14.121, 14.124, 14.083, 14.026, 13.946, 13.853, 13.689, 13.476, 13.243, 13.050, 12.984, 12.999, 12.989, 13.054, 13.036, 12.909, 12.580, 11.941, 10.731, 8.765, 6.604, 5.221, 4.666, 4.462, 4.438, 4.533, 4.725, 4.983, 5.296, 5.657, 6.028, 6.440, 6.824, 7.217, 7.588, 7.951, 8.287, 8.619, 8.917, 9.191, 9.434, 9.666, 9.916, 10.162, 10.407, 10.666, 10.896, 11.096, 11.290, 11.420, 11.507, 11.529, 11.508, 11.462, 11.521, 11.535, 11.448, 11.333, 11.189, 10.998, 10.722, 10.493, 10.217, 9.933, 9.704, 9.441, 9.261, 9.188, 9.055, 8.899, 8.767, 8.618, 8.432, 8.238, 8.002, 7.858, 7.586, 7.466, 7.232, 7.110, 6.807, 6.597, 16.3,1034881.0,1150923.0,871270.52,57939.13,3416.73,22468.59,567.77,24014.41,262.69,364.67,32.36,521.59,22.75,452.13,22.08,363.65,14.88,738.05,51.05,0.00,17.76,181.97,17.73,279.19,12.10,20891.08,126.37,0.00,109.37,0.00,12.52,32.82,2.51,61.79,2.30,24.97,1.32,0.00,4.85,82.39,1.19,135.37,1.50,17.26,0.87,97.45,1.41,0.00,30.05,0.00,52.21,0.00,423.80,17.65,5.88,0.00,489.17,0.00,509.80,0.00,47.81,0.00,24.85,17.03,1.36,23.98,3.70,0.00,144.82,4.32,1.31,225491.18,96079.06,5665.88,42453.56,1072.78,51374.86,561.98,835.59,74.15,1302.36,56.80,544.64,26.60,508.82,20.82,1231.43,85.18,0.00,31.70,265.96,25.91,401.15,17.39,29868.89,180.68,0.00,139.06,0.00,15.93,41.08,3.14,76.91,2.86,32.97,1.74,0.00,6.82,90.10,1.30,160.09,1.77,21.92,1.10,131.63,1.90,0.00,35.22,0.00,69.62,0.00,455.21,20.16,6.72,0.00,621.01,0.00,610.28,0.00,56.13,0.00,26.83,18.35,1.47,26.73,4.12,0.00,164.79,4.90,1.49
19.0,19.0,1,19.000,18/03/2026 00:58:19,20.835,,13.39, 14.36, 13.62,44.74, -1.65, 4.70,11.769, 11.038, 12.219, 11.258, 11.091, 10.937, 11.030, 11.255, 11.661, 12.166, 12.440, 12.716, 12.906, 13.150, 13.438, 13.685, 13.956, 14.174, 14.328, 14.449, 14.614, 14.738, 14.651, 14.576, 14.669, 14.536, 14.346, 14.475, 14.295, 14.270, 14.301, 14.085, 14.186, 13.990, 14.191, 14.040, 14.218, 14.160, 14.257, 14.375, 14.352, 14.625, 14.565, 14.775, 14.938, 14.852, 15.131, 15.113, 15.026, 15.278, 15.153, 15.055, 15.305, 15.227, 15.028, 15.264, 15.385, 15.156, 15.196, 15.470, 15.421, 15.218, 15.335, 15.606, 15.597, 15.421, 15.537, 15.753, 15.839, 15.717, 15.608, 15.704, 15.857, 15.860, 15.696, 15.564, 15.624, 15.796, 15.808, 15.606, 15.353, 15.308, 15.525, 15.782, 15.843, 15.699, 15.499, 15.473, 15.700, 16.035, 16.224, 16.162, 15.902, 15.667, 15.654, 15.887, 16.177, 16.294, 16.104, 15.701, 15.273, 15.002, 14.914, 14.823, 14.317, 13.306, 12.284, 11.561, 11.048, 10.735, 10.700, 10.971, 11.562, 12.284, 12.910, 13.316, 13.473, 13.470, 13.447, 13.537, 13.803, 14.234, 14.750, 15.248, 15.623, 15.796, 15.775, 15.605, 15.361, 15.161, 15.079, 15.146, 15.351, 15.654, 15.963, 16.206, 16.332, 16.290, 16.069, 15.734, 15.344, 14.970, 14.694, 14.550, 14.612, 14.774, 14.841, 15.081, 15.249, 15.252, 15.007, 14.370, 13.106, 11.025, 8.617, 6.976, 6.244, 5.985, 6.020, 6.253, 6.622, 7.096, 7.612, 8.144, 8.639, 9.095, 9.473, 9.784, 10.038, 10.250, 10.431, 10.594, 10.770, 10.978, 11.211, 11.499, 11.809, 12.164, 12.513, 12.862, 13.213, 13.523, 13.772, 14.007, 14.169, 14.209, 14.144, 13.980, 13.907, 13.750, 13.541, 13.316, 13.088, 12.900, 12.695, 12.527, 12.316, 12.074, 11.935, 11.833, 11.778, 11.750, 11.782, 11.827, 11.792, 11.738, 11.641, 11.428, 11.239, 11.048, 10.704, 10.450, 10.145, 9.787, 9.719, 9.423, 16.3,1057274.0,1181617.0,888380.20,40138.30,3183.10,19125.63,534.06,24348.74,260.36,453.86,33.03,549.12,22.48,1419.17,25.85,848.20,17.11,1031.79,53.98,31.45,6.30,126.68,17.01,412.06,13.70,22627.61,132.52,0.00,115.72,0.00,12.37,0.00,11.52,65.63,2.43,24.39,1.28,0.00,4.53,86.50,1.23,134.36,1.49,11.87,0.85,107.64,1.46,3.56,1.01,0.00,52.27,0.00,432.11,0.00,298.22,0.00,493.76,0.00,514.21,15.60,3.11,4.45,1.14,12.10,1.31,33.86,3.76,0.00,143.56,7.25,1.37,195615.78,66560.37,5278.46,36137.16,1009.09,52090.11,557.00,1039.96,75.68,1371.10,56.13,1709.54,31.14,1186.81,23.94,1721.54,90.07,56.14,11.25,185.15,24.86,592.06,19.68,32351.69,189.47,0.00,147.14,0.00,15.74,0.00,14.42,81.69,3.02,32.20,1.69,0.00,6.37,94.60,1.35,158.89,1.76,15.07,1.08,145.40,1.97,4.17,1.18,0.00,69.70,0.00,464.14,0.00,340.67,0.00,626.84,0.00,615.56,18.32,3.65,4.80,1.23,13.03,1.41,37.75,4.19,0.00,163.36,8.22,1.55
19.5,19.5,1,19.500,18/03/2026 00:58:45,22.088,,11.62, 12.48, 11.53,41.97, -1.74, 5.32,11.043, 9.583, 10.045, 9.074, 9.042, 9.209, 9.221, 9.354, 9.713, 10.266, 10.555, 10.786, 10.956, 11.214, 11.487, 11.766, 12.011, 12.270, 12.470, 12.624, 12.741, 12.785, 12.767, 12.783, 12.747, 12.643, 12.612, 12.554, 12.515, 12.485, 12.431, 12.383, 12.322, 12.317, 12.342, 12.361, 12.405, 12.450, 12.511, 12.606, 12.682, 12.817, 12.893, 13.040, 13.173, 13.221, 13.367, 13.401, 13.396, 13.516, 13.467, 13.433, 13.551, 13.517, 13.429, 13.569, 13.638, 13.532, 13.577, 13.747, 13.745, 13.640, 13.718, 13.923, 13.951, 13.847, 13.838, 14.007, 14.110, 14.046, 13.957, 14.011, 14.145, 14.135, 14.007, 13.942, 14.040, 14.146, 14.117, 13.950, 13.782, 13.831, 14.028, 14.171, 14.163, 14.049, 13.984, 14.059, 14.286, 14.484, 14.545, 14.449, 14.309, 14.243, 14.329, 14.506, 14.652, 14.637, 14.430, 14.136, 13.914, 13.801, 13.764, 13.592, 12.924, 11.819, 10.803, 10.201, 9.907, 9.786, 9.838, 10.051, 10.461, 10.948, 11.407, 11.769, 12.012, 12.182, 12.355, 12.562, 12.831, 13.141, 13.459, 13.742, 13.952, 14.070, 14.102, 14.089, 14.049, 14.032, 14.052, 14.120, 14.212, 14.332, 14.445, 14.519, 14.549, 14.508, 14.379, 14.212, 14.005, 13.815, 13.670, 13.584, 13.593, 13.674, 13.624, 13.694, 13.708, 13.624, 13.370, 12.791, 11.668, 9.774, 7.570, 6.046, 5.427, 5.237, 5.255, 5.445, 5.745, 6.118, 6.512, 6.928, 7.341, 7.734, 8.097, 8.413, 8.717, 8.999, 9.261, 9.530, 9.801, 10.076, 10.370, 10.675, 10.970, 11.281, 11.555, 11.828, 12.073, 12.257, 12.426, 12.560, 12.648, 12.638, 12.537, 12.421, 12.392, 12.293, 12.192, 12.036, 11.948, 11.802, 11.714, 11.623, 11.456, 11.241, 11.071, 10.961, 10.853, 10.802, 10.776, 10.663, 10.514, 10.430, 10.183, 9.981, 9.696, 9.447, 9.093, 8.878, 8.560, 8.268, 8.002, 7.702, 16.3,1057872.0,1214390.0,856310.42,55361.58,3229.62,23226.87,572.22,30393.69,292.39,386.84,32.04,558.16,22.14,3308.02,34.77,1543.32,21.67,1926.58,63.99,105.77,7.63,0.00,64.12,318.42,12.53,25998.54,150.00,0.00,121.45,0.00,16.65,20.49,2.39,77.92,2.62,23.90,1.34,0.00,5.19,99.75,1.32,163.10,1.68,9.52,0.86,104.56,1.47,0.00,28.82,0.00,51.67,0.00,429.09,0.00,294.28,0.00,494.23,0.00,513.44,10.14,3.01,0.00,28.20,19.19,1.40,33.17,3.70,0.00,139.82,0.00,59.57,250848.81,91804.77,5355.60,43886.30,1081.19,65022.28,625.52,886.39,73.42,1393.67,55.28,3984.86,41.88,2159.42,30.32,3214.49,106.77,188.82,13.62,0.00,93.72,457.52,18.00,37171.25,214.46,0.00,154.42,0.00,21.19,25.65,2.99,96.99,3.26,31.56,1.77,0.00,7.29,109.09,1.44,192.88,1.99,12.09,1.09,141.24,1.99,0.00,33.78,0.00,68.90,0.00,460.89,0.00,336.16,0.00,627.43,0.00,614.64,11.90,3.53,0.00,30.45,20.67,1.51,36.98,4.12,0.00,159.10,0.00,67.58
20.0,20.0,1,20.000,18/03/2026 00:59:02,24.339,,12.28, 13.16, 12.42,43.01, -1.58, 4.74,13.377, 11.272, 11.450, 10.615, 10.424, 10.006, 10.021, 10.256, 10.619, 11.070, 11.384, 11.589, 11.760, 11.988, 12.241, 12.473, 12.738, 12.981, 13.150, 13.308, 13.410, 13.451, 13.424, 13.443, 13.415, 13.295, 13.287, 13.237, 13.154, 13.203, 13.063, 13.120, 12.966, 13.054, 12.979, 13.097, 13.040, 13.173, 13.173, 13.267, 13.413, 13.423, 13.622, 13.716, 13.772, 13.988, 13.972, 14.022, 14.171, 14.092, 14.096, 14.212, 14.145, 14.129, 14.216, 14.209, 14.199, 14.292, 14.325, 14.331, 14.390, 14.445, 14.460, 14.503, 14.603, 14.639, 14.669, 14.710, 14.740, 14.801, 14.830, 14.803, 14.740, 14.743, 14.813, 14.883, 14.906, 14.845, 14.725, 14.658, 14.700, 14.813, 14.893, 14.835, 14.741, 14.742, 14.901, 15.110, 15.238, 15.235, 15.141, 15.056, 15.097, 15.237, 15.418, 15.512, 15.456, 15.272, 15.056, 14.887, 14.858, 14.896, 14.905, 14.661, 13.873, 12.660, 11.604, 11.071, 10.946, 10.961, 11.104, 11.308, 11.627, 12.011, 12.360, 12.665, 12.929, 13.177, 13.429, 13.697, 13.973, 14.246, 14.492, 14.712, 14.880, 14.986, 15.038, 15.070, 15.077, 15.096, 15.124, 15.187, 15.265, 15.361, 15.430, 15.502, 15.534, 15.493, 15.404, 15.260, 15.097, 14.920, 14.782, 14.675, 14.668, 14.694, 14.663, 14.728, 14.754, 14.696, 14.474, 13.948, 12.877, 11.026, 8.742, 7.118, 6.399, 6.149, 6.162, 6.342, 6.646, 7.040, 7.477, 7.929, 8.396, 8.830, 9.245, 9.617, 9.959, 10.270, 10.567, 10.858, 11.141, 11.430, 11.708, 11.984, 12.257, 12.525, 12.759, 13.001, 13.231, 13.390, 13.556, 13.678, 13.797, 13.773, 13.707, 13.605, 13.633, 13.639, 13.544, 13.462, 13.411, 13.343, 13.243, 13.144, 12.944, 12.736, 12.478, 12.267, 12.126, 12.006, 11.957, 11.838, 11.623, 11.454, 11.280, 11.034, 10.831, 10.558, 10.382, 10.101, 10.008, 9.741, 9.387, 9.451, 16.3,1024518.0,1194096.0,851916.35,64605.23,3495.85,23156.46,596.04,26565.01,282.62,435.46,34.41,508.24,23.17,3185.03,35.86,1469.46,22.16,1654.13,63.71,51.31,7.14,93.20,17.99,386.10,14.04,25389.45,154.77,0.00,124.03,0.00,17.92,7.87,2.23,76.81,2.67,42.07,1.46,3.27,0.52,102.28,1.39,170.98,1.80,15.19,0.93,127.72,1.66,0.00,30.46,0.00,54.51,0.00,456.89,0.00,308.07,0.00,521.86,0.00,542.83,0.00,56.67,4.81,1.13,5.78,1.26,27.83,3.93,0.00,148.96,0.00,68.74,256434.41,107133.29,5797.08,43753.27,1126.20,56831.45,604.62,997.80,78.85,1269.03,57.85,3836.70,43.20,2056.08,31.01,2759.91,106.30,91.60,12.75,136.22,26.29,554.76,20.17,36300.41,221.28,0.00,157.70,0.00,22.80,9.85,2.79,95.61,3.32,55.55,1.93,4.60,0.73,111.85,1.52,202.20,2.13,19.29,1.18,172.52,2.24,0.00,35.71,0.00,72.69,0.00,490.75,0.00,351.92,0.00,662.51,0.00,649.82,0.00,66.53,5.19,1.22,6.23,1.36,31.03,4.38,0.00,169.50,0.00,77.98
20.5,20.5,1,20.500,18/03/2026 00:59:36,24.407,,12.68, 13.61, 12.81,43.66, -1.66, 4.88,10.926, 10.621, 10.763, 10.157, 9.963, 10.076, 10.292, 10.487, 10.866, 11.434, 11.725, 11.988, 12.144, 12.376, 12.677, 12.927, 13.190, 13.427, 13.575, 13.708, 13.856, 13.940, 13.861, 13.878, 13.917, 13.694, 13.748, 13.673, 13.547, 13.665, 13.423, 13.602, 13.322, 13.540, 13.334, 13.536, 13.434, 13.525, 13.645, 13.554, 13.890, 13.773, 13.976, 14.169, 14.071, 14.362, 14.394, 14.304, 14.538, 14.522, 14.363, 14.551, 14.589, 14.391, 14.482, 14.657, 14.549, 14.472, 14.669, 14.786, 14.652, 14.588, 14.811, 14.951, 14.850, 14.751, 14.869, 15.112, 15.085, 14.904, 14.881, 15.059, 15.192, 15.104, 14.918, 14.849, 15.006, 15.181, 15.142, 14.927, 14.678, 14.699, 14.937, 15.176, 15.237, 15.094, 14.934, 14.897, 15.096, 15.399, 15.602, 15.618, 15.445, 15.248, 15.145, 15.241, 15.439, 15.600, 15.581, 15.378, 15.090, 14.789, 14.522, 14.220, 13.591, 12.685, 11.920, 11.529, 11.286, 11.038, 10.832, 10.778, 11.020, 11.522, 12.150, 12.776, 13.282, 13.624, 13.798, 13.854, 13.850, 13.878, 13.984, 14.180, 14.476, 14.810, 15.151, 15.394, 15.537, 15.562, 15.464, 15.328, 15.147, 14.988, 14.914, 14.913, 15.001, 15.123, 15.258, 15.366, 15.413, 15.370, 15.253, 15.082, 14.921, 14.755, 14.491, 14.357, 14.238, 14.091, 13.871, 13.425, 12.494, 10.847, 8.843, 7.480, 6.926, 6.744, 6.719, 6.805, 6.961, 7.172, 7.408, 7.671, 7.984, 8.311, 8.680, 9.063, 9.463, 9.885, 10.311, 10.741, 11.143, 11.551, 11.905, 12.203, 12.489, 12.729, 12.883, 13.034, 13.146, 13.211, 13.250, 13.295, 13.327, 13.276, 13.198, 13.125, 13.189, 13.213, 13.225, 13.226, 13.237, 13.229, 13.204, 13.126, 12.969, 12.755, 12.529, 12.342, 12.171, 11.961, 11.841, 11.665, 11.376, 11.190, 10.920, 10.692, 10.425, 10.100, 9.986, 9.736, 9.610, 9.476, 9.213, 9.377, 16.3,1040894.0,1221445.0,873986.43,35232.34,3034.59,23816.60,585.02,30519.34,294.43,360.63,32.28,565.29,22.54,3822.96,37.50,1641.56,22.55,1890.49,64.29,67.20,7.16,0.00,64.79,435.65,14.24,26982.87,154.54,0.00,124.96,0.00,14.39,19.43,2.40,88.59,2.79,32.05,1.43,0.00,5.14,105.27,1.40,164.07,1.72,11.09,0.90,118.38,1.57,0.00,30.28,0.00,53.02,48.13,9.37,33.86,6.30,0.00,501.35,0.00,525.68,0.00,52.53,5.20,1.12,14.76,1.39,37.79,3.79,0.00,141.75,0.00,70.07,221149.30,58424.94,5032.19,45000.58,1105.37,65291.09,629.88,826.34,73.97,1411.47,56.28,4605.15,45.17,2296.88,31.55,3154.27,107.27,119.96,12.78,0.00,94.69,625.96,20.46,38578.59,220.95,0.00,158.88,0.00,18.31,24.32,3.00,110.27,3.47,42.32,1.89,0.00,7.22,115.12,1.53,194.03,2.03,14.08,1.14,159.90,2.12,0.00,35.49,0.00,70.70,51.70,10.06,38.68,7.20,0.00,636.47,0.00,629.29,0.00,61.67,5.61,1.21,15.90,1.50,42.13,4.23,0.00,161.30,0.00,79.49
21.0,21.0,1,21.000,18/03/2026 00:59:54,23.876,,13.49, 14.45, 13.87,44.87, -1.54, 4.31,13.898, 13.381, 13.009, 11.897, 11.456, 11.478, 11.485, 11.608, 11.974, 12.457, 12.673, 12.945, 13.066, 13.276, 13.529, 13.764, 14.022, 14.248, 14.433, 14.603, 14.776, 14.785, 14.624, 14.759, 14.761, 14.437, 14.610, 14.414, 14.383, 14.409, 14.228, 14.296, 14.115, 14.198, 14.115, 14.200, 14.139, 14.268, 14.221, 14.351, 14.460, 14.415, 14.730, 14.662, 14.750, 15.065, 14.870, 14.955, 15.229, 14.991, 14.931, 15.242, 15.114, 14.881, 15.105, 15.256, 15.031, 15.005, 15.261, 15.299, 15.124, 15.134, 15.332, 15.387, 15.318, 15.319, 15.381, 15.452, 15.412, 15.375, 15.481, 15.555, 15.464, 15.333, 15.335, 15.499, 15.642, 15.533, 15.241, 15.069, 15.126, 15.386, 15.554, 15.465, 15.213, 15.080, 15.225, 15.535, 15.833, 15.896, 15.704, 15.447, 15.307, 15.422, 15.716, 15.986, 16.046, 15.837, 15.448, 15.056, 14.833, 14.849, 14.932, 14.794, 14.087, 12.869, 11.763, 11.093, 10.783, 10.672, 10.768, 11.024, 11.456, 11.952, 12.399, 12.741, 12.991, 13.165, 13.329, 13.519, 13.764, 14.037, 14.340, 14.614, 14.859, 15.027, 15.136, 15.177, 15.195, 15.200, 15.192, 15.216, 15.206, 15.226, 15.253, 15.305, 15.356, 15.360, 15.300, 15.235, 15.134, 15.017, 14.910, 14.833, 14.774, 14.750, 14.572, 14.497, 14.375, 14.208, 13.923, 13.367, 12.317, 10.604, 8.677, 7.409, 6.952, 6.827, 6.895, 7.059, 7.273, 7.530, 7.772, 8.019, 8.271, 8.524, 8.762, 9.018, 9.308, 9.628, 9.960, 10.347, 10.739, 11.142, 11.541, 11.927, 12.264, 12.586, 12.847, 13.062, 13.219, 13.306, 13.358, 13.360, 13.325, 13.199, 13.036, 12.840, 12.777, 12.736, 12.627, 12.606, 12.629, 12.639, 12.680, 12.717, 12.690, 12.569, 12.454, 12.374, 12.315, 12.202, 12.124, 12.014, 11.826, 11.613, 11.309, 10.976, 10.709, 10.299, 9.989, 9.633, 9.342, 9.096, 8.960, 8.690, 16.3,1012887.0,1248047.0,842321.85,43637.31,3274.36,27736.30,650.66,42291.90,374.66,356.37,35.13,531.58,24.12,5730.93,49.76,2207.45,27.45,2403.62,73.85,0.00,24.86,88.74,19.55,418.90,15.27,31524.60,187.63,0.00,144.62,0.00,18.44,50.63,3.22,100.49,3.17,26.69,1.68,0.00,5.87,129.75,1.65,201.67,2.07,18.15,1.06,132.05,1.80,9.55,1.16,0.00,56.05,32.64,10.56,0.00,325.51,0.00,550.04,0.00,581.09,0.00,54.96,0.00,23.20,34.47,1.83,0.00,146.03,14.31,3.50,0.00,64.72,278101.29,72362.69,5429.79,52406.70,1229.40,90476.54,801.52,816.57,80.50,1327.30,60.23,6903.50,59.94,3088.68,38.41,4010.42,123.22,0.00,44.38,129.70,28.57,601.89,21.94,45072.10,268.26,0.00,183.88,0.00,23.47,63.38,4.03,125.08,3.95,35.24,2.22,0.00,8.25,141.89,1.80,238.49,2.45,23.05,1.35,178.37,2.43,11.19,1.36,0.00,74.74,35.06,11.34,0.00,371.84,0.00,698.29,0.00,695.62,0.00,64.53,0.00,25.05,37.13,1.97,0.00,162.80,16.28,3.98,0.00,73.42
21.5,21.5,1,21.500,18/03/2026 01:00:20,22.552,,12.44, 13.34, 12.73,43.27, -1.59, 4.39,12.728, 11.123, 11.513, 10.683, 10.716, 10.346, 10.391, 10.481, 10.838, 11.388, 11.681, 11.912, 12.055, 12.229, 12.506, 12.712, 12.943, 13.159, 13.326, 13.447, 13.607, 13.685, 13.531, 13.601, 13.637, 13.315, 13.518, 13.267, 13.304, 13.257, 13.150, 13.163, 13.040, 13.054, 13.086, 13.026, 13.179, 13.061, 13.268, 13.203, 13.386, 13.440, 13.515, 13.723, 13.691, 13.881, 13.988, 13.861, 14.053, 14.137, 13.901, 14.011, 14.226, 14.013, 13.891, 14.178, 14.273, 14.018, 13.994, 14.298, 14.399, 14.131, 14.046, 14.323, 14.600, 14.473, 14.217, 14.204, 14.485, 14.752, 14.633, 14.359, 14.247, 14.461, 14.724, 14.773, 14.537, 14.260, 14.189, 14.337, 14.525, 14.611, 14.473, 14.227, 14.090, 14.242, 14.576, 14.881, 14.966, 14.809, 14.526, 14.365, 14.451, 14.744, 15.082, 15.238, 15.137, 14.761, 14.306, 13.984, 13.905, 14.058, 14.217, 14.057, 13.213, 11.797, 10.517, 9.742, 9.407, 9.379, 9.613, 10.019, 10.571, 11.126, 11.524, 11.761, 11.841, 11.878, 11.960, 12.176, 12.537, 12.995, 13.498, 13.953, 14.299, 14.454, 14.445, 14.310, 14.110, 13.895, 13.783, 13.779, 13.883, 14.095, 14.380, 14.661, 14.890, 14.990, 14.907, 14.700, 14.368, 13.967, 13.587, 13.286, 13.117, 13.062, 13.036, 13.178, 13.332, 13.431, 13.354, 12.934, 11.909, 10.128, 8.099, 6.716, 6.038, 5.694, 5.513, 5.480, 5.574, 5.769, 6.084, 6.471, 6.922, 7.405, 7.902, 8.383, 8.851, 9.255, 9.635, 9.943, 10.218, 10.423, 10.585, 10.699, 10.799, 10.886, 10.974, 11.072, 11.206, 11.325, 11.488, 11.677, 11.868, 11.999, 12.095, 12.164, 12.307, 12.438, 12.451, 12.454, 12.429, 12.314, 12.182, 11.966, 11.671, 11.304, 10.906, 10.540, 10.242, 10.021, 9.815, 9.532, 9.383, 9.246, 9.095, 9.026, 8.940, 8.886, 8.804, 8.704, 8.676, 8.682, 8.633, 8.642, 16.3,1011003.0,1249720.0,842185.36,53952.93,3253.21,28489.89,629.84,34864.43,324.06,462.72,34.34,583.66,23.16,3932.26,39.09,1658.58,23.55,2265.90,69.30,24.71,6.84,214.04,19.55,466.77,15.14,30236.96,175.84,0.00,134.37,0.00,15.36,8.18,2.26,80.82,2.79,29.57,1.51,0.00,5.16,113.14,1.48,162.24,1.75,12.44,0.94,126.42,1.65,3.50,1.06,0.00,51.80,29.07,9.49,32.74,6.37,0.00,502.01,0.00,542.35,0.00,60.78,3.92,1.18,21.05,1.53,38.67,3.89,0.00,142.13,0.00,62.58,276295.37,89468.84,5394.72,53830.58,1190.06,74586.69,693.27,1060.26,78.69,1457.34,57.83,4736.82,47.09,2320.70,32.95,3780.64,115.63,44.11,12.21,312.83,28.57,670.67,21.75,43231.11,251.41,0.00,170.85,0.00,19.55,10.24,2.83,100.60,3.47,39.04,1.99,0.00,7.25,123.73,1.62,191.86,2.07,15.80,1.19,170.76,2.23,4.10,1.24,0.00,69.07,31.22,10.19,37.40,7.28,0.00,637.31,0.00,649.25,0.00,71.36,4.23,1.27,22.68,1.65,43.11,4.34,0.00,161.73,0.00,70.99
22.0,22.0,1,22.000,18/03/2026 01:00:37,23.807,,12.52, 13.41, 12.95,43.37, -1.53, 4.01,12.780, 11.402, 12.236, 11.178, 10.831, 10.842, 10.711, 10.847, 11.164, 11.651, 11.920, 12.097, 12.159, 12.306, 12.525, 12.745, 13.012, 13.315, 13.548, 13.686, 13.581, 13.488, 13.712, 13.748, 13.523, 13.441, 13.541, 13.365, 13.231, 13.494, 12.978, 13.456, 12.846, 13.359, 12.888, 13.343, 12.976, 13.383, 13.072, 13.510, 13.300, 13.503, 13.828, 13.398, 14.116, 13.949, 13.704, 14.408, 14.074, 13.870, 14.416, 14.223, 13.952, 14.301, 14.310, 14.090, 14.279, 14.391, 14.223, 14.327, 14.550, 14.374, 14.207, 14.537, 14.845, 14.613, 14.208, 14.403, 14.934, 14.991, 14.604, 14.354, 14.643, 15.100, 15.145, 14.714, 14.402, 14.528, 14.902, 15.028, 14.727, 14.387, 14.322, 14.603, 14.954, 15.087, 14.954, 14.747, 14.728, 14.942, 15.226, 15.361, 15.285, 15.095, 14.981, 15.053, 15.234, 15.342, 15.254, 14.960, 14.584, 14.309, 14.128, 13.913, 13.287, 12.272, 11.344, 10.704, 10.244, 9.901, 9.789, 9.973, 10.520, 11.243, 11.947, 12.452, 12.684, 12.736, 12.674, 12.670, 12.825, 13.166, 13.672, 14.248, 14.761, 15.104, 15.249, 15.171, 14.933, 14.630, 14.388, 14.261, 14.312, 14.537, 14.871, 15.269, 15.592, 15.758, 15.685, 15.480, 15.127, 14.662, 14.207, 13.841, 13.637, 13.617, 13.680, 13.894, 14.111, 14.261, 14.218, 13.752, 12.658, 10.773, 8.645, 7.207, 6.469, 6.074, 5.895, 5.886, 6.057, 6.383, 6.789, 7.268, 7.765, 8.313, 8.822, 9.255, 9.643, 9.935, 10.197, 10.369, 10.530, 10.638, 10.766, 10.900, 11.058, 11.245, 11.460, 11.716, 12.002, 12.276, 12.565, 12.843, 13.065, 13.198, 13.259, 13.260, 13.270, 13.253, 13.095, 12.931, 12.746, 12.487, 12.286, 12.029, 11.765, 11.400, 11.099, 10.899, 10.751, 10.716, 10.730, 10.738, 10.709, 10.725, 10.732, 10.648, 10.585, 10.436, 10.296, 10.234, 10.004, 9.720, 9.657, 9.284, 16.3,1005799.0,1193620.0,850702.59,51653.07,3321.31,25576.78,614.12,35353.60,330.95,588.90,36.45,352.69,22.20,3785.55,38.86,1437.00,22.59,984.13,55.97,59.96,6.91,215.52,20.08,397.39,14.31,28175.42,166.73,0.00,131.31,0.00,16.74,11.19,2.32,83.02,2.78,21.04,1.39,0.00,4.67,101.36,1.40,221.79,2.11,20.17,0.98,132.80,1.72,0.00,31.11,0.00,53.93,37.09,9.41,34.39,6.38,0.00,508.66,0.00,536.67,0.00,54.19,0.00,25.86,19.32,1.50,35.26,3.94,0.00,146.46,0.00,68.58,262196.53,85655.04,5507.65,48326.37,1160.36,75633.19,708.01,1349.39,83.52,880.63,55.43,4560.09,46.81,2010.66,31.61,1642.01,93.39,107.04,12.34,314.99,29.35,570.99,20.56,40283.63,238.38,0.00,166.96,0.00,21.30,14.01,2.90,103.34,3.46,27.78,1.84,0.00,6.56,110.85,1.53,262.29,2.50,25.61,1.24,179.38,2.32,0.00,36.47,0.00,71.91,39.84,10.11,39.28,7.29,0.00,645.75,0.00,642.45,0.00,63.62,0.00,27.92,20.81,1.62,39.31,4.39,0.00,166.66,0.00,77.80
22.5,22.5,1,22.500,18/03/2026 01:01:03,18.056,,12.56, 13.44, 13.05,43.41, -1.43, 3.82,14.284, 12.180, 12.966, 11.368, 11.649, 10.969, 10.897, 11.096, 11.317, 11.710, 11.955, 12.175, 12.228, 12.433, 12.643, 12.887, 13.115, 13.298, 13.418, 13.649, 13.742, 13.558, 13.604, 13.813, 13.545, 13.490, 13.537, 13.401, 13.358, 13.388, 13.255, 13.291, 13.158, 13.233, 13.154, 13.311, 13.192, 13.404, 13.290, 13.514, 13.518, 13.674, 13.762, 13.855, 14.071, 14.029, 14.209, 14.336, 14.197, 14.355, 14.464, 14.297, 14.315, 14.555, 14.452, 14.310, 14.509, 14.707, 14.564, 14.471, 14.645, 14.846, 14.772, 14.676, 14.787, 14.983, 15.095, 15.017, 14.943, 15.001, 15.168, 15.232, 15.153, 15.068, 15.045, 15.067, 15.226, 15.301, 15.194, 15.024, 14.852, 14.850, 15.062, 15.329, 15.390, 15.291, 15.157, 15.085, 15.193, 15.516, 15.843, 15.919, 15.758, 15.508, 15.359, 15.358, 15.545, 15.793, 15.917, 15.760, 15.391, 14.967, 14.556, 14.123, 13.343, 12.357, 11.658, 11.352, 11.123, 10.786, 10.451, 10.271, 10.463, 11.005, 11.742, 12.540, 13.223, 13.702, 13.935, 13.970, 13.887, 13.827, 13.901, 14.147, 14.540, 14.970, 15.391, 15.727, 15.926, 15.979, 15.902, 15.718, 15.480, 15.267, 15.167, 15.175, 15.303, 15.463, 15.588, 15.696, 15.706, 15.616, 15.471, 15.325, 15.185, 15.047, 14.814, 14.681, 14.522, 14.335, 14.026, 13.427, 12.257, 10.350, 8.234, 6.942, 6.468, 6.354, 6.398, 6.565, 6.815, 7.099, 7.417, 7.757, 8.097, 8.438, 8.726, 9.003, 9.251, 9.513, 9.785, 10.070, 10.382, 10.694, 11.053, 11.412, 11.770, 12.167, 12.534, 12.906, 13.252, 13.565, 13.808, 14.018, 14.118, 14.092, 13.950, 13.724, 13.547, 13.378, 13.068, 12.838, 12.620, 12.380, 12.195, 12.034, 11.832, 11.615, 11.453, 11.337, 11.309, 11.382, 11.546, 11.584, 11.704, 11.645, 11.694, 11.562, 11.411, 11.317, 11.054, 10.825, 10.500, 9.952, 9.651, 9.248, 16.3,986113.0,1202354.0,850351.03,48394.53,3412.48,26749.16,642.83,33726.78,332.24,386.94,35.45,536.02,24.50,3337.03,38.05,1426.75,23.18,2520.39,74.59,25.63,7.25,175.76,20.29,495.11,16.17,31274.26,190.26,0.00,143.32,0.00,15.43,19.13,2.60,83.92,2.91,49.17,1.58,5.32,0.60,134.78,1.72,140.51,1.70,10.55,1.00,97.54,1.57,9.18,1.16,0.00,55.95,0.00,472.43,24.21,7.06,0.00,547.90,0.00,574.06,0.00,46.53,0.00,29.65,0.00,38.84,26.32,4.13,0.00,150.95,0.00,74.46,261847.76,80251.48,5658.83,50541.54,1214.60,72152.88,710.77,886.62,81.23,1338.39,61.17,4019.80,45.84,1996.32,32.43,4205.25,124.45,45.75,12.94,256.88,29.65,711.39,23.23,44714.18,272.02,0.00,182.23,0.00,19.64,23.95,3.25,104.46,3.62,64.92,2.09,7.48,0.84,147.40,1.88,166.17,2.01,13.40,1.27,131.75,2.12,10.76,1.36,0.00,74.61,0.00,507.44,27.66,8.06,0.00,695.57,0.00,687.21,0.00,54.63,0.00,32.01,0.00,41.84,29.34,4.60,0.00,171.77,0.00,84.47
23.0,23.0,1,23.000,18/03/2026 01:01:20,18.782,,12.44, 13.32, 12.99,43.25, -1.54, 3.69,15.826, 13.335, 13.099, 11.827, 11.133, 10.900, 10.862, 11.068, 11.266, 11.653, 11.857, 12.105, 12.216, 12.409, 12.652, 12.818, 12.949, 13.184, 13.474, 13.550, 13.420, 13.598, 13.650, 13.385, 13.588, 13.296, 13.333, 13.264, 13.134, 13.212, 13.086, 13.152, 13.123, 13.098, 13.258, 13.160, 13.312, 13.341, 13.321, 13.533, 13.559, 13.579, 13.879, 13.878, 13.890, 14.234, 14.225, 14.091, 14.357, 14.483, 14.213, 14.250, 14.566, 14.506, 14.197, 14.350, 14.722, 14.671, 14.333, 14.436, 14.853, 14.958, 14.632, 14.481, 14.858, 15.228, 15.211, 14.811, 14.662, 14.977, 15.440, 15.479, 15.084, 14.711, 14.804, 15.250, 15.589, 15.493, 15.061, 14.682, 14.705, 15.083, 15.493, 15.596, 15.373, 15.014, 14.896, 15.109, 15.531, 15.898, 16.025, 15.870, 15.552, 15.337, 15.357, 15.601, 15.869, 16.034, 15.995, 15.744, 15.384, 15.073, 14.861, 14.618, 13.992, 13.000, 12.190, 11.776, 11.566, 11.336, 11.142, 11.109, 11.372, 11.877, 12.483, 13.070, 13.557, 13.941, 14.200, 14.346, 14.403, 14.450, 14.558, 14.755, 15.045, 15.353, 15.648, 15.857, 15.981, 16.047, 16.037, 15.975, 15.863, 15.749, 15.655, 15.614, 15.689, 15.789, 15.898, 15.962, 15.972, 15.889, 15.773, 15.640, 15.522, 15.429, 15.270, 15.151, 15.006, 14.817, 14.517, 13.973, 12.953, 11.197, 9.072, 7.652, 7.132, 6.979, 7.016, 7.149, 7.336, 7.562, 7.826, 8.102, 8.390, 8.699, 9.020, 9.352, 9.699, 10.101, 10.540, 11.027, 11.535, 12.042, 12.532, 12.962, 13.343, 13.651, 13.889, 14.062, 14.175, 14.237, 14.233, 14.227, 14.185, 14.042, 13.819, 13.617, 13.582, 13.568, 13.484, 13.432, 13.462, 13.486, 13.534, 13.565, 13.582, 13.511, 13.422, 13.361, 13.246, 13.202, 13.100, 12.973, 12.713, 12.442, 12.139, 11.787, 11.377, 10.965, 10.550, 10.169, 9.726, 9.349, 9.187, 9.058, 16.2,1018352.0,1157477.0,879331.89,37293.24,3184.68,24267.33,595.53,28386.44,289.66,411.64,33.88,442.84,22.69,2001.33,29.91,1032.32,19.48,1433.79,60.63,25.52,6.72,80.27,17.69,431.41,14.52,24356.14,144.24,0.00,124.73,0.00,16.62,25.79,2.55,99.27,2.98,23.73,1.19,1.95,0.50,100.19,1.36,144.52,1.61,13.34,0.91,92.46,1.46,4.59,1.06,0.00,54.24,0.00,450.49,0.00,307.62,0.00,512.52,0.00,546.71,0.00,62.24,0.00,30.59,0.00,39.03,0.00,139.98,0.00,154.64,0.00,72.20,212942.64,61842.48,5281.08,45852.21,1125.23,60728.10,619.68,943.22,77.63,1105.73,56.65,2410.81,36.03,1444.43,27.26,2392.27,101.16,45.56,12.00,117.32,25.85,619.87,20.86,34823.04,206.23,0.00,158.59,0.00,21.15,32.28,3.19,123.56,3.71,31.33,1.57,2.74,0.70,109.57,1.49,170.91,1.90,16.94,1.16,124.89,1.97,5.38,1.24,0.00,72.33,0.00,483.88,0.00,351.40,0.00,650.65,0.00,654.47,0.00,73.07,0.00,33.03,0.00,42.04,0.00,156.06,0.00,175.97,0.00,81.91
23.5,23.5,1,23.500,18/03/2026 01:01:46,19.772,1157878.571,12.17, 13.06, 12.82,42.85, -1.67, 3.45,13.936, 12.425, 13.004, 11.430, 11.064, 10.922, 10.872, 10.895, 11.164, 11.545, 11.681, 11.898, 12.024, 12.231, 12.468, 12.703, 12.937, 13.070, 13.028, 13.135, 13.416, 13.298, 13.099, 13.395, 13.094, 12.963, 13.167, 12.677, 13.075, 12.583, 13.022, 12.569, 13.068, 12.597, 13.196, 12.709, 13.197, 13.036, 13.008, 13.474, 13.003, 13.554, 13.593, 13.306, 13.990, 13.851, 13.591, 14.226, 14.114, 13.692, 14.178, 14.375, 13.852, 13.891, 14.473, 14.305, 13.843, 14.115, 14.679, 14.481, 14.030, 14.181, 14.817, 14.886, 14.434, 14.216, 14.620, 15.155, 15.078, 14.520, 14.314, 14.748, 15.279, 15.289, 14.770, 14.365, 14.494, 15.021, 15.409, 15.191, 14.638, 14.295, 14.413, 14.922, 15.433, 15.572, 15.252, 14.813, 14.654, 14.857, 15.316, 15.791, 15.974, 15.765, 15.340, 15.017, 14.947, 15.099, 15.368, 15.648, 15.728, 15.516, 15.018, 14.358, 13.445, 12.385, 11.709, 11.618, 11.836, 11.971, 11.937, 11.759, 11.666, 11.747, 12.050, 12.501, 13.041, 13.622, 14.186, 14.661, 14.945, 15.018, 14.938, 14.785, 14.702, 14.714, 14.870, 15.078, 15.339, 15.647, 15.958, 16.220, 16.360, 16.342, 16.170, 15.892, 15.591, 15.356, 15.202, 15.145, 15.132, 15.166, 15.247, 15.385, 15.604, 15.834, 15.874, 15.917, 15.775, 15.452, 14.939, 14.134, 12.850, 10.918, 8.673, 7.157, 6.585, 6.514, 6.718, 7.069, 7.532, 8.050, 8.574, 9.075, 9.528, 9.877, 10.145, 10.328, 10.437, 10.530, 10.641, 10.812, 11.059, 11.387, 11.772, 12.144, 12.561, 12.961, 13.345, 13.719, 14.081, 14.433, 14.717, 15.002, 15.221, 15.267, 15.173, 14.947, 14.816, 14.575, 14.222, 13.895, 13.594, 13.309, 13.039, 12.871, 12.690, 12.547, 12.416, 12.379, 12.332, 12.398, 12.442, 12.518, 12.536, 12.544, 12.576, 12.516, 12.439, 12.338, 12.237, 11.839, 11.737, 11.351, 10.947, 10.633, 16.3,993869.0,1193508.0,861650.09,48187.72,3366.78,24236.00,609.85,32501.00,320.45,579.20,37.12,387.24,23.15,2544.43,33.44,990.14,19.90,1428.85,62.08,77.62,7.49,66.21,18.12,449.81,15.05,26132.03,158.42,0.00,125.84,0.00,19.44,12.55,2.40,77.83,2.76,36.63,1.36,0.00,5.55,111.78,1.49,193.56,1.96,22.86,1.02,121.14,1.66,0.00,30.81,0.00,53.68,0.00,454.83,0.00,312.24,44.46,9.58,106.70,10.30,10.33,3.18,0.00,28.33,0.00,36.91,31.84,4.01,0.00,149.69,0.00,73.17,243540.90,79908.53,5583.05,45793.02,1152.29,69530.52,685.55,1327.16,85.06,966.90,57.80,3065.03,40.28,1385.41,27.84,2384.03,103.58,138.57,13.37,96.77,26.48,646.30,21.62,37362.11,226.50,0.00,160.00,0.00,24.74,15.71,3.00,96.88,3.44,48.36,1.80,0.00,7.80,122.24,1.63,228.90,2.32,29.03,1.30,163.63,2.24,0.00,36.12,0.00,71.58,0.00,488.54,0.00,356.68,56.44,12.16,127.73,12.33,12.13,3.73,0.00,30.59,0.00,39.76,35.50,4.47,0.00,170.33,0.00,83.01
24.0,24.0,1,24.000,18/03/2026 01:02:03,18.057,,12.44, 13.33, 13.00,43.25, -1.53, 3.68,15.288, 12.407, 12.340, 11.292, 11.144, 10.902, 10.833, 10.922, 11.249, 11.711, 11.853, 12.110, 12.269, 12.434, 12.650, 12.824, 13.043, 13.294, 13.427, 13.447, 13.508, 13.590, 13.504, 13.503, 13.479, 13.343, 13.367, 13.241, 13.271, 13.177, 13.210, 13.087, 13.116, 13.054, 13.138, 13.183, 13.174, 13.323, 13.284, 13.433, 13.564, 13.554, 13.798, 13.911, 13.912, 14.165, 14.241, 14.169, 14.344, 14.458, 14.324, 14.353, 14.541, 14.506, 14.361, 14.476, 14.682, 14.648, 14.538, 14.638, 14.874, 14.887, 14.772, 14.803, 15.031, 15.189, 15.151, 15.020, 15.006, 15.217, 15.432, 15.367, 15.177, 15.059, 15.161, 15.401, 15.549, 15.404, 15.185, 15.042, 15.079, 15.339, 15.556, 15.532, 15.365, 15.238, 15.252, 15.475, 15.804, 16.018, 16.008, 15.822, 15.655, 15.615, 15.726, 15.959, 16.206, 16.237, 16.062, 15.754, 15.480, 15.320, 15.214, 15.054, 14.540, 13.628, 12.736, 12.180, 11.864, 11.628, 11.524, 11.574, 11.907, 12.470, 13.120, 13.741, 14.175, 14.427, 14.537, 14.589, 14.633, 14.721, 14.857, 15.074, 15.380, 15.732, 16.075, 16.345, 16.454, 16.435, 16.326, 16.197, 16.063, 15.960, 15.902, 15.881, 15.915, 16.026, 16.152, 16.295, 16.388, 16.388, 16.300, 16.175, 16.019, 15.856, 15.655, 15.541, 15.410, 15.231, 14.939, 14.411, 13.387, 11.646, 9.507, 8.015, 7.450, 7.333, 7.411, 7.587, 7.843, 8.117, 8.402, 8.716, 9.030, 9.357, 9.682, 10.009, 10.342, 10.672, 11.066, 11.471, 11.920, 12.396, 12.884, 13.362, 13.777, 14.168, 14.446, 14.671, 14.827, 14.928, 14.974, 14.980, 14.959, 14.866, 14.668, 14.479, 14.427, 14.377, 14.235, 14.135, 14.023, 13.909, 13.865, 13.798, 13.736, 13.659, 13.617, 13.551, 13.520, 13.527, 13.524, 13.446, 13.312, 13.106, 12.894, 12.606, 12.288, 11.929, 11.617, 11.211, 10.888, 10.510, 10.274, 9.875, 16.3,974263.0,1168517.0,858691.02,54893.44,3563.97,26228.13,643.61,29802.60,313.59,602.47,38.79,464.33,24.65,1900.81,31.47,953.27,20.18,1343.63,62.65,87.21,7.83,0.00,70.84,368.24,14.26,24010.60,151.45,0.00,125.73,0.00,14.05,0.00,12.75,109.95,3.21,26.15,1.43,0.00,5.52,118.31,1.55,169.31,1.84,17.69,1.00,117.24,1.65,3.94,1.09,0.00,55.39,0.00,461.09,0.00,322.97,51.45,9.94,0.00,577.44,0.00,61.21,0.00,26.07,16.27,1.46,23.97,4.07,0.00,155.13,0.00,70.12,248558.33,91028.46,5910.05,49557.07,1216.08,63757.74,670.87,1380.48,88.88,1159.39,61.55,2289.72,37.91,1333.82,28.24,2241.84,104.53,155.69,13.98,0.00,103.54,529.10,20.49,34329.01,216.53,0.00,159.86,0.00,17.88,0.00,15.96,136.86,4.00,34.53,1.89,0.00,7.76,129.38,1.70,200.23,2.18,22.47,1.27,158.36,2.23,4.62,1.28,0.00,73.86,0.00,495.26,0.00,368.94,65.32,12.62,0.00,691.25,0.00,71.86,0.00,28.15,17.53,1.57,26.72,4.54,0.00,176.52,0.00,79.55
24.5,24.5,1,24.500,18/03/2026 01:02:29,18.056,,10.81, 11.64, 11.07,40.63, -1.88, 4.31,10.335, 9.963, 9.938, 9.113, 9.122, 9.247, 9.175, 9.191, 9.468, 9.885, 10.119, 10.305, 10.458, 10.668, 10.902, 11.103, 11.364, 11.674, 11.785, 11.734, 11.817, 11.945, 11.847, 11.766, 11.785, 11.697, 11.552, 11.649, 11.396, 11.566, 11.293, 11.436, 11.135, 11.396, 11.189, 11.471, 11.347, 11.490, 11.575, 11.555, 11.802, 11.822, 11.979, 12.134, 12.184, 12.404, 12.463, 12.465, 12.668, 12.709, 12.554, 12.721, 12.875, 12.705, 12.592, 12.883, 12.986, 12.782, 12.690, 13.041, 13.193, 13.027, 12.846, 13.086, 13.434, 13.399, 13.268, 13.187, 13.428, 13.755, 13.727, 13.522, 13.366, 13.453, 13.686, 13.841, 13.754, 13.586, 13.490, 13.529, 13.603, 13.694, 13.711, 13.649, 13.608, 13.712, 13.821, 13.897, 13.987, 14.053, 14.061, 14.062, 14.172, 14.285, 14.275, 14.198, 14.171, 14.163, 14.085, 14.001, 14.001, 14.040, 13.892, 13.377, 12.363, 11.079, 10.116, 9.683, 9.607, 9.675, 9.819, 9.976, 10.182, 10.428, 10.698, 11.020, 11.377, 11.768, 12.173, 12.598, 12.991, 13.330, 13.568, 13.712, 13.755, 13.725, 13.697, 13.648, 13.666, 13.770, 13.939, 14.178, 14.404, 14.571, 14.644, 14.630, 14.560, 14.432, 14.246, 14.005, 13.706, 13.400, 13.137, 13.049, 13.109, 13.291, 13.479, 13.684, 13.758, 13.680, 13.359, 12.710, 11.490, 9.502, 7.231, 5.671, 4.957, 4.659, 4.560, 4.626, 4.847, 5.178, 5.621, 6.127, 6.644, 7.165, 7.632, 8.062, 8.440, 8.796, 9.126, 9.453, 9.759, 10.045, 10.293, 10.457, 10.573, 10.681, 10.743, 10.834, 10.977, 11.182, 11.417, 11.684, 11.966, 12.137, 12.244, 12.258, 12.359, 12.346, 12.246, 12.144, 12.029, 11.869, 11.702, 11.510, 11.275, 10.987, 10.687, 10.374, 10.061, 9.745, 9.501, 9.279, 9.068, 8.835, 8.579, 8.505, 8.264, 8.107, 8.006, 7.698, 7.658, 7.407, 7.342, 7.215, 16.3,1081932.0,1200330.0,860470.20,66075.53,3267.87,19875.66,516.88,23227.53,246.38,280.44,28.90,367.70,20.00,994.02,22.72,651.79,15.27,830.09,50.05,26.56,5.95,111.48,16.02,330.42,12.29,26195.29,148.86,0.00,120.01,0.00,13.04,17.23,2.20,76.70,2.50,135.06,2.19,0.00,4.36,60.46,1.00,105.43,1.29,5.86,0.75,69.04,1.23,0.00,27.51,0.00,48.63,0.00,399.47,0.00,275.85,0.00,458.67,65.79,9.03,0.00,52.41,4.34,1.05,10.02,1.20,13.33,3.62,0.00,137.42,0.00,57.13,240705.95,109571.45,5419.03,37554.32,976.63,49691.47,527.09,642.59,66.22,918.11,49.94,1197.40,27.37,911.99,21.37,1385.00,83.51,47.41,10.62,162.93,23.41,474.76,17.66,37452.55,212.83,0.00,152.59,0.00,16.59,21.57,2.75,95.47,3.11,178.32,2.89,0.00,6.13,66.12,1.09,124.68,1.53,7.44,0.95,93.26,1.66,0.00,32.25,0.00,64.85,0.00,429.08,0.00,315.11,0.00,582.29,78.76,10.81,0.00,61.53,4.69,1.13,10.79,1.29,14.86,4.04,0.00,156.37,0.00,64.81
25.0,25.0,1,25.000,18/03/2026 01:02:47,16.270,,9.87, 10.67, 10.00,39.02, -2.17, 4.63,10.663, 8.300, 9.196, 8.602, 8.427, 8.112, 8.231, 8.280, 8.508, 8.854, 9.092, 9.345, 9.456, 9.689, 9.966, 10.232, 10.502, 10.705, 10.713, 10.789, 10.998, 10.943, 10.748, 10.973, 10.705, 10.637, 10.714, 10.402, 10.664, 10.272, 10.557, 10.133, 10.380, 10.103, 10.286, 10.358, 10.186, 10.624, 10.274, 10.574, 10.806, 10.573, 11.065, 11.132, 10.966, 11.507, 11.582, 11.297, 11.685, 11.939, 11.559, 11.585, 12.056, 11.954, 11.544, 11.803, 12.207, 12.031, 11.698, 11.928, 12.347, 12.317, 11.944, 12.046, 12.440, 12.732, 12.614, 12.327, 12.454, 12.804, 13.181, 12.920, 12.622, 12.606, 12.790, 13.183, 13.274, 12.966, 12.764, 12.662, 12.761, 13.090, 13.248, 13.097, 12.916, 12.839, 12.930, 13.246, 13.544, 13.638, 13.590, 13.469, 13.304, 13.314, 13.546, 13.785, 13.860, 13.812, 13.670, 13.397, 13.085, 12.923, 12.914, 12.711, 11.851, 10.562, 9.591, 9.100, 8.783, 8.511, 8.421, 8.606, 9.069, 9.605, 10.082, 10.546, 11.009, 11.412, 11.645, 11.707, 11.773, 11.981, 12.344, 12.738, 13.039, 13.217, 13.362, 13.535, 13.706, 13.774, 13.710, 13.516, 13.339, 13.283, 13.395, 13.543, 13.657, 13.671, 13.581, 13.495, 13.433, 13.340, 13.249, 13.087, 12.877, 12.643, 12.450, 12.339, 12.294, 12.233, 12.013, 11.425, 10.208, 8.276, 6.246, 5.032, 4.603, 4.509, 4.552, 4.657, 4.804, 4.948, 5.111, 5.319, 5.562, 5.875, 6.209, 6.559, 6.924, 7.275, 7.640, 8.008, 8.404, 8.798, 9.221, 9.615, 9.955, 10.246, 10.458, 10.588, 10.678, 10.721, 10.764, 10.778, 10.842, 10.854, 10.830, 10.763, 10.709, 10.627, 10.484, 10.368, 10.257, 10.162, 10.082, 10.037, 9.954, 9.833, 9.708, 9.598, 9.430, 9.250, 9.067, 8.849, 8.584, 8.324, 8.132, 7.833, 7.722, 7.389, 7.094, 6.918, 6.695, 6.395, 6.214, 5.973, 16.3,1108260.0,1133816.0,890540.47,40216.88,2916.21,18694.49,492.79,22338.40,234.05,244.03,27.39,274.83,18.66,824.69,21.04,577.01,14.21,741.70,47.26,0.00,17.98,153.11,15.33,324.59,11.77,24491.28,133.21,0.00,114.20,0.00,11.20,14.24,2.06,63.63,2.24,133.43,2.11,0.00,4.60,43.64,0.86,82.57,1.10,8.38,0.72,53.17,1.10,0.00,27.31,0.00,47.18,0.00,397.14,33.43,5.62,73.33,8.15,27.81,8.68,0.00,46.33,0.00,21.18,9.47,1.16,31.63,3.36,0.00,128.71,3.81,1.18,190508.04,66690.68,4835.88,35322.54,931.11,47789.32,500.71,559.16,62.76,686.22,46.59,993.43,25.34,807.36,19.88,1237.52,78.85,0.00,32.10,223.78,22.41,466.38,16.91,35016.26,190.46,0.00,145.20,0.00,14.25,17.83,2.58,79.20,2.79,176.17,2.79,0.00,6.46,47.72,0.94,97.65,1.30,10.64,0.91,71.82,1.49,0.00,32.01,0.00,62.91,0.00,426.57,38.19,6.42,93.09,10.35,33.29,10.39,0.00,54.39,0.00,22.87,10.20,1.25,35.26,3.75,0.00,146.46,4.32,1.34
25.5,25.5,1,25.500,18/03/2026 01:03:56,17.260,,9.22, 10.00, 9.10,37.85, -2.33, 5.39,8.482, 6.765, 7.669, 7.133, 7.155, 7.027, 7.121, 7.265, 7.549, 8.022, 8.262, 8.546, 8.739, 8.957, 9.241, 9.490, 9.748, 9.947, 10.082, 10.177, 10.271, 10.236, 10.229, 10.242, 10.093, 10.070, 9.973, 9.901, 9.899, 9.785, 9.789, 9.637, 9.636, 9.598, 9.638, 9.737, 9.697, 9.881, 9.849, 10.000, 10.155, 10.179, 10.421, 10.560, 10.630, 10.859, 10.965, 10.975, 11.124, 11.230, 11.158, 11.227, 11.347, 11.321, 11.272, 11.350, 11.485, 11.434, 11.431, 11.506, 11.644, 11.632, 11.607, 11.712, 11.861, 12.016, 11.985, 12.005, 12.071, 12.201, 12.374, 12.327, 12.270, 12.254, 12.342, 12.502, 12.571, 12.500, 12.380, 12.280, 12.261, 12.410, 12.546, 12.569, 12.500, 12.438, 12.506, 12.673, 12.874, 13.040, 13.086, 13.017, 12.928, 12.924, 13.017, 13.164, 13.257, 13.264, 13.116, 12.863, 12.632, 12.455, 12.291, 11.910, 10.957, 9.627, 8.581, 8.058, 7.806, 7.645, 7.603, 7.695, 8.023, 8.520, 9.078, 9.626, 10.104, 10.516, 10.820, 11.064, 11.257, 11.450, 11.660, 11.900, 12.182, 12.439, 12.667, 12.850, 12.966, 13.043, 13.058, 13.042, 12.984, 12.922, 12.875, 12.843, 12.840, 12.824, 12.821, 12.776, 12.692, 12.537, 12.383, 12.245, 12.157, 12.106, 12.019, 11.944, 11.819, 11.599, 11.224, 10.495, 9.184, 7.165, 5.054, 3.769, 3.295, 3.171, 3.204, 3.325, 3.519, 3.771, 4.057, 4.363, 4.687, 5.017, 5.333, 5.651, 5.961, 6.280, 6.614, 6.970, 7.332, 7.704, 8.079, 8.427, 8.766, 9.053, 9.320, 9.526, 9.729, 9.879, 10.022, 10.125, 10.238, 10.252, 10.196, 10.079, 10.002, 9.908, 9.731, 9.579, 9.428, 9.258, 9.094, 8.956, 8.797, 8.603, 8.451, 8.240, 8.082, 7.906, 7.760, 7.565, 7.374, 7.178, 7.010, 6.750, 6.490, 6.306, 6.060, 5.965, 5.647, 5.404, 5.203, 5.241, 16.3,1192310.0,1121216.0,889150.47,46620.97,2821.01,19358.33,474.14,21234.50,217.59,216.75,25.11,276.53,17.35,588.92,18.71,478.64,12.91,486.33,42.23,0.00,16.58,223.82,15.68,302.68,10.98,20730.18,109.37,0.00,98.85,0.00,11.01,0.00,9.25,47.91,1.82,82.08,1.52,0.00,4.10,41.00,0.76,67.07,0.93,2.87,0.63,48.15,0.99,0.00,26.42,0.00,45.37,0.00,370.91,0.00,255.17,31.19,7.48,0.00,436.41,0.00,34.67,0.00,16.83,0.00,29.62,11.64,3.15,0.00,126.14,0.00,51.02,193506.96,77310.43,4678.01,36576.84,895.87,45427.71,465.50,496.65,57.54,690.47,43.32,709.42,22.54,669.72,18.06,811.44,70.46,0.00,29.60,327.13,22.92,434.90,15.78,29638.85,156.37,0.00,125.69,0.00,14.01,0.00,11.58,59.63,2.27,108.37,2.01,0.00,5.76,44.84,0.83,79.32,1.10,3.64,0.80,65.04,1.34,0.00,30.97,0.00,60.50,0.00,398.40,0.00,291.49,39.60,9.50,0.00,522.43,0.00,40.70,0.00,18.17,0.00,31.91,12.98,3.51,0.00,143.54,0.00,57.88
26.0,26.0,1,26.000,18/03/2026 01:04:22,20.566,,10.06, 10.91, 9.95,39.42, -2.35, 5.48,10.475, 8.571, 8.576, 7.942, 7.849, 7.586, 7.779, 7.934, 8.271, 8.786, 9.045, 9.344, 9.534, 9.782, 10.086, 10.372, 10.633, 10.880, 11.014, 11.051, 11.135, 11.245, 11.129, 11.085, 11.142, 10.898, 10.890, 10.844, 10.712, 10.820, 10.571, 10.672, 10.398, 10.565, 10.485, 10.582, 10.684, 10.583, 10.936, 10.819, 11.046, 11.203, 11.153, 11.555, 11.616, 11.593, 11.954, 11.973, 11.892, 12.148, 12.164, 12.073, 12.140, 12.276, 12.237, 12.127, 12.315, 12.368, 12.383, 12.291, 12.460, 12.499, 12.577, 12.561, 12.650, 12.806, 12.822, 12.947, 12.870, 13.025, 13.078, 13.111, 13.213, 13.081, 13.102, 13.256, 13.201, 13.274, 13.301, 13.036, 12.985, 13.114, 13.094, 13.186, 13.355, 13.269, 13.200, 13.421, 13.535, 13.495, 13.620, 13.824, 13.768, 13.621, 13.719, 13.862, 13.760, 13.584, 13.563, 13.564, 13.359, 13.084, 12.871, 12.497, 11.395, 9.803, 8.647, 8.223, 8.137, 8.069, 8.007, 8.075, 8.425, 8.930, 9.372, 9.751, 10.163, 10.683, 11.220, 11.601, 11.811, 11.957, 12.191, 12.490, 12.774, 12.905, 12.912, 12.913, 13.031, 13.269, 13.506, 13.613, 13.569, 13.446, 13.385, 13.414, 13.483, 13.471, 13.307, 13.037, 12.728, 12.505, 12.433, 12.480, 12.590, 12.644, 12.541, 12.406, 12.251, 12.057, 11.745, 11.067, 9.701, 7.494, 5.170, 3.774, 3.255, 3.125, 3.167, 3.335, 3.583, 3.898, 4.225, 4.577, 4.903, 5.250, 5.587, 5.951, 6.314, 6.691, 7.025, 7.322, 7.586, 7.814, 8.047, 8.284, 8.569, 8.914, 9.280, 9.666, 10.010, 10.293, 10.503, 10.608, 10.644, 10.605, 10.506, 10.416, 10.406, 10.369, 10.312, 10.203, 10.027, 9.796, 9.529, 9.195, 8.896, 8.489, 8.200, 7.983, 7.785, 7.721, 7.678, 7.601, 7.551, 7.420, 7.274, 7.008, 6.771, 6.525, 6.192, 6.029, 5.655, 5.501, 5.201, 5.230, 16.3,1209854.0,1141240.0,890210.42,44469.50,2846.76,19061.24,478.70,23060.47,229.99,289.69,26.63,282.98,17.73,907.89,20.47,610.07,13.88,700.10,45.61,0.00,16.41,200.30,15.18,262.95,10.55,19533.39,105.11,0.00,92.41,0.00,11.68,27.60,2.16,44.32,1.80,55.71,1.41,0.00,4.07,44.15,0.80,84.27,1.05,5.31,0.66,59.15,1.06,0.00,26.37,0.00,46.34,0.00,381.03,0.00,263.08,0.00,442.12,44.12,8.42,0.00,35.21,0.00,25.43,12.12,1.10,34.21,3.14,0.00,124.62,0.00,53.78,192678.17,73742.70,4720.71,36015.50,904.49,49334.07,492.03,663.79,61.02,706.57,44.27,1093.65,24.66,853.61,19.42,1168.11,76.10,0.00,29.29,292.75,22.19,377.82,15.16,27927.74,150.28,0.00,117.50,0.00,14.86,34.55,2.70,55.17,2.24,73.56,1.86,0.00,5.72,48.28,0.87,99.66,1.24,6.74,0.84,79.90,1.43,0.00,30.91,0.00,61.79,0.00,409.27,0.00,300.52,0.00,561.28,52.82,10.08,0.00,41.34,0.00,27.46,13.06,1.18,38.14,3.50,0.00,141.81,0.00,61.01
26.5,26.5,1,26.500,18/03/2026 01:04:48,21.691,,11.20, 12.10, 11.21,41.38, -2.23, 5.19,8.070, 8.572, 9.187, 8.313, 8.219, 8.407, 8.738, 8.967, 9.394, 9.909, 10.238, 10.507, 10.709, 11.009, 11.308, 11.532, 11.800, 12.050, 12.154, 12.272, 12.380, 12.411, 12.342, 12.336, 12.305, 12.145, 12.118, 11.976, 11.951, 11.896, 11.821, 11.722, 11.622, 11.604, 11.673, 11.691, 11.793, 11.831, 11.933, 12.015, 12.071, 12.230, 12.369, 12.473, 12.611, 12.737, 12.810, 12.891, 12.967, 12.939, 12.979, 13.058, 12.956, 13.027, 13.035, 13.069, 13.011, 13.090, 13.161, 13.170, 13.114, 13.192, 13.268, 13.374, 13.281, 13.360, 13.338, 13.515, 13.530, 13.435, 13.523, 13.511, 13.621, 13.627, 13.483, 13.518, 13.584, 13.569, 13.635, 13.505, 13.286, 13.351, 13.434, 13.465, 13.595, 13.647, 13.523, 13.548, 13.717, 13.776, 13.780, 13.922, 13.970, 13.847, 13.788, 13.896, 13.934, 13.798, 13.669, 13.623, 13.528, 13.313, 13.055, 12.703, 11.864, 10.566, 9.480, 8.984, 8.888, 8.860, 8.813, 8.825, 9.104, 9.590, 10.091, 10.501, 10.829, 11.185, 11.572, 11.911, 12.134, 12.239, 12.361, 12.577, 12.834, 13.029, 13.122, 13.120, 13.142, 13.241, 13.381, 13.490, 13.492, 13.396, 13.301, 13.269, 13.332, 13.379, 13.334, 13.192, 12.970, 12.723, 12.601, 12.549, 12.617, 12.678, 12.626, 12.540, 12.388, 12.202, 11.920, 11.384, 10.260, 8.306, 6.011, 4.510, 3.906, 3.720, 3.740, 3.880, 4.139, 4.466, 4.833, 5.194, 5.558, 5.913, 6.264, 6.634, 7.006, 7.382, 7.767, 8.114, 8.423, 8.677, 8.892, 9.097, 9.299, 9.542, 9.816, 10.104, 10.377, 10.626, 10.847, 10.930, 11.017, 10.995, 10.893, 10.777, 10.768, 10.733, 10.700, 10.659, 10.596, 10.456, 10.279, 10.034, 9.749, 9.435, 9.099, 8.829, 8.623, 8.475, 8.430, 8.303, 8.243, 8.095, 7.961, 7.776, 7.555, 7.260, 6.950, 6.757, 6.396, 6.230, 6.059, 6.092, 16.2,1158408.0,1141933.0,886449.74,49577.92,3080.35,19508.72,508.16,21188.98,230.49,223.67,27.74,551.28,20.87,817.72,21.50,626.08,15.00,979.35,51.15,36.44,6.13,72.75,14.66,269.80,11.11,19214.81,109.49,0.00,98.33,0.00,10.94,24.07,2.20,52.59,2.08,28.26,1.17,0.00,4.24,67.69,1.00,115.67,1.29,5.16,0.72,78.65,1.22,10.74,0.96,0.00,48.95,58.88,8.52,0.00,281.48,0.00,471.97,0.00,496.71,12.27,2.67,0.00,22.25,9.77,1.09,18.98,3.39,0.00,135.31,0.00,52.41,198399.00,82213.86,5108.07,36861.00,960.15,45330.32,493.10,512.51,63.56,1376.49,52.11,985.03,25.90,876.01,20.99,1634.04,85.34,65.05,10.94,106.33,21.43,387.66,15.96,27472.26,156.54,0.00,125.02,0.00,13.92,30.13,2.75,65.46,2.59,37.31,1.54,0.00,5.96,74.03,1.09,136.79,1.53,6.55,0.91,106.24,1.65,12.59,1.13,0.00,65.27,63.24,9.15,0.00,321.54,0.00,599.17,0.00,594.61,14.41,3.13,0.00,24.02,10.52,1.17,21.16,3.78,0.00,153.97,0.00,59.46
27.0,27.0,1,27.000,18/03/2026 01:05:13,21.759,,12.96, 13.95, 13.30,44.16, -1.94, 4.48,10.955, 10.321, 11.602, 10.640, 10.289, 10.616, 10.548, 10.871, 11.340, 11.829, 12.154, 12.472, 12.676, 12.901, 13.146, 13.321, 13.560, 13.863, 14.146, 14.164, 14.073, 14.266, 14.273, 14.077, 14.195, 13.940, 13.974, 13.813, 13.822, 13.730, 13.694, 13.565, 13.561, 13.399, 13.643, 13.388, 13.738, 13.503, 13.731, 13.825, 13.767, 14.106, 14.070, 14.193, 14.439, 14.429, 14.523, 14.652, 14.658, 14.673, 14.683, 14.719, 14.755, 14.689, 14.671, 14.788, 14.826, 14.728, 14.743, 14.920, 14.963, 14.828, 14.836, 15.039, 15.181, 15.098, 15.021, 15.053, 15.248, 15.334, 15.240, 15.115, 15.128, 15.246, 15.328, 15.279, 15.177, 15.100, 15.101, 15.104, 15.089, 15.085, 15.090, 15.090, 15.092, 15.148, 15.222, 15.333, 15.416, 15.466, 15.468, 15.439, 15.399, 15.424, 15.503, 15.587, 15.633, 15.586, 15.433, 15.196, 14.992, 14.867, 14.769, 14.537, 13.867, 12.810, 11.873, 11.317, 11.001, 10.793, 10.727, 10.843, 11.216, 11.748, 12.326, 12.871, 13.273, 13.528, 13.645, 13.666, 13.700, 13.802, 13.987, 14.260, 14.589, 14.914, 15.223, 15.432, 15.521, 15.488, 15.344, 15.147, 14.945, 14.800, 14.749, 14.798, 14.943, 15.080, 15.242, 15.370, 15.434, 15.406, 15.284, 15.084, 14.871, 14.619, 14.294, 14.077, 13.926, 13.758, 13.535, 13.113, 12.205, 10.554, 8.494, 7.094, 6.558, 6.405, 6.409, 6.501, 6.628, 6.814, 6.985, 7.213, 7.472, 7.761, 8.089, 8.447, 8.840, 9.277, 9.741, 10.226, 10.709, 11.193, 11.652, 12.059, 12.418, 12.743, 12.962, 13.113, 13.203, 13.194, 13.171, 13.101, 13.023, 12.884, 12.716, 12.545, 12.495, 12.490, 12.424, 12.395, 12.432, 12.419, 12.466, 12.498, 12.463, 12.376, 12.292, 12.215, 12.157, 12.083, 12.003, 11.806, 11.616, 11.363, 11.042, 10.689, 10.282, 9.906, 9.505, 9.033, 8.707, 8.344, 8.204, 7.894, 16.3,1099803.0,1145829.0,860250.78,66759.42,3331.06,22119.12,548.54,25670.16,264.68,325.24,30.58,900.05,24.10,942.28,23.37,600.46,15.98,715.61,49.81,0.00,17.14,150.77,16.56,287.26,11.90,20791.09,122.50,0.00,107.42,0.00,14.05,8.53,2.01,55.69,2.18,35.73,1.40,0.00,5.32,73.26,1.08,114.04,1.33,13.55,0.81,90.50,1.32,0.00,29.25,0.00,49.95,56.77,8.80,0.00,286.79,0.00,474.07,0.00,503.71,0.00,52.77,0.00,24.72,19.92,1.33,19.74,3.57,0.00,139.88,0.00,54.22,244522.75,110705.53,5523.82,41793.25,1036.45,54917.07,566.24,745.24,70.07,2247.34,60.18,1135.07,28.15,840.17,22.36,1193.99,83.11,0.00,30.60,220.36,24.20,412.75,17.10,29725.93,175.14,0.00,136.58,0.00,17.88,10.68,2.52,69.32,2.71,47.18,1.85,0.00,7.48,80.12,1.18,134.86,1.57,17.21,1.03,122.24,1.78,0.00,34.29,0.00,66.61,60.98,9.45,0.00,327.61,0.00,601.84,0.00,602.99,0.00,61.96,0.00,26.69,21.46,1.43,22.01,3.98,0.00,159.17,0.00,61.51
27.5,27.5,1,27.500,18/03/2026 01:05:31,20.236,,11.62, 12.51, 11.75,42.02, -1.97, 4.83,11.039, 9.968, 10.058, 9.229, 9.536, 9.239, 9.366, 9.578, 9.953, 10.431, 10.753, 10.988, 11.152, 11.423, 11.717, 11.934, 12.196, 12.430, 12.573, 12.677, 12.773, 12.777, 12.771, 12.755, 12.665, 12.593, 12.546, 12.435, 12.436, 12.350, 12.322, 12.214, 12.169, 12.130, 12.197, 12.177, 12.285, 12.259, 12.382, 12.456, 12.524, 12.733, 12.757, 12.912, 13.119, 13.111, 13.237, 13.386, 13.313, 13.371, 13.497, 13.397, 13.380, 13.505, 13.481, 13.395, 13.472, 13.628, 13.566, 13.517, 13.621, 13.776, 13.739, 13.678, 13.777, 13.932, 14.026, 13.911, 13.881, 13.970, 14.126, 14.175, 13.984, 13.880, 13.955, 14.098, 14.220, 14.097, 13.894, 13.817, 13.830, 14.004, 14.145, 14.092, 13.935, 13.902, 14.015, 14.210, 14.432, 14.534, 14.414, 14.251, 14.225, 14.309, 14.466, 14.639, 14.743, 14.608, 14.308, 14.031, 13.900, 13.895, 13.876, 13.707, 13.027, 11.865, 10.745, 10.056, 9.757, 9.681, 9.764, 9.984, 10.401, 10.948, 11.467, 11.869, 12.083, 12.194, 12.316, 12.510, 12.763, 13.057, 13.368, 13.677, 13.973, 14.198, 14.317, 14.287, 14.146, 14.014, 13.925, 13.928, 13.983, 14.086, 14.193, 14.327, 14.459, 14.553, 14.569, 14.487, 14.300, 14.002, 13.690, 13.433, 13.325, 13.300, 13.276, 13.330, 13.371, 13.360, 13.209, 12.777, 11.787, 9.916, 7.530, 5.788, 5.015, 4.705, 4.608, 4.678, 4.878, 5.179, 5.552, 5.997, 6.486, 6.998, 7.492, 8.001, 8.469, 8.936, 9.350, 9.749, 10.115, 10.416, 10.650, 10.829, 10.965, 11.087, 11.182, 11.312, 11.461, 11.613, 11.768, 11.936, 12.088, 12.155, 12.166, 12.160, 12.265, 12.305, 12.316, 12.305, 12.270, 12.204, 12.058, 11.883, 11.599, 11.298, 10.939, 10.598, 10.256, 10.051, 9.792, 9.621, 9.366, 9.146, 8.974, 8.771, 8.532, 8.286, 8.161, 7.950, 7.761, 7.484, 7.359, 7.201, 16.2,1112735.0,1197288.0,871637.57,56656.28,3202.71,20632.30,530.09,24454.95,254.13,468.15,31.78,915.10,23.76,1242.89,24.21,668.98,16.02,590.56,47.63,51.25,6.31,0.00,50.24,291.61,11.59,21961.92,126.14,0.00,107.37,0.00,13.56,0.00,11.60,53.29,2.14,36.98,1.42,0.00,4.21,75.04,1.10,120.18,1.36,12.09,0.80,84.93,1.30,0.00,29.35,0.00,49.91,0.00,413.70,0.00,287.74,0.00,475.75,0.00,500.56,8.66,2.69,0.00,23.27,18.97,1.34,18.34,3.58,0.00,139.69,0.00,66.25,224460.10,93951.74,5310.98,38983.96,1001.59,52317.33,543.67,1072.70,72.82,2284.92,59.33,1497.19,29.16,936.04,22.42,985.35,79.47,91.49,11.26,0.00,73.43,419.00,16.65,31399.92,180.35,0.00,136.52,0.00,17.26,0.00,14.52,66.33,2.66,48.83,1.87,0.00,5.92,82.06,1.20,142.12,1.61,15.35,1.02,114.72,1.76,0.00,34.40,0.00,66.55,0.00,444.36,0.00,328.69,0.00,603.97,0.00,599.22,10.17,3.16,0.00,25.13,20.43,1.44,20.45,3.99,0.00,158.95,0.00,75.16
28.0,28.0,1,28.000,18/03/2026 01:05:57,16.931,,10.19, 11.00, 10.10,39.57, -2.02, 5.29,7.990, 7.245, 8.487, 8.003, 7.802, 7.813, 7.800, 8.160, 8.428, 8.907, 9.204, 9.503, 9.646, 9.876, 10.172, 10.402, 10.651, 10.895, 11.053, 11.153, 11.210, 11.272, 11.263, 11.220, 11.170, 11.101, 11.038, 10.989, 10.943, 10.908, 10.842, 10.788, 10.691, 10.716, 10.739, 10.793, 10.853, 10.885, 10.999, 11.043, 11.195, 11.291, 11.410, 11.585, 11.673, 11.793, 11.915, 11.966, 12.017, 12.074, 12.085, 12.099, 12.126, 12.135, 12.155, 12.170, 12.198, 12.249, 12.291, 12.319, 12.343, 12.390, 12.443, 12.488, 12.542, 12.610, 12.705, 12.736, 12.737, 12.764, 12.881, 12.910, 12.866, 12.817, 12.801, 12.884, 12.981, 12.966, 12.861, 12.750, 12.675, 12.756, 12.890, 12.933, 12.897, 12.873, 12.885, 12.999, 13.166, 13.302, 13.333, 13.319, 13.281, 13.269, 13.314, 13.407, 13.448, 13.398, 13.238, 13.056, 12.881, 12.755, 12.612, 12.236, 11.316, 10.004, 8.958, 8.444, 8.228, 8.132, 8.157, 8.283, 8.608, 9.059, 9.542, 10.004, 10.403, 10.727, 11.002, 11.245, 11.474, 11.719, 11.972, 12.221, 12.446, 12.641, 12.796, 12.895, 12.967, 13.001, 13.008, 12.995, 12.993, 13.002, 13.038, 13.063, 13.075, 13.081, 13.041, 12.931, 12.814, 12.627, 12.479, 12.344, 12.272, 12.214, 12.162, 12.134, 12.078, 11.963, 11.688, 11.070, 9.892, 7.949, 5.772, 4.357, 3.790, 3.617, 3.610, 3.733, 3.942, 4.213, 4.534, 4.879, 5.251, 5.635, 6.013, 6.397, 6.763, 7.118, 7.484, 7.829, 8.175, 8.505, 8.803, 9.101, 9.368, 9.612, 9.830, 10.023, 10.203, 10.334, 10.465, 10.575, 10.663, 10.635, 10.608, 10.544, 10.572, 10.595, 10.488, 10.433, 10.320, 10.186, 10.058, 9.857, 9.655, 9.387, 9.127, 8.885, 8.695, 8.485, 8.350, 8.140, 7.946, 7.728, 7.489, 7.342, 7.012, 6.830, 6.517, 6.346, 6.204, 5.945, 5.781, 5.534, 16.3,1069731.0,1198681.0,858326.03,69008.44,3417.09,19568.28,534.86,25220.81,266.09,372.91,31.80,823.99,24.07,1374.25,25.67,809.10,16.96,732.55,50.74,20.89,6.10,0.00,45.64,398.69,13.32,22724.85,135.23,0.00,110.39,0.00,11.26,9.89,2.06,60.30,2.26,33.14,1.35,0.00,4.30,99.89,1.31,122.52,1.41,12.27,0.86,99.96,1.41,0.00,29.16,0.00,49.70,64.99,8.79,20.93,5.96,63.15,8.73,0.00,510.13,0.00,45.70,0.00,24.20,12.55,1.28,19.63,3.72,0.00,142.78,0.00,67.77,246132.07,114435.03,5666.48,36973.53,1010.60,53955.76,569.26,854.47,72.87,2057.42,60.10,1655.43,30.92,1132.10,23.73,1222.26,84.66,37.29,10.89,0.00,66.71,572.85,19.14,32490.71,193.34,0.00,140.36,0.00,14.33,12.38,2.58,75.06,2.81,43.76,1.78,0.00,6.04,109.24,1.43,144.89,1.67,15.58,1.09,135.02,1.90,0.00,34.18,0.00,66.27,69.81,9.44,23.91,6.81,80.17,11.08,0.00,610.68,0.00,53.65,0.00,26.13,13.52,1.38,21.88,4.15,0.00,162.47,0.00,76.88
28.5,28.5,1,28.500,18/03/2026 01:06:23,17.328,1157878.767,9.38, 10.15, 9.25,38.10, -2.13, 5.36,7.513, 7.394, 7.689, 7.101, 7.127, 6.982, 7.103, 7.351, 7.689, 8.150, 8.451, 8.702, 8.877, 9.063, 9.328, 9.589, 9.847, 10.050, 10.199, 10.303, 10.389, 10.387, 10.399, 10.368, 10.296, 10.239, 10.169, 10.098, 10.056, 10.024, 9.955, 9.884, 9.816, 9.791, 9.907, 9.858, 10.045, 9.985, 10.124, 10.233, 10.240, 10.476, 10.539, 10.643, 10.864, 10.917, 10.997, 11.144, 11.162, 11.186, 11.244, 11.260, 11.276, 11.303, 11.290, 11.320, 11.393, 11.413, 11.403, 11.454, 11.539, 11.524, 11.514, 11.574, 11.701, 11.805, 11.717, 11.763, 11.815, 11.909, 12.023, 12.003, 11.948, 11.928, 11.974, 12.055, 12.115, 12.090, 12.011, 11.869, 11.757, 11.764, 11.863, 11.927, 11.953, 11.953, 11.984, 12.030, 12.128, 12.252, 12.357, 12.426, 12.445, 12.404, 12.351, 12.304, 12.289, 12.239, 12.147, 11.989, 11.822, 11.622, 11.265, 10.586, 9.286, 7.727, 6.670, 6.231, 6.110, 6.079, 6.088, 6.126, 6.321, 6.667, 7.117, 7.626, 8.154, 8.659, 9.117, 9.505, 9.820, 10.059, 10.261, 10.439, 10.607, 10.781, 10.969, 11.165, 11.335, 11.488, 11.599, 11.663, 11.676, 11.643, 11.590, 11.510, 11.430, 11.317, 11.206, 11.092, 10.929, 10.764, 10.615, 10.524, 10.457, 10.433, 10.442, 10.391, 10.272, 10.060, 9.639, 8.845, 7.477, 5.534, 3.760, 2.821, 2.495, 2.406, 2.413, 2.485, 2.612, 2.766, 2.952, 3.172, 3.410, 3.657, 3.936, 4.217, 4.502, 4.818, 5.128, 5.440, 5.768, 6.082, 6.412, 6.699, 6.982, 7.249, 7.463, 7.693, 7.850, 8.004, 8.109, 8.196, 8.243, 8.229, 8.183, 8.098, 8.095, 8.064, 7.963, 7.891, 7.795, 7.650, 7.548, 7.352, 7.178, 6.917, 6.687, 6.482, 6.225, 6.015, 5.856, 5.640, 5.351, 5.119, 4.821, 4.676, 4.410, 4.162, 3.904, 3.765, 3.531, 3.444, 3.363, 3.324, 16.3,1171136.0,1176369.0,893162.77,42950.43,2913.75,19071.59,490.95,21907.20,228.59,336.62,28.18,746.06,21.32,806.07,20.69,562.18,14.03,818.83,47.85,24.57,5.71,93.06,14.12,272.69,10.82,18846.18,103.95,0.00,96.63,0.00,11.83,0.00,9.77,50.07,1.92,31.63,1.20,0.00,4.17,54.76,0.88,100.15,1.16,5.78,0.68,68.16,1.13,0.00,26.98,0.00,46.23,0.00,392.80,19.90,5.44,32.80,7.93,0.00,468.71,0.00,42.21,0.00,20.00,12.75,1.12,25.80,3.26,0.00,129.83,0.00,50.63,187889.11,71223.66,4831.80,36035.06,927.63,46866.84,489.03,771.32,64.57,1862.84,53.23,971.00,24.92,786.61,19.63,1366.21,79.84,43.86,10.19,136.01,20.64,391.81,15.55,26945.21,148.62,0.00,122.86,0.00,15.05,0.00,12.23,62.32,2.39,41.76,1.58,0.00,5.86,59.89,0.96,118.44,1.37,7.34,0.86,92.07,1.53,0.00,31.63,0.00,61.65,0.00,421.91,22.73,6.21,41.64,10.07,0.00,561.09,0.00,49.56,0.00,21.60,13.73,1.21,28.76,3.63,0.00,147.73,0.00,57.44
29.0,29.0,1,29.000,18/03/2026 01:06:48,18.188,,9.84, 10.66, 9.82,39.00, -2.26, 5.12,7.855, 6.760, 6.983, 6.937, 7.157, 7.313, 7.606, 7.827, 8.190, 8.672, 8.956, 9.264, 9.392, 9.638, 9.911, 10.139, 10.386, 10.619, 10.750, 10.833, 10.878, 10.924, 10.892, 10.860, 10.803, 10.680, 10.657, 10.527, 10.513, 10.454, 10.383, 10.305, 10.198, 10.206, 10.256, 10.301, 10.371, 10.401, 10.481, 10.579, 10.655, 10.807, 10.910, 11.018, 11.212, 11.255, 11.359, 11.513, 11.466, 11.521, 11.646, 11.582, 11.551, 11.691, 11.672, 11.588, 11.686, 11.812, 11.772, 11.726, 11.828, 11.910, 11.903, 11.899, 11.978, 12.124, 12.201, 12.182, 12.228, 12.277, 12.390, 12.414, 12.386, 12.329, 12.312, 12.385, 12.464, 12.482, 12.391, 12.218, 12.089, 12.148, 12.287, 12.407, 12.398, 12.324, 12.290, 12.365, 12.536, 12.732, 12.840, 12.827, 12.712, 12.629, 12.607, 12.694, 12.813, 12.833, 12.705, 12.451, 12.167, 11.920, 11.668, 11.213, 10.220, 8.881, 7.849, 7.318, 7.036, 6.869, 6.808, 6.882, 7.199, 7.695, 8.278, 8.842, 9.318, 9.701, 10.001, 10.227, 10.428, 10.645, 10.883, 11.158, 11.430, 11.680, 11.904, 12.068, 12.166, 12.206, 12.200, 12.176, 12.132, 12.105, 12.109, 12.117, 12.131, 12.129, 12.092, 11.998, 11.858, 11.671, 11.498, 11.351, 11.265, 11.219, 11.121, 11.087, 11.018, 10.873, 10.529, 9.834, 8.537, 6.544, 4.524, 3.356, 2.901, 2.758, 2.734, 2.812, 2.962, 3.181, 3.452, 3.754, 4.074, 4.432, 4.770, 5.107, 5.417, 5.739, 6.052, 6.349, 6.640, 6.953, 7.239, 7.535, 7.826, 8.102, 8.350, 8.605, 8.819, 9.009, 9.169, 9.310, 9.381, 9.418, 9.409, 9.311, 9.293, 9.219, 9.097, 8.944, 8.795, 8.595, 8.413, 8.195, 7.990, 7.728, 7.514, 7.310, 7.099, 6.985, 6.843, 6.696, 6.494, 6.337, 6.112, 5.982, 5.754, 5.588, 5.351, 5.156, 4.995, 4.720, 4.523, 4.506, 16.3,1155800.0,1178593.0,892223.89,41467.27,2927.34,20302.75,507.66,22424.86,233.64,360.25,28.93,712.44,21.44,862.39,21.34,499.89,14.06,868.41,48.76,0.00,16.79,119.82,13.96,235.89,10.36,19468.51,107.85,0.00,98.23,0.00,12.76,21.74,2.14,36.12,1.82,21.81,1.16,0.00,4.48,53.07,0.90,106.39,1.21,6.47,0.70,75.34,1.17,0.00,27.69,0.00,47.24,0.00,398.59,0.00,274.33,43.11,8.04,0.00,475.43,16.49,2.81,5.74,1.07,14.40,1.19,52.96,3.20,0.00,125.67,0.00,60.84,189790.02,68764.17,4854.34,38361.29,959.20,47974.29,499.83,825.46,66.29,1778.89,53.53,1038.84,25.71,699.45,19.67,1448.94,81.36,0.00,29.97,175.12,20.40,338.94,14.89,27834.98,154.20,0.00,124.90,0.00,16.24,27.21,2.68,44.96,2.27,28.80,1.53,0.00,6.30,58.04,0.98,125.82,1.43,8.22,0.89,101.77,1.58,0.00,32.46,0.00,62.99,0.00,428.13,0.00,313.38,54.73,10.21,0.00,569.14,19.36,3.30,6.20,1.16,15.51,1.28,59.04,3.57,0.00,143.00,0.00,69.02
29.5,29.5,1,29.500,18/03/2026 01:07:06,20.566,,10.76, 11.61, 11.13,40.58, -1.99, 4.05,10.541, 11.185, 9.983, 9.645, 9.182, 9.208, 9.163, 9.213, 9.471, 9.935, 10.200, 10.383, 10.512, 10.733, 10.989, 11.194, 11.394, 11.602, 11.718, 11.791, 11.831, 11.834, 11.819, 11.777, 11.683, 11.598, 11.534, 11.441, 11.414, 11.337, 11.283, 11.193, 11.091, 11.104, 11.141, 11.204, 11.246, 11.289, 11.370, 11.421, 11.557, 11.637, 11.763, 11.897, 11.993, 12.123, 12.214, 12.264, 12.336, 12.384, 12.370, 12.402, 12.457, 12.438, 12.418, 12.489, 12.527, 12.511, 12.541, 12.632, 12.631, 12.617, 12.668, 12.781, 12.827, 12.847, 12.880, 12.954, 12.981, 12.985, 13.054, 13.091, 13.075, 13.030, 13.014, 13.089, 13.173, 13.139, 13.028, 12.909, 12.848, 12.951, 13.047, 13.039, 12.980, 12.954, 13.014, 13.178, 13.355, 13.397, 13.359, 13.306, 13.287, 13.335, 13.446, 13.551, 13.541, 13.403, 13.203, 12.995, 12.861, 12.786, 12.674, 12.292, 11.295, 9.879, 8.763, 8.218, 8.006, 7.956, 8.016, 8.165, 8.490, 8.926, 9.365, 9.776, 10.162, 10.513, 10.835, 11.124, 11.381, 11.632, 11.893, 12.127, 12.342, 12.489, 12.612, 12.691, 12.775, 12.837, 12.862, 12.856, 12.844, 12.845, 12.883, 12.915, 12.936, 12.912, 12.843, 12.713, 12.570, 12.398, 12.233, 12.096, 12.003, 11.927, 11.840, 11.814, 11.775, 11.669, 11.401, 10.777, 9.562, 7.595, 5.491, 4.210, 3.706, 3.557, 3.531, 3.603, 3.752, 3.955, 4.204, 4.506, 4.839, 5.210, 5.602, 5.994, 6.373, 6.735, 7.102, 7.442, 7.769, 8.090, 8.367, 8.644, 8.903, 9.104, 9.291, 9.433, 9.561, 9.668, 9.785, 9.888, 10.006, 10.068, 10.082, 10.084, 10.129, 10.136, 10.035, 9.964, 9.863, 9.698, 9.557, 9.349, 9.100, 8.848, 8.547, 8.349, 8.033, 7.825, 7.612, 7.363, 7.079, 6.883, 6.689, 6.479, 6.227, 6.051, 5.896, 5.715, 5.462, 5.425, 5.287, 5.161, 16.2,1149876.0,1177267.0,895151.52,39986.88,2918.54,18862.06,494.68,22445.53,233.84,293.15,28.09,713.17,21.43,872.38,21.27,614.90,14.47,832.14,48.53,29.65,5.87,126.71,15.28,175.17,9.64,19446.18,107.84,0.00,96.08,0.00,10.11,13.42,1.97,67.89,2.23,26.38,1.17,0.00,4.59,52.04,0.90,102.00,1.19,8.69,0.71,77.68,1.19,0.00,26.47,0.00,47.86,0.00,398.43,26.25,5.50,42.36,7.98,0.00,466.48,0.00,48.55,0.00,22.74,11.50,1.14,13.17,3.33,0.00,133.39,9.20,1.23,184562.81,66309.28,4839.74,35639.16,934.68,48018.51,500.26,671.71,64.36,1780.72,53.51,1050.87,25.62,860.37,20.25,1388.42,80.97,52.93,10.48,185.19,22.33,251.69,13.85,27803.06,154.18,0.00,122.16,0.00,12.87,16.80,2.47,84.50,2.78,34.83,1.54,0.00,6.45,56.91,0.98,120.63,1.41,11.04,0.90,104.93,1.61,0.00,31.03,0.00,63.82,0.00,427.96,29.99,6.28,53.78,10.13,0.00,558.42,0.00,57.00,0.00,24.55,12.39,1.23,14.68,3.71,0.00,151.78,10.44,1.40
30.0,30.0,1,30.000,18/03/2026 01:07:32,20.374,,11.64, 12.54, 12.08,42.06, -1.92, 4.00,13.608, 11.512, 11.406, 10.299, 10.140, 9.829, 9.886, 10.088, 10.353, 10.769, 11.033, 11.271, 11.459, 11.632, 11.889, 12.098, 12.302, 12.494, 12.626, 12.743, 12.811, 12.787, 12.700, 12.688, 12.701, 12.524, 12.415, 12.455, 12.310, 12.284, 12.268, 12.076, 12.107, 11.974, 12.136, 12.076, 12.223, 12.177, 12.324, 12.336, 12.479, 12.570, 12.663, 12.840, 12.893, 13.048, 13.132, 13.152, 13.268, 13.276, 13.242, 13.342, 13.340, 13.283, 13.353, 13.412, 13.362, 13.394, 13.494, 13.502, 13.470, 13.527, 13.623, 13.634, 13.651, 13.711, 13.895, 13.859, 13.878, 13.941, 13.993, 13.966, 13.920, 13.905, 13.934, 13.983, 14.006, 13.930, 13.874, 13.807, 13.732, 13.760, 13.793, 13.805, 13.826, 13.840, 13.892, 13.958, 14.056, 14.128, 14.168, 14.198, 14.166, 14.150, 14.172, 14.206, 14.234, 14.183, 14.048, 13.865, 13.659, 13.517, 13.332, 12.925, 11.951, 10.600, 9.541, 8.988, 8.749, 8.628, 8.650, 8.778, 9.104, 9.559, 10.059, 10.548, 10.959, 11.301, 11.581, 11.836, 12.079, 12.335, 12.590, 12.814, 13.013, 13.210, 13.372, 13.499, 13.557, 13.572, 13.571, 13.581, 13.593, 13.611, 13.605, 13.588, 13.599, 13.601, 13.559, 13.490, 13.367, 13.196, 13.007, 12.859, 12.789, 12.732, 12.593, 12.555, 12.472, 12.329, 12.050, 11.424, 10.236, 8.248, 6.084, 4.752, 4.261, 4.117, 4.108, 4.200, 4.345, 4.556, 4.799, 5.085, 5.426, 5.770, 6.148, 6.543, 6.939, 7.345, 7.758, 8.151, 8.530, 8.873, 9.188, 9.468, 9.695, 9.888, 10.061, 10.200, 10.330, 10.438, 10.549, 10.642, 10.746, 10.806, 10.814, 10.810, 10.883, 10.899, 10.849, 10.852, 10.777, 10.655, 10.519, 10.290, 10.063, 9.715, 9.399, 9.089, 8.788, 8.587, 8.322, 8.109, 7.811, 7.598, 7.469, 7.313, 7.020, 6.865, 6.684, 6.491, 6.365, 6.290, 6.249, 6.181, 16.3,1131909.0,1216564.0,890079.12,38218.05,2932.42,22757.30,538.23,21631.49,232.25,392.58,29.91,778.60,22.22,1184.18,23.24,605.44,15.33,1166.42,53.00,53.73,6.49,143.08,16.93,310.49,11.88,22273.75,123.11,0.00,105.47,0.00,12.81,22.20,2.22,74.16,2.39,34.23,1.24,0.00,4.54,72.78,1.06,108.15,1.26,12.77,0.79,73.19,1.22,0.00,26.93,0.00,48.93,0.00,408.76,0.00,281.02,0.00,467.03,0.00,486.55,0.00,50.05,0.00,25.30,8.25,1.12,0.00,125.56,0.00,140.89,0.00,59.04,192809.21,63376.07,4862.76,42999.07,1016.97,46277.00,496.86,899.54,68.53,1944.09,55.48,1426.47,28.00,847.14,21.45,1946.16,88.43,95.92,11.59,209.12,24.74,446.12,17.07,31845.76,176.02,0.00,134.10,0.00,16.30,27.79,2.78,92.31,2.97,45.19,1.64,0.00,6.38,79.59,1.16,127.90,1.49,16.22,1.00,98.86,1.65,0.00,31.57,0.00,65.25,0.00,439.05,0.00,321.02,0.00,592.90,0.00,582.45,0.00,58.76,0.00,27.32,8.89,1.21,0.00,139.98,0.00,160.32,0.00,66.98
30.5,30.5,1,30.500,18/03/2026 01:08:06,20.504,,11.55, 12.44, 11.79,41.91, -1.98, 4.53,13.123, 9.793, 10.655, 9.438, 9.715, 9.488, 9.380, 9.685, 10.045, 10.497, 10.771, 10.988, 11.214, 11.424, 11.688, 11.934, 12.163, 12.395, 12.533, 12.626, 12.680, 12.669, 12.650, 12.689, 12.630, 12.440, 12.411, 12.414, 12.230, 12.252, 12.221, 12.017, 12.092, 11.908, 12.122, 11.988, 12.191, 12.084, 12.298, 12.224, 12.467, 12.433, 12.639, 12.730, 12.802, 13.007, 12.970, 13.105, 13.157, 13.115, 13.188, 13.180, 13.175, 13.212, 13.171, 13.206, 13.271, 13.236, 13.262, 13.355, 13.331, 13.283, 13.403, 13.511, 13.463, 13.431, 13.587, 13.752, 13.635, 13.562, 13.712, 13.814, 13.744, 13.539, 13.546, 13.757, 13.884, 13.721, 13.444, 13.339, 13.461, 13.661, 13.665, 13.464, 13.312, 13.420, 13.705, 13.909, 13.903, 13.738, 13.606, 13.662, 13.877, 14.066, 14.092, 13.953, 13.726, 13.552, 13.515, 13.559, 13.566, 13.462, 13.144, 12.537, 11.475, 10.218, 9.354, 9.044, 8.949, 8.847, 8.720, 8.639, 8.787, 9.189, 9.752, 10.388, 10.964, 11.376, 11.630, 11.745, 11.794, 11.851, 11.997, 12.235, 12.549, 12.898, 13.194, 13.392, 13.438, 13.371, 13.226, 13.080, 12.949, 12.910, 12.946, 13.063, 13.221, 13.350, 13.405, 13.361, 13.208, 12.951, 12.653, 12.377, 12.208, 12.123, 12.012, 12.051, 12.088, 12.086, 11.952, 11.451, 10.356, 8.428, 6.204, 4.722, 4.075, 3.814, 3.744, 3.836, 4.045, 4.358, 4.722, 5.137, 5.568, 6.023, 6.439, 6.823, 7.179, 7.509, 7.785, 8.061, 8.307, 8.549, 8.790, 9.029, 9.262, 9.517, 9.730, 9.963, 10.160, 10.357, 10.526, 10.682, 10.804, 10.865, 10.848, 10.804, 10.797, 10.717, 10.572, 10.442, 10.281, 10.128, 9.947, 9.745, 9.542, 9.315, 9.110, 8.935, 8.736, 8.603, 8.409, 8.276, 8.114, 7.930, 7.732, 7.552, 7.282, 7.047, 6.747, 6.478, 6.260, 5.999, 5.842, 5.687, 16.3,1126126.0,1176218.0,874729.54,60607.96,3221.71,20371.67,518.27,22187.50,239.38,299.38,29.19,941.88,23.68,111.08,18.86,288.59,13.43,576.87,46.52,23.39,5.78,101.37,14.96,298.30,11.54,19016.87,110.17,0.00,97.82,0.00,12.84,9.25,1.93,55.22,2.08,25.71,1.17,0.00,4.66,66.05,1.01,107.13,1.24,8.27,0.74,84.71,1.24,0.00,28.18,0.00,48.92,0.00,398.18,44.36,5.52,0.00,463.88,0.00,483.64,0.00,47.68,3.94,0.95,10.63,1.15,30.31,3.38,0.00,134.11,0.00,64.40,219346.65,100504.71,5342.48,38491.51,979.25,47466.49,512.11,685.99,66.88,2351.78,59.13,133.81,22.72,403.80,18.79,962.50,77.62,41.76,10.32,148.16,21.86,428.61,16.58,27189.25,157.51,0.00,124.38,0.00,16.34,11.58,2.42,68.73,2.59,33.95,1.54,0.00,6.55,72.23,1.10,126.69,1.47,10.50,0.94,114.42,1.67,0.00,33.03,0.00,65.23,0.00,427.69,50.67,6.31,0.00,588.90,0.00,578.97,0.00,55.98,4.25,1.03,11.45,1.24,33.79,3.77,0.00,152.60,0.00,73.06
31.0,31.0,1,31.000,18/03/2026 01:08:32,19.844,,11.69, 12.57, 11.90,42.11, -1.84, 4.57,11.051, 9.593, 10.791, 9.794, 9.673, 9.498, 9.559, 9.827, 10.132, 10.589, 10.880, 11.111, 11.287, 11.527, 11.773, 12.004, 12.244, 12.487, 12.616, 12.717, 12.815, 12.831, 12.813, 12.822, 12.749, 12.608, 12.620, 12.540, 12.435, 12.484, 12.338, 12.320, 12.221, 12.216, 12.273, 12.281, 12.356, 12.368, 12.464, 12.510, 12.637, 12.720, 12.831, 12.986, 13.047, 13.191, 13.255, 13.287, 13.374, 13.400, 13.353, 13.410, 13.459, 13.386, 13.378, 13.491, 13.492, 13.404, 13.513, 13.616, 13.537, 13.475, 13.612, 13.736, 13.665, 13.633, 13.739, 13.865, 13.795, 13.724, 13.806, 13.923, 13.914, 13.761, 13.739, 13.830, 13.958, 13.903, 13.707, 13.577, 13.543, 13.662, 13.716, 13.629, 13.561, 13.612, 13.738, 13.907, 13.960, 13.900, 13.872, 13.929, 13.992, 14.080, 14.115, 14.028, 13.895, 13.799, 13.699, 13.599, 13.500, 13.394, 13.085, 12.485, 11.377, 10.012, 9.012, 8.565, 8.402, 8.311, 8.232, 8.208, 8.426, 8.877, 9.446, 10.022, 10.539, 10.972, 11.304, 11.510, 11.628, 11.752, 11.953, 12.204, 12.464, 12.724, 12.965, 13.171, 13.308, 13.339, 13.254, 13.128, 13.025, 12.994, 13.001, 13.016, 13.050, 13.090, 13.111, 13.126, 13.048, 12.871, 12.619, 12.388, 12.216, 12.116, 12.022, 11.989, 11.924, 11.791, 11.519, 10.934, 9.776, 7.828, 5.681, 4.330, 3.782, 3.573, 3.543, 3.637, 3.818, 4.067, 4.363, 4.696, 5.041, 5.408, 5.781, 6.152, 6.534, 6.903, 7.271, 7.623, 7.961, 8.252, 8.556, 8.812, 9.097, 9.338, 9.549, 9.737, 9.880, 9.963, 10.048, 10.117, 10.201, 10.235, 10.243, 10.249, 10.299, 10.312, 10.242, 10.204, 10.068, 9.906, 9.743, 9.534, 9.346, 9.113, 8.878, 8.610, 8.395, 8.160, 7.984, 7.721, 7.499, 7.294, 7.017, 6.785, 6.548, 6.365, 6.126, 5.821, 5.617, 5.374, 5.310, 5.203, 16.2,1113217.0,1148832.0,889451.37,48955.75,3171.96,22003.02,543.22,22611.60,245.34,470.28,32.28,782.72,23.42,0.00,814.49,136.51,13.15,231.84,42.92,0.00,16.52,0.00,49.44,142.73,9.27,14677.24,88.53,0.00,86.78,0.00,13.04,13.24,1.99,56.71,2.05,17.32,1.21,0.00,4.50,65.62,0.98,106.18,1.22,9.89,0.74,67.89,1.15,0.00,28.62,0.00,50.53,96.14,8.23,64.13,5.48,0.00,463.04,0.00,490.11,0.00,42.58,0.00,19.13,25.46,1.33,14.35,3.35,0.00,137.31,0.00,58.43,196560.94,81182.14,5259.98,41573.88,1026.39,48373.78,524.86,1077.58,73.97,1954.38,58.48,0.00,981.14,191.01,18.40,386.82,71.61,0.00,29.49,0.00,72.26,205.08,13.32,20984.69,126.58,0.00,110.34,0.00,16.59,16.57,2.49,70.59,2.55,22.87,1.60,0.00,6.32,71.76,1.07,125.57,1.44,12.56,0.94,91.70,1.55,0.00,33.55,0.00,67.38,103.27,8.84,73.26,6.26,0.00,587.84,0.00,586.71,0.00,49.99,0.00,20.66,27.43,1.43,16.00,3.73,0.00,156.25,0.00,66.28
31.5,31.5,1,31.500,18/03/2026 01:08:58,21.427,,10.48, 11.25, 10.62,40.00, -1.65, 4.50,11.370, 8.867, 9.917, 8.558, 8.612, 8.346, 8.617, 8.695, 8.987, 9.442, 9.722, 9.940, 10.076, 10.298, 10.521, 10.713, 10.935, 11.134, 11.256, 11.365, 11.448, 11.498, 11.492, 11.476, 11.393, 11.374, 11.334, 11.213, 11.278, 11.197, 11.153, 11.122, 11.010, 11.082, 11.076, 11.173, 11.178, 11.266, 11.300, 11.422, 11.466, 11.652, 11.696, 11.884, 11.994, 12.009, 12.199, 12.218, 12.242, 12.357, 12.298, 12.332, 12.420, 12.380, 12.357, 12.456, 12.518, 12.448, 12.522, 12.617, 12.596, 12.583, 12.607, 12.780, 12.780, 12.831, 12.807, 12.914, 12.954, 13.034, 13.054, 12.977, 13.056, 13.009, 13.117, 13.039, 13.050, 13.077, 12.995, 12.990, 12.826, 12.783, 12.908, 12.918, 12.989, 13.074, 13.015, 13.082, 13.218, 13.248, 13.342, 13.449, 13.383, 13.321, 13.399, 13.401, 13.349, 13.348, 13.263, 13.000, 12.768, 12.691, 12.485, 11.931, 10.896, 9.576, 8.539, 7.996, 7.797, 7.745, 7.749, 7.791, 8.057, 8.546, 9.110, 9.605, 9.984, 10.348, 10.714, 11.031, 11.228, 11.410, 11.686, 12.016, 12.303, 12.445, 12.519, 12.623, 12.778, 12.896, 12.903, 12.863, 12.833, 12.892, 12.999, 13.048, 12.980, 12.849, 12.727, 12.660, 12.623, 12.517, 12.344, 12.168, 12.057, 12.048, 12.041, 12.077, 12.003, 11.774, 11.352, 10.614, 9.390, 7.484, 5.404, 4.111, 3.625, 3.466, 3.469, 3.581, 3.766, 4.026, 4.311, 4.629, 4.951, 5.270, 5.577, 5.897, 6.249, 6.635, 7.026, 7.416, 7.789, 8.130, 8.451, 8.769, 9.093, 9.425, 9.698, 9.958, 10.110, 10.216, 10.220, 10.190, 10.163, 10.099, 10.030, 10.016, 10.070, 10.175, 10.138, 10.107, 10.037, 9.916, 9.790, 9.631, 9.485, 9.301, 9.117, 8.911, 8.681, 8.472, 8.272, 7.977, 7.653, 7.388, 7.104, 6.765, 6.507, 6.222, 6.024, 5.772, 5.715, 5.353, 5.172, 5.370, 16.2,1078052.0,1161244.0,880738.91,54015.83,3293.09,20451.20,537.64,23363.52,253.93,514.59,33.60,1737.01,29.66,0.00,776.76,221.53,13.57,715.57,50.37,36.30,6.46,87.78,16.58,225.70,11.06,17459.76,105.36,0.00,95.18,0.00,13.37,31.30,2.41,48.05,2.08,27.96,1.20,0.00,4.78,90.08,1.19,112.25,1.30,11.79,0.81,58.13,1.16,0.00,29.32,0.00,50.86,0.00,421.45,0.00,289.94,0.00,475.66,29.62,9.14,13.26,2.84,0.00,30.68,9.88,1.16,0.00,130.22,0.00,145.71,0.00,65.69,211220.17,89573.14,5460.85,38641.78,1015.85,49982.39,543.24,1179.11,76.99,4337.15,74.06,0.00,935.69,309.97,18.99,1193.92,84.04,64.80,11.53,128.30,24.23,324.29,15.89,24962.98,150.64,0.00,121.02,0.00,17.01,39.18,3.02,59.81,2.59,36.92,1.58,0.00,6.72,98.51,1.30,132.75,1.54,14.97,1.03,78.52,1.57,0.00,34.37,0.00,67.82,0.00,452.69,0.00,331.21,0.00,603.86,35.46,10.94,15.57,3.33,0.00,33.13,10.64,1.25,0.00,145.17,0.00,165.80,0.00,74.52
32.0,32.0,1,32.000,18/03/2026 01:09:15,17.327,,10.24, 11.00, 10.47,39.59, -1.67, 4.21,11.046, 10.162, 9.392, 9.050, 8.600, 8.643, 8.570, 8.671, 8.985, 9.333, 9.565, 9.784, 9.901, 10.099, 10.346, 10.501, 10.715, 10.912, 11.037, 11.138, 11.202, 11.235, 11.227, 11.206, 11.143, 11.073, 11.030, 10.963, 10.935, 10.895, 10.838, 10.761, 10.669, 10.676, 10.738, 10.803, 10.849, 10.918, 10.961, 11.064, 11.145, 11.252, 11.372, 11.468, 11.605, 11.690, 11.769, 11.847, 11.880, 11.915, 11.923, 11.948, 11.976, 11.962, 11.964, 12.028, 12.036, 12.026, 12.088, 12.149, 12.125, 12.120, 12.204, 12.267, 12.296, 12.309, 12.356, 12.455, 12.458, 12.482, 12.500, 12.546, 12.525, 12.482, 12.486, 12.500, 12.572, 12.569, 12.495, 12.377, 12.267, 12.301, 12.368, 12.413, 12.401, 12.384, 12.399, 12.482, 12.621, 12.730, 12.762, 12.750, 12.711, 12.685, 12.698, 12.763, 12.787, 12.725, 12.564, 12.340, 12.130, 11.979, 11.778, 11.324, 10.324, 8.979, 7.958, 7.455, 7.243, 7.138, 7.143, 7.242, 7.537, 7.969, 8.447, 8.893, 9.279, 9.604, 9.882, 10.152, 10.401, 10.652, 10.907, 11.151, 11.371, 11.538, 11.687, 11.789, 11.858, 11.901, 11.931, 11.946, 11.947, 11.946, 11.959, 11.953, 11.939, 11.903, 11.834, 11.719, 11.601, 11.435, 11.273, 11.129, 11.039, 10.992, 10.938, 10.907, 10.823, 10.669, 10.365, 9.726, 8.583, 6.806, 4.991, 3.891, 3.465, 3.332, 3.311, 3.391, 3.527, 3.710, 3.924, 4.176, 4.446, 4.743, 5.055, 5.374, 5.692, 6.030, 6.353, 6.712, 7.041, 7.345, 7.642, 7.906, 8.159, 8.375, 8.529, 8.686, 8.797, 8.883, 8.964, 9.022, 9.075, 9.071, 9.033, 9.012, 9.060, 9.108, 9.076, 9.068, 9.001, 8.908, 8.805, 8.642, 8.457, 8.204, 7.918, 7.656, 7.423, 7.187, 6.981, 6.734, 6.553, 6.326, 6.053, 5.834, 5.711, 5.470, 5.319, 5.122, 5.067, 5.027, 4.905, 4.816, 16.2,1088779.0,1159589.0,881710.51,55694.72,3236.00,21116.96,531.96,21666.35,239.20,324.91,30.14,1043.69,24.79,0.00,749.99,195.82,13.23,497.87,46.08,0.00,16.03,228.54,17.02,224.98,10.73,16842.01,100.11,0.00,95.16,0.00,11.84,29.07,2.28,49.70,2.00,28.10,1.14,0.00,3.76,71.70,1.03,89.78,1.13,11.23,0.76,58.98,1.11,7.96,0.95,0.00,49.79,32.68,8.08,36.80,5.47,0.00,460.67,0.00,482.46,0.00,47.55,0.00,23.27,6.67,1.03,30.96,3.28,0.00,132.94,0.00,56.52,208342.74,92357.21,5366.18,39899.71,1005.12,46351.58,511.73,744.49,69.06,2605.99,61.90,0.00,903.44,273.99,18.51,830.69,76.88,0.00,28.62,334.02,24.88,323.26,15.42,24079.76,143.13,0.00,120.99,0.00,15.07,36.39,2.85,61.86,2.49,37.10,1.51,0.00,5.28,78.41,1.13,106.17,1.34,14.26,0.97,79.67,1.50,9.33,1.11,0.00,66.39,35.10,8.68,42.04,6.25,0.00,584.83,0.00,577.55,0.00,55.83,0.00,25.13,7.19,1.11,34.52,3.66,0.00,151.27,0.00,64.12
32.5,32.5,1,32.500,18/03/2026 01:09:41,15.411,,9.07, 9.83, 9.19,37.53, -2.21, 4.58,7.736, 8.122, 7.680, 6.984, 7.226, 7.262, 7.261, 7.453, 7.697, 8.125, 8.390, 8.623, 8.766, 8.953, 9.210, 9.408, 9.617, 9.810, 9.925, 9.992, 10.051, 10.073, 10.049, 9.981, 9.923, 9.839, 9.739, 9.700, 9.604, 9.594, 9.487, 9.412, 9.303, 9.306, 9.344, 9.399, 9.446, 9.497, 9.553, 9.637, 9.726, 9.854, 9.948, 10.082, 10.216, 10.301, 10.409, 10.497, 10.522, 10.580, 10.622, 10.608, 10.621, 10.665, 10.657, 10.643, 10.696, 10.749, 10.746, 10.748, 10.804, 10.843, 10.872, 10.892, 10.973, 11.042, 11.102, 11.124, 11.154, 11.205, 11.269, 11.291, 11.254, 11.237, 11.241, 11.285, 11.363, 11.339, 11.282, 11.175, 11.097, 11.124, 11.213, 11.256, 11.244, 11.225, 11.260, 11.353, 11.450, 11.556, 11.597, 11.592, 11.574, 11.578, 11.607, 11.646, 11.658, 11.604, 11.482, 11.309, 11.154, 11.034, 10.846, 10.409, 9.452, 8.187, 7.238, 6.781, 6.589, 6.526, 6.542, 6.622, 6.868, 7.236, 7.654, 8.088, 8.470, 8.821, 9.124, 9.389, 9.632, 9.848, 10.048, 10.240, 10.421, 10.584, 10.724, 10.844, 10.934, 10.988, 11.015, 11.046, 11.042, 11.032, 11.029, 11.017, 10.986, 10.946, 10.845, 10.739, 10.604, 10.447, 10.296, 10.187, 10.126, 10.095, 10.065, 10.038, 9.953, 9.809, 9.495, 8.852, 7.705, 5.967, 4.231, 3.214, 2.847, 2.749, 2.772, 2.878, 3.037, 3.230, 3.449, 3.696, 3.945, 4.212, 4.480, 4.723, 4.979, 5.229, 5.495, 5.759, 6.036, 6.304, 6.583, 6.853, 7.093, 7.339, 7.559, 7.767, 7.926, 8.066, 8.188, 8.266, 8.362, 8.339, 8.307, 8.245, 8.199, 8.107, 8.024, 7.896, 7.793, 7.666, 7.504, 7.378, 7.187, 7.008, 6.838, 6.653, 6.485, 6.341, 6.285, 6.091, 5.990, 5.814, 5.670, 5.503, 5.210, 5.097, 4.975, 4.760, 4.464, 4.324, 4.229, 4.125, 16.2,1193501.0,1144102.0,897936.94,46946.93,2829.67,18746.69,463.36,18286.40,199.94,264.03,25.47,824.16,20.59,0.00,762.23,147.18,11.12,300.17,39.57,0.00,13.63,79.39,11.93,194.49,9.17,16022.84,86.77,0.00,83.23,0.00,10.37,0.00,10.26,41.67,1.69,67.67,1.44,0.00,3.93,26.01,0.62,44.67,0.75,2.16,0.58,36.06,0.89,0.00,25.99,0.00,45.12,0.00,364.57,0.00,247.20,0.00,407.76,0.00,419.92,0.00,38.66,0.00,24.91,12.54,1.04,20.02,3.03,0.00,123.91,0.00,52.94,179376.27,77850.96,4692.37,35421.17,875.50,39120.73,427.74,604.99,58.36,2057.85,51.41,0.00,918.19,205.94,15.56,500.83,66.02,0.00,24.33,116.03,17.44,279.45,13.18,22908.56,124.06,0.00,105.83,0.00,13.20,0.00,12.84,51.87,2.10,89.35,1.90,0.00,5.52,28.44,0.68,52.83,0.89,2.74,0.74,48.71,1.20,0.00,30.47,0.00,60.17,0.00,391.59,0.00,282.38,0.00,517.66,0.00,502.69,0.00,45.39,0.00,26.90,13.51,1.12,22.32,3.38,0.00,141.00,0.00,60.06
33.0,33.0,1,33.000,18/03/2026 01:10:07,16.136,,8.42, 9.16, 8.44,36.29, -2.49, 4.88,7.447, 5.466, 6.963, 6.476, 6.072, 6.430, 6.469, 6.805, 7.051, 7.432, 7.638, 7.941, 8.116, 8.283, 8.540, 8.739, 8.955, 9.170, 9.289, 9.343, 9.403, 9.416, 9.363, 9.324, 9.255, 9.139, 9.053, 8.973, 8.901, 8.844, 8.772, 8.644, 8.577, 8.529, 8.620, 8.642, 8.714, 8.762, 8.804, 8.928, 8.975, 9.132, 9.224, 9.348, 9.502, 9.583, 9.699, 9.782, 9.821, 9.891, 9.906, 9.913, 9.965, 9.964, 9.929, 9.988, 10.044, 10.032, 10.034, 10.122, 10.160, 10.131, 10.171, 10.264, 10.362, 10.386, 10.348, 10.402, 10.526, 10.601, 10.596, 10.594, 10.610, 10.640, 10.680, 10.700, 10.694, 10.703, 10.648, 10.588, 10.498, 10.519, 10.596, 10.635, 10.636, 10.643, 10.693, 10.778, 10.891, 10.976, 11.009, 10.987, 10.978, 10.993, 11.048, 11.112, 11.127, 11.048, 10.874, 10.676, 10.490, 10.387, 10.222, 9.832, 8.893, 7.617, 6.634, 6.136, 5.909, 5.826, 5.848, 5.973, 6.267, 6.679, 7.109, 7.516, 7.872, 8.175, 8.442, 8.700, 8.945, 9.202, 9.458, 9.711, 9.924, 10.099, 10.232, 10.323, 10.361, 10.374, 10.379, 10.387, 10.406, 10.423, 10.460, 10.470, 10.482, 10.452, 10.366, 10.247, 10.080, 9.891, 9.695, 9.554, 9.467, 9.442, 9.392, 9.372, 9.328, 9.184, 8.897, 8.257, 7.109, 5.404, 3.729, 2.770, 2.427, 2.326, 2.322, 2.393, 2.526, 2.694, 2.886, 3.106, 3.350, 3.606, 3.867, 4.129, 4.380, 4.648, 4.914, 5.181, 5.452, 5.711, 5.973, 6.212, 6.447, 6.678, 6.867, 7.053, 7.196, 7.325, 7.436, 7.518, 7.606, 7.608, 7.573, 7.532, 7.516, 7.433, 7.343, 7.242, 7.136, 7.026, 6.896, 6.758, 6.603, 6.397, 6.226, 6.034, 5.887, 5.779, 5.622, 5.504, 5.325, 5.152, 4.970, 4.808, 4.579, 4.413, 4.214, 4.005, 3.971, 3.687, 3.614, 3.541, 16.3,1275391.0,1174094.0,908083.57,36142.49,2643.79,18839.87,453.86,17961.05,192.72,351.77,25.64,983.08,20.75,215.92,16.21,224.37,11.21,266.61,38.04,20.02,5.04,97.61,12.23,243.17,9.55,16302.37,84.87,0.00,82.41,0.00,10.63,0.00,10.03,43.23,1.70,36.37,1.12,0.00,4.39,31.19,0.65,52.47,0.79,7.54,0.61,41.99,0.90,0.00,25.74,0.00,43.74,0.00,355.25,15.43,4.88,0.00,404.59,0.00,421.57,0.00,45.47,0.00,25.03,9.15,0.98,30.77,2.94,0.00,119.23,0.00,52.76,162397.79,59934.22,4384.13,35597.23,857.55,38424.70,412.29,806.03,58.75,2454.66,51.81,260.10,19.53,313.94,15.69,444.84,63.47,35.74,9.00,142.66,17.87,349.40,13.72,23308.21,121.34,0.00,104.78,0.00,13.53,0.00,12.56,53.81,2.12,48.02,1.48,0.00,6.17,34.11,0.71,62.05,0.93,9.58,0.77,56.72,1.22,0.00,30.17,0.00,58.33,0.00,381.58,17.63,5.57,0.00,513.63,0.00,504.66,0.00,53.38,0.00,27.03,9.86,1.06,34.30,3.28,0.00,135.67,0.00,59.85
33.5,33.5,1,33.500,18/03/2026 01:10:33,16.735,1157878.899,8.56, 9.32, 8.42,36.60, -2.55, 5.46,7.572, 5.941, 6.992, 6.490, 6.467, 6.214, 6.299, 6.638, 6.958, 7.332, 7.656, 7.939, 8.157, 8.365, 8.599, 8.849, 9.089, 9.288, 9.420, 9.490, 9.567, 9.599, 9.559, 9.510, 9.433, 9.363, 9.233, 9.174, 9.129, 9.042, 9.004, 8.854, 8.778, 8.747, 8.840, 8.882, 8.974, 8.987, 9.107, 9.146, 9.304, 9.386, 9.537, 9.670, 9.780, 9.954, 9.990, 10.104, 10.204, 10.177, 10.228, 10.314, 10.259, 10.263, 10.339, 10.330, 10.320, 10.403, 10.441, 10.427, 10.470, 10.525, 10.543, 10.575, 10.672, 10.781, 10.763, 10.753, 10.817, 10.949, 11.014, 10.980, 10.905, 10.951, 11.050, 11.104, 11.082, 11.007, 10.960, 10.945, 10.895, 10.897, 10.916, 10.931, 10.972, 11.046, 11.111, 11.157, 11.198, 11.264, 11.348, 11.397, 11.428, 11.430, 11.418, 11.410, 11.400, 11.369, 11.269, 11.120, 10.956, 10.786, 10.545, 10.054, 9.060, 7.754, 6.787, 6.321, 6.109, 6.008, 5.990, 6.050, 6.300, 6.714, 7.203, 7.685, 8.123, 8.489, 8.780, 9.030, 9.238, 9.453, 9.679, 9.920, 10.168, 10.378, 10.569, 10.697, 10.750, 10.752, 10.753, 10.717, 10.689, 10.700, 10.727, 10.761, 10.791, 10.808, 10.746, 10.637, 10.475, 10.250, 10.024, 9.841, 9.720, 9.669, 9.626, 9.616, 9.594, 9.494, 9.223, 8.596, 7.413, 5.586, 3.753, 2.735, 2.339, 2.197, 2.177, 2.240, 2.348, 2.515, 2.714, 2.971, 3.255, 3.562, 3.878, 4.185, 4.502, 4.788, 5.086, 5.352, 5.631, 5.880, 6.114, 6.330, 6.540, 6.753, 6.924, 7.110, 7.262, 7.412, 7.571, 7.694, 7.815, 7.883, 7.908, 7.883, 7.870, 7.841, 7.736, 7.634, 7.509, 7.348, 7.165, 7.008, 6.771, 6.515, 6.297, 6.060, 5.836, 5.696, 5.521, 5.363, 5.205, 5.021, 4.831, 4.684, 4.556, 4.415, 4.285, 4.087, 3.976, 3.802, 3.671, 3.597, 16.3,1241142.0,1127374.0,904200.06,38782.19,2796.82,19173.04,473.44,20254.94,212.91,240.22,25.70,998.93,21.98,0.00,834.71,154.99,11.25,368.00,41.19,0.00,13.79,181.82,14.64,249.01,10.21,15051.95,82.65,0.00,80.94,0.00,11.74,0.00,10.08,58.53,1.94,33.19,1.05,0.00,4.27,36.15,0.71,64.01,0.88,10.21,0.65,44.75,0.95,0.00,26.23,0.00,45.66,0.00,375.50,0.00,260.20,31.55,7.38,59.00,8.05,0.00,41.95,0.00,21.98,2.77,0.89,0.00,114.18,0.00,128.84,4.67,1.06,170314.19,64311.57,4637.90,36226.74,894.55,43332.10,455.49,550.43,58.89,2494.23,54.88,0.00,1005.50,216.86,15.74,614.01,68.73,0.00,24.62,265.74,21.40,357.79,14.67,21520.43,118.17,0.00,102.91,0.00,14.94,0.00,12.62,72.85,2.41,43.82,1.39,0.00,6.00,39.53,0.78,75.70,1.04,12.97,0.83,60.45,1.28,0.00,30.75,0.00,60.89,0.00,403.33,0.00,297.23,40.05,9.37,70.63,9.64,0.00,49.25,0.00,23.73,2.98,0.96,0.00,127.29,0.00,146.61,5.30,1.20
34.0,34.0,1,34.000,18/03/2026 01:10:50,15.210,,8.95, 9.73, 8.89,37.36, -2.49, 5.22,7.201, 6.822, 6.859, 6.374, 6.752, 6.764, 6.867, 7.025, 7.362, 7.781, 8.078, 8.383, 8.591, 8.791, 9.065, 9.278, 9.510, 9.725, 9.842, 9.872, 9.954, 10.036, 9.993, 9.876, 9.848, 9.784, 9.600, 9.595, 9.521, 9.407, 9.433, 9.178, 9.210, 9.068, 9.288, 9.214, 9.417, 9.348, 9.530, 9.546, 9.668, 9.861, 9.846, 10.139, 10.183, 10.273, 10.505, 10.458, 10.544, 10.693, 10.594, 10.639, 10.769, 10.669, 10.635, 10.800, 10.793, 10.704, 10.812, 10.954, 10.894, 10.812, 10.966, 11.136, 11.106, 11.066, 11.106, 11.328, 11.333, 11.295, 11.294, 11.372, 11.462, 11.431, 11.334, 11.346, 11.470, 11.519, 11.435, 11.258, 11.154, 11.241, 11.407, 11.477, 11.409, 11.328, 11.337, 11.485, 11.689, 11.828, 11.818, 11.722, 11.628, 11.638, 11.768, 11.926, 11.993, 11.879, 11.646, 11.376, 11.187, 11.110, 11.025, 10.697, 9.769, 8.410, 7.320, 6.748, 6.491, 6.417, 6.478, 6.639, 6.980, 7.418, 7.866, 8.279, 8.615, 8.905, 9.192, 9.476, 9.792, 10.110, 10.393, 10.644, 10.819, 10.942, 11.010, 11.042, 11.051, 11.086, 11.137, 11.214, 11.311, 11.384, 11.451, 11.465, 11.437, 11.355, 11.198, 11.014, 10.805, 10.600, 10.450, 10.354, 10.346, 10.394, 10.377, 10.410, 10.371, 10.224, 9.892, 9.184, 7.920, 5.958, 3.962, 2.810, 2.402, 2.286, 2.296, 2.389, 2.552, 2.779, 3.027, 3.311, 3.631, 3.952, 4.277, 4.586, 4.873, 5.163, 5.450, 5.717, 5.991, 6.280, 6.570, 6.845, 7.130, 7.399, 7.638, 7.873, 8.082, 8.261, 8.392, 8.523, 8.608, 8.607, 8.590, 8.512, 8.457, 8.353, 8.220, 8.091, 7.953, 7.826, 7.655, 7.497, 7.289, 7.070, 6.903, 6.723, 6.558, 6.404, 6.233, 6.078, 5.883, 5.718, 5.444, 5.256, 5.001, 4.807, 4.581, 4.298, 4.033, 3.874, 3.881, 3.675, 16.2,1251003.0,1175314.0,916533.66,30687.86,2621.71,16960.94,443.63,17995.05,195.55,269.61,25.18,1068.94,21.70,117.76,16.13,236.04,11.27,580.94,42.60,43.17,5.63,0.00,42.51,210.69,9.22,15052.84,80.23,0.00,79.88,0.00,10.93,0.00,10.19,39.27,1.64,32.38,1.06,2.39,0.38,35.61,0.68,61.70,0.85,6.70,0.61,38.73,0.90,0.00,25.92,0.00,43.77,0.00,362.59,0.00,252.97,0.00,417.48,0.00,429.18,0.00,41.51,0.00,23.53,6.07,0.93,19.65,2.97,0.00,122.63,0.00,52.19,148359.34,50888.94,4347.52,32047.06,838.22,38497.44,418.35,617.78,57.70,2669.04,54.18,141.85,19.43,330.27,15.77,969.29,71.08,77.07,10.05,0.00,62.13,302.73,13.25,21521.70,114.71,0.00,101.57,0.00,13.91,0.00,12.76,48.88,2.04,42.75,1.40,3.36,0.53,38.94,0.74,72.97,1.01,8.51,0.77,52.32,1.22,0.00,30.38,0.00,58.37,0.00,389.46,0.00,288.98,0.00,530.00,0.00,513.77,0.00,48.74,0.00,25.41,6.54,1.00,21.91,3.31,0.00,139.54,0.00,59.21
34.5,34.5,1,34.500,18/03/2026 01:11:16,15.215,,8.94, 9.72, 8.94,37.33, -2.45, 5.02,4.977, 5.658, 6.844, 6.547, 6.643, 6.753, 6.870, 7.118, 7.462, 7.852, 8.112, 8.422, 8.598, 8.811, 9.066, 9.285, 9.495, 9.694, 9.811, 9.871, 9.980, 10.025, 9.918, 9.871, 9.875, 9.693, 9.596, 9.590, 9.433, 9.458, 9.320, 9.218, 9.113, 9.087, 9.187, 9.251, 9.301, 9.412, 9.398, 9.611, 9.604, 9.794, 9.906, 9.997, 10.212, 10.262, 10.375, 10.513, 10.506, 10.586, 10.655, 10.620, 10.656, 10.713, 10.682, 10.686, 10.772, 10.815, 10.802, 10.830, 10.919, 10.941, 10.977, 11.018, 11.109, 11.159, 11.272, 11.272, 11.340, 11.371, 11.453, 11.495, 11.441, 11.401, 11.440, 11.523, 11.570, 11.537, 11.432, 11.359, 11.341, 11.427, 11.508, 11.524, 11.471, 11.466, 11.555, 11.704, 11.828, 11.871, 11.844, 11.801, 11.804, 11.889, 12.005, 12.098, 12.082, 11.939, 11.745, 11.587, 11.475, 11.466, 11.398, 11.067, 10.193, 8.942, 7.943, 7.431, 7.239, 7.204, 7.295, 7.468, 7.763, 8.135, 8.500, 8.834, 9.135, 9.414, 9.722, 10.032, 10.342, 10.635, 10.883, 11.065, 11.191, 11.257, 11.308, 11.346, 11.394, 11.455, 11.536, 11.643, 11.730, 11.787, 11.830, 11.812, 11.765, 11.661, 11.517, 11.367, 11.190, 11.041, 10.929, 10.874, 10.894, 10.939, 10.891, 10.884, 10.833, 10.677, 10.351, 9.694, 8.523, 6.715, 4.801, 3.630, 3.187, 3.062, 3.091, 3.217, 3.424, 3.689, 3.979, 4.276, 4.586, 4.880, 5.173, 5.442, 5.695, 5.943, 6.195, 6.458, 6.729, 7.019, 7.303, 7.616, 7.890, 8.182, 8.432, 8.667, 8.859, 9.008, 9.115, 9.211, 9.252, 9.256, 9.187, 9.077, 9.005, 8.896, 8.803, 8.685, 8.585, 8.464, 8.346, 8.229, 8.120, 7.927, 7.772, 7.658, 7.491, 7.420, 7.327, 7.188, 6.990, 6.852, 6.603, 6.373, 6.125, 5.866, 5.683, 5.361, 5.153, 4.873, 4.758, 4.740, 16.2,1287288.0,1176294.0,905608.44,41846.34,2693.10,18085.48,445.97,18362.14,195.01,450.44,26.87,1043.78,21.14,0.00,794.30,162.96,10.61,240.72,38.04,23.15,5.24,0.00,38.64,154.30,8.25,13761.85,73.80,0.00,72.77,0.00,9.18,7.33,1.61,28.51,1.40,35.79,1.06,0.00,2.82,28.23,0.60,46.21,0.73,2.29,0.56,38.06,0.86,0.00,24.52,0.00,42.79,28.08,7.13,0.00,241.68,38.75,7.00,0.00,415.84,0.00,31.96,0.00,19.53,7.21,0.89,0.00,106.78,0.00,120.85,0.00,47.50,167373.20,69392.77,4465.90,34171.84,842.64,39282.77,417.19,1032.12,61.57,2606.22,52.78,0.00,956.82,228.01,14.85,401.64,63.47,41.33,9.35,0.00,56.47,221.70,11.85,19675.92,105.52,0.00,92.53,0.00,11.68,9.18,2.02,35.49,1.74,47.25,1.40,0.00,3.96,30.87,0.66,54.65,0.86,2.91,0.71,51.41,1.16,0.00,28.74,0.00,57.06,30.16,7.66,0.00,276.08,49.19,8.89,0.00,497.80,0.00,37.52,0.00,21.09,7.77,0.96,0.00,119.04,0.00,137.52,0.00,53.89
35.0,35.0,1,35.000,18/03/2026 01:11:42,15.212,,9.44, 10.23, 9.56,38.26, -2.29, 4.65,7.577, 7.088, 7.606, 7.386, 7.568, 7.588, 7.477, 7.751, 8.021, 8.424, 8.743, 8.986, 9.135, 9.355, 9.592, 9.790, 10.012, 10.186, 10.339, 10.440, 10.511, 10.470, 10.406, 10.436, 10.354, 10.183, 10.162, 10.074, 9.976, 9.972, 9.854, 9.758, 9.670, 9.633, 9.742, 9.756, 9.873, 9.878, 9.995, 10.057, 10.173, 10.309, 10.380, 10.585, 10.653, 10.817, 10.931, 10.959, 11.097, 11.124, 11.110, 11.225, 11.222, 11.181, 11.275, 11.307, 11.277, 11.338, 11.440, 11.422, 11.437, 11.519, 11.606, 11.602, 11.637, 11.768, 11.840, 11.847, 11.832, 11.941, 12.033, 12.045, 11.974, 11.972, 12.037, 12.136, 12.149, 12.070, 12.012, 11.990, 11.999, 12.054, 12.074, 12.062, 12.079, 12.133, 12.234, 12.308, 12.363, 12.397, 12.444, 12.484, 12.518, 12.549, 12.580, 12.597, 12.591, 12.547, 12.479, 12.358, 12.236, 12.132, 11.950, 11.601, 10.786, 9.687, 8.814, 8.383, 8.173, 8.081, 8.059, 8.145, 8.395, 8.789, 9.246, 9.695, 10.081, 10.390, 10.618, 10.805, 10.965, 11.139, 11.334, 11.547, 11.778, 12.002, 12.211, 12.339, 12.399, 12.396, 12.357, 12.303, 12.260, 12.231, 12.243, 12.294, 12.371, 12.431, 12.426, 12.385, 12.270, 12.094, 11.909, 11.717, 11.581, 11.497, 11.384, 11.359, 11.320, 11.237, 11.040, 10.523, 9.511, 7.831, 5.966, 4.780, 4.288, 4.079, 4.027, 4.082, 4.216, 4.435, 4.705, 5.013, 5.368, 5.720, 6.070, 6.405, 6.742, 7.057, 7.358, 7.640, 7.892, 8.138, 8.353, 8.573, 8.771, 8.968, 9.132, 9.287, 9.453, 9.589, 9.719, 9.863, 9.984, 10.050, 10.094, 10.070, 10.100, 10.046, 9.988, 9.897, 9.821, 9.662, 9.545, 9.364, 9.150, 8.912, 8.636, 8.442, 8.253, 8.113, 8.027, 7.866, 7.768, 7.577, 7.532, 7.338, 7.193, 7.128, 6.895, 6.759, 6.476, 6.370, 6.280, 6.180, 16.3,1296019.0,1208900.0,913220.06,31687.86,2549.81,14490.44,412.33,19056.47,196.76,461.41,26.73,929.27,20.19,862.39,18.55,612.93,12.80,620.40,42.11,0.00,14.79,198.85,13.98,290.72,10.29,17334.29,88.74,0.00,82.73,0.00,12.29,7.08,1.69,36.34,1.59,35.18,1.07,0.00,4.05,39.42,0.72,54.37,0.80,0.00,14.48,36.29,0.88,0.00,24.75,0.00,43.93,0.00,363.10,0.00,249.31,0.00,404.52,0.00,424.68,0.00,40.05,0.00,17.34,3.72,0.90,22.50,2.98,0.00,120.56,0.00,54.47,152781.68,52547.21,4228.29,27379.15,779.08,40768.17,420.94,1057.26,61.25,2320.30,50.41,1038.84,22.35,857.62,17.91,1035.13,70.26,0.00,26.40,290.63,20.43,417.72,14.79,24783.59,126.88,0.00,105.19,0.00,15.64,8.86,2.12,45.23,1.98,46.45,1.41,0.00,5.69,43.11,0.79,64.30,0.95,0.00,18.39,49.02,1.19,0.00,29.01,0.00,58.58,0.00,390.01,0.00,284.79,0.00,513.55,0.00,508.39,0.00,47.02,0.00,18.72,4.01,0.97,25.08,3.32,0.00,137.19,0.00,61.79
35.5,35.5,1,35.500,18/03/2026 01:12:17,15.475,,9.38, 10.17, 9.40,38.15, -2.38, 4.98,8.455, 8.291, 7.732, 7.474, 7.212, 7.263, 7.419, 7.548, 7.852, 8.246, 8.564, 8.826, 9.026, 9.212, 9.502, 9.707, 9.928, 10.144, 10.299, 10.383, 10.415, 10.396, 10.412, 10.393, 10.254, 10.175, 10.136, 9.986, 9.963, 9.902, 9.797, 9.726, 9.575, 9.622, 9.628, 9.757, 9.740, 9.905, 9.836, 10.075, 10.078, 10.232, 10.422, 10.412, 10.723, 10.750, 10.806, 11.065, 10.974, 11.034, 11.222, 11.094, 11.096, 11.293, 11.197, 11.111, 11.318, 11.382, 11.245, 11.299, 11.506, 11.498, 11.408, 11.514, 11.740, 11.772, 11.616, 11.676, 11.897, 11.985, 11.904, 11.816, 11.869, 12.043, 12.096, 12.000, 11.923, 11.957, 12.045, 12.034, 11.905, 11.836, 11.875, 12.004, 12.127, 12.152, 12.111, 12.090, 12.163, 12.319, 12.480, 12.535, 12.477, 12.383, 12.340, 12.424, 12.545, 12.604, 12.518, 12.312, 12.064, 11.855, 11.666, 11.372, 10.645, 9.594, 8.733, 8.220, 7.903, 7.685, 7.616, 7.725, 8.077, 8.591, 9.137, 9.616, 9.963, 10.175, 10.324, 10.438, 10.604, 10.826, 11.126, 11.446, 11.747, 11.992, 12.160, 12.213, 12.184, 12.102, 12.020, 11.973, 11.967, 12.039, 12.147, 12.276, 12.382, 12.405, 12.348, 12.230, 12.019, 11.751, 11.497, 11.298, 11.203, 11.180, 11.151, 11.203, 11.234, 11.181, 10.985, 10.423, 9.300, 7.534, 5.644, 4.453, 3.926, 3.721, 3.674, 3.754, 3.959, 4.225, 4.545, 4.896, 5.259, 5.625, 5.964, 6.245, 6.528, 6.778, 6.997, 7.193, 7.408, 7.609, 7.806, 8.024, 8.240, 8.483, 8.712, 8.945, 9.170, 9.375, 9.554, 9.720, 9.861, 9.912, 9.909, 9.863, 9.809, 9.714, 9.570, 9.439, 9.283, 9.108, 8.928, 8.771, 8.582, 8.335, 8.148, 7.997, 7.909, 7.779, 7.738, 7.628, 7.526, 7.509, 7.302, 7.159, 7.046, 6.943, 6.778, 6.523, 6.238, 6.052, 5.908, 5.804, 16.3,1277463.0,1206712.0,901456.60,37349.95,2691.60,18288.91,457.83,20197.30,207.60,294.08,25.57,1062.55,21.56,862.40,19.34,577.42,13.34,308.51,39.33,36.67,5.34,68.90,12.34,351.21,11.11,18846.07,97.96,0.00,91.06,0.00,12.91,0.00,9.87,41.42,1.68,34.60,1.11,0.00,3.77,40.90,0.74,68.70,0.91,0.00,14.47,46.13,0.95,0.00,25.68,0.00,45.36,28.01,7.79,0.00,259.97,0.00,425.61,0.00,443.52,0.00,33.24,0.00,19.28,5.63,0.95,34.00,3.05,0.00,121.24,0.00,50.92,173365.40,61936.52,4463.42,34556.21,865.05,43208.79,444.13,673.84,58.59,2653.09,53.83,1038.85,23.30,807.93,18.67,514.75,65.62,65.46,9.53,100.70,18.04,504.63,15.96,26945.05,140.06,0.00,115.78,0.00,16.43,0.00,12.36,51.56,2.09,45.68,1.47,0.00,5.30,44.73,0.81,81.24,1.08,0.00,18.38,62.31,1.28,0.00,30.10,0.00,60.49,30.09,8.37,0.00,296.97,0.00,540.32,0.00,530.94,0.00,39.03,0.00,20.82,6.06,1.02,37.90,3.40,0.00,137.96,0.00,57.77
36.0,36.0,1,36.000,18/03/2026 01:12:51,15.943,,8.59, 9.33, 8.48,36.62, -2.43, 5.30,6.963, 5.975, 6.903, 6.427, 6.561, 6.450, 6.488, 6.784, 7.039, 7.404, 7.699, 7.979, 8.185, 8.400, 8.656, 8.871, 9.092, 9.299, 9.434, 9.500, 9.569, 9.589, 9.557, 9.524, 9.461, 9.349, 9.277, 9.210, 9.139, 9.120, 9.023, 8.940, 8.820, 8.840, 8.878, 8.971, 9.000, 9.099, 9.127, 9.268, 9.344, 9.462, 9.617, 9.699, 9.884, 9.994, 10.060, 10.197, 10.236, 10.265, 10.341, 10.362, 10.351, 10.403, 10.421, 10.418, 10.458, 10.534, 10.543, 10.567, 10.631, 10.669, 10.722, 10.758, 10.854, 10.941, 10.987, 10.988, 11.053, 11.132, 11.171, 11.176, 11.138, 11.146, 11.207, 11.255, 11.268, 11.240, 11.178, 11.147, 11.129, 11.163, 11.205, 11.229, 11.229, 11.275, 11.341, 11.438, 11.514, 11.553, 11.582, 11.600, 11.627, 11.677, 11.722, 11.752, 11.749, 11.661, 11.554, 11.429, 11.322, 11.243, 11.098, 10.724, 9.861, 8.682, 7.768, 7.331, 7.153, 7.088, 7.122, 7.209, 7.445, 7.805, 8.205, 8.602, 8.967, 9.290, 9.578, 9.831, 10.059, 10.263, 10.459, 10.630, 10.798, 10.950, 11.070, 11.183, 11.279, 11.335, 11.383, 11.399, 11.397, 11.400, 11.396, 11.377, 11.361, 11.317, 11.249, 11.173, 11.063, 10.937, 10.801, 10.698, 10.647, 10.620, 10.514, 10.481, 10.411, 10.256, 9.969, 9.376, 8.300, 6.603, 4.817, 3.717, 3.289, 3.159, 3.161, 3.253, 3.402, 3.602, 3.833, 4.083, 4.361, 4.649, 4.949, 5.225, 5.523, 5.818, 6.112, 6.398, 6.702, 6.994, 7.276, 7.543, 7.792, 8.025, 8.216, 8.404, 8.548, 8.646, 8.743, 8.816, 8.876, 8.869, 8.827, 8.768, 8.752, 8.701, 8.623, 8.565, 8.517, 8.398, 8.325, 8.186, 8.044, 7.847, 7.657, 7.449, 7.275, 7.143, 6.965, 6.779, 6.573, 6.424, 6.227, 5.983, 5.849, 5.575, 5.384, 5.088, 4.974, 4.873, 4.587, 4.683, 16.3,1287937.0,1188999.0,904190.75,39272.90,2649.45,17032.90,435.28,17755.45,191.02,392.76,25.95,776.50,19.43,254.97,16.16,407.43,11.84,471.94,40.30,29.61,5.16,156.50,13.39,268.43,9.94,18647.90,95.44,0.00,88.90,0.00,10.33,0.00,9.44,55.64,1.85,26.71,1.08,0.00,3.00,40.85,0.72,59.95,0.84,4.85,0.61,47.68,0.93,0.00,25.00,0.00,43.16,46.20,7.40,19.15,4.95,0.00,408.39,0.00,428.25,0.00,35.86,0.00,20.31,13.77,1.04,27.19,2.90,0.00,117.43,0.00,49.05,167532.93,65125.30,4393.52,32183.03,822.45,37984.85,408.66,899.96,59.46,1938.85,48.51,307.14,19.47,570.08,16.57,787.43,67.24,52.86,9.21,228.73,19.57,385.69,14.28,26661.72,136.45,0.00,113.03,0.00,13.15,0.00,11.82,69.26,2.30,35.27,1.43,0.00,4.22,44.67,0.79,70.90,0.99,6.16,0.77,64.40,1.26,0.00,29.31,0.00,57.55,49.62,7.95,21.88,5.65,0.00,518.46,0.00,512.66,0.00,42.10,0.00,21.93,14.83,1.12,30.31,3.23,0.00,133.62,0.00,55.64
36.5,36.5,1,36.500,18/03/2026 01:13:35,16.670,,8.06, 8.75, 8.17,35.50, -2.33, 4.45,7.743, 7.273, 6.960, 6.668, 6.296, 6.193, 6.325, 6.583, 6.808, 7.220, 7.436, 7.662, 7.834, 8.031, 8.218, 8.401, 8.609, 8.767, 8.857, 8.909, 8.930, 8.975, 8.958, 8.869, 8.797, 8.760, 8.632, 8.541, 8.548, 8.415, 8.437, 8.270, 8.242, 8.194, 8.278, 8.300, 8.399, 8.390, 8.541, 8.522, 8.733, 8.738, 8.921, 9.049, 9.095, 9.331, 9.325, 9.412, 9.577, 9.510, 9.574, 9.705, 9.623, 9.635, 9.764, 9.733, 9.706, 9.844, 9.895, 9.845, 9.873, 10.005, 10.034, 10.023, 10.106, 10.234, 10.336, 10.300, 10.308, 10.471, 10.541, 10.502, 10.427, 10.477, 10.585, 10.617, 10.609, 10.545, 10.513, 10.512, 10.482, 10.475, 10.483, 10.510, 10.559, 10.636, 10.697, 10.740, 10.782, 10.839, 10.915, 10.984, 11.008, 11.005, 11.000, 10.999, 11.002, 10.976, 10.890, 10.741, 10.578, 10.419, 10.203, 9.765, 8.837, 7.642, 6.768, 6.337, 6.124, 5.996, 5.961, 6.012, 6.271, 6.685, 7.166, 7.643, 8.031, 8.356, 8.597, 8.798, 9.002, 9.221, 9.473, 9.733, 9.998, 10.229, 10.410, 10.497, 10.518, 10.510, 10.472, 10.460, 10.456, 10.484, 10.535, 10.627, 10.703, 10.711, 10.642, 10.529, 10.333, 10.096, 9.865, 9.686, 9.567, 9.541, 9.502, 9.517, 9.518, 9.434, 9.195, 8.592, 7.463, 5.736, 4.035, 3.058, 2.657, 2.491, 2.438, 2.462, 2.575, 2.738, 2.968, 3.238, 3.535, 3.854, 4.177, 4.480, 4.765, 5.033, 5.291, 5.518, 5.730, 5.944, 6.154, 6.362, 6.564, 6.767, 6.956, 7.160, 7.338, 7.513, 7.684, 7.845, 7.971, 8.044, 8.085, 8.076, 8.037, 7.982, 7.845, 7.719, 7.578, 7.415, 7.240, 7.057, 6.839, 6.574, 6.372, 6.164, 5.985, 5.876, 5.761, 5.624, 5.558, 5.413, 5.286, 5.138, 5.071, 4.949, 4.730, 4.675, 4.462, 4.267, 4.200, 3.997, 16.3,1289358.0,1201935.0,891195.83,51973.53,2794.55,16853.36,434.59,19276.76,199.96,330.74,25.29,1137.94,21.54,465.95,17.15,413.78,12.07,478.67,40.86,0.00,13.10,163.94,12.98,203.06,9.16,17219.21,90.39,0.00,85.49,0.00,10.49,12.61,1.77,36.44,1.60,32.29,1.03,0.00,3.82,33.61,0.67,53.22,0.80,9.33,0.62,40.42,0.90,0.00,24.65,0.00,43.40,0.00,359.61,36.82,4.87,0.00,411.30,0.00,420.01,0.00,41.78,0.00,18.12,3.20,0.88,29.31,2.96,0.00,119.11,0.00,50.62,190306.30,86186.45,4634.13,31843.79,821.14,41239.45,427.78,757.85,57.95,2841.33,53.78,561.29,20.66,578.96,16.89,798.66,68.17,0.00,23.39,239.61,18.97,291.76,13.16,24619.06,129.23,0.00,108.70,0.00,13.35,15.78,2.22,45.36,1.99,42.63,1.36,0.00,5.37,36.76,0.73,62.94,0.95,11.85,0.79,54.60,1.22,0.00,28.89,0.00,57.87,0.00,386.26,42.06,5.56,0.00,522.15,0.00,502.79,0.00,49.05,0.00,19.57,3.45,0.95,32.68,3.30,0.00,135.54,0.00,57.42
37.0,37.0,1,37.000,18/03/2026 01:14:18,15.280,,8.24, 8.92, 8.44,35.84, -2.16, 4.09,7.985, 7.511, 7.688, 7.086, 6.772, 6.746, 6.633, 6.887, 7.124, 7.494, 7.686, 7.904, 8.074, 8.243, 8.421, 8.609, 8.778, 8.943, 9.032, 9.078, 9.113, 9.143, 9.112, 9.039, 8.978, 8.921, 8.805, 8.747, 8.714, 8.626, 8.619, 8.467, 8.449, 8.397, 8.493, 8.491, 8.598, 8.591, 8.714, 8.745, 8.885, 8.968, 9.084, 9.238, 9.309, 9.476, 9.548, 9.609, 9.732, 9.744, 9.767, 9.859, 9.852, 9.848, 9.923, 9.946, 9.937, 10.011, 10.081, 10.090, 10.091, 10.169, 10.245, 10.272, 10.329, 10.414, 10.490, 10.475, 10.492, 10.606, 10.684, 10.697, 10.651, 10.635, 10.708, 10.793, 10.811, 10.755, 10.695, 10.672, 10.662, 10.697, 10.731, 10.728, 10.760, 10.793, 10.890, 10.950, 11.021, 11.073, 11.117, 11.166, 11.198, 11.205, 11.219, 11.241, 11.250, 11.203, 11.107, 10.977, 10.847, 10.717, 10.529, 10.138, 9.267, 8.121, 7.252, 6.814, 6.605, 6.505, 6.484, 6.555, 6.819, 7.218, 7.669, 8.114, 8.475, 8.773, 9.017, 9.217, 9.418, 9.631, 9.867, 10.113, 10.351, 10.547, 10.705, 10.796, 10.840, 10.830, 10.814, 10.796, 10.790, 10.828, 10.885, 10.960, 11.012, 11.005, 10.939, 10.836, 10.677, 10.459, 10.250, 10.082, 9.982, 9.924, 9.922, 9.945, 9.943, 9.860, 9.620, 9.050, 7.965, 6.260, 4.532, 3.478, 3.051, 2.865, 2.830, 2.878, 3.007, 3.193, 3.441, 3.715, 4.033, 4.368, 4.699, 5.001, 5.284, 5.553, 5.799, 6.043, 6.277, 6.488, 6.703, 6.910, 7.107, 7.311, 7.497, 7.690, 7.873, 8.045, 8.198, 8.362, 8.496, 8.549, 8.564, 8.558, 8.513, 8.460, 8.362, 8.231, 8.079, 7.936, 7.749, 7.589, 7.380, 7.144, 6.906, 6.716, 6.552, 6.414, 6.318, 6.205, 6.016, 5.954, 5.806, 5.669, 5.537, 5.368, 5.287, 5.088, 4.988, 4.715, 4.508, 4.543, 16.3,1321654.0,1172451.0,906192.09,39975.78,2624.89,16377.59,424.59,19012.15,195.94,280.29,24.34,1273.05,22.02,122.39,15.43,348.92,11.21,199.92,37.04,0.00,14.26,0.00,37.05,190.82,8.71,15766.02,81.64,0.00,78.98,0.00,10.79,5.98,1.62,32.42,1.52,28.17,1.03,0.00,4.02,38.76,0.69,50.46,0.76,0.00,14.44,39.95,0.88,3.20,0.81,0.00,43.14,0.00,360.22,0.00,244.44,38.92,7.03,0.00,418.57,0.00,43.06,0.00,21.88,10.04,0.96,13.05,2.96,0.00,121.21,0.00,49.11,165834.34,66290.87,4352.79,30944.84,802.25,40673.36,419.18,642.25,55.77,3178.68,54.98,147.43,18.59,488.21,15.69,333.57,61.80,0.00,25.46,0.00,54.15,274.18,12.51,22541.37,116.72,0.00,100.42,0.00,13.73,7.49,2.03,40.35,1.89,37.19,1.36,0.00,5.65,42.39,0.75,59.67,0.90,0.00,18.34,53.96,1.19,3.75,0.95,0.00,57.53,0.00,386.92,0.00,279.23,49.41,8.92,0.00,501.07,0.00,50.55,0.00,23.63,10.82,1.03,14.55,3.30,0.00,137.93,0.00,55.71
37.5,37.5,1,37.500,18/03/2026 01:14:52,16.208,,7.73, 8.40, 7.85,34.79, -2.31, 4.33,8.452, 5.189, 6.815, 5.839, 6.038, 6.170, 6.146, 6.358, 6.573, 6.919, 7.158, 7.345, 7.529, 7.715, 7.898, 8.076, 8.238, 8.410, 8.505, 8.575, 8.614, 8.607, 8.551, 8.524, 8.472, 8.354, 8.278, 8.235, 8.140, 8.126, 8.041, 7.956, 7.871, 7.869, 7.920, 7.970, 8.008, 8.086, 8.117, 8.235, 8.309, 8.410, 8.560, 8.631, 8.793, 8.906, 8.954, 9.096, 9.149, 9.166, 9.247, 9.282, 9.275, 9.322, 9.359, 9.364, 9.415, 9.467, 9.508, 9.543, 9.586, 9.636, 9.691, 9.756, 9.821, 9.868, 9.945, 10.042, 10.072, 10.138, 10.151, 10.206, 10.223, 10.219, 10.205, 10.242, 10.320, 10.351, 10.289, 10.198, 10.139, 10.215, 10.328, 10.386, 10.363, 10.339, 10.371, 10.482, 10.633, 10.730, 10.754, 10.705, 10.680, 10.708, 10.795, 10.905, 10.937, 10.875, 10.721, 10.534, 10.416, 10.352, 10.280, 9.991, 9.228, 8.124, 7.218, 6.750, 6.534, 6.457, 6.502, 6.628, 6.918, 7.296, 7.688, 8.058, 8.366, 8.630, 8.872, 9.122, 9.364, 9.601, 9.839, 10.046, 10.224, 10.357, 10.454, 10.520, 10.562, 10.597, 10.634, 10.664, 10.710, 10.757, 10.792, 10.804, 10.808, 10.780, 10.691, 10.585, 10.446, 10.279, 10.158, 10.058, 10.013, 10.020, 9.952, 9.934, 9.901, 9.778, 9.506, 8.940, 7.874, 6.186, 4.437, 3.361, 2.946, 2.820, 2.790, 2.855, 2.999, 3.193, 3.415, 3.688, 3.976, 4.281, 4.582, 4.878, 5.164, 5.445, 5.727, 5.996, 6.276, 6.542, 6.795, 7.055, 7.288, 7.529, 7.725, 7.903, 8.047, 8.183, 8.283, 8.389, 8.475, 8.496, 8.480, 8.426, 8.397, 8.357, 8.287, 8.207, 8.106, 7.997, 7.884, 7.725, 7.567, 7.374, 7.178, 6.970, 6.793, 6.630, 6.456, 6.299, 6.173, 5.905, 5.780, 5.625, 5.342, 5.185, 4.995, 4.747, 4.717, 4.601, 4.531, 4.280, 16.2,1285979.0,1152679.0,899683.53,49475.09,2813.53,17982.47,448.27,18707.82,198.63,240.77,24.52,1283.20,22.71,0.00,745.14,111.29,10.49,338.03,39.67,0.00,12.80,94.75,11.44,165.42,8.48,11668.21,65.62,0.00,69.11,0.00,11.57,6.64,1.62,37.18,1.56,26.88,0.96,0.00,3.89,29.44,0.62,46.69,0.73,2.31,0.55,40.97,0.87,0.00,25.66,0.00,43.96,0.00,354.83,0.00,243.32,0.00,402.71,24.59,7.45,0.00,41.08,0.00,19.76,4.21,0.86,30.48,2.87,0.00,119.25,0.00,51.67,177880.71,82043.34,4665.61,33977.21,846.99,40022.29,424.94,551.69,56.18,3204.03,56.70,0.00,897.60,155.72,14.68,564.00,66.19,0.00,22.85,138.48,16.72,237.68,12.18,16682.55,93.82,0.00,87.87,0.00,14.72,8.31,2.03,46.28,1.94,35.49,1.27,0.00,5.47,32.20,0.68,55.22,0.86,2.93,0.70,55.34,1.18,0.00,30.08,0.00,58.62,0.00,381.13,0.00,277.95,0.00,511.25,29.44,8.92,0.00,48.23,0.00,21.34,4.54,0.93,33.98,3.20,0.00,135.70,0.00,58.62
38.0,38.0,1,38.000,18/03/2026 01:15:36,16.996,,8.30, 8.99, 8.57,35.97, -2.16, 3.88,7.399, 6.861, 7.721, 7.129, 7.177, 7.018, 6.823, 7.035, 7.222, 7.619, 7.824, 8.022, 8.164, 8.343, 8.572, 8.722, 8.878, 9.023, 9.088, 9.146, 9.167, 9.175, 9.164, 9.157, 9.038, 8.886, 8.923, 8.810, 8.651, 8.799, 8.527, 8.585, 8.439, 8.429, 8.522, 8.492, 8.602, 8.614, 8.665, 8.820, 8.774, 9.050, 8.960, 9.224, 9.285, 9.371, 9.537, 9.525, 9.655, 9.698, 9.690, 9.784, 9.777, 9.802, 9.865, 9.839, 9.907, 9.990, 9.969, 9.991, 10.126, 10.166, 10.108, 10.192, 10.389, 10.416, 10.373, 10.416, 10.629, 10.707, 10.593, 10.487, 10.612, 10.799, 10.803, 10.678, 10.600, 10.747, 10.892, 10.819, 10.644, 10.543, 10.655, 10.910, 11.024, 10.950, 10.837, 10.792, 10.939, 11.227, 11.395, 11.356, 11.200, 11.073, 11.065, 11.238, 11.469, 11.542, 11.377, 11.114, 10.870, 10.728, 10.669, 10.560, 10.046, 9.116, 8.256, 7.714, 7.414, 7.284, 7.308, 7.498, 7.878, 8.335, 8.729, 9.024, 9.224, 9.366, 9.518, 9.697, 9.939, 10.246, 10.586, 10.872, 11.057, 11.144, 11.156, 11.135, 11.108, 11.087, 11.102, 11.160, 11.269, 11.416, 11.548, 11.629, 11.611, 11.541, 11.397, 11.239, 11.052, 10.873, 10.740, 10.665, 10.645, 10.714, 10.739, 10.801, 10.785, 10.670, 10.385, 9.810, 8.770, 7.122, 5.375, 4.322, 3.932, 3.854, 3.892, 4.006, 4.171, 4.383, 4.606, 4.848, 5.101, 5.358, 5.619, 5.872, 6.126, 6.400, 6.682, 6.948, 7.234, 7.508, 7.765, 8.017, 8.275, 8.500, 8.713, 8.901, 9.069, 9.213, 9.313, 9.368, 9.425, 9.431, 9.394, 9.355, 9.338, 9.317, 9.251, 9.175, 9.127, 9.026, 8.927, 8.804, 8.653, 8.451, 8.319, 8.152, 7.988, 7.869, 7.701, 7.478, 7.317, 7.134, 6.943, 6.673, 6.508, 6.338, 6.136, 6.072, 5.874, 5.726, 5.723, 5.843, 16.3,1302392.0,1212899.0,899742.13,47017.84,2767.35,18091.74,448.44,17820.28,193.08,408.27,26.48,983.80,20.94,89.80,15.88,239.05,11.04,308.31,39.06,0.00,12.73,181.14,13.58,169.99,8.74,14658.75,78.67,0.00,76.33,0.00,10.35,15.36,1.79,25.23,1.38,35.42,1.01,0.00,3.85,34.38,0.66,56.22,0.80,4.27,0.59,45.89,0.91,0.00,24.90,0.00,44.05,0.00,357.16,0.00,247.97,33.57,6.96,38.53,7.64,0.00,35.91,0.00,18.43,0.00,27.63,0.00,108.33,0.00,122.47,0.00,53.05,176449.66,77968.55,4589.03,34183.67,847.31,38123.55,413.06,935.50,60.68,2456.45,52.29,108.17,19.13,334.48,15.45,514.41,65.17,0.00,22.73,264.75,19.85,244.25,12.56,20958.26,112.48,0.00,97.05,0.00,13.17,19.23,2.24,31.40,1.72,46.77,1.33,0.00,5.41,37.60,0.72,66.49,0.95,5.42,0.75,61.99,1.23,0.00,29.19,0.00,58.74,0.00,383.63,0.00,283.26,42.62,8.84,46.12,9.15,0.00,42.16,0.00,19.90,0.00,29.76,0.00,120.77,0.00,139.36,0.00,60.18
38.5,38.5,1,38.500,18/03/2026 01:16:19,18.386,1157879.035,8.66, 9.35, 9.12,36.66, -1.97, 3.28,5.733, 6.752, 8.368, 7.508, 7.474, 7.315, 7.470, 7.613, 7.769, 8.091, 8.301, 8.544, 8.717, 8.822, 9.010, 9.161, 9.279, 9.383, 9.446, 9.530, 9.577, 9.459, 9.388, 9.587, 9.431, 9.131, 9.312, 9.147, 9.067, 9.082, 8.987, 8.921, 8.842, 8.852, 8.872, 8.916, 9.001, 8.929, 9.195, 8.981, 9.387, 9.233, 9.430, 9.655, 9.529, 9.833, 9.931, 9.790, 10.082, 10.154, 9.928, 10.195, 10.326, 10.050, 10.187, 10.465, 10.285, 10.214, 10.499, 10.565, 10.411, 10.461, 10.665, 10.699, 10.672, 10.747, 10.937, 10.954, 10.987, 11.078, 11.102, 11.049, 11.085, 11.223, 11.280, 11.216, 11.108, 11.169, 11.304, 11.335, 11.179, 11.033, 11.094, 11.312, 11.505, 11.504, 11.374, 11.268, 11.357, 11.607, 11.833, 11.873, 11.726, 11.571, 11.540, 11.674, 11.875, 11.947, 11.845, 11.599, 11.346, 11.213, 11.155, 11.020, 10.472, 9.560, 8.757, 8.261, 7.984, 7.891, 7.945, 8.119, 8.432, 8.798, 9.135, 9.416, 9.643, 9.849, 10.082, 10.347, 10.633, 10.902, 11.140, 11.294, 11.388, 11.429, 11.475, 11.526, 11.604, 11.712, 11.845, 11.953, 12.047, 12.087, 12.087, 12.019, 11.934, 11.817, 11.691, 11.604, 11.560, 11.502, 11.510, 11.518, 11.581, 11.631, 11.499, 11.427, 11.289, 11.062, 10.718, 10.104, 9.088, 7.541, 5.957, 5.076, 4.846, 4.862, 4.974, 5.141, 5.302, 5.466, 5.615, 5.730, 5.870, 5.988, 6.133, 6.279, 6.483, 6.728, 7.013, 7.359, 7.715, 8.108, 8.486, 8.870, 9.223, 9.516, 9.780, 9.948, 10.043, 10.102, 10.087, 10.037, 9.968, 9.861, 9.727, 9.589, 9.521, 9.466, 9.428, 9.426, 9.466, 9.534, 9.597, 9.656, 9.675, 9.590, 9.539, 9.462, 9.348, 9.228, 9.081, 8.880, 8.540, 8.321, 7.904, 7.547, 7.231, 6.899, 6.593, 6.323, 6.126, 5.992, 5.851, 6.042, 16.3,1274412.0,1217833.0,883752.44,58576.73,2884.25,18783.10,456.58,18888.72,199.74,345.11,25.84,1254.90,22.50,367.08,17.18,448.64,12.29,475.73,41.49,0.00,14.95,127.93,13.50,229.36,9.66,16404.11,87.91,0.00,81.16,0.00,11.48,14.30,1.82,25.88,1.49,35.44,1.02,0.00,3.60,31.53,0.65,54.53,0.81,5.01,0.60,44.79,0.93,0.00,24.67,0.00,43.45,0.00,358.76,0.00,245.85,45.70,7.08,74.79,7.64,14.13,2.38,0.00,22.41,0.00,27.16,0.00,111.56,0.00,124.68,0.00,50.10,203220.53,97136.37,4782.88,35489.97,862.69,40409.30,427.31,790.77,59.21,3133.36,56.18,442.19,20.70,627.74,17.20,793.75,69.23,0.00,26.69,186.98,19.73,329.55,13.88,23453.67,125.69,0.00,103.19,0.00,14.61,17.90,2.28,32.21,1.85,46.79,1.35,0.00,5.06,34.48,0.71,64.49,0.96,6.36,0.76,60.50,1.26,0.00,28.92,0.00,57.94,0.00,385.35,0.00,280.84,58.02,8.99,89.53,9.15,16.59,2.79,0.00,24.20,0.00,29.26,0.00,124.37,0.00,141.87,0.00,56.84
39.0,39.0,1,39.000,18/03/2026 01:16:53,16.928,,8.69, 9.36, 9.36,36.67, -1.79, 2.55,10.732, 8.818, 9.241, 8.616, 8.384, 8.065, 7.827, 7.943, 8.157, 8.367, 8.548, 8.700, 8.835, 8.931, 9.089, 9.242, 9.375, 9.448, 9.452, 9.453, 9.545, 9.556, 9.448, 9.456, 9.362, 9.208, 9.264, 9.075, 9.084, 9.044, 8.959, 8.918, 8.823, 8.843, 8.845, 8.895, 8.939, 8.940, 9.075, 9.042, 9.223, 9.256, 9.366, 9.479, 9.623, 9.638, 9.796, 9.898, 9.844, 9.989, 10.077, 9.991, 10.043, 10.214, 10.161, 10.072, 10.253, 10.418, 10.273, 10.227, 10.496, 10.606, 10.464, 10.423, 10.682, 10.855, 10.779, 10.671, 10.780, 11.044, 11.100, 10.972, 10.881, 10.943, 11.111, 11.228, 11.197, 11.057, 10.958, 10.996, 11.110, 11.233, 11.211, 11.115, 11.054, 11.154, 11.352, 11.505, 11.533, 11.471, 11.426, 11.456, 11.547, 11.651, 11.723, 11.742, 11.698, 11.646, 11.559, 11.461, 11.355, 11.269, 11.161, 10.939, 10.360, 9.495, 8.750, 8.298, 8.017, 7.839, 7.811, 7.950, 8.321, 8.823, 9.283, 9.638, 9.841, 9.921, 9.981, 10.078, 10.277, 10.576, 10.941, 11.296, 11.590, 11.748, 11.791, 11.719, 11.586, 11.476, 11.414, 11.451, 11.548, 11.715, 11.908, 12.081, 12.194, 12.207, 12.100, 11.944, 11.709, 11.442, 11.220, 11.063, 11.006, 11.045, 11.014, 11.118, 11.182, 11.185, 11.026, 10.564, 9.635, 8.048, 6.298, 5.184, 4.688, 4.468, 4.377, 4.391, 4.499, 4.695, 4.923, 5.250, 5.604, 5.976, 6.355, 6.719, 7.080, 7.400, 7.694, 7.958, 8.173, 8.357, 8.505, 8.666, 8.780, 8.920, 9.009, 9.141, 9.283, 9.425, 9.593, 9.777, 9.960, 10.127, 10.243, 10.286, 10.386, 10.408, 10.350, 10.264, 10.186, 10.012, 9.853, 9.614, 9.383, 9.029, 8.771, 8.542, 8.295, 8.128, 8.064, 7.906, 7.803, 7.672, 7.615, 7.541, 7.430, 7.458, 7.359, 7.306, 7.147, 7.114, 7.019, 7.030, 16.3,1228742.0,1222491.0,878871.77,58995.40,2979.18,20481.43,487.12,20318.99,213.90,365.27,27.27,963.05,21.72,585.26,18.95,453.05,13.05,748.48,45.90,0.00,15.89,149.82,14.32,196.08,9.51,17525.26,95.94,0.00,87.50,0.00,11.41,0.00,9.24,44.96,1.76,37.39,1.12,0.00,4.63,42.55,0.77,68.92,0.93,8.57,0.66,56.72,1.02,0.00,26.59,0.00,45.93,0.00,372.71,0.00,256.31,0.00,421.97,63.05,8.04,0.00,37.63,0.00,19.51,0.00,31.42,24.01,3.17,0.00,126.70,0.00,56.03,211808.47,97830.64,4940.30,38698.90,920.40,43469.12,457.60,836.97,62.49,2404.64,54.23,705.01,22.83,633.91,18.26,1248.83,76.58,0.00,28.37,218.97,20.93,281.74,13.66,25056.63,137.17,0.00,111.25,0.00,14.52,0.00,11.57,55.96,2.19,49.37,1.48,0.00,6.51,46.53,0.84,81.50,1.10,10.88,0.84,76.62,1.38,0.00,31.17,0.00,61.25,0.00,400.33,0.00,292.79,0.00,535.70,75.48,9.62,0.00,44.18,0.00,21.07,0.00,33.85,26.77,3.53,0.00,144.17,0.00,63.56
39.5,39.5,1,39.500,18/03/2026 01:17:36,17.918,,9.04, 9.75, 9.59,37.39, -1.89, 3.05,10.186, 8.606, 9.251, 8.466, 8.223, 8.096, 8.117, 8.005, 8.235, 8.551, 8.774, 8.984, 9.077, 9.214, 9.412, 9.561, 9.687, 9.748, 9.834, 9.953, 9.974, 9.841, 9.897, 9.923, 9.690, 9.720, 9.580, 9.508, 9.519, 9.355, 9.442, 9.211, 9.288, 9.138, 9.293, 9.219, 9.310, 9.358, 9.346, 9.542, 9.483, 9.684, 9.784, 9.781, 10.068, 10.074, 10.080, 10.359, 10.298, 10.244, 10.486, 10.489, 10.332, 10.501, 10.651, 10.523, 10.481, 10.715, 10.829, 10.691, 10.643, 10.848, 11.053, 10.973, 10.847, 10.994, 11.302, 11.355, 11.220, 11.091, 11.306, 11.544, 11.568, 11.381, 11.260, 11.355, 11.571, 11.666, 11.538, 11.347, 11.220, 11.317, 11.534, 11.708, 11.698, 11.600, 11.530, 11.559, 11.730, 11.951, 12.087, 12.079, 11.976, 11.878, 11.861, 11.964, 12.089, 12.162, 12.102, 11.925, 11.721, 11.575, 11.426, 11.183, 10.584, 9.694, 8.968, 8.583, 8.377, 8.235, 8.178, 8.224, 8.457, 8.828, 9.250, 9.668, 10.028, 10.309, 10.547, 10.732, 10.897, 11.057, 11.205, 11.364, 11.534, 11.701, 11.850, 11.982, 12.082, 12.149, 12.184, 12.188, 12.181, 12.162, 12.162, 12.163, 12.178, 12.170, 12.118, 12.071, 12.008, 11.892, 11.785, 11.724, 11.683, 11.662, 11.523, 11.495, 11.434, 11.329, 11.084, 10.575, 9.577, 7.952, 6.182, 5.077, 4.640, 4.508, 4.512, 4.607, 4.759, 4.977, 5.231, 5.526, 5.835, 6.153, 6.471, 6.761, 7.035, 7.312, 7.560, 7.798, 8.040, 8.262, 8.470, 8.695, 8.904, 9.133, 9.323, 9.552, 9.745, 9.924, 10.100, 10.271, 10.413, 10.505, 10.560, 10.515, 10.537, 10.475, 10.344, 10.231, 10.096, 9.917, 9.721, 9.518, 9.298, 9.028, 8.827, 8.649, 8.460, 8.398, 8.335, 8.225, 8.159, 8.066, 7.961, 7.862, 7.818, 7.756, 7.653, 7.575, 7.303, 7.291, 7.069, 7.080, 16.3,1207180.0,1205775.0,885784.15,51504.65,2948.99,18903.11,479.49,20811.03,219.05,624.70,30.88,865.29,21.51,590.63,19.22,537.36,13.49,410.61,42.30,0.00,16.90,136.95,15.16,360.33,11.86,19137.85,104.17,0.00,91.14,0.00,11.27,20.55,2.03,41.73,1.76,30.54,1.10,0.00,3.83,46.55,0.81,78.40,1.01,3.99,0.65,50.98,1.03,0.00,26.13,0.00,46.05,0.00,380.95,16.80,5.24,0.00,429.37,29.51,8.19,0.00,38.42,0.00,22.65,6.01,1.00,0.00,120.31,8.31,2.68,0.00,56.55,199873.92,85408.91,4890.24,35716.72,905.98,44521.76,468.62,1431.42,70.76,2160.55,53.71,711.48,23.15,751.88,18.88,685.10,70.58,0.00,30.17,200.16,22.16,517.74,17.04,27362.22,148.94,0.00,115.88,0.00,14.34,25.72,2.54,51.94,2.19,40.32,1.45,0.00,5.38,50.91,0.89,92.72,1.19,5.07,0.83,68.86,1.39,0.00,30.63,0.00,61.41,0.00,409.18,19.19,5.99,0.00,545.09,35.33,9.80,0.00,45.11,0.00,24.46,6.47,1.08,0.00,134.13,9.46,3.05,0.00,64.15
40.0,40.0,1,40.000,18/03/2026 01:18:11,19.181,,9.10, 9.81, 9.50,37.51, -1.91, 3.54,8.672, 8.429, 9.166, 8.163, 7.769, 7.868, 7.707, 7.909, 8.101, 8.449, 8.675, 8.900, 9.022, 9.181, 9.383, 9.534, 9.679, 9.815, 9.895, 9.955, 10.025, 10.022, 9.971, 9.939, 9.851, 9.790, 9.711, 9.615, 9.641, 9.498, 9.545, 9.378, 9.386, 9.314, 9.410, 9.382, 9.493, 9.459, 9.609, 9.582, 9.798, 9.779, 9.990, 10.070, 10.144, 10.377, 10.324, 10.468, 10.605, 10.504, 10.618, 10.747, 10.614, 10.680, 10.858, 10.768, 10.727, 10.941, 11.014, 10.879, 10.955, 11.160, 11.168, 11.095, 11.197, 11.395, 11.476, 11.359, 11.385, 11.579, 11.690, 11.619, 11.491, 11.577, 11.772, 11.825, 11.728, 11.625, 11.648, 11.743, 11.767, 11.735, 11.684, 11.717, 11.811, 11.963, 12.029, 12.006, 11.990, 12.039, 12.165, 12.288, 12.340, 12.335, 12.287, 12.253, 12.278, 12.321, 12.317, 12.247, 12.116, 11.982, 11.769, 11.418, 10.709, 9.758, 9.039, 8.687, 8.511, 8.361, 8.278, 8.266, 8.467, 8.878, 9.372, 9.876, 10.300, 10.602, 10.800, 10.919, 11.001, 11.120, 11.286, 11.520, 11.790, 12.057, 12.306, 12.464, 12.517, 12.484, 12.397, 12.309, 12.217, 12.194, 12.246, 12.339, 12.476, 12.595, 12.641, 12.614, 12.514, 12.322, 12.093, 11.876, 11.735, 11.626, 11.505, 11.493, 11.494, 11.484, 11.344, 10.897, 9.943, 8.312, 6.498, 5.314, 4.811, 4.575, 4.469, 4.473, 4.560, 4.746, 4.991, 5.296, 5.654, 6.039, 6.436, 6.805, 7.177, 7.518, 7.830, 8.110, 8.354, 8.592, 8.801, 8.976, 9.157, 9.324, 9.478, 9.660, 9.827, 9.986, 10.148, 10.321, 10.458, 10.555, 10.579, 10.580, 10.622, 10.631, 10.524, 10.449, 10.366, 10.213, 10.095, 9.900, 9.689, 9.388, 9.157, 8.978, 8.755, 8.633, 8.573, 8.390, 8.336, 8.144, 8.030, 7.977, 7.749, 7.648, 7.549, 7.353, 7.213, 7.132, 6.861, 6.812, 16.3,1166349.0,1197939.0,885535.89,49951.89,2982.79,18553.71,481.54,21651.55,226.71,525.07,30.25,990.23,22.66,460.95,19.07,485.00,13.64,434.43,43.05,21.67,5.42,69.71,13.35,316.01,11.31,20634.91,113.01,0.00,99.82,0.00,13.77,11.74,1.95,40.41,1.88,26.97,1.11,0.00,4.73,57.66,0.90,89.98,1.10,13.30,0.74,62.44,1.10,0.00,26.59,0.00,45.64,0.00,389.96,0.00,267.16,0.00,445.24,0.00,468.68,23.36,2.86,0.00,27.14,7.68,1.05,35.39,3.26,0.00,127.65,0.00,49.24,200388.54,82834.01,4946.29,35056.54,909.85,46319.92,485.01,1203.13,69.31,2472.51,56.58,555.26,22.97,678.61,19.09,724.84,71.83,38.68,9.68,101.89,19.51,454.06,16.25,29502.64,161.58,0.00,126.92,0.00,17.52,14.70,2.44,50.30,2.34,35.61,1.47,0.00,6.65,63.06,0.98,106.41,1.30,16.89,0.94,84.34,1.49,0.00,31.17,0.00,60.86,0.00,418.86,0.00,305.18,0.00,565.24,0.00,561.06,27.43,3.36,0.00,29.30,8.27,1.13,39.45,3.63,0.00,145.25,0.00,55.86
40.5,40.5,1,40.500,18/03/2026 01:19:03,18.711,,9.27, 9.99, 9.67,37.83, -1.90, 3.59,10.942, 9.625, 9.306, 8.206, 8.151, 8.123, 8.011, 7.982, 8.257, 8.657, 8.816, 9.057, 9.120, 9.309, 9.503, 9.659, 9.797, 9.967, 10.102, 10.212, 10.248, 10.149, 10.082, 10.156, 10.086, 9.910, 9.906, 9.821, 9.771, 9.736, 9.639, 9.621, 9.475, 9.556, 9.501, 9.624, 9.585, 9.716, 9.705, 9.840, 9.899, 10.020, 10.115, 10.263, 10.340, 10.493, 10.581, 10.589, 10.783, 10.753, 10.735, 10.956, 10.863, 10.799, 11.052, 11.012, 10.879, 11.108, 11.255, 11.067, 11.093, 11.375, 11.408, 11.240, 11.345, 11.633, 11.730, 11.526, 11.497, 11.747, 11.965, 11.873, 11.679, 11.692, 11.902, 12.083, 12.041, 11.846, 11.733, 11.774, 11.918, 12.016, 11.996, 11.861, 11.795, 11.915, 12.154, 12.348, 12.394, 12.298, 12.175, 12.176, 12.337, 12.568, 12.721, 12.700, 12.517, 12.267, 12.090, 12.059, 12.146, 12.242, 12.140, 11.674, 10.627, 9.283, 8.342, 8.008, 8.028, 8.148, 8.243, 8.280, 8.373, 8.543, 8.834, 9.220, 9.696, 10.194, 10.661, 11.016, 11.254, 11.385, 11.443, 11.478, 11.558, 11.694, 11.901, 12.137, 12.370, 12.550, 12.645, 12.649, 12.586, 12.489, 12.392, 12.313, 12.281, 12.274, 12.273, 12.273, 12.244, 12.182, 12.097, 11.984, 11.907, 11.838, 11.627, 11.546, 11.439, 11.295, 11.009, 10.443, 9.351, 7.622, 5.862, 4.819, 4.448, 4.323, 4.295, 4.350, 4.461, 4.615, 4.828, 5.068, 5.357, 5.652, 5.964, 6.264, 6.586, 6.868, 7.159, 7.448, 7.723, 8.013, 8.283, 8.539, 8.817, 9.074, 9.313, 9.537, 9.730, 9.899, 10.064, 10.183, 10.301, 10.321, 10.285, 10.201, 10.132, 10.029, 9.869, 9.753, 9.610, 9.482, 9.358, 9.250, 9.108, 8.890, 8.767, 8.634, 8.529, 8.416, 8.328, 8.244, 8.122, 8.019, 7.836, 7.618, 7.347, 7.096, 6.886, 6.683, 6.409, 5.980, 5.783, 5.668, 16.3,1209581.0,1211301.0,895245.82,41330.46,2814.91,19137.46,474.50,20467.51,214.29,297.53,26.41,837.03,20.94,430.67,18.15,449.90,12.80,734.80,45.45,0.00,16.82,75.22,13.21,272.33,10.53,20356.53,108.01,0.00,96.17,0.00,12.52,35.64,2.28,43.26,1.80,31.68,1.16,0.00,3.62,46.18,0.81,78.11,1.00,7.11,0.67,45.95,1.00,0.00,26.70,0.00,45.14,0.00,377.66,20.45,5.19,45.57,7.60,0.00,448.13,0.00,40.35,0.00,19.59,10.81,1.07,0.00,114.38,0.00,128.82,0.00,56.01,183682.68,68537.30,4667.90,36159.52,896.55,43786.86,458.44,681.75,60.51,2089.98,52.29,518.79,21.86,629.50,17.91,1226.01,75.83,0.00,30.03,109.94,19.31,391.29,15.13,29104.62,154.43,0.00,122.28,0.00,15.93,44.61,2.85,53.85,2.24,41.83,1.53,0.00,5.09,50.50,0.89,92.37,1.18,9.03,0.85,62.07,1.35,0.00,31.30,0.00,60.19,0.00,405.65,23.36,5.93,57.85,9.65,0.00,536.46,0.00,47.37,0.00,21.15,11.64,1.15,0.00,127.52,0.00,146.58,0.00,63.54
41.0,41.0,1,41.000,18/03/2026 01:19:46,19.109,,8.86, 9.58, 9.04,37.08, -2.06, 4.27,5.731, 6.693, 6.921, 6.530, 6.867, 7.054, 7.012, 7.351, 7.601, 8.017, 8.254, 8.501, 8.632, 8.805, 9.035, 9.205, 9.417, 9.580, 9.667, 9.704, 9.784, 9.822, 9.773, 9.711, 9.685, 9.601, 9.495, 9.461, 9.405, 9.357, 9.314, 9.225, 9.166, 9.151, 9.206, 9.230, 9.291, 9.338, 9.397, 9.498, 9.575, 9.704, 9.801, 9.916, 10.073, 10.140, 10.248, 10.356, 10.363, 10.444, 10.505, 10.493, 10.525, 10.612, 10.593, 10.591, 10.696, 10.764, 10.727, 10.746, 10.885, 10.937, 10.915, 10.933, 11.098, 11.215, 11.270, 11.197, 11.275, 11.450, 11.552, 11.450, 11.346, 11.438, 11.616, 11.670, 11.585, 11.465, 11.457, 11.526, 11.548, 11.536, 11.506, 11.471, 11.549, 11.678, 11.792, 11.852, 11.847, 11.852, 11.902, 12.004, 12.091, 12.125, 12.122, 12.086, 12.055, 12.027, 11.964, 11.875, 11.759, 11.628, 11.426, 11.028, 10.172, 9.007, 8.132, 7.689, 7.499, 7.404, 7.381, 7.449, 7.707, 8.108, 8.578, 9.041, 9.446, 9.769, 10.024, 10.224, 10.412, 10.603, 10.831, 11.074, 11.325, 11.543, 11.719, 11.833, 11.885, 11.867, 11.838, 11.799, 11.798, 11.818, 11.863, 11.934, 12.005, 12.044, 12.020, 11.916, 11.769, 11.567, 11.364, 11.196, 11.094, 11.041, 10.949, 10.964, 10.957, 10.888, 10.656, 10.087, 8.964, 7.129, 5.181, 3.998, 3.548, 3.403, 3.399, 3.477, 3.625, 3.818, 4.071, 4.347, 4.654, 4.983, 5.317, 5.647, 5.990, 6.317, 6.631, 6.931, 7.220, 7.500, 7.754, 7.992, 8.224, 8.448, 8.632, 8.823, 8.994, 9.167, 9.291, 9.439, 9.545, 9.614, 9.625, 9.602, 9.590, 9.562, 9.473, 9.367, 9.266, 9.136, 8.983, 8.795, 8.571, 8.349, 8.113, 7.910, 7.728, 7.555, 7.399, 7.265, 7.000, 6.936, 6.668, 6.464, 6.227, 6.056, 5.869, 5.614, 5.410, 5.253, 5.119, 4.938, 16.3,1199619.0,1229708.0,892928.31,44067.53,2853.37,18204.76,470.31,19023.77,207.23,281.34,26.41,1067.13,22.40,694.42,19.38,746.07,14.48,1163.84,50.07,0.00,17.00,170.83,14.19,305.42,10.97,20951.86,111.97,0.00,100.59,0.00,13.54,13.74,1.95,65.23,2.13,26.06,1.17,0.00,4.00,48.86,0.84,79.30,1.02,12.98,0.72,79.56,1.15,0.00,26.68,0.00,45.43,0.00,384.39,0.00,263.12,0.00,438.66,0.00,452.90,0.00,43.65,0.00,21.89,13.79,1.14,55.23,3.08,0.00,120.10,0.00,55.56,186427.69,73076.12,4731.67,34397.21,888.63,40698.21,443.33,644.65,60.51,2664.52,55.93,836.50,23.35,1043.91,20.26,1941.86,83.54,0.00,30.35,249.68,20.74,438.84,15.76,29955.79,160.09,0.00,127.90,0.00,17.23,17.20,2.44,81.19,2.65,34.41,1.54,0.00,5.62,53.43,0.92,93.78,1.21,16.48,0.91,107.47,1.55,0.00,31.27,0.00,60.58,0.00,412.88,0.00,300.57,0.00,556.89,0.00,542.17,0.00,51.25,0.00,23.64,14.85,1.23,61.57,3.43,0.00,136.66,0.00,63.03
41.5,41.5,1,41.500,18/03/2026 01:20:29,19.043,,9.00, 9.73, 9.14,37.35, -2.09, 4.41,9.229, 6.878, 7.671, 7.407, 6.967, 7.260, 7.301, 7.463, 7.700, 8.072, 8.324, 8.580, 8.740, 8.924, 9.150, 9.353, 9.541, 9.724, 9.826, 9.872, 9.908, 9.941, 9.938, 9.884, 9.812, 9.741, 9.680, 9.598, 9.568, 9.518, 9.449, 9.413, 9.290, 9.346, 9.323, 9.428, 9.409, 9.524, 9.551, 9.635, 9.789, 9.807, 10.020, 10.081, 10.204, 10.388, 10.393, 10.526, 10.613, 10.588, 10.673, 10.730, 10.698, 10.745, 10.805, 10.802, 10.849, 10.921, 10.950, 10.965, 11.045, 11.081, 11.111, 11.164, 11.272, 11.347, 11.289, 11.327, 11.409, 11.526, 11.536, 11.504, 11.568, 11.616, 11.627, 11.623, 11.630, 11.679, 11.691, 11.624, 11.522, 11.497, 11.572, 11.701, 11.770, 11.780, 11.757, 11.773, 11.864, 12.029, 12.170, 12.197, 12.157, 12.063, 12.045, 12.095, 12.215, 12.255, 12.174, 11.982, 11.748, 11.538, 11.316, 10.958, 10.159, 9.007, 8.083, 7.575, 7.290, 7.103, 7.028, 7.105, 7.436, 7.949, 8.515, 9.049, 9.462, 9.745, 9.937, 10.078, 10.225, 10.431, 10.713, 11.035, 11.364, 11.661, 11.865, 11.966, 11.977, 11.898, 11.793, 11.713, 11.666, 11.679, 11.779, 11.901, 12.023, 12.114, 12.123, 12.046, 11.869, 11.626, 11.338, 11.085, 10.951, 10.871, 10.793, 10.825, 10.848, 10.820, 10.626, 10.088, 8.944, 7.069, 5.059, 3.857, 3.373, 3.182, 3.104, 3.127, 3.209, 3.366, 3.576, 3.870, 4.207, 4.585, 4.988, 5.407, 5.809, 6.185, 6.555, 6.899, 7.201, 7.476, 7.692, 7.900, 8.090, 8.259, 8.432, 8.583, 8.757, 8.903, 9.054, 9.187, 9.325, 9.418, 9.477, 9.486, 9.533, 9.556, 9.511, 9.428, 9.300, 9.137, 8.970, 8.756, 8.473, 8.197, 7.893, 7.625, 7.409, 7.139, 6.967, 6.700, 6.510, 6.358, 6.122, 5.885, 5.724, 5.453, 5.216, 5.216, 5.031, 5.016, 4.841, 4.753, 16.3,1209404.0,1230381.0,890311.05,46744.37,2895.84,17655.52,466.69,19024.92,207.77,334.30,27.14,813.60,20.97,808.23,19.89,722.14,14.19,1359.50,52.58,42.32,6.02,72.16,13.75,220.14,9.95,21466.24,115.17,0.00,97.59,0.00,13.78,17.26,2.04,49.73,1.98,26.28,1.17,0.00,4.38,55.35,0.89,97.91,1.14,11.80,0.73,70.86,1.14,0.00,27.18,0.00,46.03,0.00,385.90,0.00,265.48,0.00,443.28,39.05,8.45,16.36,2.71,0.00,24.92,12.97,1.16,27.94,3.32,0.00,128.75,0.00,56.93,190329.84,77515.06,4802.10,33359.45,881.79,40700.67,444.49,766.00,62.19,2031.48,52.36,973.60,23.96,1010.42,19.85,2268.32,87.73,75.55,10.75,105.47,20.10,316.31,14.30,30691.22,164.66,0.00,124.08,0.00,17.54,21.61,2.55,61.90,2.46,34.70,1.54,0.00,6.16,60.53,0.97,115.79,1.35,14.99,0.93,95.72,1.54,0.00,31.86,0.00,61.38,0.00,414.50,0.00,303.27,0.00,562.75,46.75,10.12,19.21,3.18,0.00,26.91,13.97,1.25,31.15,3.70,0.00,146.51,0.00,64.58
42.0,42.0,1,42.000,18/03/2026 01:21:04,20.898,,9.69, 10.45, 9.87,38.64, -1.98, 4.36,10.933, 8.161, 8.507, 8.139, 7.889, 7.822, 7.828, 8.102, 8.353, 8.733, 9.032, 9.267, 9.393, 9.593, 9.823, 10.044, 10.223, 10.384, 10.527, 10.626, 10.693, 10.655, 10.617, 10.657, 10.572, 10.435, 10.458, 10.322, 10.291, 10.287, 10.163, 10.173, 10.010, 10.104, 10.048, 10.187, 10.133, 10.291, 10.264, 10.416, 10.516, 10.546, 10.811, 10.780, 10.993, 11.159, 11.073, 11.329, 11.384, 11.249, 11.460, 11.537, 11.344, 11.479, 11.656, 11.505, 11.464, 11.734, 11.800, 11.608, 11.656, 11.913, 11.947, 11.819, 11.846, 12.115, 12.310, 12.191, 12.050, 12.202, 12.465, 12.488, 12.284, 12.127, 12.262, 12.512, 12.593, 12.414, 12.182, 12.108, 12.237, 12.415, 12.482, 12.370, 12.206, 12.230, 12.427, 12.669, 12.836, 12.819, 12.682, 12.577, 12.624, 12.792, 12.982, 13.069, 13.016, 12.792, 12.517, 12.336, 12.277, 12.287, 12.233, 11.864, 10.847, 9.406, 8.263, 7.710, 7.535, 7.528, 7.626, 7.791, 8.119, 8.524, 8.912, 9.276, 9.642, 10.020, 10.402, 10.746, 11.070, 11.357, 11.626, 11.819, 11.945, 12.017, 12.093, 12.195, 12.320, 12.441, 12.544, 12.604, 12.657, 12.694, 12.697, 12.669, 12.584, 12.477, 12.352, 12.253, 12.152, 12.052, 11.975, 11.899, 11.873, 11.868, 11.761, 11.719, 11.654, 11.461, 11.097, 10.364, 9.070, 7.093, 5.007, 3.771, 3.295, 3.174, 3.166, 3.266, 3.449, 3.677, 3.937, 4.245, 4.574, 4.906, 5.230, 5.547, 5.871, 6.200, 6.556, 6.923, 7.327, 7.720, 8.099, 8.449, 8.783, 9.061, 9.267, 9.461, 9.625, 9.740, 9.839, 9.910, 9.955, 9.912, 9.847, 9.717, 9.662, 9.601, 9.519, 9.465, 9.441, 9.384, 9.320, 9.203, 9.074, 8.866, 8.683, 8.427, 8.192, 7.985, 7.742, 7.492, 7.283, 7.025, 6.654, 6.421, 6.053, 5.882, 5.605, 5.322, 5.017, 4.897, 4.860, 4.791, 16.2,1156735.0,1200677.0,886314.47,48989.17,3028.01,19261.23,497.44,21814.27,231.74,363.70,29.10,978.32,23.18,328.11,19.09,450.51,13.58,819.93,48.56,0.00,16.51,89.29,14.02,294.37,11.29,19829.25,110.96,0.00,98.33,0.00,13.04,24.86,2.20,66.63,2.22,23.49,1.18,0.00,4.77,57.38,0.93,102.11,1.19,11.66,0.75,90.09,1.26,3.46,0.92,0.00,48.05,0.00,401.77,0.00,273.29,0.00,450.29,51.29,8.67,0.00,47.89,0.00,25.81,15.78,1.22,20.62,3.37,0.00,133.60,0.00,61.00,199443.47,81237.55,5021.28,36393.37,939.89,46668.03,495.77,833.37,66.68,2442.77,57.88,395.24,23.00,630.36,19.00,1368.05,81.02,0.00,29.47,130.50,20.49,422.96,16.22,28350.75,158.64,0.00,125.02,0.00,16.59,31.12,2.75,82.94,2.76,31.01,1.56,0.00,6.70,62.75,1.02,120.76,1.41,14.81,0.95,121.69,1.70,4.06,1.08,0.00,64.07,0.00,431.55,0.00,312.19,0.00,571.65,61.40,10.38,0.00,56.23,0.00,27.87,17.00,1.31,22.99,3.76,0.00,152.02,0.00,69.20
42.5,42.5,1,42.500,18/03/2026 01:21:47,20.895,,10.37, 11.18, 10.67,39.88, -1.94, 4.12,10.730, 8.730, 9.917, 8.834, 8.823, 8.672, 8.625, 8.835, 9.064, 9.511, 9.760, 9.984, 10.114, 10.332, 10.579, 10.781, 10.975, 11.161, 11.242, 11.323, 11.415, 11.412, 11.343, 11.375, 11.273, 11.178, 11.142, 11.035, 11.035, 10.926, 10.950, 10.769, 10.810, 10.684, 10.832, 10.799, 10.839, 10.994, 10.855, 11.198, 11.084, 11.250, 11.534, 11.340, 11.732, 11.842, 11.669, 12.032, 12.077, 11.869, 12.094, 12.241, 12.027, 12.035, 12.287, 12.265, 12.105, 12.223, 12.449, 12.412, 12.274, 12.376, 12.594, 12.636, 12.557, 12.580, 12.660, 12.818, 12.825, 12.783, 12.789, 12.866, 12.939, 12.954, 12.972, 12.915, 12.907, 12.923, 12.966, 12.984, 12.899, 12.815, 12.782, 12.845, 12.973, 13.129, 13.211, 13.201, 13.149, 13.112, 13.184, 13.343, 13.498, 13.591, 13.580, 13.461, 13.302, 13.168, 13.116, 13.132, 13.170, 13.167, 12.999, 12.482, 11.421, 10.025, 9.000, 8.585, 8.541, 8.627, 8.740, 8.850, 9.024, 9.275, 9.571, 9.923, 10.333, 10.808, 11.278, 11.721, 12.089, 12.342, 12.471, 12.517, 12.497, 12.493, 12.549, 12.658, 12.837, 13.044, 13.271, 13.445, 13.540, 13.578, 13.516, 13.377, 13.208, 13.035, 12.857, 12.708, 12.602, 12.513, 12.505, 12.542, 12.621, 12.715, 12.698, 12.665, 12.582, 12.374, 11.980, 11.244, 9.956, 7.903, 5.665, 4.257, 3.726, 3.578, 3.615, 3.780, 4.026, 4.332, 4.697, 5.094, 5.491, 5.878, 6.236, 6.584, 6.892, 7.188, 7.464, 7.739, 8.021, 8.326, 8.620, 8.944, 9.266, 9.587, 9.885, 10.181, 10.433, 10.643, 10.828, 10.979, 11.083, 11.104, 11.047, 10.961, 10.906, 10.792, 10.616, 10.432, 10.275, 10.074, 9.912, 9.697, 9.497, 9.265, 9.057, 8.851, 8.716, 8.545, 8.424, 8.316, 8.157, 7.948, 7.729, 7.511, 7.355, 7.067, 6.823, 6.512, 6.162, 6.023, 5.717, 5.755, 16.3,1119889.0,1207729.0,870126.11,61733.90,3261.21,22119.93,539.24,22112.24,240.72,437.64,31.31,788.96,22.96,333.20,20.15,470.61,14.42,1017.17,52.50,0.00,18.60,0.00,51.46,344.52,12.32,20092.77,116.76,0.00,101.25,0.00,13.51,31.03,2.37,48.89,2.03,27.64,1.19,0.00,4.78,75.12,1.08,117.15,1.32,16.00,0.82,86.38,1.29,0.00,28.09,0.00,48.62,0.00,409.11,0.00,283.81,0.00,473.12,0.00,492.11,0.00,49.11,0.00,21.54,9.00,1.16,0.00,130.73,11.70,2.90,0.00,64.99,226941.27,102371.83,5407.99,41794.78,1018.87,47305.49,514.98,1002.79,71.74,1969.96,57.33,401.37,24.27,658.48,20.18,1697.14,87.60,0.00,33.20,0.00,75.21,495.02,17.70,28727.51,166.94,0.00,128.74,0.00,17.19,38.84,2.97,60.85,2.53,36.49,1.57,0.00,6.72,82.15,1.18,138.54,1.56,20.32,1.04,116.68,1.74,0.00,32.93,0.00,64.83,0.00,439.43,0.00,324.20,0.00,600.63,0.00,589.11,0.00,57.66,0.00,23.26,9.69,1.25,0.00,145.74,13.31,3.30,0.00,73.73
43.0,43.0,1,43.000,18/03/2026 01:22:30,20.696,,10.97, 11.80, 11.46,40.90, -1.78, 3.67,14.091, 11.262, 10.715, 10.252, 9.818, 9.500, 9.469, 9.730, 9.877, 10.240, 10.446, 10.666, 10.806, 11.019, 11.250, 11.418, 11.595, 11.800, 11.890, 11.970, 12.021, 12.004, 11.970, 11.957, 11.891, 11.774, 11.753, 11.671, 11.606, 11.606, 11.510, 11.449, 11.378, 11.358, 11.413, 11.434, 11.490, 11.543, 11.586, 11.693, 11.779, 11.882, 12.025, 12.103, 12.254, 12.382, 12.414, 12.554, 12.606, 12.590, 12.686, 12.721, 12.672, 12.749, 12.794, 12.746, 12.797, 12.906, 12.910, 12.898, 12.965, 13.059, 13.069, 13.106, 13.170, 13.265, 13.347, 13.324, 13.338, 13.422, 13.490, 13.516, 13.420, 13.354, 13.417, 13.516, 13.574, 13.555, 13.433, 13.351, 13.331, 13.426, 13.513, 13.508, 13.443, 13.432, 13.512, 13.639, 13.790, 13.863, 13.866, 13.813, 13.784, 13.820, 13.900, 13.983, 14.014, 13.937, 13.787, 13.605, 13.462, 13.385, 13.262, 12.936, 12.075, 10.826, 9.806, 9.264, 9.005, 8.891, 8.905, 9.032, 9.357, 9.824, 10.308, 10.768, 11.144, 11.428, 11.659, 11.862, 12.068, 12.301, 12.555, 12.816, 13.046, 13.253, 13.407, 13.489, 13.522, 13.492, 13.437, 13.406, 13.403, 13.432, 13.493, 13.549, 13.625, 13.630, 13.607, 13.535, 13.383, 13.185, 12.963, 12.765, 12.638, 12.562, 12.522, 12.546, 12.548, 12.476, 12.252, 11.703, 10.562, 8.625, 6.434, 4.979, 4.377, 4.163, 4.123, 4.194, 4.362, 4.612, 4.913, 5.272, 5.672, 6.079, 6.506, 6.918, 7.323, 7.713, 8.078, 8.420, 8.745, 9.026, 9.290, 9.525, 9.736, 9.923, 10.090, 10.256, 10.400, 10.555, 10.712, 10.859, 10.997, 11.061, 11.081, 11.057, 11.110, 11.085, 11.006, 10.927, 10.788, 10.631, 10.476, 10.220, 9.962, 9.669, 9.378, 9.095, 8.869, 8.619, 8.451, 8.215, 8.014, 7.859, 7.680, 7.490, 7.205, 7.058, 6.841, 6.607, 6.458, 6.129, 6.131, 5.930, 16.3,1106950.0,1200361.0,887267.61,46029.67,3131.46,21027.77,532.98,23265.08,248.14,527.09,32.82,1087.89,25.09,268.94,20.10,406.97,14.20,468.22,45.95,0.00,17.42,164.42,16.74,231.84,10.94,18836.93,109.44,0.00,99.07,0.00,13.03,10.58,2.00,66.69,2.28,27.31,1.17,0.00,4.74,66.35,1.01,118.93,1.33,11.89,0.78,72.28,1.22,3.67,0.95,0.00,49.72,0.00,409.14,0.00,282.33,31.24,8.12,0.00,494.46,0.00,51.32,0.00,27.39,8.66,1.11,0.00,125.22,0.00,140.61,0.00,62.89,199448.56,76329.89,5192.82,39731.19,1007.05,49771.80,530.85,1207.76,75.20,2716.36,62.65,323.97,24.21,569.43,19.87,781.22,76.67,0.00,31.10,240.31,24.47,333.12,15.72,26931.98,156.47,0.00,125.97,0.00,16.58,13.24,2.50,83.01,2.84,36.06,1.54,0.00,6.66,72.56,1.10,140.65,1.57,15.10,0.99,97.63,1.65,4.30,1.11,0.00,66.30,0.00,439.46,0.00,322.51,39.66,10.31,0.00,591.92,0.00,60.25,0.00,29.57,9.33,1.20,0.00,139.60,0.00,160.00,0.00,71.34
43.5,43.5,1,43.500,18/03/2026 01:23:05,20.897,1157879.036,9.62, 10.39, 9.71,38.53, -2.07, 4.66,8.468, 8.257, 8.451, 7.661, 7.560, 7.595, 7.680, 7.874, 8.177, 8.603, 8.831, 9.106, 9.281, 9.492, 9.734, 9.940, 10.153, 10.322, 10.487, 10.567, 10.596, 10.597, 10.592, 10.574, 10.526, 10.421, 10.335, 10.330, 10.229, 10.202, 10.180, 10.052, 10.048, 9.977, 10.076, 10.076, 10.143, 10.198, 10.251, 10.359, 10.461, 10.549, 10.736, 10.780, 10.979, 11.082, 11.116, 11.292, 11.295, 11.323, 11.420, 11.413, 11.416, 11.490, 11.489, 11.500, 11.569, 11.610, 11.635, 11.687, 11.734, 11.753, 11.817, 11.889, 11.937, 12.007, 12.020, 12.064, 12.122, 12.175, 12.230, 12.235, 12.232, 12.238, 12.269, 12.313, 12.334, 12.316, 12.289, 12.238, 12.181, 12.185, 12.248, 12.319, 12.346, 12.378, 12.394, 12.439, 12.554, 12.675, 12.759, 12.780, 12.740, 12.705, 12.719, 12.793, 12.878, 12.866, 12.749, 12.539, 12.313, 12.167, 12.013, 11.684, 10.833, 9.580, 8.526, 7.933, 7.629, 7.479, 7.494, 7.642, 8.027, 8.549, 9.072, 9.534, 9.874, 10.126, 10.349, 10.598, 10.862, 11.186, 11.512, 11.815, 12.070, 12.230, 12.310, 12.317, 12.301, 12.291, 12.308, 12.354, 12.438, 12.558, 12.647, 12.711, 12.707, 12.651, 12.538, 12.340, 12.136, 11.929, 11.764, 11.658, 11.628, 11.685, 11.708, 11.749, 11.742, 11.602, 11.286, 10.595, 9.323, 7.268, 5.059, 3.696, 3.166, 3.002, 3.000, 3.121, 3.329, 3.589, 3.899, 4.254, 4.627, 4.990, 5.334, 5.681, 6.015, 6.342, 6.683, 7.030, 7.382, 7.736, 8.077, 8.402, 8.714, 8.993, 9.243, 9.470, 9.629, 9.761, 9.871, 9.941, 9.997, 9.983, 9.920, 9.849, 9.851, 9.859, 9.783, 9.715, 9.643, 9.554, 9.424, 9.291, 9.101, 8.880, 8.626, 8.359, 8.101, 7.887, 7.681, 7.400, 7.165, 6.900, 6.600, 6.282, 6.103, 5.848, 5.562, 5.360, 5.010, 5.041, 4.861, 4.987, 16.2,1093169.0,1181628.0,882332.23,50739.07,3177.41,22487.81,546.09,22991.91,247.10,505.41,32.62,1071.88,25.04,0.00,784.60,348.88,13.97,630.75,48.23,0.00,17.98,88.49,15.71,307.23,11.97,18038.22,105.94,0.00,99.80,0.00,13.70,24.51,2.26,64.54,2.29,24.75,1.15,0.00,4.84,75.70,1.07,119.72,1.33,9.49,0.77,81.24,1.26,0.00,28.87,0.00,48.77,0.00,405.35,0.00,285.63,31.86,8.25,0.00,490.58,16.14,2.89,0.00,29.16,10.23,1.14,0.00,129.13,0.00,143.19,0.00,55.78,208112.73,84139.37,5269.02,42489.88,1031.82,49187.40,528.63,1158.08,74.74,2676.38,62.52,0.00,945.13,488.16,19.55,1052.40,80.47,0.00,32.10,129.33,22.96,441.44,17.20,25790.03,151.47,0.00,126.89,0.00,17.43,30.68,2.83,80.33,2.85,32.68,1.52,0.00,6.80,82.79,1.17,141.58,1.57,12.05,0.98,109.74,1.70,0.00,33.84,0.00,65.03,0.00,435.39,0.00,326.28,40.45,10.47,0.00,587.27,18.95,3.39,0.00,31.49,11.02,1.23,0.00,143.96,0.00,162.94,0.00,63.28
44.0,44.0,1,44.000,18/03/2026 01:23:48,20.502,,9.65, 10.42, 9.87,38.59, -2.02, 4.29,8.490, 8.327, 8.503, 8.016, 8.055, 7.868, 7.851, 8.027, 8.350, 8.736, 9.002, 9.268, 9.398, 9.574, 9.849, 10.021, 10.215, 10.376, 10.502, 10.580, 10.646, 10.659, 10.604, 10.582, 10.525, 10.421, 10.392, 10.282, 10.254, 10.229, 10.128, 10.104, 9.997, 10.010, 10.032, 10.063, 10.124, 10.145, 10.246, 10.282, 10.436, 10.499, 10.630, 10.791, 10.833, 11.032, 11.065, 11.140, 11.258, 11.230, 11.271, 11.345, 11.326, 11.345, 11.381, 11.402, 11.462, 11.464, 11.496, 11.596, 11.631, 11.581, 11.654, 11.810, 11.856, 11.798, 11.957, 12.056, 12.118, 12.052, 12.047, 12.141, 12.229, 12.186, 12.112, 12.132, 12.235, 12.300, 12.204, 12.061, 12.010, 12.089, 12.220, 12.268, 12.218, 12.205, 12.260, 12.373, 12.511, 12.569, 12.574, 12.592, 12.591, 12.635, 12.701, 12.722, 12.703, 12.654, 12.555, 12.438, 12.346, 12.268, 12.078, 11.675, 10.821, 9.636, 8.708, 8.271, 8.105, 8.027, 7.972, 8.003, 8.240, 8.670, 9.160, 9.661, 10.113, 10.489, 10.738, 10.911, 11.048, 11.201, 11.394, 11.612, 11.844, 12.094, 12.328, 12.484, 12.535, 12.504, 12.443, 12.380, 12.338, 12.315, 12.338, 12.396, 12.479, 12.569, 12.593, 12.543, 12.397, 12.182, 11.976, 11.801, 11.679, 11.617, 11.498, 11.494, 11.490, 11.452, 11.263, 10.747, 9.633, 7.729, 5.592, 4.209, 3.648, 3.435, 3.393, 3.474, 3.634, 3.882, 4.183, 4.554, 4.937, 5.339, 5.732, 6.102, 6.448, 6.780, 7.111, 7.420, 7.727, 8.032, 8.304, 8.578, 8.799, 9.046, 9.246, 9.470, 9.680, 9.861, 10.017, 10.120, 10.208, 10.205, 10.161, 10.084, 10.076, 10.026, 9.942, 9.853, 9.758, 9.617, 9.485, 9.283, 9.057, 8.887, 8.670, 8.532, 8.327, 8.189, 8.040, 7.787, 7.674, 7.402, 7.119, 6.882, 6.604, 6.357, 6.130, 5.875, 5.653, 5.490, 5.362, 5.130, 16.2,1068846.0,1177926.0,871296.62,61487.67,3374.51,22602.13,560.49,23251.67,255.06,398.48,32.32,1188.68,26.57,0.00,746.89,201.32,13.72,750.06,51.04,41.17,6.56,107.63,17.09,153.65,10.02,18054.04,109.65,0.00,100.44,0.00,14.38,19.40,2.22,69.27,2.35,40.37,1.37,0.00,4.85,71.58,1.07,112.65,1.32,12.36,0.80,83.78,1.30,0.00,29.37,0.00,50.60,0.00,418.93,19.85,5.77,25.13,8.33,0.00,508.27,0.00,50.46,0.00,28.25,12.52,1.21,0.00,131.54,0.00,145.55,0.00,60.07,226663.21,101963.51,5595.87,42705.88,1059.02,49743.11,545.66,913.06,74.06,2968.02,66.34,0.00,899.71,281.69,19.20,1251.47,85.16,73.50,11.71,157.31,24.98,220.77,14.40,25812.65,156.77,0.00,127.71,0.00,18.30,24.28,2.78,86.22,2.93,53.30,1.81,0.00,6.82,78.28,1.17,133.22,1.56,15.70,1.02,113.17,1.76,0.00,34.43,0.00,67.47,0.00,449.98,22.68,6.59,31.90,10.58,0.00,608.45,0.00,59.24,0.00,30.50,13.49,1.30,0.00,146.65,0.00,165.62,0.00,68.15
44.5,44.5,1,44.500,18/03/2026 01:24:31,20.433,,9.78, 10.56, 9.98,38.82, -2.00, 4.36,10.361, 8.383, 9.138, 8.112, 7.873, 7.852, 7.872, 8.189, 8.405, 8.837, 9.131, 9.343, 9.504, 9.722, 9.938, 10.141, 10.346, 10.530, 10.650, 10.711, 10.749, 10.783, 10.764, 10.719, 10.655, 10.582, 10.510, 10.453, 10.407, 10.350, 10.333, 10.236, 10.183, 10.155, 10.207, 10.235, 10.292, 10.337, 10.397, 10.494, 10.576, 10.714, 10.788, 10.958, 11.056, 11.184, 11.292, 11.315, 11.431, 11.453, 11.451, 11.551, 11.521, 11.536, 11.600, 11.581, 11.639, 11.703, 11.717, 11.738, 11.838, 11.856, 11.831, 11.962, 12.078, 12.052, 12.052, 12.157, 12.268, 12.241, 12.202, 12.304, 12.353, 12.324, 12.250, 12.309, 12.428, 12.453, 12.355, 12.207, 12.201, 12.315, 12.402, 12.412, 12.337, 12.339, 12.463, 12.580, 12.662, 12.718, 12.717, 12.732, 12.785, 12.806, 12.837, 12.867, 12.876, 12.829, 12.771, 12.651, 12.488, 12.360, 12.214, 11.881, 11.104, 9.965, 9.036, 8.512, 8.260, 8.153, 8.161, 8.266, 8.595, 9.054, 9.544, 9.966, 10.285, 10.545, 10.784, 10.989, 11.198, 11.440, 11.726, 11.988, 12.183, 12.297, 12.389, 12.460, 12.497, 12.498, 12.501, 12.527, 12.594, 12.660, 12.682, 12.692, 12.660, 12.626, 12.585, 12.510, 12.389, 12.207, 12.059, 11.958, 11.924, 11.919, 11.879, 11.830, 11.769, 11.646, 11.404, 10.867, 9.784, 7.929, 5.795, 4.390, 3.824, 3.629, 3.607, 3.714, 3.909, 4.162, 4.460, 4.812, 5.194, 5.595, 6.000, 6.386, 6.763, 7.120, 7.465, 7.803, 8.126, 8.430, 8.687, 8.930, 9.137, 9.318, 9.500, 9.658, 9.847, 10.024, 10.180, 10.334, 10.455, 10.536, 10.531, 10.495, 10.512, 10.526, 10.451, 10.373, 10.246, 10.051, 9.864, 9.609, 9.343, 9.057, 8.803, 8.593, 8.428, 8.266, 8.161, 8.011, 7.848, 7.734, 7.565, 7.298, 7.127, 6.865, 6.648, 6.460, 6.117, 5.960, 5.785, 5.601, 16.2,1120950.0,1171445.0,880016.33,58505.87,3186.54,21367.05,524.97,21799.39,235.99,362.72,29.88,1267.25,25.56,0.00,726.71,76.64,12.44,521.03,45.88,0.00,15.90,154.52,15.51,191.52,9.99,15332.43,90.88,0.00,88.32,0.00,12.70,6.28,1.83,61.18,2.14,14.36,1.03,0.00,4.13,61.08,0.94,105.78,1.20,9.42,0.72,79.94,1.19,0.00,27.31,0.00,48.04,33.04,8.24,0.00,271.11,0.00,454.99,0.00,477.70,0.00,53.91,0.00,28.86,12.10,1.12,22.04,3.28,0.00,134.02,0.00,62.37,211909.57,97018.87,5284.16,40372.24,991.91,46636.20,504.86,831.12,68.47,3164.20,63.82,0.00,875.40,107.24,17.41,869.34,76.55,0.00,28.38,225.84,22.67,275.18,14.35,21921.45,129.94,0.00,112.30,0.00,16.16,7.86,2.29,76.15,2.66,18.96,1.36,0.00,5.80,66.80,1.03,125.10,1.42,11.96,0.91,107.98,1.61,0.00,32.01,0.00,64.06,35.49,8.85,0.00,309.70,0.00,577.62,0.00,571.86,0.00,63.29,0.00,31.16,13.03,1.21,24.57,3.66,0.00,152.50,0.00,70.75
45.0,45.0,1,45.000,18/03/2026 01:25:06,21.226,,9.57, 10.33, 9.83,38.42, -1.97, 4.10,10.247, 8.542, 8.404, 7.829, 7.846, 7.820, 7.802, 8.008, 8.402, 8.744, 8.988, 9.219, 9.317, 9.524, 9.764, 9.946, 10.136, 10.303, 10.414, 10.486, 10.537, 10.559, 10.507, 10.438, 10.403, 10.365, 10.263, 10.171, 10.195, 10.102, 10.049, 10.024, 9.889, 9.949, 9.920, 10.014, 10.015, 10.109, 10.120, 10.258, 10.292, 10.454, 10.530, 10.667, 10.807, 10.871, 11.001, 11.054, 11.100, 11.186, 11.168, 11.205, 11.278, 11.237, 11.255, 11.357, 11.346, 11.337, 11.459, 11.509, 11.470, 11.524, 11.655, 11.674, 11.657, 11.786, 11.910, 11.898, 11.829, 11.955, 12.073, 12.050, 11.911, 11.907, 12.051, 12.162, 12.105, 11.974, 11.958, 12.039, 12.067, 12.009, 11.944, 11.978, 12.083, 12.198, 12.227, 12.204, 12.198, 12.314, 12.467, 12.560, 12.544, 12.438, 12.374, 12.423, 12.545, 12.620, 12.558, 12.370, 12.141, 11.935, 11.798, 11.557, 10.881, 9.821, 8.893, 8.331, 7.999, 7.828, 7.854, 8.045, 8.445, 8.927, 9.392, 9.762, 10.005, 10.187, 10.379, 10.610, 10.883, 11.186, 11.485, 11.750, 11.940, 12.044, 12.069, 12.073, 12.079, 12.100, 12.155, 12.223, 12.307, 12.387, 12.460, 12.476, 12.438, 12.355, 12.221, 12.085, 11.955, 11.808, 11.705, 11.638, 11.635, 11.665, 11.669, 11.657, 11.590, 11.447, 11.133, 10.543, 9.426, 7.619, 5.610, 4.367, 3.919, 3.813, 3.856, 3.986, 4.190, 4.412, 4.674, 4.936, 5.240, 5.542, 5.852, 6.173, 6.490, 6.822, 7.135, 7.470, 7.814, 8.148, 8.465, 8.756, 9.048, 9.307, 9.507, 9.683, 9.821, 9.935, 10.017, 10.090, 10.145, 10.146, 10.090, 10.042, 10.043, 10.010, 9.933, 9.860, 9.827, 9.738, 9.645, 9.537, 9.374, 9.155, 8.960, 8.715, 8.533, 8.302, 8.185, 7.974, 7.728, 7.513, 7.313, 7.068, 6.876, 6.624, 6.314, 6.156, 6.029, 5.760, 5.671, 5.678, 16.3,1125245.0,1192739.0,886269.91,49558.34,3171.82,20431.18,526.95,22342.77,243.04,606.14,33.75,1297.71,26.36,0.00,802.37,316.78,13.85,445.96,45.59,0.00,17.59,163.87,16.46,300.34,11.79,17782.74,104.42,0.00,97.67,0.00,12.09,25.39,2.25,71.18,2.33,25.12,1.20,0.00,4.95,61.93,0.97,105.70,1.24,16.15,0.79,75.23,1.21,0.00,28.85,0.00,49.32,32.64,8.43,26.74,5.69,0.00,469.13,0.00,503.34,0.00,51.00,0.00,27.49,13.31,1.19,30.91,3.42,0.00,136.05,0.00,58.14,201079.10,82181.40,5259.75,38603.95,995.65,47798.67,519.94,1388.89,77.33,3240.26,65.82,0.00,966.54,443.24,19.38,744.08,76.07,0.00,31.40,239.51,24.06,431.54,16.94,25424.76,149.29,0.00,124.19,0.00,15.39,31.78,2.82,88.60,2.90,33.17,1.58,0.00,6.96,67.73,1.06,125.00,1.47,20.51,1.00,101.62,1.63,0.00,33.82,0.00,65.77,35.06,9.05,30.55,6.50,0.00,595.57,0.00,602.55,0.00,59.88,0.00,29.68,14.34,1.28,34.46,3.81,0.00,154.81,0.00,65.96
45.5,45.5,1,45.500,18/03/2026 01:25:58,20.698,,10.44, 11.25, 10.69,39.99, -1.92, 4.26,10.441, 8.699, 9.180, 8.605, 8.712, 8.428, 8.615, 8.796, 9.062, 9.490, 9.780, 10.022, 10.167, 10.357, 10.610, 10.813, 11.014, 11.199, 11.296, 11.390, 11.476, 11.512, 11.453, 11.390, 11.363, 11.304, 11.189, 11.136, 11.124, 11.030, 11.025, 10.904, 10.860, 10.838, 10.885, 10.916, 10.961, 11.008, 11.085, 11.146, 11.298, 11.346, 11.553, 11.603, 11.770, 11.889, 11.923, 12.090, 12.087, 12.117, 12.219, 12.185, 12.212, 12.284, 12.237, 12.276, 12.382, 12.374, 12.374, 12.487, 12.539, 12.517, 12.564, 12.712, 12.759, 12.730, 12.774, 12.907, 12.981, 12.943, 12.938, 12.979, 13.064, 13.025, 12.967, 12.971, 13.077, 13.141, 13.052, 12.911, 12.822, 12.931, 13.118, 13.156, 13.094, 12.993, 13.035, 13.222, 13.427, 13.498, 13.444, 13.338, 13.296, 13.399, 13.578, 13.683, 13.672, 13.521, 13.301, 13.132, 13.083, 13.129, 13.097, 12.811, 11.992, 10.797, 9.804, 9.326, 9.211, 9.232, 9.319, 9.435, 9.663, 9.981, 10.322, 10.691, 11.072, 11.441, 11.766, 12.047, 12.246, 12.411, 12.523, 12.641, 12.762, 12.905, 13.076, 13.258, 13.400, 13.494, 13.502, 13.490, 13.443, 13.382, 13.323, 13.289, 13.299, 13.323, 13.363, 13.370, 13.353, 13.240, 13.138, 13.008, 12.898, 12.808, 12.650, 12.569, 12.495, 12.374, 12.167, 11.694, 10.729, 9.009, 6.978, 5.615, 5.062, 4.877, 4.840, 4.889, 5.040, 5.245, 5.500, 5.794, 6.145, 6.527, 6.927, 7.345, 7.770, 8.184, 8.595, 8.952, 9.306, 9.609, 9.875, 10.097, 10.318, 10.494, 10.633, 10.774, 10.868, 10.964, 11.075, 11.158, 11.263, 11.316, 11.351, 11.377, 11.441, 11.500, 11.464, 11.444, 11.387, 11.300, 11.160, 10.964, 10.796, 10.532, 10.240, 9.982, 9.733, 9.523, 9.342, 9.152, 8.948, 8.715, 8.542, 8.290, 8.172, 7.999, 7.822, 7.674, 7.544, 7.373, 7.277, 7.255, 16.3,1123677.0,1211615.0,875062.18,54558.40,3166.51,21451.35,530.43,21294.92,233.85,454.87,31.12,1045.70,24.23,595.93,20.98,537.88,14.66,1376.16,56.08,19.10,6.16,56.30,15.11,351.29,12.47,22710.32,129.21,0.00,107.47,0.00,14.63,25.47,2.33,65.27,2.33,31.35,1.28,0.00,5.21,75.03,1.09,114.09,1.32,6.85,0.77,93.65,1.34,0.00,28.35,0.00,48.69,0.00,410.86,0.00,283.85,0.00,476.99,47.95,9.06,11.96,2.84,0.00,26.47,13.99,1.23,0.00,125.98,0.00,141.46,0.00,59.15,217665.50,90472.87,5250.95,40531.52,1002.23,45556.97,500.28,1042.27,71.31,2611.01,60.50,717.86,25.27,752.60,20.51,2296.11,93.57,34.10,11.00,82.29,22.08,504.75,17.92,32469.94,184.74,0.00,136.65,0.00,18.62,31.88,2.92,81.24,2.90,41.39,1.69,0.00,7.32,82.05,1.19,134.92,1.56,8.70,0.98,126.50,1.81,0.00,33.23,0.00,64.93,0.00,441.31,0.00,324.25,0.00,605.55,57.40,10.85,14.04,3.33,0.00,28.58,15.07,1.32,0.00,140.45,0.00,160.97,0.00,67.10
46.0,46.0,1,46.000,18/03/2026 01:26:41,20.961,,10.83, 11.67, 10.97,40.69, -1.94, 4.67,10.307, 9.773, 9.885, 8.741, 8.778, 8.680, 8.779, 8.998, 9.240, 9.730, 10.018, 10.261, 10.448, 10.686, 10.930, 11.166, 11.377, 11.600, 11.717, 11.811, 11.902, 11.931, 11.924, 11.863, 11.795, 11.759, 11.702, 11.569, 11.596, 11.537, 11.432, 11.449, 11.274, 11.367, 11.328, 11.439, 11.422, 11.548, 11.527, 11.735, 11.712, 11.967, 11.971, 12.179, 12.300, 12.347, 12.556, 12.532, 12.618, 12.735, 12.633, 12.729, 12.807, 12.706, 12.753, 12.867, 12.825, 12.838, 12.958, 13.005, 12.964, 13.025, 13.148, 13.183, 13.186, 13.230, 13.348, 13.392, 13.347, 13.390, 13.481, 13.520, 13.472, 13.416, 13.432, 13.520, 13.603, 13.551, 13.443, 13.357, 13.360, 13.486, 13.574, 13.565, 13.489, 13.489, 13.581, 13.756, 13.873, 13.886, 13.860, 13.815, 13.841, 13.927, 14.053, 14.103, 14.060, 13.943, 13.797, 13.680, 13.633, 13.621, 13.543, 13.224, 12.432, 11.267, 10.314, 9.862, 9.731, 9.709, 9.736, 9.823, 10.065, 10.414, 10.815, 11.241, 11.622, 11.967, 12.256, 12.479, 12.666, 12.815, 12.956, 13.106, 13.257, 13.412, 13.584, 13.725, 13.824, 13.894, 13.910, 13.883, 13.837, 13.800, 13.774, 13.760, 13.777, 13.798, 13.795, 13.795, 13.751, 13.649, 13.527, 13.399, 13.312, 13.226, 13.083, 13.037, 12.960, 12.853, 12.643, 12.187, 11.208, 9.459, 7.269, 5.731, 5.080, 4.839, 4.786, 4.885, 5.078, 5.342, 5.651, 6.016, 6.425, 6.844, 7.279, 7.710, 8.139, 8.565, 8.971, 9.361, 9.709, 10.030, 10.312, 10.550, 10.774, 10.960, 11.087, 11.230, 11.327, 11.420, 11.530, 11.618, 11.726, 11.786, 11.801, 11.802, 11.889, 11.944, 11.921, 11.897, 11.861, 11.723, 11.599, 11.443, 11.221, 10.915, 10.636, 10.356, 10.119, 9.864, 9.681, 9.489, 9.287, 9.130, 8.928, 8.704, 8.523, 8.300, 8.130, 7.914, 7.685, 7.657, 7.533, 7.377, 16.3,1124415.0,1228310.0,886472.70,42156.66,2962.77,20544.09,514.65,21470.78,229.92,446.02,30.22,926.72,22.85,1253.04,23.21,778.81,15.85,1155.50,52.46,31.95,6.05,0.00,55.45,471.53,13.59,23849.09,131.05,0.00,109.84,0.00,14.30,0.00,10.30,67.11,2.28,43.11,1.42,0.00,4.35,69.23,1.03,118.69,1.33,16.75,0.82,99.77,1.35,0.00,27.26,0.00,47.51,0.00,401.62,0.00,278.06,0.00,461.70,0.00,481.70,0.00,47.11,0.00,26.94,16.31,1.26,12.15,3.55,0.00,137.14,0.00,53.57,197897.17,69907.37,4913.09,38817.29,972.41,45933.19,491.88,1021.99,69.25,2313.93,57.05,1509.42,27.96,1089.72,22.18,1927.94,87.53,57.04,10.80,0.00,81.04,677.51,19.53,34098.09,187.37,0.00,139.66,0.00,18.20,0.00,12.89,83.53,2.84,56.92,1.87,0.00,6.11,75.71,1.13,140.36,1.57,21.27,1.04,134.77,1.82,0.00,31.95,0.00,63.35,0.00,431.39,0.00,317.64,0.00,586.14,0.00,576.64,0.00,55.31,0.00,29.09,17.57,1.36,13.55,3.96,0.00,156.05,0.00,60.77
46.5,46.5,1,46.500,18/03/2026 01:27:24,20.034,,10.42, 11.25, 10.56,40.00, -2.06, 4.67,10.380, 8.390, 9.205, 8.572, 8.468, 8.122, 8.239, 8.541, 8.905, 9.367, 9.639, 9.902, 10.043, 10.315, 10.579, 10.787, 11.000, 11.205, 11.328, 11.417, 11.468, 11.467, 11.461, 11.474, 11.386, 11.248, 11.243, 11.178, 11.072, 11.119, 10.996, 10.943, 10.884, 10.835, 10.949, 10.900, 11.033, 11.014, 11.144, 11.197, 11.313, 11.457, 11.520, 11.741, 11.782, 11.961, 12.041, 12.066, 12.209, 12.196, 12.196, 12.308, 12.270, 12.257, 12.354, 12.353, 12.344, 12.443, 12.494, 12.483, 12.540, 12.632, 12.637, 12.660, 12.767, 12.838, 12.925, 12.898, 12.963, 13.052, 13.047, 13.027, 12.985, 13.038, 13.079, 13.084, 13.069, 13.064, 13.063, 13.020, 12.944, 12.939, 13.023, 13.111, 13.130, 13.137, 13.142, 13.217, 13.332, 13.448, 13.487, 13.473, 13.450, 13.439, 13.508, 13.601, 13.654, 13.587, 13.440, 13.251, 13.126, 13.052, 12.968, 12.692, 11.908, 10.727, 9.725, 9.212, 9.000, 8.936, 8.986, 9.125, 9.425, 9.823, 10.253, 10.650, 10.990, 11.293, 11.564, 11.820, 12.066, 12.290, 12.470, 12.646, 12.791, 12.937, 13.048, 13.159, 13.240, 13.303, 13.364, 13.386, 13.379, 13.369, 13.338, 13.326, 13.318, 13.287, 13.255, 13.215, 13.145, 13.065, 12.977, 12.871, 12.791, 12.739, 12.588, 12.528, 12.449, 12.308, 12.048, 11.513, 10.474, 8.669, 6.527, 5.092, 4.514, 4.314, 4.287, 4.370, 4.534, 4.762, 5.047, 5.369, 5.723, 6.120, 6.528, 6.945, 7.375, 7.792, 8.214, 8.620, 8.995, 9.334, 9.637, 9.899, 10.116, 10.312, 10.439, 10.566, 10.661, 10.730, 10.836, 10.911, 11.005, 11.051, 11.048, 11.058, 11.169, 11.240, 11.255, 11.225, 11.179, 11.104, 10.965, 10.756, 10.505, 10.237, 9.921, 9.613, 9.347, 9.101, 8.902, 8.636, 8.450, 8.223, 7.968, 7.737, 7.560, 7.373, 7.236, 7.070, 6.970, 6.735, 6.660, 6.545, 16.3,1125270.0,1247599.0,879831.31,47209.65,3023.51,19147.96,504.33,21972.58,233.89,414.20,30.07,1133.83,24.18,1450.32,24.19,1091.70,17.16,1323.40,54.54,46.62,6.25,157.88,16.40,354.31,12.39,25410.78,140.19,0.00,114.83,0.00,12.77,6.82,1.97,62.00,2.24,19.79,1.15,0.00,4.47,64.79,1.02,117.44,1.34,9.53,0.77,94.08,1.33,4.82,0.97,0.00,48.50,0.00,403.42,0.00,275.79,0.00,470.39,38.36,9.13,0.00,47.12,0.00,26.60,11.54,1.20,26.31,3.47,0.00,133.15,0.00,58.69,208443.55,78286.62,5013.81,36179.36,952.91,47006.71,500.37,949.08,68.90,2831.06,60.38,1747.06,29.14,1527.51,24.01,2208.08,91.00,83.23,11.16,230.75,23.97,509.09,17.80,36330.91,200.44,0.00,146.00,0.00,16.25,8.54,2.47,77.17,2.79,26.13,1.52,0.00,6.28,70.85,1.12,138.88,1.58,12.10,0.98,127.08,1.80,5.65,1.14,0.00,64.67,0.00,433.32,0.00,315.04,0.00,597.17,45.92,10.93,0.00,55.32,0.00,28.72,12.43,1.29,29.33,3.87,0.00,151.51,0.00,66.58
47.0,47.0,1,47.000,18/03/2026 01:27:59,20.431,,11.02, 11.89, 11.25,41.03, -2.03, 4.49,10.998, 9.023, 9.973, 9.363, 9.053, 8.983, 9.021, 9.152, 9.551, 9.947, 10.263, 10.546, 10.730, 10.973, 11.192, 11.426, 11.617, 11.836, 11.963, 12.054, 12.138, 12.139, 12.099, 12.070, 12.025, 11.914, 11.843, 11.782, 11.721, 11.689, 11.616, 11.543, 11.471, 11.457, 11.501, 11.529, 11.574, 11.643, 11.681, 11.807, 11.881, 12.015, 12.139, 12.245, 12.411, 12.499, 12.579, 12.692, 12.710, 12.759, 12.810, 12.803, 12.817, 12.869, 12.851, 12.863, 12.942, 12.970, 12.966, 13.031, 13.102, 13.111, 13.116, 13.214, 13.303, 13.330, 13.388, 13.413, 13.540, 13.524, 13.541, 13.513, 13.519, 13.546, 13.567, 13.571, 13.555, 13.564, 13.546, 13.495, 13.409, 13.418, 13.509, 13.571, 13.593, 13.606, 13.605, 13.666, 13.775, 13.874, 13.939, 13.935, 13.911, 13.890, 13.924, 14.006, 14.052, 14.019, 13.909, 13.722, 13.569, 13.478, 13.377, 13.089, 12.349, 11.244, 10.310, 9.797, 9.554, 9.456, 9.480, 9.605, 9.903, 10.328, 10.787, 11.222, 11.548, 11.803, 12.024, 12.231, 12.430, 12.626, 12.826, 13.047, 13.258, 13.436, 13.565, 13.626, 13.660, 13.670, 13.681, 13.676, 13.660, 13.660, 13.681, 13.724, 13.780, 13.797, 13.742, 13.663, 13.547, 13.405, 13.271, 13.149, 13.069, 13.026, 12.877, 12.860, 12.834, 12.751, 12.543, 12.023, 10.980, 9.190, 7.020, 5.560, 4.962, 4.774, 4.760, 4.870, 5.058, 5.301, 5.594, 5.932, 6.311, 6.705, 7.112, 7.515, 7.909, 8.291, 8.674, 9.033, 9.385, 9.689, 9.974, 10.221, 10.430, 10.629, 10.766, 10.900, 11.023, 11.142, 11.266, 11.384, 11.501, 11.560, 11.546, 11.523, 11.579, 11.589, 11.543, 11.503, 11.433, 11.326, 11.211, 11.038, 10.777, 10.539, 10.280, 10.007, 9.751, 9.555, 9.358, 9.161, 8.943, 8.786, 8.557, 8.337, 8.182, 7.901, 7.664, 7.482, 7.374, 7.222, 7.102, 7.106, 16.3,1153063.0,1243135.0,880765.53,48296.54,3024.64,19540.97,502.74,21560.98,229.97,437.96,29.98,946.66,22.84,1212.11,22.86,969.78,16.37,1405.06,54.98,62.31,6.49,0.00,54.05,356.29,12.15,23967.22,132.02,0.00,110.05,0.00,12.08,14.93,2.08,61.83,2.20,31.31,1.27,0.00,3.87,64.66,1.01,106.45,1.25,12.18,0.78,77.14,1.23,0.00,28.17,0.00,47.28,0.00,402.74,45.56,5.73,29.19,8.36,0.00,480.87,0.00,45.37,0.00,25.25,12.55,1.21,22.80,3.47,0.00,133.24,0.00,60.89,207137.13,80088.98,5015.69,36921.93,949.91,46126.16,491.98,1003.53,68.70,2363.72,57.03,1460.11,27.54,1356.92,22.91,2344.33,91.73,111.23,11.59,0.00,79.00,511.93,17.46,34266.98,188.75,0.00,139.93,0.00,15.37,18.69,2.60,76.96,2.74,41.34,1.68,0.00,5.44,70.71,1.10,125.89,1.48,15.47,0.99,104.20,1.66,0.00,33.02,0.00,63.05,0.00,432.59,52.04,6.55,37.06,10.61,0.00,575.65,0.00,53.27,0.00,27.26,13.52,1.30,25.42,3.87,0.00,151.61,0.00,69.08
47.5,47.5,1,47.500,18/03/2026 01:28:42,21.026,,10.55, 11.39, 10.68,40.23, -2.10, 4.71,10.859, 9.294, 9.235, 8.641, 8.662, 8.144, 8.450, 8.621, 9.000, 9.435, 9.757, 10.022, 10.193, 10.442, 10.724, 10.930, 11.122, 11.358, 11.472, 11.570, 11.616, 11.620, 11.600, 11.587, 11.502, 11.416, 11.391, 11.274, 11.230, 11.248, 11.106, 11.100, 10.997, 10.984, 11.055, 11.027, 11.136, 11.128, 11.247, 11.299, 11.433, 11.536, 11.666, 11.794, 11.918, 12.060, 12.099, 12.251, 12.250, 12.295, 12.390, 12.320, 12.385, 12.458, 12.357, 12.434, 12.566, 12.486, 12.495, 12.667, 12.687, 12.601, 12.700, 12.891, 12.880, 12.817, 12.964, 13.049, 13.098, 13.028, 13.060, 13.139, 13.162, 13.109, 13.066, 13.129, 13.235, 13.231, 13.150, 13.016, 12.971, 13.054, 13.183, 13.232, 13.171, 13.127, 13.170, 13.301, 13.470, 13.592, 13.587, 13.490, 13.432, 13.472, 13.599, 13.758, 13.808, 13.679, 13.446, 13.224, 13.098, 13.093, 13.079, 12.846, 12.027, 10.745, 9.639, 9.071, 8.878, 8.870, 9.006, 9.224, 9.539, 9.883, 10.202, 10.521, 10.839, 11.190, 11.549, 11.906, 12.216, 12.456, 12.608, 12.697, 12.742, 12.810, 12.936, 13.077, 13.239, 13.396, 13.529, 13.588, 13.577, 13.500, 13.375, 13.250, 13.179, 13.139, 13.150, 13.167, 13.180, 13.150, 13.114, 13.035, 12.967, 12.866, 12.641, 12.494, 12.309, 12.146, 11.881, 11.371, 10.356, 8.574, 6.476, 5.077, 4.541, 4.388, 4.383, 4.463, 4.620, 4.816, 5.043, 5.303, 5.615, 5.980, 6.390, 6.825, 7.271, 7.719, 8.162, 8.602, 9.005, 9.357, 9.671, 9.917, 10.125, 10.281, 10.372, 10.456, 10.511, 10.568, 10.640, 10.729, 10.871, 10.960, 11.000, 11.047, 11.170, 11.218, 11.223, 11.228, 11.170, 11.071, 10.925, 10.725, 10.455, 10.160, 9.848, 9.513, 9.197, 8.947, 8.743, 8.497, 8.291, 8.111, 7.925, 7.737, 7.565, 7.373, 7.207, 7.024, 6.856, 6.715, 6.531, 6.646, 16.3,1147860.0,1225368.0,876910.63,54948.62,3066.44,19180.82,498.52,20161.13,221.75,481.03,30.43,1035.92,23.35,966.96,21.73,824.57,15.53,1142.17,52.10,68.67,6.41,80.00,14.72,377.04,12.38,23376.25,129.38,0.00,109.79,0.00,10.52,26.80,2.27,51.56,2.05,26.67,1.23,2.02,0.42,64.16,1.00,107.77,1.25,9.20,0.75,77.09,1.22,0.00,27.16,0.00,47.00,0.00,398.12,0.00,274.93,0.00,458.80,30.04,8.96,0.00,46.68,0.00,23.92,13.24,1.22,37.63,3.36,0.00,129.55,0.00,60.45,213150.57,91119.97,5085.00,36241.44,941.93,43131.41,474.40,1102.22,69.73,2586.59,58.30,1164.80,26.18,1153.74,21.73,1905.70,86.93,122.59,11.44,116.92,21.51,541.75,17.79,33422.05,184.98,0.00,139.60,0.00,13.39,33.55,2.84,64.18,2.55,35.21,1.62,2.84,0.59,70.17,1.09,127.45,1.48,11.68,0.95,104.13,1.65,0.00,31.84,0.00,62.67,0.00,427.63,0.00,314.06,0.00,582.46,35.96,10.73,0.00,54.81,0.00,25.83,14.26,1.31,41.95,3.75,0.00,147.42,0.00,68.58
48.0,48.0,1,48.000,18/03/2026 01:29:25,21.097,,10.31, 11.11, 10.52,39.76, -1.93, 4.37,10.469, 8.050, 9.195, 8.404, 8.418, 8.370, 8.444, 8.643, 8.906, 9.306, 9.623, 9.863, 10.013, 10.206, 10.462, 10.654, 10.867, 11.065, 11.167, 11.264, 11.332, 11.345, 11.314, 11.284, 11.238, 11.150, 11.072, 11.025, 10.980, 10.927, 10.902, 10.788, 10.760, 10.710, 10.792, 10.778, 10.874, 10.873, 10.992, 11.015, 11.191, 11.222, 11.408, 11.496, 11.607, 11.789, 11.769, 11.925, 11.981, 11.934, 12.062, 12.060, 12.012, 12.127, 12.114, 12.062, 12.184, 12.246, 12.179, 12.252, 12.379, 12.351, 12.322, 12.448, 12.582, 12.551, 12.538, 12.628, 12.758, 12.784, 12.682, 12.700, 12.784, 12.813, 12.771, 12.703, 12.755, 12.852, 12.844, 12.713, 12.572, 12.600, 12.752, 12.863, 12.846, 12.783, 12.754, 12.861, 13.040, 13.187, 13.222, 13.136, 13.060, 13.059, 13.149, 13.295, 13.357, 13.292, 13.082, 12.854, 12.684, 12.628, 12.574, 12.302, 11.474, 10.247, 9.220, 8.670, 8.439, 8.394, 8.473, 8.642, 8.964, 9.364, 9.743, 10.099, 10.389, 10.674, 10.958, 11.250, 11.532, 11.798, 12.025, 12.209, 12.350, 12.453, 12.524, 12.596, 12.669, 12.733, 12.814, 12.880, 12.918, 12.947, 12.950, 12.921, 12.870, 12.783, 12.688, 12.608, 12.495, 12.404, 12.325, 12.241, 12.227, 12.206, 12.149, 12.091, 12.000, 11.812, 11.490, 10.881, 9.770, 8.011, 6.088, 4.878, 4.422, 4.304, 4.324, 4.445, 4.627, 4.838, 5.063, 5.310, 5.580, 5.874, 6.168, 6.488, 6.830, 7.178, 7.548, 7.940, 8.297, 8.658, 8.990, 9.289, 9.540, 9.757, 9.943, 10.076, 10.179, 10.231, 10.284, 10.331, 10.357, 10.333, 10.322, 10.278, 10.351, 10.389, 10.357, 10.352, 10.363, 10.322, 10.279, 10.133, 9.966, 9.697, 9.457, 9.219, 8.937, 8.727, 8.517, 8.265, 8.026, 7.823, 7.541, 7.267, 7.007, 6.884, 6.766, 6.537, 6.415, 6.369, 6.240, 6.411, 16.3,1131993.0,1280226.0,858460.77,57329.05,3140.08,22180.25,544.10,26900.21,265.92,532.23,32.39,1123.45,24.68,2526.93,29.94,1282.40,19.45,1404.92,56.88,25.18,6.25,163.74,17.46,516.78,14.73,27021.06,151.33,0.00,118.49,0.00,15.71,19.73,2.31,89.39,2.68,29.24,1.36,0.00,5.15,84.50,1.18,135.51,1.48,5.76,0.80,93.67,1.38,6.27,1.00,0.00,49.62,0.00,415.54,50.16,6.07,0.00,490.39,0.00,505.75,0.00,50.35,0.00,27.47,18.79,1.36,0.00,126.91,0.00,141.01,0.00,55.18,246037.71,95067.38,5207.12,41908.75,1028.06,57548.56,568.89,1219.53,74.22,2805.15,61.62,3043.95,36.07,1794.34,27.21,2344.10,94.90,44.95,11.16,239.32,25.52,742.53,21.16,38633.19,216.36,0.00,150.66,0.00,19.99,24.70,2.89,111.27,3.34,38.61,1.80,0.00,7.24,92.41,1.29,160.25,1.75,7.31,1.02,126.53,1.86,7.35,1.17,0.00,66.17,0.00,446.34,57.30,6.93,0.00,622.56,0.00,605.43,0.00,59.11,0.00,29.66,20.24,1.47,0.00,141.48,0.00,160.46,0.00,62.60
48.5,48.5,1,48.500,18/03/2026 01:30:00,18.647,1157879.101,9.77, 10.54, 9.90,38.79, -1.98, 4.54,10.273, 8.617, 8.400, 7.554, 7.993, 7.854, 7.885, 8.044, 8.354, 8.788, 9.015, 9.303, 9.419, 9.639, 9.881, 10.097, 10.310, 10.495, 10.606, 10.682, 10.743, 10.777, 10.740, 10.707, 10.673, 10.582, 10.508, 10.455, 10.416, 10.376, 10.319, 10.266, 10.176, 10.199, 10.208, 10.269, 10.288, 10.374, 10.398, 10.533, 10.587, 10.746, 10.815, 10.986, 11.082, 11.197, 11.311, 11.334, 11.454, 11.466, 11.446, 11.575, 11.530, 11.506, 11.614, 11.610, 11.585, 11.701, 11.763, 11.709, 11.782, 11.889, 11.872, 11.883, 12.021, 12.124, 12.274, 12.176, 12.258, 12.429, 12.415, 12.283, 12.296, 12.372, 12.413, 12.355, 12.319, 12.351, 12.388, 12.336, 12.227, 12.202, 12.285, 12.407, 12.464, 12.440, 12.406, 12.461, 12.593, 12.753, 12.822, 12.798, 12.720, 12.684, 12.756, 12.875, 12.960, 12.918, 12.759, 12.542, 12.376, 12.290, 12.218, 11.947, 11.180, 9.995, 8.999, 8.469, 8.243, 8.172, 8.223, 8.375, 8.695, 9.100, 9.509, 9.888, 10.200, 10.477, 10.743, 10.996, 11.250, 11.504, 11.744, 11.951, 12.117, 12.232, 12.328, 12.401, 12.456, 12.499, 12.546, 12.597, 12.641, 12.670, 12.688, 12.699, 12.687, 12.648, 12.561, 12.465, 12.349, 12.225, 12.106, 12.037, 11.999, 11.999, 11.883, 11.870, 11.803, 11.682, 11.393, 10.822, 9.714, 7.894, 5.876, 4.576, 4.064, 3.900, 3.901, 4.017, 4.219, 4.463, 4.747, 5.057, 5.386, 5.719, 6.060, 6.396, 6.724, 7.054, 7.389, 7.729, 8.064, 8.397, 8.724, 9.026, 9.304, 9.546, 9.759, 9.944, 10.092, 10.199, 10.300, 10.367, 10.406, 10.383, 10.338, 10.263, 10.291, 10.293, 10.244, 10.186, 10.146, 10.064, 9.972, 9.842, 9.660, 9.447, 9.253, 9.029, 8.846, 8.667, 8.477, 8.251, 8.043, 7.828, 7.574, 7.345, 7.062, 6.798, 6.566, 6.424, 6.225, 6.071, 6.057, 5.926, 16.3,1091145.0,1247217.0,859590.45,53843.27,3116.86,21903.96,542.44,28314.07,273.38,467.34,31.77,1232.72,25.32,2879.91,31.63,1605.94,20.82,2225.88,65.21,45.45,6.79,159.22,17.45,447.23,13.97,26731.42,149.88,0.00,118.47,0.00,14.86,40.14,2.67,44.16,2.10,34.86,1.29,0.00,4.18,86.68,1.21,136.60,1.49,10.19,0.83,84.11,1.34,4.58,1.00,0.00,48.92,0.00,415.83,0.00,283.88,26.71,8.56,35.16,9.33,17.01,2.96,0.00,23.40,5.01,1.15,27.91,3.69,0.00,137.88,0.00,61.73,244673.38,89286.99,5168.61,41386.71,1024.92,60573.28,584.85,1070.85,72.80,3077.98,63.22,3469.15,38.10,2247.04,29.13,3713.87,108.80,81.14,12.12,232.71,25.50,642.60,20.07,38219.08,214.29,0.00,150.63,0.00,18.91,50.25,3.34,54.97,2.61,46.03,1.70,0.00,5.87,94.79,1.32,161.54,1.76,12.94,1.05,113.61,1.81,5.37,1.17,0.00,65.23,0.00,446.65,0.00,324.28,33.91,10.87,42.09,11.17,19.97,3.48,0.00,25.27,5.40,1.24,31.12,4.11,0.00,156.89,0.00,70.03
49.0,49.0,1,49.000,18/03/2026 01:30:43,18.250,,9.01, 9.74, 9.15,37.37, -2.03, 4.40,9.765, 7.165, 7.656, 7.016, 7.009, 7.285, 7.224, 7.436, 7.687, 8.077, 8.373, 8.580, 8.766, 8.926, 9.151, 9.303, 9.525, 9.687, 9.820, 9.900, 9.955, 9.967, 9.923, 9.874, 9.851, 9.784, 9.639, 9.663, 9.593, 9.503, 9.552, 9.369, 9.403, 9.319, 9.421, 9.402, 9.502, 9.494, 9.629, 9.609, 9.835, 9.807, 10.023, 10.113, 10.162, 10.402, 10.374, 10.473, 10.600, 10.546, 10.607, 10.672, 10.640, 10.669, 10.709, 10.714, 10.764, 10.808, 10.811, 10.865, 10.942, 10.926, 10.963, 11.056, 11.150, 11.144, 11.161, 11.252, 11.355, 11.401, 11.356, 11.328, 11.394, 11.445, 11.426, 11.418, 11.467, 11.489, 11.471, 11.377, 11.304, 11.342, 11.433, 11.476, 11.465, 11.441, 11.492, 11.608, 11.739, 11.816, 11.813, 11.780, 11.762, 11.818, 11.916, 12.000, 11.987, 11.880, 11.699, 11.518, 11.412, 11.392, 11.312, 10.934, 10.004, 8.710, 7.677, 7.155, 6.982, 6.975, 7.072, 7.219, 7.497, 7.841, 8.208, 8.571, 8.922, 9.252, 9.588, 9.915, 10.194, 10.444, 10.634, 10.794, 10.942, 11.070, 11.173, 11.280, 11.374, 11.459, 11.520, 11.578, 11.571, 11.561, 11.554, 11.533, 11.515, 11.468, 11.401, 11.328, 11.212, 11.101, 10.976, 10.871, 10.815, 10.742, 10.633, 10.599, 10.529, 10.408, 10.116, 9.521, 8.393, 6.594, 4.693, 3.564, 3.152, 3.054, 3.062, 3.137, 3.268, 3.444, 3.651, 3.877, 4.158, 4.457, 4.775, 5.117, 5.469, 5.823, 6.180, 6.513, 6.836, 7.161, 7.457, 7.699, 7.920, 8.104, 8.255, 8.388, 8.522, 8.618, 8.744, 8.852, 8.937, 9.009, 9.012, 8.992, 9.051, 9.073, 9.010, 8.962, 8.896, 8.756, 8.642, 8.454, 8.228, 7.924, 7.669, 7.372, 7.123, 6.911, 6.717, 6.460, 6.299, 6.115, 5.920, 5.703, 5.548, 5.339, 5.144, 4.985, 4.918, 4.805, 4.718, 4.438, 16.3,1153428.0,1239243.0,869553.91,46842.77,2911.20,20579.51,509.99,29187.23,267.91,405.40,29.35,1086.59,23.29,2637.74,29.09,1311.50,18.75,1494.06,55.78,40.14,6.15,89.04,14.70,317.57,11.71,26050.55,139.69,0.00,112.02,0.00,14.45,25.95,2.32,54.60,2.13,31.39,1.37,0.00,4.43,62.42,1.00,99.91,1.21,13.31,0.79,62.57,1.15,0.00,28.27,0.00,47.74,0.00,397.05,0.00,270.72,0.00,457.69,0.00,483.93,0.00,48.29,0.00,25.49,21.66,1.36,32.14,3.39,0.00,129.38,0.00,60.48,228543.65,77678.23,4827.57,38884.22,963.61,62441.26,573.15,928.92,67.25,2713.11,58.15,3177.43,35.04,1835.06,26.24,2492.83,93.07,71.66,10.98,130.14,21.48,456.30,16.83,37245.61,199.72,0.00,142.43,0.00,18.39,32.48,2.90,67.96,2.65,41.44,1.81,0.00,6.23,68.26,1.09,118.15,1.43,16.90,1.00,84.52,1.55,0.00,33.14,0.00,63.66,0.00,426.48,0.00,309.25,0.00,581.05,0.00,579.31,0.00,56.70,0.00,27.52,23.33,1.47,35.83,3.78,0.00,147.22,0.00,68.61
49.5,49.5,1,49.500,18/03/2026 01:31:26,17.130,,9.27, 10.01, 9.51,37.85, -1.99, 4.11,5.025, 6.684, 7.120, 7.631, 7.448, 7.573, 7.503, 7.821, 8.101, 8.431, 8.677, 8.903, 9.059, 9.249, 9.444, 9.637, 9.793, 9.986, 10.124, 10.191, 10.180, 10.197, 10.223, 10.135, 10.084, 10.029, 9.910, 9.906, 9.792, 9.805, 9.723, 9.664, 9.602, 9.578, 9.647, 9.621, 9.764, 9.688, 9.881, 9.850, 9.967, 10.175, 10.079, 10.420, 10.434, 10.426, 10.748, 10.674, 10.659, 10.904, 10.828, 10.765, 10.938, 10.944, 10.843, 10.940, 11.017, 11.011, 11.043, 11.093, 11.126, 11.140, 11.231, 11.247, 11.292, 11.334, 11.479, 11.561, 11.519, 11.517, 11.601, 11.699, 11.655, 11.632, 11.582, 11.662, 11.745, 11.736, 11.673, 11.571, 11.490, 11.565, 11.634, 11.698, 11.732, 11.735, 11.744, 11.809, 11.872, 11.948, 12.066, 12.118, 12.117, 12.113, 12.078, 12.022, 12.028, 12.076, 12.039, 11.941, 11.836, 11.695, 11.405, 10.926, 10.091, 9.003, 8.195, 7.829, 7.688, 7.606, 7.522, 7.478, 7.634, 8.000, 8.477, 8.982, 9.448, 9.858, 10.207, 10.431, 10.528, 10.599, 10.711, 10.874, 11.069, 11.253, 11.460, 11.662, 11.869, 12.006, 12.010, 11.932, 11.806, 11.728, 11.713, 11.707, 11.693, 11.662, 11.626, 11.625, 11.637, 11.590, 11.492, 11.344, 11.202, 11.091, 11.001, 10.961, 10.900, 10.741, 10.420, 9.806, 8.712, 7.005, 5.180, 4.092, 3.716, 3.609, 3.635, 3.721, 3.875, 4.060, 4.270, 4.515, 4.795, 5.071, 5.365, 5.639, 5.926, 6.235, 6.545, 6.900, 7.218, 7.565, 7.840, 8.092, 8.306, 8.519, 8.723, 8.910, 9.101, 9.280, 9.416, 9.530, 9.593, 9.579, 9.495, 9.416, 9.414, 9.406, 9.350, 9.316, 9.234, 9.143, 8.991, 8.797, 8.595, 8.321, 8.068, 7.856, 7.710, 7.582, 7.460, 7.359, 7.222, 7.048, 6.917, 6.695, 6.497, 6.221, 6.040, 5.889, 5.624, 5.450, 5.491, 5.407, 16.3,1194311.0,1244133.0,871310.27,53365.43,2884.03,19291.92,481.56,24136.53,233.90,444.72,28.29,1067.95,22.15,2245.19,26.13,1202.53,17.26,1409.49,53.05,38.65,6.01,114.08,14.91,396.63,12.32,24616.32,129.49,0.00,106.57,0.00,13.00,10.13,1.92,80.21,2.33,39.89,1.26,0.00,4.72,52.12,0.88,88.38,1.10,8.52,0.71,55.88,1.08,0.00,27.01,0.00,44.46,0.00,386.07,0.00,266.26,0.00,433.85,0.00,448.42,0.00,34.64,0.00,19.14,7.76,1.10,17.42,3.43,0.00,130.81,0.00,54.62,223447.99,88494.60,4782.52,36451.36,909.89,51636.12,500.39,1019.02,64.82,2666.57,55.31,2704.57,31.48,1682.59,24.15,2351.73,88.51,69.00,10.73,166.73,21.79,569.89,17.70,35195.03,185.14,0.00,135.50,0.00,16.54,12.68,2.40,99.84,2.90,52.67,1.66,0.00,6.63,57.00,0.96,104.52,1.30,10.82,0.90,75.48,1.46,0.00,31.66,0.00,59.29,0.00,414.68,0.00,304.16,0.00,550.78,0.00,536.80,0.00,40.67,0.00,20.67,8.36,1.18,19.42,3.82,0.00,148.85,0.00,61.96
50.0,50.0,1,50.000,18/03/2026 01:32:00,17.594,,9.71, 10.47, 10.11,38.67, -1.93, 3.70,10.561, 8.384, 9.246, 8.909, 8.522, 8.395, 8.268, 8.403, 8.666, 9.020, 9.226, 9.428, 9.574, 9.736, 9.968, 10.147, 10.336, 10.464, 10.560, 10.613, 10.698, 10.702, 10.607, 10.604, 10.552, 10.421, 10.399, 10.273, 10.286, 10.178, 10.176, 10.046, 10.037, 9.957, 10.073, 9.992, 10.166, 10.070, 10.255, 10.254, 10.362, 10.528, 10.529, 10.749, 10.835, 10.890, 11.066, 11.090, 11.119, 11.241, 11.227, 11.217, 11.318, 11.325, 11.265, 11.340, 11.439, 11.399, 11.394, 11.506, 11.585, 11.513, 11.517, 11.660, 11.799, 11.775, 11.703, 11.755, 11.882, 12.001, 11.942, 11.840, 11.876, 11.998, 12.068, 12.021, 11.931, 11.923, 11.980, 11.994, 11.926, 11.861, 11.835, 11.860, 11.944, 12.036, 12.118, 12.147, 12.163, 12.193, 12.233, 12.308, 12.350, 12.392, 12.406, 12.390, 12.349, 12.272, 12.143, 12.012, 11.916, 11.823, 11.672, 11.237, 10.278, 8.992, 8.019, 7.542, 7.344, 7.299, 7.357, 7.487, 7.774, 8.161, 8.554, 8.930, 9.262, 9.549, 9.828, 10.103, 10.386, 10.672, 10.952, 11.192, 11.384, 11.514, 11.609, 11.635, 11.649, 11.653, 11.678, 11.728, 11.800, 11.879, 11.968, 12.031, 12.051, 12.003, 11.870, 11.711, 11.487, 11.214, 11.001, 10.860, 10.802, 10.832, 10.881, 10.953, 10.979, 10.904, 10.661, 10.044, 8.878, 7.068, 5.228, 4.109, 3.632, 3.438, 3.394, 3.455, 3.620, 3.859, 4.147, 4.485, 4.847, 5.199, 5.553, 5.868, 6.159, 6.439, 6.678, 6.908, 7.101, 7.310, 7.505, 7.685, 7.890, 8.097, 8.294, 8.503, 8.707, 8.918, 9.092, 9.269, 9.434, 9.515, 9.540, 9.525, 9.538, 9.490, 9.399, 9.280, 9.105, 8.940, 8.770, 8.540, 8.333, 8.039, 7.728, 7.538, 7.319, 7.170, 7.005, 6.886, 6.821, 6.682, 6.583, 6.434, 6.327, 6.183, 6.039, 5.995, 5.853, 5.668, 5.704, 5.625, 16.3,1224496.0,1226388.0,890983.05,39370.04,2722.96,20207.69,482.17,20325.80,210.89,316.51,26.29,1059.49,21.82,1345.39,21.81,896.63,15.31,870.18,46.36,0.00,16.93,90.90,12.60,288.06,10.59,23884.24,123.00,0.00,102.61,0.00,10.53,26.82,2.16,49.12,1.91,31.61,1.22,0.00,3.64,50.66,0.85,77.24,1.01,10.28,0.70,58.64,1.05,0.00,25.80,0.00,45.03,0.00,377.29,0.00,261.96,0.00,436.43,0.00,448.05,0.00,42.02,0.00,16.50,13.82,1.14,43.85,3.07,0.00,119.22,0.00,51.38,189783.89,65286.38,4515.42,38181.68,911.04,43483.69,451.16,725.24,60.24,2645.44,54.48,1620.66,26.27,1254.57,21.42,1451.89,77.35,0.00,30.22,132.86,18.42,413.90,15.22,34148.34,175.86,0.00,130.47,0.00,13.40,33.57,2.70,61.14,2.38,41.74,1.61,0.00,5.12,55.40,0.93,91.34,1.19,13.05,0.89,79.21,1.42,0.00,30.24,0.00,60.05,0.00,405.25,0.00,299.24,0.00,554.06,0.00,536.36,0.00,49.33,0.00,17.82,14.89,1.23,48.89,3.42,0.00,135.66,0.00,58.29
50.5,50.5,1,50.500,18/03/2026 01:32:52,18.715,,9.33, 10.09, 9.58,38.01, -2.13, 4.16,7.975, 8.936, 8.439, 7.646, 7.450, 7.582, 7.605, 7.801, 8.107, 8.506, 8.740, 8.982, 9.123, 9.326, 9.560, 9.737, 9.914, 10.090, 10.196, 10.274, 10.331, 10.307, 10.232, 10.239, 10.199, 10.029, 9.998, 9.956, 9.832, 9.863, 9.736, 9.699, 9.618, 9.610, 9.646, 9.670, 9.719, 9.759, 9.828, 9.893, 10.025, 10.095, 10.228, 10.376, 10.425, 10.633, 10.658, 10.710, 10.883, 10.818, 10.828, 10.999, 10.910, 10.864, 11.038, 11.041, 10.932, 11.044, 11.218, 11.121, 11.069, 11.225, 11.366, 11.291, 11.272, 11.434, 11.607, 11.580, 11.461, 11.552, 11.754, 11.834, 11.652, 11.508, 11.596, 11.812, 11.914, 11.762, 11.548, 11.468, 11.569, 11.745, 11.810, 11.687, 11.545, 11.571, 11.761, 11.994, 12.114, 12.082, 11.950, 11.880, 11.942, 12.105, 12.274, 12.339, 12.234, 12.029, 11.792, 11.654, 11.617, 11.656, 11.596, 11.201, 10.198, 8.845, 7.784, 7.283, 7.151, 7.192, 7.319, 7.473, 7.730, 8.040, 8.368, 8.706, 9.048, 9.404, 9.772, 10.115, 10.421, 10.684, 10.880, 11.029, 11.139, 11.228, 11.321, 11.420, 11.521, 11.618, 11.706, 11.771, 11.816, 11.821, 11.811, 11.777, 11.740, 11.662, 11.550, 11.450, 11.325, 11.208, 11.096, 11.015, 10.984, 10.976, 10.919, 10.891, 10.813, 10.637, 10.317, 9.661, 8.493, 6.663, 4.754, 3.631, 3.240, 3.168, 3.239, 3.368, 3.568, 3.783, 4.029, 4.282, 4.523, 4.799, 5.059, 5.342, 5.605, 5.903, 6.198, 6.504, 6.820, 7.134, 7.436, 7.735, 8.020, 8.285, 8.504, 8.699, 8.863, 8.997, 9.115, 9.211, 9.270, 9.262, 9.224, 9.155, 9.131, 9.099, 8.991, 8.904, 8.801, 8.667, 8.564, 8.416, 8.243, 8.050, 7.864, 7.653, 7.500, 7.349, 7.205, 7.046, 6.854, 6.720, 6.485, 6.240, 6.028, 5.759, 5.564, 5.422, 5.065, 4.940, 4.751, 4.669, 16.3,1201561.0,1227670.0,877793.50,54240.07,2944.72,20609.57,491.36,19618.22,211.38,188.74,25.21,1046.24,22.31,563.56,18.97,587.47,13.95,1573.28,54.67,26.11,5.76,135.29,14.26,341.41,11.55,22844.78,122.35,0.00,101.17,0.00,13.40,24.08,2.17,37.60,1.80,37.40,1.25,0.00,3.69,59.29,0.92,97.67,1.15,8.97,0.71,70.40,1.13,0.00,26.27,0.00,44.70,46.04,8.11,0.00,261.89,0.00,438.51,0.00,460.53,0.00,49.59,0.00,24.26,9.99,1.08,40.31,3.15,0.00,122.50,0.00,51.56,211942.04,89944.99,4883.16,38941.01,928.41,41969.94,452.21,432.47,57.77,2612.36,55.71,678.87,22.85,821.99,19.52,2625.01,91.22,46.61,10.28,197.73,20.84,490.55,16.60,32662.18,174.93,0.00,128.64,0.00,17.05,30.14,2.72,46.80,2.24,49.38,1.65,0.00,5.19,64.84,1.01,115.50,1.36,11.39,0.90,95.09,1.53,0.00,30.79,0.00,59.61,49.45,8.71,0.00,299.16,0.00,556.70,0.00,551.30,0.00,58.22,0.00,26.20,10.76,1.16,44.94,3.51,0.00,139.39,0.00,58.49
51.0,51.0,1,51.000,18/03/2026 01:33:36,20.766,,9.08, 9.82, 9.33,37.51, -2.08, 4.08,10.949, 7.499, 7.667, 7.464, 7.589, 7.280, 7.436, 7.674, 7.855, 8.264, 8.519, 8.782, 8.916, 9.045, 9.268, 9.455, 9.644, 9.819, 9.935, 10.004, 10.026, 9.995, 9.974, 10.001, 9.890, 9.748, 9.777, 9.651, 9.583, 9.620, 9.452, 9.488, 9.306, 9.410, 9.338, 9.480, 9.408, 9.588, 9.503, 9.729, 9.705, 9.872, 10.005, 10.019, 10.288, 10.280, 10.380, 10.563, 10.473, 10.579, 10.690, 10.575, 10.650, 10.767, 10.648, 10.675, 10.857, 10.833, 10.746, 10.892, 11.034, 10.927, 10.904, 11.088, 11.230, 11.181, 11.065, 11.200, 11.415, 11.427, 11.298, 11.277, 11.417, 11.538, 11.475, 11.350, 11.365, 11.509, 11.581, 11.471, 11.261, 11.202, 11.354, 11.552, 11.620, 11.545, 11.432, 11.432, 11.598, 11.843, 11.979, 11.958, 11.814, 11.691, 11.682, 11.846, 12.005, 12.052, 11.893, 11.609, 11.322, 11.135, 11.013, 10.755, 10.016, 8.877, 7.914, 7.322, 6.974, 6.782, 6.778, 6.964, 7.372, 7.907, 8.417, 8.828, 9.095, 9.256, 9.396, 9.577, 9.835, 10.157, 10.535, 10.884, 11.165, 11.337, 11.405, 11.371, 11.275, 11.187, 11.145, 11.196, 11.309, 11.448, 11.604, 11.734, 11.822, 11.799, 11.633, 11.402, 11.127, 10.817, 10.576, 10.418, 10.384, 10.460, 10.536, 10.656, 10.719, 10.678, 10.442, 9.805, 8.608, 6.707, 4.759, 3.577, 3.076, 2.889, 2.872, 2.996, 3.222, 3.514, 3.840, 4.219, 4.593, 4.959, 5.271, 5.567, 5.814, 6.028, 6.214, 6.383, 6.561, 6.740, 6.956, 7.186, 7.438, 7.741, 8.015, 8.313, 8.574, 8.806, 9.030, 9.219, 9.357, 9.420, 9.380, 9.305, 9.221, 9.088, 8.900, 8.706, 8.503, 8.266, 8.063, 7.869, 7.682, 7.456, 7.302, 7.141, 7.049, 7.002, 6.992, 6.891, 6.799, 6.775, 6.618, 6.432, 6.317, 6.068, 5.899, 5.741, 5.376, 5.040, 4.829, 4.751, 16.3,1162736.0,1220519.0,879238.82,54661.86,3093.43,19743.17,502.14,20804.53,226.65,468.15,30.41,1085.82,23.85,239.62,18.75,507.41,14.09,676.90,46.90,58.28,6.14,47.12,13.90,343.74,11.90,21718.08,121.30,0.00,106.53,0.00,12.64,28.15,2.28,56.66,2.07,33.09,1.30,0.00,3.41,47.98,0.86,103.66,1.22,17.85,0.78,71.48,1.18,3.16,0.93,0.00,47.36,0.00,396.95,0.00,278.69,0.00,459.41,0.00,488.79,0.00,38.23,0.00,15.90,16.80,1.22,27.68,3.31,0.00,130.86,0.00,55.28,210582.68,90644.44,5129.76,37303.98,948.77,44507.86,484.88,1072.70,69.68,2711.19,59.55,288.65,22.59,709.97,19.71,1129.40,78.25,104.04,10.96,68.87,20.32,493.90,17.10,31051.29,173.43,0.00,135.45,0.00,16.09,35.24,2.85,70.53,2.58,43.69,1.72,0.00,4.79,52.47,0.94,122.59,1.44,22.67,0.99,96.55,1.59,3.70,1.09,0.00,63.15,0.00,426.37,0.00,318.36,0.00,583.23,0.00,585.13,0.00,44.88,0.00,17.17,18.10,1.31,30.86,3.69,0.00,148.91,0.00,62.71
51.5,51.5,1,51.500,18/03/2026 01:34:10,21.755,,8.83, 9.54, 9.13,37.01, -2.01, 3.84,10.131, 7.482, 8.509, 7.457, 7.243, 7.297, 7.331, 7.532, 7.762, 8.095, 8.319, 8.579, 8.710, 8.857, 9.063, 9.215, 9.407, 9.560, 9.664, 9.689, 9.718, 9.726, 9.706, 9.693, 9.589, 9.503, 9.469, 9.371, 9.327, 9.306, 9.218, 9.171, 9.072, 9.089, 9.108, 9.146, 9.178, 9.241, 9.277, 9.381, 9.450, 9.572, 9.673, 9.788, 9.919, 10.013, 10.094, 10.183, 10.227, 10.269, 10.312, 10.341, 10.352, 10.382, 10.401, 10.412, 10.458, 10.519, 10.534, 10.553, 10.620, 10.630, 10.678, 10.723, 10.812, 10.865, 10.901, 10.917, 10.996, 11.073, 11.091, 11.068, 11.072, 11.118, 11.141, 11.156, 11.154, 11.169, 11.156, 11.075, 10.982, 10.982, 11.045, 11.121, 11.155, 11.156, 11.181, 11.240, 11.349, 11.456, 11.511, 11.502, 11.480, 11.481, 11.515, 11.584, 11.596, 11.535, 11.373, 11.168, 11.014, 10.898, 10.744, 10.337, 9.386, 8.112, 7.149, 6.677, 6.473, 6.415, 6.447, 6.561, 6.812, 7.188, 7.583, 7.990, 8.373, 8.708, 9.020, 9.297, 9.555, 9.792, 10.000, 10.202, 10.393, 10.565, 10.726, 10.849, 10.961, 11.026, 11.055, 11.054, 11.049, 11.006, 11.002, 11.020, 11.028, 11.028, 10.986, 10.923, 10.812, 10.650, 10.489, 10.329, 10.211, 10.131, 10.039, 9.982, 9.907, 9.763, 9.491, 8.902, 7.798, 6.139, 4.548, 3.690, 3.385, 3.279, 3.241, 3.243, 3.289, 3.381, 3.505, 3.676, 3.896, 4.146, 4.454, 4.759, 5.097, 5.424, 5.768, 6.093, 6.410, 6.693, 6.934, 7.141, 7.315, 7.469, 7.573, 7.686, 7.772, 7.874, 7.963, 8.068, 8.180, 8.295, 8.354, 8.401, 8.476, 8.509, 8.509, 8.491, 8.433, 8.306, 8.175, 8.015, 7.763, 7.418, 7.137, 6.829, 6.544, 6.309, 6.125, 5.953, 5.751, 5.612, 5.481, 5.380, 5.275, 5.175, 5.173, 5.176, 5.116, 5.077, 5.184, 5.061, 16.2,1152051.0,1220024.0,877526.25,55587.28,3106.25,19967.35,506.09,21097.12,229.05,458.94,30.44,1115.09,24.12,324.35,19.20,427.68,13.61,1057.19,51.66,0.00,18.13,175.33,16.52,294.91,11.60,21451.10,120.54,0.00,103.36,0.00,13.11,23.32,2.22,86.86,2.52,23.64,1.20,0.00,4.58,67.81,1.02,113.09,1.28,12.35,0.78,79.77,1.24,0.00,28.41,0.00,48.32,0.00,397.32,35.65,5.56,0.00,461.59,59.64,8.72,0.00,50.65,0.00,22.11,15.27,1.23,0.00,124.26,0.00,138.30,0.00,61.29,213607.31,92179.04,5151.02,37727.56,956.24,45133.80,490.01,1051.60,69.75,2784.27,60.23,390.71,23.13,598.41,19.04,1763.91,86.19,0.00,32.37,256.25,24.14,423.74,16.67,30669.58,172.34,0.00,131.42,0.00,16.68,29.19,2.78,108.12,3.14,31.21,1.58,0.00,6.44,74.16,1.12,133.74,1.51,15.68,0.99,107.75,1.67,0.00,33.30,0.00,64.43,0.00,426.77,40.72,6.35,0.00,586.00,71.40,10.44,0.00,59.47,0.00,23.87,16.45,1.32,0.00,138.53,0.00,157.37,0.00,69.53
52.0,52.0,1,52.000,18/03/2026 01:34:53,18.778,,8.94, 9.65, 9.16,37.20, -1.94, 4.08,8.300, 7.322, 7.698, 7.509, 7.531, 7.257, 7.309, 7.533, 7.762, 8.093, 8.376, 8.620, 8.731, 8.885, 9.094, 9.255, 9.454, 9.608, 9.705, 9.787, 9.871, 9.880, 9.815, 9.772, 9.753, 9.671, 9.558, 9.531, 9.479, 9.408, 9.396, 9.296, 9.246, 9.229, 9.270, 9.306, 9.347, 9.399, 9.462, 9.551, 9.646, 9.738, 9.876, 9.961, 10.125, 10.201, 10.291, 10.400, 10.405, 10.490, 10.522, 10.509, 10.574, 10.600, 10.562, 10.643, 10.703, 10.688, 10.729, 10.838, 10.837, 10.798, 10.936, 11.047, 11.042, 11.037, 11.139, 11.266, 11.253, 11.200, 11.275, 11.401, 11.457, 11.341, 11.282, 11.367, 11.509, 11.506, 11.348, 11.209, 11.193, 11.345, 11.478, 11.457, 11.339, 11.314, 11.429, 11.628, 11.774, 11.792, 11.702, 11.646, 11.684, 11.818, 11.956, 12.002, 11.925, 11.740, 11.559, 11.441, 11.409, 11.402, 11.287, 10.864, 9.876, 8.569, 7.594, 7.178, 7.097, 7.126, 7.189, 7.249, 7.422, 7.705, 8.063, 8.482, 8.921, 9.343, 9.718, 10.022, 10.238, 10.395, 10.517, 10.638, 10.789, 10.962, 11.168, 11.354, 11.524, 11.636, 11.670, 11.640, 11.576, 11.488, 11.422, 11.394, 11.419, 11.444, 11.463, 11.475, 11.445, 11.339, 11.192, 11.023, 10.890, 10.760, 10.593, 10.489, 10.388, 10.266, 10.037, 9.513, 8.477, 6.801, 5.056, 4.037, 3.672, 3.522, 3.453, 3.428, 3.470, 3.547, 3.674, 3.870, 4.129, 4.450, 4.824, 5.222, 5.623, 6.032, 6.430, 6.798, 7.111, 7.403, 7.649, 7.843, 8.019, 8.143, 8.235, 8.323, 8.410, 8.494, 8.600, 8.722, 8.873, 8.964, 9.045, 9.133, 9.220, 9.310, 9.303, 9.264, 9.210, 9.083, 8.920, 8.693, 8.455, 8.121, 7.791, 7.493, 7.170, 6.964, 6.696, 6.489, 6.341, 6.192, 6.020, 5.875, 5.799, 5.591, 5.624, 5.555, 5.490, 5.395, 5.272, 5.388, 16.2,1125725.0,1262534.0,860072.40,65334.61,3191.31,22282.15,530.95,21990.23,234.80,360.05,29.31,1248.08,24.87,1165.51,23.09,817.67,16.30,1185.65,53.36,22.55,5.98,266.42,18.27,269.71,11.48,24543.65,137.71,0.00,110.81,0.00,12.77,19.06,2.18,71.32,2.31,25.91,1.29,0.00,5.06,77.98,1.11,120.85,1.35,12.73,0.81,79.13,1.26,0.00,28.27,0.00,47.31,0.00,397.76,0.00,275.07,0.00,467.28,0.00,486.74,0.00,34.61,0.00,24.67,18.60,1.33,15.71,3.54,0.00,136.29,0.00,62.09,242400.16,108342.80,5292.07,42101.29,1003.21,47044.47,502.32,825.01,67.16,3116.34,62.10,1403.98,27.81,1144.09,22.81,1978.25,89.03,40.26,10.68,389.39,26.70,387.53,16.49,35091.13,196.89,0.00,140.89,0.00,16.25,23.86,2.73,88.77,2.88,34.21,1.70,0.00,7.11,85.28,1.21,142.92,1.60,16.17,1.03,106.89,1.70,0.00,33.14,0.00,63.09,0.00,427.24,0.00,314.22,0.00,593.22,0.00,582.68,0.00,40.63,0.00,26.64,20.04,1.43,17.51,3.95,0.00,155.08,0.00,70.44
52.5,52.5,1,52.500,18/03/2026 01:35:36,15.146,,9.63, 10.36, 10.03,38.48, -1.77, 3.61,11.014, 8.355, 9.216, 8.863, 8.530, 8.361, 8.182, 8.488, 8.653, 8.904, 9.144, 9.386, 9.468, 9.653, 9.853, 10.048, 10.218, 10.341, 10.392, 10.431, 10.585, 10.679, 10.521, 10.383, 10.538, 10.394, 10.193, 10.332, 10.126, 10.143, 10.115, 9.957, 10.006, 9.865, 10.041, 9.934, 10.127, 10.032, 10.207, 10.218, 10.306, 10.514, 10.446, 10.753, 10.775, 10.819, 11.101, 11.000, 11.060, 11.290, 11.138, 11.143, 11.381, 11.278, 11.152, 11.390, 11.475, 11.294, 11.359, 11.610, 11.594, 11.429, 11.536, 11.800, 11.812, 11.682, 11.764, 12.005, 12.118, 11.994, 11.905, 11.984, 12.140, 12.147, 12.027, 11.926, 12.042, 12.183, 12.201, 12.029, 11.856, 11.869, 12.071, 12.236, 12.236, 12.120, 12.035, 12.096, 12.309, 12.521, 12.596, 12.503, 12.366, 12.293, 12.361, 12.558, 12.710, 12.707, 12.510, 12.230, 11.989, 11.888, 11.853, 11.701, 11.081, 10.045, 9.112, 8.523, 8.188, 8.033, 8.082, 8.304, 8.720, 9.209, 9.652, 9.965, 10.161, 10.277, 10.390, 10.577, 10.827, 11.161, 11.506, 11.824, 12.069, 12.204, 12.235, 12.169, 12.080, 11.991, 11.955, 12.018, 12.134, 12.294, 12.458, 12.612, 12.693, 12.664, 12.509, 12.292, 12.025, 11.745, 11.512, 11.384, 11.353, 11.432, 11.495, 11.619, 11.718, 11.678, 11.471, 10.940, 9.846, 8.101, 6.189, 4.950, 4.400, 4.180, 4.146, 4.269, 4.504, 4.817, 5.172, 5.575, 5.965, 6.350, 6.685, 6.983, 7.245, 7.450, 7.632, 7.803, 7.948, 8.110, 8.267, 8.466, 8.687, 8.935, 9.172, 9.441, 9.705, 9.953, 10.190, 10.379, 10.549, 10.615, 10.608, 10.537, 10.499, 10.375, 10.200, 10.047, 9.840, 9.629, 9.455, 9.258, 9.031, 8.793, 8.629, 8.458, 8.374, 8.309, 8.293, 8.239, 8.198, 8.224, 8.078, 7.982, 7.785, 7.685, 7.478, 7.273, 6.976, 6.822, 6.721, 6.317, 16.3,1195382.0,1252925.0,887317.28,48709.92,2823.58,17365.13,452.55,19149.54,203.58,360.53,26.48,992.02,21.27,1017.05,20.07,720.35,13.86,1065.83,48.26,0.00,16.97,168.56,14.71,303.24,10.92,22495.52,117.19,0.00,98.21,0.00,11.72,6.76,1.78,49.35,1.89,49.24,1.33,0.00,4.73,33.15,0.70,69.90,0.95,7.28,0.65,35.28,0.95,0.00,25.70,0.00,44.75,0.00,368.73,29.54,5.03,43.28,7.35,0.00,431.64,0.00,43.68,0.00,21.29,11.24,1.09,0.00,113.16,0.00,126.93,0.00,52.96,195123.41,80774.48,4682.27,32810.76,855.08,40967.28,435.53,826.11,60.68,2476.98,53.11,1225.14,24.18,1007.92,19.39,1778.33,80.52,0.00,30.29,246.36,21.50,435.71,15.69,32162.83,167.55,0.00,124.87,0.00,14.91,8.46,2.23,61.43,2.35,65.01,1.76,0.00,6.65,36.25,0.77,82.66,1.12,9.25,0.83,47.66,1.28,0.00,30.13,0.00,59.67,0.00,396.06,33.74,5.75,54.94,9.33,0.00,516.72,0.00,51.28,0.00,22.99,12.11,1.17,0.00,126.16,0.00,144.43,0.00,60.08
53.0,53.0,1,53.000,18/03/2026 01:36:20,17.125,,9.06, 9.79, 9.36,37.46, -2.03, 3.90,10.209, 8.763, 8.444, 7.632, 7.390, 7.559, 7.692, 7.735, 7.941, 8.311, 8.523, 8.780, 8.917, 9.049, 9.297, 9.463, 9.627, 9.781, 9.879, 9.945, 10.015, 10.021, 9.941, 9.903, 9.875, 9.763, 9.656, 9.651, 9.560, 9.510, 9.501, 9.350, 9.367, 9.263, 9.395, 9.314, 9.480, 9.390, 9.591, 9.523, 9.739, 9.779, 9.859, 10.095, 10.059, 10.276, 10.358, 10.333, 10.509, 10.518, 10.484, 10.600, 10.607, 10.579, 10.633, 10.660, 10.664, 10.734, 10.755, 10.756, 10.850, 10.910, 10.901, 10.911, 11.035, 11.167, 11.165, 11.127, 11.188, 11.362, 11.397, 11.274, 11.165, 11.250, 11.428, 11.475, 11.388, 11.267, 11.257, 11.344, 11.406, 11.401, 11.322, 11.271, 11.304, 11.436, 11.570, 11.625, 11.614, 11.572, 11.579, 11.648, 11.750, 11.837, 11.861, 11.829, 11.764, 11.689, 11.624, 11.575, 11.531, 11.489, 11.369, 11.032, 10.286, 9.285, 8.505, 8.140, 8.009, 7.954, 7.961, 8.016, 8.225, 8.546, 8.915, 9.287, 9.606, 9.861, 10.062, 10.239, 10.401, 10.567, 10.757, 10.938, 11.125, 11.296, 11.424, 11.504, 11.513, 11.499, 11.458, 11.424, 11.408, 11.437, 11.505, 11.594, 11.685, 11.721, 11.682, 11.602, 11.458, 11.248, 11.030, 10.840, 10.742, 10.670, 10.631, 10.666, 10.704, 10.691, 10.550, 10.125, 9.229, 7.721, 6.025, 4.901, 4.381, 4.141, 4.054, 4.064, 4.185, 4.361, 4.619, 4.926, 5.284, 5.653, 6.033, 6.394, 6.744, 7.051, 7.330, 7.564, 7.770, 7.936, 8.078, 8.211, 8.324, 8.437, 8.557, 8.676, 8.826, 8.972, 9.155, 9.338, 9.502, 9.617, 9.697, 9.751, 9.828, 9.819, 9.749, 9.691, 9.568, 9.389, 9.217, 9.032, 8.766, 8.481, 8.181, 7.956, 7.723, 7.583, 7.421, 7.341, 7.257, 7.183, 7.115, 7.044, 6.862, 6.882, 6.808, 6.636, 6.466, 6.483, 6.527, 6.341, 16.3,1240152.0,1196750.0,902097.09,39496.32,2719.71,17513.74,448.70,18818.02,200.57,386.19,26.62,991.95,21.23,230.24,16.61,319.20,11.80,334.65,39.48,0.00,14.14,154.61,13.11,253.26,9.95,19071.95,99.50,0.00,90.48,0.00,12.14,12.20,1.83,34.72,1.62,38.32,1.14,0.00,4.01,41.41,0.75,66.28,0.90,2.69,0.61,45.31,0.95,0.00,25.16,0.00,44.17,24.08,7.59,22.90,5.08,0.00,411.17,0.00,433.24,0.00,40.85,0.00,20.73,5.54,0.94,39.31,2.99,0.00,119.11,0.00,50.07,171746.49,65495.79,4510.03,33091.56,847.80,40258.05,429.09,884.90,61.00,2476.80,53.01,277.35,20.01,446.63,16.51,558.36,65.87,0.00,25.24,225.97,19.16,363.89,14.30,27268.00,142.26,0.00,115.04,0.00,15.45,15.27,2.29,43.22,2.02,50.59,1.51,0.00,5.64,45.29,0.82,78.38,1.06,3.42,0.77,61.20,1.28,0.00,29.49,0.00,58.90,25.86,8.15,26.16,5.80,0.00,521.99,0.00,518.63,0.00,47.96,0.00,22.38,5.97,1.01,43.82,3.33,0.00,135.54,0.00,56.80
53.5,53.5,1,53.500,18/03/2026 01:36:54,17.058,1157879.432,9.00, 9.74, 9.24,37.37, -2.19, 4.14,8.954, 7.357, 7.709, 7.593, 7.187, 7.281, 7.352, 7.551, 7.758, 8.208, 8.397, 8.662, 8.853, 8.998, 9.209, 9.403, 9.602, 9.760, 9.867, 9.914, 9.957, 9.944, 9.910, 9.880, 9.795, 9.699, 9.645, 9.548, 9.521, 9.440, 9.421, 9.283, 9.273, 9.190, 9.307, 9.247, 9.381, 9.360, 9.451, 9.553, 9.579, 9.775, 9.820, 9.951, 10.122, 10.168, 10.268, 10.390, 10.408, 10.438, 10.509, 10.539, 10.509, 10.549, 10.608, 10.609, 10.588, 10.670, 10.756, 10.753, 10.746, 10.818, 10.947, 10.972, 10.947, 11.016, 11.120, 11.203, 11.162, 11.149, 11.193, 11.279, 11.317, 11.249, 11.214, 11.239, 11.313, 11.377, 11.330, 11.251, 11.170, 11.218, 11.321, 11.410, 11.412, 11.380, 11.384, 11.449, 11.565, 11.671, 11.719, 11.716, 11.666, 11.671, 11.715, 11.777, 11.828, 11.818, 11.702, 11.573, 11.449, 11.372, 11.298, 11.061, 10.429, 9.486, 8.686, 8.251, 8.054, 7.950, 7.965, 8.074, 8.339, 8.695, 9.077, 9.411, 9.677, 9.894, 10.076, 10.254, 10.440, 10.630, 10.836, 11.030, 11.206, 11.326, 11.424, 11.462, 11.464, 11.471, 11.458, 11.472, 11.493, 11.534, 11.597, 11.663, 11.714, 11.696, 11.631, 11.521, 11.387, 11.211, 11.054, 10.944, 10.869, 10.863, 10.842, 10.865, 10.874, 10.825, 10.630, 10.175, 9.256, 7.697, 5.925, 4.749, 4.237, 4.034, 3.999, 4.084, 4.251, 4.490, 4.760, 5.075, 5.409, 5.755, 6.090, 6.417, 6.711, 6.990, 7.244, 7.484, 7.714, 7.919, 8.117, 8.304, 8.500, 8.670, 8.837, 8.993, 9.143, 9.290, 9.424, 9.564, 9.683, 9.749, 9.778, 9.759, 9.753, 9.758, 9.680, 9.615, 9.534, 9.410, 9.272, 9.139, 8.933, 8.642, 8.456, 8.249, 8.128, 7.944, 7.845, 7.701, 7.636, 7.475, 7.357, 7.241, 7.036, 6.874, 6.822, 6.610, 6.470, 6.299, 6.195, 6.152, 16.3,1205688.0,1201856.0,895930.86,41453.84,2838.56,16663.90,455.53,20027.54,214.01,309.66,26.94,1229.65,23.55,331.35,17.91,450.72,12.94,1094.65,49.89,0.00,17.11,88.27,13.73,223.79,10.07,21830.28,116.42,0.00,102.00,0.00,12.69,14.86,1.99,61.72,2.10,37.68,1.21,0.00,4.28,51.57,0.86,87.26,1.08,11.66,0.72,58.77,1.09,4.29,0.91,0.00,47.22,31.23,8.25,0.00,267.81,0.00,437.12,0.00,463.51,0.00,42.71,0.00,22.56,6.47,1.04,0.00,118.43,0.00,132.04,0.00,54.81,181816.18,68741.90,4707.12,31485.82,860.71,42845.61,457.84,709.54,61.73,3070.32,58.80,399.15,21.57,630.65,18.11,1826.42,83.24,0.00,30.54,129.01,20.07,321.55,14.47,31211.71,166.45,0.00,129.69,0.00,16.15,18.60,2.49,76.82,2.61,49.75,1.60,0.00,6.01,56.40,0.94,103.19,1.28,14.81,0.91,79.38,1.47,5.03,1.07,0.00,62.97,33.54,8.86,0.00,305.93,0.00,554.93,0.00,554.87,0.00,50.14,0.00,24.36,6.97,1.12,0.00,132.03,0.00,150.25,0.00,62.18
54.0,54.0,1,54.000,18/03/2026 01:37:37,17.061,,8.85, 9.57, 9.13,37.07, -2.08, 3.95,7.823, 7.410, 8.412, 7.618, 7.321, 7.295, 7.222, 7.467, 7.691, 8.098, 8.331, 8.577, 8.730, 8.861, 9.092, 9.248, 9.455, 9.606, 9.684, 9.708, 9.757, 9.803, 9.748, 9.664, 9.651, 9.552, 9.451, 9.448, 9.332, 9.350, 9.249, 9.204, 9.110, 9.127, 9.141, 9.205, 9.210, 9.316, 9.322, 9.447, 9.532, 9.607, 9.773, 9.847, 9.973, 10.120, 10.155, 10.247, 10.346, 10.354, 10.369, 10.459, 10.463, 10.440, 10.494, 10.566, 10.556, 10.574, 10.673, 10.723, 10.723, 10.736, 10.845, 10.936, 10.946, 10.948, 10.961, 11.077, 11.148, 11.153, 11.155, 11.184, 11.253, 11.258, 11.218, 11.229, 11.274, 11.337, 11.350, 11.282, 11.187, 11.203, 11.294, 11.411, 11.449, 11.440, 11.413, 11.439, 11.525, 11.653, 11.762, 11.787, 11.756, 11.704, 11.693, 11.743, 11.830, 11.857, 11.820, 11.711, 11.564, 11.432, 11.283, 11.022, 10.430, 9.567, 8.845, 8.467, 8.284, 8.142, 8.077, 8.096, 8.329, 8.708, 9.157, 9.597, 9.964, 10.224, 10.399, 10.516, 10.595, 10.692, 10.831, 11.012, 11.228, 11.448, 11.653, 11.789, 11.857, 11.868, 11.812, 11.739, 11.648, 11.588, 11.585, 11.634, 11.721, 11.801, 11.827, 11.848, 11.797, 11.689, 11.556, 11.393, 11.248, 11.152, 11.038, 10.959, 10.900, 10.818, 10.661, 10.273, 9.443, 7.944, 6.165, 4.960, 4.478, 4.313, 4.260, 4.310, 4.425, 4.582, 4.781, 5.036, 5.317, 5.637, 5.971, 6.330, 6.703, 7.070, 7.447, 7.799, 8.129, 8.434, 8.704, 8.944, 9.138, 9.303, 9.410, 9.506, 9.580, 9.616, 9.669, 9.720, 9.774, 9.778, 9.786, 9.794, 9.864, 9.895, 9.913, 9.953, 9.944, 9.920, 9.894, 9.804, 9.629, 9.405, 9.190, 8.956, 8.720, 8.536, 8.311, 8.150, 7.949, 7.625, 7.437, 7.225, 7.011, 6.750, 6.652, 6.285, 6.161, 6.036, 5.998, 6.050, 16.2,1208975.0,1152315.0,889363.56,51667.35,2969.62,19117.80,479.89,19506.84,212.10,341.09,27.52,1311.46,24.17,0.00,751.17,245.65,12.13,464.26,42.97,0.00,15.73,0.00,43.69,209.04,9.67,17441.89,96.26,0.00,86.15,0.00,12.50,16.32,1.95,40.23,1.76,22.40,1.07,0.00,4.35,52.52,0.83,80.83,1.01,7.03,0.67,57.88,1.05,0.00,26.46,0.00,45.92,0.00,377.38,40.55,5.24,0.00,431.96,0.00,452.53,0.00,46.27,0.00,23.51,13.31,1.08,0.00,116.91,0.00,130.94,0.00,49.54,194345.89,85678.72,4924.45,36122.37,906.73,41731.66,453.75,781.56,63.06,3274.59,60.35,0.00,904.86,343.71,16.97,774.61,71.70,0.00,28.08,0.00,63.86,300.36,13.89,24937.43,137.63,0.00,109.54,0.00,15.91,20.43,2.44,50.07,2.19,29.58,1.41,0.00,6.11,57.44,0.91,95.59,1.19,8.93,0.85,78.18,1.42,0.00,31.02,0.00,61.23,0.00,405.35,46.32,5.99,0.00,548.38,0.00,541.72,0.00,54.32,0.00,25.39,14.34,1.16,0.00,130.34,0.00,149.00,0.00,56.20
54.5,54.5,1,54.500,18/03/2026 01:38:21,16.859,,8.84, 9.55, 9.03,37.03, -2.02, 4.23,8.184, 6.313, 7.670, 7.108, 7.159, 7.010, 7.278, 7.389, 7.623, 7.980, 8.225, 8.458, 8.627, 8.779, 9.006, 9.175, 9.370, 9.545, 9.650, 9.701, 9.742, 9.769, 9.745, 9.690, 9.640, 9.566, 9.475, 9.449, 9.380, 9.350, 9.298, 9.213, 9.162, 9.139, 9.203, 9.219, 9.286, 9.336, 9.385, 9.502, 9.556, 9.701, 9.799, 9.908, 10.071, 10.141, 10.237, 10.349, 10.372, 10.434, 10.493, 10.498, 10.523, 10.571, 10.575, 10.597, 10.657, 10.714, 10.728, 10.769, 10.850, 10.879, 10.917, 10.976, 11.069, 11.135, 11.163, 11.213, 11.275, 11.367, 11.380, 11.342, 11.327, 11.356, 11.408, 11.458, 11.469, 11.414, 11.395, 11.395, 11.395, 11.425, 11.460, 11.468, 11.500, 11.539, 11.619, 11.690, 11.740, 11.780, 11.802, 11.830, 11.873, 11.924, 11.958, 11.982, 11.971, 11.915, 11.844, 11.767, 11.712, 11.659, 11.555, 11.255, 10.578, 9.570, 8.760, 8.377, 8.238, 8.187, 8.204, 8.276, 8.484, 8.806, 9.171, 9.547, 9.892, 10.198, 10.447, 10.655, 10.841, 10.993, 11.128, 11.261, 11.381, 11.514, 11.646, 11.757, 11.853, 11.925, 11.968, 11.986, 11.987, 11.966, 11.937, 11.911, 11.907, 11.882, 11.849, 11.819, 11.768, 11.697, 11.619, 11.551, 11.501, 11.499, 11.365, 11.311, 11.220, 11.079, 10.830, 10.341, 9.395, 7.777, 5.912, 4.679, 4.192, 4.046, 4.047, 4.158, 4.328, 4.555, 4.805, 5.086, 5.385, 5.702, 6.010, 6.330, 6.651, 6.978, 7.292, 7.632, 7.985, 8.299, 8.598, 8.878, 9.137, 9.381, 9.554, 9.720, 9.841, 9.936, 9.990, 10.049, 10.088, 10.062, 9.994, 9.930, 9.918, 9.910, 9.862, 9.828, 9.808, 9.766, 9.702, 9.638, 9.508, 9.319, 9.146, 8.948, 8.796, 8.634, 8.464, 8.325, 8.039, 7.865, 7.573, 7.376, 7.100, 6.838, 6.618, 6.322, 6.175, 6.049, 5.863, 5.886, 16.3,1230042.0,1170546.0,891318.66,50426.31,2944.24,18497.73,473.82,19379.34,211.31,378.56,27.97,1262.79,23.90,0.00,764.65,196.23,11.61,0.00,714.72,0.00,15.77,147.15,14.47,282.42,10.74,17740.06,97.47,0.00,87.36,0.00,13.89,27.14,2.15,36.96,1.73,30.94,1.12,0.00,3.65,43.89,0.78,87.11,1.05,4.03,0.64,63.40,1.07,4.39,0.88,0.00,46.73,0.00,386.35,0.00,266.63,35.82,7.69,0.00,454.91,8.01,2.39,0.00,21.94,7.28,1.00,21.75,3.18,0.00,128.14,0.00,55.86,190764.76,83620.73,4882.36,34950.77,895.27,41458.90,452.06,867.42,64.09,3153.07,59.68,0.00,921.10,274.57,16.24,0.00,1192.51,0.00,28.15,215.07,21.15,405.79,15.43,25363.74,139.36,0.00,111.08,0.00,17.68,33.97,2.69,46.00,2.15,40.85,1.48,0.00,5.13,48.00,0.85,103.02,1.24,5.12,0.81,85.64,1.45,5.15,1.03,0.00,62.31,0.00,414.98,0.00,304.58,45.47,9.76,0.00,544.57,9.40,2.81,0.00,23.69,7.84,1.08,24.25,3.55,0.00,145.81,0.00,63.37
55.0,55.0,1,55.000,18/03/2026 01:38:55,13.690,,8.02, 8.67, 8.20,35.35, -2.06, 4.06,8.203, 7.003, 7.039, 6.596, 6.462, 6.435, 6.533, 6.610, 6.887, 7.256, 7.493, 7.698, 7.855, 8.030, 8.190, 8.359, 8.512, 8.680, 8.767, 8.834, 8.850, 8.861, 8.839, 8.799, 8.728, 8.662, 8.607, 8.528, 8.486, 8.453, 8.392, 8.342, 8.272, 8.286, 8.295, 8.356, 8.369, 8.452, 8.484, 8.576, 8.683, 8.745, 8.910, 8.979, 9.102, 9.258, 9.272, 9.389, 9.489, 9.466, 9.532, 9.625, 9.586, 9.598, 9.701, 9.718, 9.691, 9.778, 9.877, 9.874, 9.862, 9.979, 10.079, 10.078, 10.104, 10.178, 10.275, 10.336, 10.246, 10.325, 10.448, 10.507, 10.447, 10.394, 10.405, 10.527, 10.653, 10.622, 10.507, 10.426, 10.448, 10.590, 10.695, 10.675, 10.600, 10.575, 10.665, 10.842, 10.995, 11.032, 10.981, 10.917, 10.907, 11.000, 11.136, 11.243, 11.257, 11.157, 10.979, 10.840, 10.776, 10.791, 10.761, 10.552, 9.861, 8.812, 7.959, 7.512, 7.346, 7.326, 7.407, 7.554, 7.816, 8.145, 8.468, 8.756, 9.014, 9.251, 9.498, 9.750, 9.999, 10.243, 10.450, 10.605, 10.721, 10.789, 10.841, 10.882, 10.933, 10.987, 11.062, 11.144, 11.203, 11.262, 11.293, 11.296, 11.266, 11.197, 11.080, 10.966, 10.852, 10.739, 10.663, 10.608, 10.622, 10.644, 10.640, 10.651, 10.609, 10.469, 10.208, 9.663, 8.670, 7.046, 5.257, 4.105, 3.656, 3.531, 3.561, 3.673, 3.870, 4.106, 4.364, 4.645, 4.954, 5.241, 5.537, 5.810, 6.073, 6.337, 6.602, 6.865, 7.139, 7.420, 7.704, 7.987, 8.244, 8.501, 8.706, 8.913, 9.087, 9.216, 9.326, 9.392, 9.451, 9.451, 9.381, 9.301, 9.248, 9.216, 9.092, 9.018, 8.959, 8.857, 8.762, 8.656, 8.537, 8.372, 8.197, 8.042, 7.889, 7.763, 7.652, 7.479, 7.323, 7.178, 6.937, 6.653, 6.513, 6.259, 5.982, 5.742, 5.530, 5.413, 5.255, 5.142, 16.3,1266689.0,1234479.0,889353.33,51913.85,2798.52,15871.45,426.31,18747.62,197.95,418.27,26.46,1083.17,21.34,346.38,16.67,470.84,12.23,666.07,43.09,27.34,5.30,101.77,12.90,254.02,9.89,20413.76,105.56,0.00,93.63,0.00,10.08,14.56,1.85,43.03,1.77,41.92,1.16,0.00,3.95,39.46,0.73,59.74,0.86,6.10,0.63,45.88,0.95,0.00,24.19,0.00,43.56,40.73,7.51,0.00,244.10,0.00,409.53,0.00,427.46,9.00,2.37,0.00,21.51,4.29,0.93,27.41,3.06,0.00,120.49,0.00,50.94,192182.93,86087.48,4640.72,29988.51,805.50,40107.44,423.48,958.41,60.63,2704.57,53.28,417.25,20.08,658.80,17.11,1111.33,71.90,48.81,9.46,148.74,18.85,364.99,14.21,29186.45,150.92,0.00,119.05,0.00,12.83,18.23,2.32,53.56,2.20,55.35,1.53,0.00,5.55,43.15,0.80,70.65,1.02,7.75,0.80,61.97,1.28,0.00,28.36,0.00,58.09,43.75,8.07,0.00,278.84,0.00,519.91,0.00,511.71,10.57,2.78,0.00,23.23,4.62,1.00,30.56,3.41,0.00,137.11,0.00,57.79
55.5,55.5,1,55.500,18/03/2026 01:39:47,17.256,,8.08, 8.71, 8.47,35.42, -1.83, 3.27,7.880, 6.929, 7.678, 7.174, 7.109, 6.971, 6.937, 7.130, 7.201, 7.554, 7.737, 7.935, 8.037, 8.156, 8.335, 8.485, 8.616, 8.706, 8.762, 8.876, 8.946, 8.852, 8.762, 8.894, 8.744, 8.591, 8.722, 8.463, 8.545, 8.462, 8.390, 8.393, 8.264, 8.322, 8.305, 8.347, 8.416, 8.402, 8.538, 8.536, 8.673, 8.759, 8.839, 8.983, 9.090, 9.177, 9.265, 9.382, 9.412, 9.445, 9.563, 9.567, 9.535, 9.663, 9.722, 9.633, 9.701, 9.885, 9.876, 9.773, 9.898, 10.099, 10.104, 9.957, 10.072, 10.353, 10.466, 10.268, 10.184, 10.387, 10.685, 10.664, 10.415, 10.293, 10.504, 10.805, 10.906, 10.692, 10.434, 10.441, 10.666, 10.934, 10.956, 10.752, 10.542, 10.585, 10.855, 11.167, 11.304, 11.223, 11.015, 10.882, 10.954, 11.197, 11.456, 11.584, 11.499, 11.257, 11.008, 10.876, 10.915, 11.054, 11.138, 10.941, 10.251, 9.205, 8.319, 7.873, 7.739, 7.792, 7.951, 8.152, 8.408, 8.671, 8.914, 9.119, 9.316, 9.541, 9.812, 10.097, 10.392, 10.653, 10.857, 10.995, 11.074, 11.097, 11.122, 11.165, 11.222, 11.311, 11.404, 11.508, 11.586, 11.637, 11.669, 11.670, 11.644, 11.555, 11.443, 11.332, 11.227, 11.139, 11.068, 11.020, 11.023, 11.043, 11.017, 11.014, 10.952, 10.823, 10.558, 10.032, 9.087, 7.609, 5.979, 4.955, 4.543, 4.428, 4.432, 4.540, 4.712, 4.912, 5.127, 5.387, 5.640, 5.911, 6.177, 6.430, 6.667, 6.926, 7.182, 7.450, 7.741, 8.023, 8.301, 8.573, 8.816, 9.056, 9.234, 9.392, 9.533, 9.626, 9.710, 9.756, 9.779, 9.772, 9.708, 9.657, 9.620, 9.599, 9.549, 9.504, 9.498, 9.471, 9.445, 9.414, 9.323, 9.158, 8.960, 8.836, 8.657, 8.520, 8.366, 8.205, 8.024, 7.760, 7.525, 7.317, 7.132, 6.979, 6.690, 6.627, 6.427, 6.258, 5.909, 6.158, 16.3,1271185.0,1188216.0,891777.65,47164.74,2830.27,19855.42,476.35,19928.85,209.75,211.73,24.96,936.10,21.31,256.80,17.27,335.61,12.35,547.44,43.01,0.00,15.06,121.23,13.37,265.03,10.31,18305.67,97.66,0.00,89.55,0.00,12.83,0.00,10.05,38.62,1.68,23.82,1.06,0.00,3.44,40.10,0.74,64.55,0.90,4.08,0.62,52.75,0.99,4.34,0.86,0.00,46.09,36.54,8.00,0.00,267.42,0.00,433.11,0.00,453.24,0.00,40.10,0.00,22.83,11.32,1.04,17.63,3.11,0.00,125.65,0.00,51.24,189960.28,78212.15,4693.37,37516.07,900.05,42634.48,448.73,485.15,57.19,2337.35,53.21,309.34,20.80,469.59,17.28,913.40,71.76,0.00,26.88,177.18,19.54,380.81,14.81,26172.42,139.63,0.00,113.86,0.00,16.33,0.00,12.58,48.07,2.09,31.45,1.40,0.00,4.83,43.85,0.81,76.34,1.06,5.18,0.79,71.25,1.34,5.09,1.01,0.00,61.46,39.25,8.59,0.00,305.48,0.00,549.84,0.00,542.57,0.00,47.08,0.00,24.65,12.19,1.12,19.65,3.47,0.00,142.98,0.00,58.13
56.0,56.0,1,56.000,18/03/2026 01:40:30,18.317,,8.22, 8.87, 8.61,35.73, -1.86, 3.33,8.348, 6.993, 7.765, 7.092, 7.149, 7.021, 7.070, 7.129, 7.378, 7.672, 7.862, 8.059, 8.187, 8.300, 8.480, 8.604, 8.758, 8.919, 9.012, 9.026, 8.986, 8.980, 9.028, 8.978, 8.867, 8.837, 8.773, 8.689, 8.675, 8.639, 8.569, 8.550, 8.449, 8.505, 8.465, 8.585, 8.508, 8.707, 8.591, 8.835, 8.816, 8.904, 9.146, 9.046, 9.343, 9.416, 9.350, 9.655, 9.619, 9.561, 9.801, 9.779, 9.680, 9.873, 9.926, 9.817, 9.923, 10.085, 10.034, 10.021, 10.162, 10.254, 10.228, 10.264, 10.410, 10.471, 10.408, 10.459, 10.572, 10.663, 10.649, 10.620, 10.685, 10.774, 10.808, 10.759, 10.748, 10.813, 10.917, 10.903, 10.797, 10.719, 10.791, 10.959, 11.112, 11.115, 11.033, 10.964, 11.026, 11.229, 11.430, 11.495, 11.445, 11.297, 11.221, 11.275, 11.425, 11.580, 11.613, 11.490, 11.271, 11.059, 10.862, 10.686, 10.241, 9.560, 8.958, 8.596, 8.330, 8.084, 7.933, 7.948, 8.227, 8.701, 9.223, 9.702, 10.022, 10.193, 10.248, 10.261, 10.287, 10.409, 10.617, 10.903, 11.210, 11.490, 11.685, 11.770, 11.750, 11.655, 11.528, 11.413, 11.357, 11.376, 11.483, 11.645, 11.813, 11.932, 11.948, 11.929, 11.789, 11.594, 11.373, 11.173, 11.023, 10.935, 10.891, 10.920, 10.963, 10.974, 10.879, 10.528, 9.710, 8.250, 6.538, 5.378, 4.843, 4.599, 4.500, 4.502, 4.604, 4.792, 5.046, 5.346, 5.702, 6.079, 6.459, 6.834, 7.178, 7.505, 7.801, 8.065, 8.300, 8.519, 8.692, 8.873, 9.020, 9.174, 9.306, 9.456, 9.602, 9.731, 9.883, 10.015, 10.139, 10.223, 10.247, 10.251, 10.301, 10.278, 10.216, 10.162, 10.082, 9.976, 9.904, 9.749, 9.589, 9.347, 9.133, 8.937, 8.747, 8.653, 8.566, 8.412, 8.288, 8.142, 7.986, 7.832, 7.680, 7.476, 7.316, 7.157, 6.899, 6.920, 6.669, 6.732, 16.2,1223086.0,1172316.0,898107.91,42997.57,2861.87,18981.25,477.96,19992.51,214.58,456.09,28.95,982.82,22.30,0.00,787.57,257.48,12.14,344.66,41.43,0.00,14.71,110.55,13.66,222.57,9.96,17233.09,94.43,0.00,90.14,0.00,12.24,19.27,2.00,50.06,1.88,25.09,1.08,0.00,3.95,43.81,0.79,84.93,1.04,5.61,0.65,57.69,1.05,2.75,0.87,0.00,47.09,0.00,380.66,0.00,269.42,0.00,443.88,0.00,459.69,0.00,41.10,0.00,20.47,9.88,1.06,14.40,3.25,0.00,131.18,0.00,57.46,179874.43,71301.83,4745.77,35864.36,903.09,42770.67,459.06,1045.07,66.34,2454.01,55.68,0.00,948.71,360.27,16.99,575.06,69.13,0.00,26.26,161.58,19.96,319.80,14.31,24638.90,135.01,0.00,114.61,0.00,15.58,24.12,2.50,62.31,2.34,33.13,1.43,0.00,5.55,47.91,0.86,100.44,1.23,7.12,0.83,77.93,1.42,3.22,1.02,0.00,62.79,0.00,408.87,0.00,307.77,0.00,563.51,0.00,550.30,0.00,48.25,0.00,22.10,10.64,1.14,16.05,3.62,0.00,149.27,0.00,65.18
56.5,56.5,1,56.500,18/03/2026 01:41:13,17.394,,7.81, 8.44, 8.15,34.88, -1.88, 3.44,8.064, 7.281, 7.676, 6.920, 6.633, 6.459, 6.534, 6.651, 6.953, 7.280, 7.426, 7.625, 7.752, 7.906, 8.043, 8.198, 8.357, 8.482, 8.537, 8.571, 8.569, 8.585, 8.583, 8.547, 8.438, 8.395, 8.385, 8.258, 8.259, 8.230, 8.135, 8.174, 8.027, 8.135, 8.053, 8.194, 8.111, 8.300, 8.216, 8.428, 8.432, 8.537, 8.731, 8.678, 8.966, 8.980, 9.001, 9.277, 9.173, 9.225, 9.440, 9.318, 9.328, 9.549, 9.469, 9.389, 9.625, 9.705, 9.553, 9.632, 9.875, 9.879, 9.748, 9.867, 10.129, 10.128, 9.928, 9.942, 10.241, 10.358, 10.278, 10.119, 10.190, 10.421, 10.520, 10.392, 10.294, 10.346, 10.522, 10.595, 10.481, 10.334, 10.359, 10.515, 10.714, 10.785, 10.712, 10.620, 10.640, 10.804, 11.003, 11.131, 11.098, 10.960, 10.871, 10.895, 11.045, 11.181, 11.218, 11.121, 10.913, 10.711, 10.536, 10.364, 9.926, 9.234, 8.620, 8.240, 7.973, 7.754, 7.638, 7.697, 8.003, 8.462, 8.966, 9.378, 9.656, 9.795, 9.849, 9.877, 9.957, 10.119, 10.368, 10.669, 10.969, 11.198, 11.329, 11.357, 11.286, 11.171, 11.064, 11.000, 11.013, 11.096, 11.246, 11.436, 11.592, 11.659, 11.640, 11.517, 11.316, 11.088, 10.828, 10.655, 10.552, 10.553, 10.627, 10.738, 10.838, 10.883, 10.788, 10.411, 9.545, 8.014, 6.208, 4.944, 4.351, 4.092, 3.995, 4.063, 4.253, 4.538, 4.901, 5.294, 5.717, 6.130, 6.519, 6.870, 7.161, 7.397, 7.607, 7.757, 7.910, 8.041, 8.174, 8.304, 8.477, 8.679, 8.876, 9.108, 9.350, 9.587, 9.822, 10.023, 10.217, 10.296, 10.360, 10.328, 10.290, 10.220, 10.070, 9.900, 9.726, 9.517, 9.332, 9.120, 8.924, 8.627, 8.461, 8.329, 8.244, 8.183, 8.185, 8.194, 8.144, 8.080, 8.053, 8.029, 7.894, 7.672, 7.538, 7.390, 7.099, 6.966, 6.573, 6.622, 16.2,1226800.0,1224399.0,891857.60,47101.24,2827.81,17335.41,452.19,19955.94,209.67,379.15,27.03,1157.38,22.54,233.82,16.98,427.89,12.55,1021.23,48.15,17.33,5.40,68.35,12.38,331.83,11.08,19674.62,104.39,0.00,93.13,0.00,12.61,17.36,1.96,41.70,1.75,35.10,1.15,0.00,4.00,41.09,0.76,72.71,0.96,3.20,0.62,57.59,1.03,4.42,0.88,0.00,45.73,74.99,7.61,53.31,5.09,0.00,425.64,0.00,443.38,0.00,40.28,0.00,18.62,6.57,0.99,30.17,3.07,0.00,122.29,0.00,55.71,189154.20,78106.85,4689.29,32754.61,854.40,42692.44,448.55,868.77,61.94,2889.87,56.28,281.66,20.45,598.71,17.56,1703.92,80.34,30.94,9.64,99.90,18.09,476.79,15.92,28129.67,149.25,0.00,118.41,0.00,16.05,21.73,2.45,51.90,2.18,46.34,1.52,0.00,5.62,44.94,0.83,85.99,1.14,4.06,0.79,77.79,1.39,5.18,1.03,0.00,60.98,80.55,8.17,60.90,5.81,0.00,540.36,0.00,530.77,0.00,47.29,0.00,20.11,7.08,1.07,33.63,3.42,0.00,139.15,0.00,63.20
57.0,57.0,1,57.000,18/03/2026 01:41:48,18.911,,9.12, 9.79, 9.76,37.46, -1.54, 2.67,10.702, 9.900, 9.911, 8.665, 8.967, 8.419, 8.292, 8.327, 8.499, 8.837, 8.923, 9.096, 9.124, 9.266, 9.420, 9.520, 9.622, 9.710, 9.829, 10.029, 10.146, 9.936, 9.702, 9.969, 10.015, 9.490, 9.728, 9.770, 9.280, 9.823, 9.226, 9.591, 9.246, 9.435, 9.299, 9.494, 9.278, 9.710, 9.221, 9.976, 9.343, 10.033, 9.877, 9.792, 10.507, 9.903, 10.362, 10.693, 10.071, 10.646, 10.834, 10.212, 10.680, 11.034, 10.401, 10.542, 11.181, 10.873, 10.460, 10.994, 11.377, 10.891, 10.684, 11.271, 11.606, 11.194, 10.854, 11.251, 11.818, 11.726, 11.194, 11.116, 11.654, 12.035, 11.772, 11.256, 11.211, 11.672, 12.081, 11.920, 11.402, 11.115, 11.396, 11.961, 12.273, 12.084, 11.616, 11.365, 11.596, 12.160, 12.589, 12.575, 12.185, 11.736, 11.600, 11.900, 12.410, 12.752, 12.673, 12.274, 11.721, 11.331, 11.259, 11.350, 11.213, 10.670, 9.977, 9.314, 8.673, 8.211, 8.061, 8.307, 8.950, 9.733, 10.411, 10.802, 10.880, 10.726, 10.507, 10.411, 10.535, 10.936, 11.495, 12.087, 12.564, 12.819, 12.812, 12.586, 12.237, 11.874, 11.662, 11.652, 11.842, 12.203, 12.635, 13.061, 13.310, 13.374, 13.185, 12.852, 12.362, 11.871, 11.459, 11.223, 11.197, 11.370, 11.620, 11.946, 12.286, 12.451, 12.414, 11.955, 10.894, 9.097, 7.007, 5.534, 4.761, 4.371, 4.276, 4.411, 4.755, 5.226, 5.818, 6.416, 7.033, 7.549, 8.009, 8.314, 8.513, 8.592, 8.626, 8.564, 8.521, 8.478, 8.509, 8.609, 8.812, 9.096, 9.469, 9.904, 10.359, 10.788, 11.220, 11.605, 11.887, 12.056, 12.066, 11.970, 11.827, 11.567, 11.185, 10.816, 10.469, 10.069, 9.754, 9.446, 9.229, 8.930, 8.847, 8.817, 8.891, 9.043, 9.285, 9.510, 9.613, 9.826, 9.790, 9.853, 9.791, 9.668, 9.467, 9.147, 8.857, 8.364, 8.036, 7.553, 16.3,1265447.0,1221926.0,890741.04,50393.52,2846.82,17654.24,452.98,19178.05,204.45,438.33,27.56,1089.41,22.03,188.36,16.70,347.38,11.89,330.13,40.13,0.00,15.78,174.34,14.26,307.72,10.80,18804.99,99.93,0.00,93.08,0.00,12.49,0.00,9.64,55.53,1.92,15.56,1.01,0.00,3.47,43.67,0.77,78.04,0.98,8.20,0.65,50.36,0.99,0.00,25.90,0.00,45.23,0.00,370.67,0.00,257.78,0.00,426.33,52.58,8.21,0.00,40.69,0.00,21.13,13.62,1.09,34.91,3.07,0.00,121.93,0.00,50.48,190947.91,83566.35,4720.81,33357.03,855.89,41028.27,437.39,1004.37,63.15,2720.15,55.01,226.90,20.12,486.06,16.64,550.82,66.96,0.00,28.17,254.81,20.84,442.14,15.52,26886.32,142.87,0.00,118.35,0.00,15.89,0.00,12.07,69.12,2.39,20.54,1.33,0.00,4.88,47.76,0.84,92.29,1.16,10.41,0.83,68.02,1.34,0.00,30.36,0.00,60.31,0.00,398.14,0.00,294.47,0.00,541.23,62.94,9.83,0.00,47.77,0.00,22.82,14.67,1.17,38.92,3.42,0.00,138.74,0.00,57.27
57.5,57.5,1,57.500,18/03/2026 01:42:31,19.043,,10.48, 11.24, 11.04,39.98, -1.58, 3.26,13.551, 11.265, 10.801, 10.047, 9.561, 9.475, 9.308, 9.417, 9.563, 9.903, 10.090, 10.264, 10.382, 10.573, 10.783, 10.913, 11.078, 11.229, 11.309, 11.386, 11.426, 11.438, 11.374, 11.341, 11.316, 11.248, 11.146, 11.150, 11.118, 11.016, 11.095, 10.897, 11.007, 10.850, 11.033, 10.905, 11.123, 10.985, 11.260, 11.143, 11.412, 11.432, 11.527, 11.783, 11.718, 11.989, 12.044, 12.027, 12.259, 12.222, 12.200, 12.390, 12.362, 12.317, 12.471, 12.508, 12.459, 12.574, 12.670, 12.657, 12.700, 12.827, 12.875, 12.885, 12.968, 13.077, 13.101, 13.036, 13.096, 13.245, 13.327, 13.216, 13.134, 13.199, 13.362, 13.417, 13.350, 13.250, 13.294, 13.386, 13.438, 13.396, 13.324, 13.339, 13.462, 13.599, 13.663, 13.638, 13.593, 13.631, 13.760, 13.912, 13.993, 13.951, 13.846, 13.778, 13.821, 13.916, 14.010, 14.019, 13.904, 13.721, 13.478, 13.182, 12.655, 11.934, 11.357, 11.053, 10.840, 10.620, 10.447, 10.393, 10.618, 11.086, 11.638, 12.170, 12.551, 12.758, 12.803, 12.782, 12.759, 12.823, 13.014, 13.311, 13.664, 14.000, 14.243, 14.337, 14.280, 14.118, 13.931, 13.758, 13.674, 13.709, 13.860, 14.110, 14.385, 14.546, 14.602, 14.547, 14.354, 14.071, 13.745, 13.451, 13.260, 13.184, 13.205, 13.308, 13.471, 13.593, 13.622, 13.334, 12.543, 11.003, 9.061, 7.641, 6.903, 6.508, 6.299, 6.274, 6.417, 6.700, 7.101, 7.592, 8.140, 8.709, 9.249, 9.707, 10.110, 10.417, 10.666, 10.811, 10.908, 10.953, 10.988, 11.035, 11.125, 11.259, 11.427, 11.663, 11.944, 12.254, 12.583, 12.921, 13.225, 13.430, 13.532, 13.578, 13.574, 13.489, 13.297, 13.105, 12.840, 12.541, 12.262, 11.965, 11.631, 11.287, 11.063, 10.844, 10.775, 10.780, 10.870, 10.945, 10.984, 11.102, 11.181, 11.174, 11.108, 11.125, 10.982, 10.701, 10.399, 10.218, 9.870, 9.470, 16.3,1213982.0,1211368.0,890553.05,44491.38,2892.17,22123.52,510.06,20719.18,220.08,242.11,26.57,1115.34,23.24,56.30,17.39,275.24,12.46,822.62,47.66,24.58,5.76,96.39,14.43,274.98,10.81,18802.91,102.70,0.00,92.98,0.00,10.82,17.75,2.00,45.26,1.84,33.32,1.19,0.00,4.09,54.40,0.87,101.15,1.15,4.92,0.67,64.23,1.11,0.00,26.76,0.00,46.34,0.00,386.42,0.00,268.83,0.00,445.50,70.72,8.60,0.00,41.20,0.00,21.17,10.66,1.08,0.00,118.42,0.00,132.60,0.00,54.77,193024.96,73778.98,4796.02,41801.56,963.74,44325.26,470.82,554.76,60.88,2784.90,58.03,67.82,20.95,385.12,17.43,1372.54,79.52,43.88,10.28,140.88,21.09,395.10,15.53,26883.34,146.83,0.00,118.22,0.00,13.77,22.22,2.50,56.34,2.29,43.99,1.57,0.00,5.75,59.49,0.95,119.62,1.36,6.25,0.85,86.76,1.50,0.00,31.37,0.00,61.79,0.00,415.06,0.00,307.09,0.00,565.57,84.66,10.30,0.00,48.37,0.00,22.86,11.48,1.16,0.00,132.02,0.00,150.89,0.00,62.13
58.0,58.0,1,58.000,18/03/2026 01:43:14,17.654,,8.60, 9.28, 8.87,36.52, -1.89, 3.86,5.152, 6.001, 7.654, 6.601, 6.599, 6.774, 7.033, 7.236, 7.529, 7.847, 8.114, 8.339, 8.476, 8.577, 8.774, 8.945, 9.102, 9.251, 9.353, 9.444, 9.512, 9.478, 9.388, 9.414, 9.393, 9.244, 9.204, 9.197, 9.077, 9.106, 9.030, 8.969, 8.951, 8.894, 8.978, 8.941, 9.041, 9.047, 9.136, 9.219, 9.285, 9.449, 9.482, 9.674, 9.756, 9.841, 9.998, 10.002, 10.092, 10.190, 10.141, 10.229, 10.305, 10.244, 10.283, 10.409, 10.387, 10.390, 10.516, 10.583, 10.538, 10.574, 10.738, 10.787, 10.747, 10.809, 11.004, 11.051, 10.984, 11.012, 11.120, 11.192, 11.142, 11.052, 11.081, 11.250, 11.354, 11.283, 11.135, 11.088, 11.195, 11.336, 11.393, 11.316, 11.236, 11.277, 11.441, 11.606, 11.672, 11.648, 11.582, 11.570, 11.670, 11.803, 11.903, 11.917, 11.847, 11.726, 11.649, 11.625, 11.648, 11.664, 11.595, 11.303, 10.622, 9.691, 8.968, 8.670, 8.617, 8.621, 8.635, 8.674, 8.806, 9.052, 9.367, 9.739, 10.101, 10.430, 10.683, 10.878, 10.992, 11.067, 11.134, 11.225, 11.359, 11.524, 11.722, 11.902, 12.028, 12.075, 12.080, 12.030, 11.943, 11.869, 11.825, 11.838, 11.892, 11.963, 12.007, 12.049, 12.042, 11.956, 11.848, 11.724, 11.596, 11.483, 11.337, 11.258, 11.206, 11.146, 11.008, 10.653, 9.890, 8.489, 6.753, 5.535, 5.014, 4.799, 4.743, 4.751, 4.869, 5.035, 5.261, 5.533, 5.858, 6.224, 6.608, 7.001, 7.379, 7.768, 8.104, 8.447, 8.727, 8.994, 9.200, 9.369, 9.504, 9.615, 9.708, 9.800, 9.914, 9.990, 10.107, 10.226, 10.340, 10.425, 10.483, 10.528, 10.599, 10.673, 10.662, 10.639, 10.603, 10.495, 10.399, 10.250, 10.028, 9.710, 9.439, 9.172, 8.980, 8.824, 8.675, 8.505, 8.388, 8.229, 8.131, 8.054, 7.835, 7.762, 7.722, 7.482, 7.405, 7.176, 7.186, 7.155, 16.2,1240139.0,1211286.0,902159.35,39076.94,2752.53,18904.10,471.36,19979.98,211.46,378.16,27.49,1303.34,23.74,0.00,814.91,234.63,11.65,404.64,41.67,0.00,15.71,172.96,14.88,170.55,9.16,16846.68,90.86,0.00,86.98,0.00,12.07,0.00,10.28,44.41,1.78,19.53,1.04,0.00,4.37,49.59,0.82,88.84,1.04,6.98,0.66,65.24,1.07,0.00,25.81,0.00,45.62,0.00,379.63,0.00,260.02,69.15,7.56,0.00,447.78,0.00,42.90,0.00,22.70,12.35,1.09,12.55,3.19,0.00,129.02,0.00,59.05,173423.76,64800.34,4564.45,35718.59,890.62,42743.87,452.38,866.50,62.99,3254.31,59.28,0.00,981.64,328.30,16.30,675.14,69.53,0.00,28.05,252.79,21.75,245.05,13.16,24086.44,129.91,0.00,110.59,0.00,15.36,0.00,12.87,55.28,2.22,25.79,1.37,0.00,6.14,54.23,0.90,105.06,1.23,8.86,0.84,88.12,1.45,0.00,30.25,0.00,60.83,0.00,407.77,0.00,297.03,87.79,9.60,0.00,536.04,0.00,50.37,0.00,24.51,13.30,1.17,13.99,3.56,0.00,146.81,0.00,66.99
58.5,58.5,1,58.500,18/03/2026 01:43:49,17.664,1157879.759,10.29, 11.03, 11.12,39.63, -1.49, 2.41,13.957, 10.977, 11.434, 10.258, 9.815, 9.771, 9.514, 9.589, 9.711, 9.997, 10.162, 10.345, 10.437, 10.579, 10.751, 10.864, 10.988, 11.045, 11.051, 11.140, 11.273, 11.221, 11.017, 11.157, 11.134, 10.806, 11.014, 10.820, 10.727, 10.892, 10.534, 10.833, 10.409, 10.777, 10.426, 10.798, 10.525, 10.784, 10.763, 10.756, 11.097, 10.864, 11.248, 11.296, 11.241, 11.635, 11.551, 11.550, 11.873, 11.782, 11.685, 11.969, 11.985, 11.806, 11.938, 12.155, 12.049, 11.954, 12.173, 12.356, 12.227, 12.143, 12.359, 12.600, 12.551, 12.385, 12.425, 12.679, 12.817, 12.695, 12.579, 12.661, 12.893, 12.962, 12.805, 12.659, 12.728, 12.946, 13.034, 12.940, 12.720, 12.635, 12.789, 13.052, 13.189, 13.160, 13.018, 12.927, 13.015, 13.274, 13.487, 13.544, 13.472, 13.319, 13.236, 13.273, 13.425, 13.547, 13.572, 13.452, 13.268, 13.071, 12.890, 12.678, 12.194, 11.483, 10.890, 10.564, 10.365, 10.183, 10.062, 10.051, 10.258, 10.639, 11.092, 11.545, 11.905, 12.154, 12.314, 12.418, 12.467, 12.545, 12.660, 12.833, 13.034, 13.259, 13.465, 13.630, 13.737, 13.767, 13.759, 13.703, 13.631, 13.571, 13.557, 13.573, 13.645, 13.700, 13.699, 13.726, 13.721, 13.692, 13.628, 13.546, 13.478, 13.393, 13.268, 13.176, 13.072, 12.916, 12.681, 12.250, 11.413, 10.029, 8.443, 7.409, 7.040, 6.964, 7.016, 7.139, 7.305, 7.488, 7.672, 7.840, 8.022, 8.218, 8.414, 8.662, 8.907, 9.173, 9.487, 9.834, 10.161, 10.555, 10.923, 11.269, 11.577, 11.897, 12.079, 12.255, 12.378, 12.420, 12.438, 12.398, 12.346, 12.237, 12.116, 11.947, 11.908, 11.854, 11.817, 11.851, 11.926, 11.971, 12.100, 12.189, 12.212, 12.138, 12.088, 12.042, 12.018, 11.960, 11.927, 11.699, 11.453, 11.200, 10.899, 10.538, 10.154, 9.813, 9.509, 9.160, 8.843, 8.629, 8.401, 8.545, 16.3,1152677.0,1236247.0,863550.19,64184.92,3179.94,22558.80,536.94,26479.58,261.33,580.58,32.59,1194.97,24.97,1038.71,22.97,687.14,15.99,591.32,47.23,58.80,6.40,0.00,50.24,255.60,10.90,18392.98,106.09,0.00,93.50,0.00,11.96,33.02,2.35,51.53,2.05,27.46,1.15,1.61,0.42,63.01,0.97,106.51,1.23,5.19,0.71,70.74,1.17,0.00,28.34,0.00,48.15,38.98,8.44,0.00,280.31,0.00,468.74,0.00,495.56,0.00,52.56,0.00,26.65,7.84,1.09,20.49,3.38,0.00,135.34,0.00,61.34,240505.98,106436.30,5273.22,42624.01,1014.53,56648.69,559.07,1330.32,74.68,2983.73,62.35,1251.23,27.67,961.45,22.37,986.61,78.80,104.97,11.43,0.00,73.43,367.26,15.66,26297.25,151.68,0.00,118.88,0.00,15.22,41.33,2.94,64.14,2.55,36.26,1.52,2.26,0.59,68.91,1.06,125.96,1.45,6.59,0.90,95.55,1.58,0.00,33.22,0.00,64.21,41.87,9.07,0.00,320.21,0.00,595.07,0.00,593.24,0.00,61.71,0.00,28.78,8.45,1.17,22.84,3.77,0.00,154.00,0.00,69.59
59.0,59.0,1,59.000,18/03/2026 01:44:32,16.736,,11.63, 12.44, 13.03,41.90, -1.33, 1.27,18.854, 15.588, 14.593, 12.934, 12.845, 12.019, 11.624, 11.631, 11.639, 11.888, 11.918, 12.053, 12.041, 12.133, 12.261, 12.383, 12.545, 12.678, 12.631, 12.439, 12.498, 12.736, 12.515, 12.252, 12.576, 12.246, 12.056, 12.383, 11.783, 12.302, 11.709, 12.112, 11.607, 12.040, 11.543, 12.143, 11.487, 12.225, 11.656, 12.091, 12.206, 11.822, 12.632, 12.177, 12.343, 12.959, 12.356, 12.674, 13.186, 12.583, 12.706, 13.324, 12.908, 12.601, 13.233, 13.348, 12.790, 12.902, 13.514, 13.431, 12.914, 13.063, 13.649, 13.687, 13.245, 13.156, 13.575, 13.974, 13.795, 13.355, 13.350, 13.868, 14.163, 13.927, 13.462, 13.358, 13.751, 14.169, 14.150, 13.706, 13.272, 13.311, 13.765, 14.217, 14.291, 13.984, 13.579, 13.463, 13.772, 14.268, 14.610, 14.599, 14.264, 13.862, 13.682, 13.851, 14.233, 14.553, 14.608, 14.376, 13.935, 13.502, 13.172, 12.979, 12.629, 12.064, 11.573, 11.245, 10.887, 10.451, 10.065, 9.916, 10.160, 10.728, 11.462, 12.187, 12.721, 13.014, 13.058, 12.931, 12.740, 12.639, 12.699, 12.961, 13.390, 13.889, 14.352, 14.694, 14.854, 14.783, 14.547, 14.212, 13.870, 13.613, 13.522, 13.601, 13.861, 14.154, 14.447, 14.713, 14.839, 14.802, 14.633, 14.337, 13.965, 13.581, 13.167, 12.887, 12.712, 12.607, 12.530, 12.290, 11.649, 10.419, 8.970, 8.109, 7.810, 7.655, 7.522, 7.374, 7.213, 7.075, 6.979, 6.962, 7.054, 7.266, 7.587, 8.029, 8.548, 9.141, 9.768, 10.362, 10.918, 11.393, 11.792, 12.088, 12.267, 12.314, 12.271, 12.145, 11.970, 11.735, 11.554, 11.401, 11.315, 11.269, 11.259, 11.328, 11.515, 11.773, 12.013, 12.262, 12.565, 12.792, 13.028, 13.150, 13.163, 12.908, 12.639, 12.350, 11.996, 11.591, 11.186, 10.633, 10.177, 9.658, 9.106, 8.687, 8.296, 7.960, 7.697, 7.594, 7.589, 7.688, 7.831, 8.133, 16.2,1236233.0,1202724.0,898870.47,48364.95,2882.73,20241.02,483.76,19760.72,210.37,422.91,28.11,1383.05,24.23,0.00,742.27,108.13,11.43,0.00,680.79,0.00,12.25,196.30,14.30,143.26,8.54,10241.86,60.64,0.00,66.33,0.00,11.65,15.25,1.79,33.63,1.54,19.77,0.94,0.00,4.53,41.19,0.71,66.78,0.87,5.76,0.60,55.12,0.96,0.00,25.95,0.00,44.45,0.00,363.86,0.00,251.46,0.00,410.77,0.00,426.52,0.00,42.02,0.00,23.02,8.63,0.95,21.20,2.99,0.00,125.22,0.00,52.53,180757.31,80202.43,4780.36,38244.65,914.05,42274.80,450.05,969.04,64.41,3453.34,60.50,0.00,894.14,151.30,15.99,0.00,1135.89,0.00,21.87,286.90,20.90,205.84,12.27,14643.24,86.70,0.00,84.34,0.00,14.83,19.09,2.24,41.86,1.92,26.10,1.24,0.00,6.37,45.05,0.78,78.97,1.03,7.31,0.76,74.45,1.30,0.00,30.42,0.00,59.27,0.00,390.83,0.00,287.25,0.00,521.48,0.00,510.59,0.00,49.33,0.00,24.86,9.30,1.02,23.63,3.33,0.00,142.49,0.00,59.59
59.5,59.5,1,59.500,18/03/2026 01:45:15,15.940,,8.93, 9.59, 9.80,37.09, -1.59, 1.92,10.763, 10.527, 9.969, 9.294, 8.864, 8.645, 8.438, 8.493, 8.661, 8.851, 8.918, 9.096, 9.163, 9.256, 9.412, 9.523, 9.633, 9.709, 9.709, 9.700, 9.744, 9.763, 9.665, 9.568, 9.569, 9.461, 9.368, 9.396, 9.243, 9.298, 9.184, 9.165, 9.101, 9.092, 9.094, 9.137, 9.111, 9.246, 9.153, 9.375, 9.316, 9.473, 9.601, 9.564, 9.828, 9.831, 9.842, 10.077, 10.010, 10.012, 10.209, 10.141, 10.072, 10.274, 10.283, 10.151, 10.261, 10.434, 10.357, 10.292, 10.472, 10.593, 10.508, 10.440, 10.635, 10.807, 10.875, 10.732, 10.723, 10.969, 11.070, 10.946, 10.734, 10.781, 10.986, 11.149, 11.088, 10.904, 10.841, 10.962, 11.111, 11.165, 11.070, 10.913, 10.878, 11.028, 11.229, 11.362, 11.348, 11.239, 11.154, 11.212, 11.374, 11.525, 11.610, 11.562, 11.424, 11.285, 11.219, 11.239, 11.320, 11.375, 11.277, 10.902, 10.089, 9.028, 8.244, 7.940, 7.932, 8.006, 8.100, 8.159, 8.281, 8.430, 8.649, 8.918, 9.249, 9.606, 9.958, 10.267, 10.488, 10.642, 10.710, 10.745, 10.762, 10.803, 10.898, 11.051, 11.215, 11.382, 11.524, 11.602, 11.609, 11.551, 11.464, 11.376, 11.278, 11.171, 11.095, 11.046, 11.040, 11.028, 11.043, 11.048, 11.051, 11.042, 11.010, 10.914, 10.768, 10.540, 10.204, 9.653, 8.705, 7.232, 5.692, 4.769, 4.478, 4.458, 4.569, 4.724, 4.918, 5.098, 5.269, 5.434, 5.591, 5.745, 5.895, 6.073, 6.277, 6.512, 6.786, 7.104, 7.432, 7.803, 8.160, 8.497, 8.802, 9.080, 9.288, 9.472, 9.579, 9.632, 9.655, 9.637, 9.586, 9.499, 9.383, 9.225, 9.150, 9.107, 9.062, 9.019, 9.016, 9.010, 9.028, 9.020, 9.017, 8.884, 8.779, 8.698, 8.551, 8.450, 8.309, 8.129, 7.907, 7.682, 7.428, 7.124, 6.767, 6.522, 6.292, 5.973, 5.775, 5.557, 5.327, 5.217, 16.2,1261916.0,1280244.0,889448.70,55014.51,2814.06,17314.74,439.65,18237.20,195.27,571.12,28.32,1197.86,22.09,105.92,15.78,320.27,11.38,166.38,37.20,0.00,14.36,92.87,12.11,223.09,9.40,17004.76,89.86,0.00,86.85,0.00,12.25,4.98,1.65,33.76,1.58,43.55,1.09,0.00,3.32,34.28,0.68,62.91,0.86,4.58,0.60,47.33,0.93,0.00,25.00,0.00,42.15,24.19,7.47,0.00,244.97,0.00,400.21,22.94,7.54,0.00,43.99,0.00,20.50,0.00,26.30,24.11,2.97,0.00,120.59,0.00,53.23,193249.61,91229.23,4666.49,32715.55,830.70,39015.48,417.75,1308.64,64.89,2990.94,55.16,127.59,19.01,448.12,15.92,277.60,62.07,0.00,25.64,135.73,17.70,320.54,13.51,24312.45,128.48,0.00,110.43,0.00,15.59,6.23,2.07,42.02,1.97,57.50,1.44,0.00,4.67,37.49,0.74,74.40,1.02,5.82,0.76,63.93,1.26,0.00,29.31,0.00,56.21,25.98,8.02,0.00,279.84,0.00,508.07,27.46,9.03,0.00,51.65,0.00,22.14,0.00,28.33,26.88,3.31,0.00,137.22,0.00,60.39
60.0,60.0,1,60.000,18/03/2026 01:45:50,16.472,,8.18, 8.80, 8.84,35.60, -1.70, 2.38,9.120, 9.070, 8.437, 8.070, 7.571, 7.576, 7.466, 7.528, 7.692, 7.961, 8.071, 8.218, 8.320, 8.410, 8.539, 8.652, 8.782, 8.907, 8.942, 8.935, 8.932, 8.965, 8.903, 8.817, 8.821, 8.711, 8.622, 8.627, 8.483, 8.542, 8.410, 8.415, 8.324, 8.356, 8.328, 8.404, 8.370, 8.486, 8.466, 8.582, 8.668, 8.712, 8.864, 8.954, 9.009, 9.194, 9.233, 9.239, 9.443, 9.440, 9.353, 9.567, 9.620, 9.421, 9.566, 9.797, 9.641, 9.540, 9.843, 10.008, 9.766, 9.724, 10.073, 10.256, 10.053, 9.911, 10.140, 10.510, 10.455, 10.152, 10.119, 10.480, 10.737, 10.601, 10.274, 10.210, 10.510, 10.829, 10.816, 10.506, 10.232, 10.318, 10.680, 10.981, 10.985, 10.749, 10.512, 10.539, 10.832, 11.183, 11.367, 11.280, 11.029, 10.824, 10.835, 11.068, 11.346, 11.525, 11.474, 11.225, 10.939, 10.736, 10.657, 10.643, 10.386, 9.845, 9.297, 8.878, 8.554, 8.296, 8.174, 8.246, 8.563, 9.046, 9.545, 9.958, 10.199, 10.306, 10.299, 10.279, 10.302, 10.412, 10.622, 10.904, 11.212, 11.477, 11.667, 11.738, 11.705, 11.606, 11.462, 11.349, 11.273, 11.290, 11.385, 11.545, 11.751, 11.896, 11.964, 11.953, 11.880, 11.696, 11.497, 11.297, 11.124, 11.024, 10.926, 10.932, 10.971, 10.995, 10.948, 10.672, 10.016, 8.731, 7.170, 6.059, 5.563, 5.323, 5.214, 5.205, 5.259, 5.414, 5.605, 5.870, 6.192, 6.530, 6.906, 7.284, 7.650, 8.005, 8.328, 8.631, 8.892, 9.129, 9.320, 9.459, 9.610, 9.737, 9.790, 9.886, 9.961, 10.020, 10.099, 10.166, 10.292, 10.354, 10.399, 10.455, 10.537, 10.620, 10.642, 10.651, 10.670, 10.617, 10.599, 10.523, 10.371, 10.094, 9.919, 9.713, 9.478, 9.327, 9.178, 8.985, 8.854, 8.596, 8.450, 8.315, 8.171, 8.002, 7.881, 7.774, 7.631, 7.647, 7.468, 7.581, 16.2,1281459.0,1264094.0,895302.51,51096.67,2766.87,15951.18,424.26,18723.75,196.37,468.78,26.83,1006.84,20.76,179.40,15.83,302.19,11.09,304.52,38.76,0.00,15.06,152.75,13.47,199.20,9.08,15974.43,84.44,0.00,80.24,0.00,10.85,5.19,1.61,45.41,1.68,23.86,0.99,0.00,3.33,35.12,0.67,67.16,0.87,2.89,0.58,53.46,0.95,0.00,24.43,0.00,42.56,40.12,7.29,0.00,238.97,0.00,399.68,35.83,7.56,0.00,33.40,0.00,17.17,9.45,0.96,19.33,2.97,0.00,120.91,0.00,48.25,183417.82,84732.37,4588.23,30139.16,801.62,40056.37,420.10,1074.15,61.48,2513.98,51.84,216.11,19.07,422.83,15.52,508.09,64.67,0.00,26.88,223.25,19.69,286.22,13.05,22839.34,120.73,0.00,102.02,0.00,13.81,6.50,2.02,56.52,2.09,31.50,1.31,0.00,4.68,38.41,0.73,79.42,1.03,3.67,0.74,72.21,1.28,0.00,28.64,0.00,56.75,43.09,7.83,0.00,272.98,0.00,507.40,42.89,9.05,0.00,39.21,0.00,18.54,10.18,1.03,21.55,3.31,0.00,137.58,0.00,54.74
60.5,60.5,1,60.500,18/03/2026 01:46:42,16.601,,8.38, 9.04, 8.82,36.07, -1.87, 3.22,7.795, 7.351, 7.674, 7.493, 7.288, 7.307, 7.148, 7.316, 7.531, 7.860, 8.087, 8.258, 8.379, 8.488, 8.656, 8.811, 8.970, 9.084, 9.172, 9.202, 9.175, 9.192, 9.221, 9.098, 9.043, 9.062, 8.856, 8.903, 8.817, 8.759, 8.768, 8.630, 8.675, 8.566, 8.682, 8.631, 8.707, 8.742, 8.768, 8.917, 8.900, 9.112, 9.115, 9.271, 9.426, 9.408, 9.615, 9.669, 9.633, 9.820, 9.814, 9.738, 9.901, 9.948, 9.825, 9.920, 10.082, 10.037, 9.979, 10.147, 10.275, 10.207, 10.199, 10.343, 10.490, 10.469, 10.449, 10.498, 10.702, 10.745, 10.722, 10.645, 10.660, 10.762, 10.836, 10.815, 10.788, 10.775, 10.815, 10.846, 10.847, 10.843, 10.857, 10.881, 10.934, 11.013, 11.098, 11.120, 11.151, 11.155, 11.198, 11.265, 11.340, 11.399, 11.426, 11.417, 11.373, 11.336, 11.308, 11.306, 11.295, 11.272, 11.183, 10.946, 10.379, 9.576, 8.931, 8.653, 8.583, 8.570, 8.591, 8.631, 8.778, 9.007, 9.293, 9.611, 9.905, 10.166, 10.400, 10.586, 10.727, 10.847, 10.944, 11.034, 11.136, 11.233, 11.342, 11.452, 11.543, 11.611, 11.639, 11.667, 11.666, 11.656, 11.659, 11.668, 11.675, 11.672, 11.630, 11.607, 11.576, 11.481, 11.416, 11.350, 11.322, 11.310, 11.217, 11.189, 11.156, 11.064, 10.874, 10.471, 9.692, 8.298, 6.619, 5.455, 4.960, 4.798, 4.780, 4.895, 5.079, 5.317, 5.584, 5.872, 6.190, 6.497, 6.809, 7.101, 7.406, 7.678, 7.930, 8.183, 8.434, 8.673, 8.899, 9.092, 9.289, 9.476, 9.641, 9.789, 9.933, 10.059, 10.159, 10.281, 10.363, 10.409, 10.388, 10.362, 10.384, 10.400, 10.306, 10.261, 10.204, 10.127, 10.071, 9.958, 9.811, 9.564, 9.383, 9.224, 9.068, 8.969, 8.870, 8.781, 8.650, 8.496, 8.358, 8.279, 8.109, 7.914, 7.693, 7.599, 7.479, 7.342, 7.204, 7.084, 16.2,1256244.0,1208313.0,898952.64,46081.95,2824.56,19359.50,473.11,19027.49,205.35,548.68,29.34,1056.56,22.20,0.00,770.85,164.69,11.26,385.25,41.34,0.00,15.33,141.53,13.96,222.82,9.72,13722.70,76.49,0.00,76.51,0.00,12.29,9.60,1.75,37.78,1.61,18.64,0.94,1.96,0.37,42.10,0.74,80.86,0.97,6.63,0.63,53.63,0.98,0.00,25.66,0.00,44.81,0.00,368.66,31.93,5.00,30.77,7.33,0.00,445.33,0.00,36.30,0.00,20.02,7.31,0.96,15.02,3.03,0.00,125.66,0.00,53.49,179026.43,76416.58,4683.90,36579.05,893.92,40706.17,439.31,1257.23,67.23,2638.13,55.43,0.00,928.57,230.44,15.76,642.79,68.98,0.00,27.37,206.85,20.40,320.16,13.97,19619.95,109.36,0.00,97.28,0.00,15.64,12.02,2.19,47.03,2.00,24.61,1.24,2.75,0.52,46.04,0.81,95.62,1.15,8.42,0.80,72.44,1.32,0.00,30.08,0.00,59.75,0.00,395.98,36.47,5.71,39.06,9.31,0.00,533.11,0.00,42.62,0.00,21.62,7.87,1.03,16.74,3.38,0.00,142.99,0.00,60.68
61.0,61.0,1,61.000,18/03/2026 01:47:25,17.796,,9.00, 9.69, 9.42,37.29, -1.79, 3.41,10.760, 8.727, 8.474, 7.923, 7.993, 7.852, 7.631, 7.823, 8.095, 8.378, 8.602, 8.823, 8.943, 9.089, 9.298, 9.434, 9.595, 9.698, 9.764, 9.802, 9.898, 9.909, 9.792, 9.769, 9.822, 9.623, 9.598, 9.634, 9.415, 9.574, 9.349, 9.439, 9.276, 9.374, 9.287, 9.432, 9.312, 9.549, 9.401, 9.653, 9.651, 9.737, 9.975, 9.911, 10.149, 10.267, 10.206, 10.443, 10.482, 10.401, 10.556, 10.622, 10.501, 10.591, 10.716, 10.639, 10.635, 10.800, 10.857, 10.796, 10.851, 10.997, 11.051, 11.015, 11.073, 11.188, 11.287, 11.234, 11.258, 11.366, 11.445, 11.444, 11.355, 11.351, 11.428, 11.532, 11.536, 11.482, 11.425, 11.459, 11.510, 11.556, 11.580, 11.558, 11.564, 11.639, 11.743, 11.814, 11.846, 11.853, 11.869, 11.929, 11.991, 12.052, 12.070, 12.071, 12.063, 12.037, 12.014, 11.995, 11.957, 11.910, 11.798, 11.557, 10.979, 10.155, 9.499, 9.199, 9.117, 9.063, 9.048, 9.065, 9.226, 9.505, 9.834, 10.202, 10.533, 10.815, 11.040, 11.199, 11.299, 11.389, 11.472, 11.570, 11.692, 11.837, 11.993, 12.147, 12.251, 12.323, 12.347, 12.332, 12.283, 12.242, 12.190, 12.182, 12.207, 12.222, 12.221, 12.226, 12.224, 12.173, 12.132, 12.065, 12.013, 11.935, 11.826, 11.736, 11.662, 11.535, 11.316, 10.935, 10.142, 8.771, 7.073, 5.916, 5.459, 5.333, 5.350, 5.451, 5.618, 5.804, 6.025, 6.255, 6.525, 6.794, 7.073, 7.363, 7.674, 7.986, 8.325, 8.647, 8.973, 9.292, 9.606, 9.875, 10.112, 10.317, 10.483, 10.598, 10.707, 10.760, 10.787, 10.818, 10.836, 10.813, 10.728, 10.654, 10.672, 10.670, 10.662, 10.671, 10.677, 10.704, 10.718, 10.680, 10.632, 10.464, 10.319, 10.159, 10.049, 9.949, 9.845, 9.664, 9.429, 9.220, 9.011, 8.706, 8.448, 8.187, 7.966, 7.557, 7.502, 7.262, 7.065, 7.012, 16.2,1215201.0,1183382.0,894555.44,48189.09,2961.97,20948.02,504.29,20070.58,218.01,412.10,29.07,1245.85,24.31,0.00,786.78,105.48,11.90,334.71,41.86,0.00,14.50,81.25,12.44,194.15,9.44,13521.22,78.21,0.00,78.42,0.00,10.68,0.00,9.65,47.75,1.84,21.17,1.03,0.00,3.51,48.20,0.82,92.37,1.07,9.95,0.67,69.71,1.08,4.98,0.88,0.00,46.34,0.00,390.76,0.00,262.97,0.00,437.89,0.00,454.41,0.00,47.80,0.00,21.44,9.16,1.02,38.85,3.05,0.00,125.78,0.00,60.27,187334.83,79910.80,4911.76,39580.50,952.84,42937.69,466.40,944.27,66.61,3110.77,60.70,0.00,947.76,147.59,16.65,558.46,69.84,0.00,25.89,118.75,18.18,278.96,13.56,19331.88,111.82,0.00,99.71,0.00,13.59,0.00,12.08,59.44,2.29,27.95,1.36,0.00,4.93,52.71,0.90,109.24,1.27,12.64,0.85,94.16,1.46,5.84,1.03,0.00,61.79,0.00,419.72,0.00,300.40,0.00,555.91,0.00,543.97,0.00,56.12,0.00,23.15,9.87,1.10,43.31,3.40,0.00,143.13,0.00,68.37
61.5,61.5,1,61.500,18/03/2026 01:48:00,15.347,,8.27, 8.92, 8.70,35.83, -1.85, 3.21,8.166, 7.870, 7.686, 7.365, 7.321, 6.996, 7.101, 7.305, 7.461, 7.784, 7.945, 8.099, 8.265, 8.349, 8.571, 8.695, 8.812, 8.936, 9.011, 9.077, 9.118, 9.078, 9.014, 9.030, 8.941, 8.830, 8.843, 8.720, 8.698, 8.685, 8.584, 8.610, 8.485, 8.558, 8.495, 8.591, 8.559, 8.650, 8.688, 8.746, 8.898, 8.916, 9.101, 9.170, 9.260, 9.440, 9.444, 9.536, 9.661, 9.629, 9.681, 9.780, 9.741, 9.753, 9.854, 9.870, 9.852, 9.949, 10.025, 10.026, 10.046, 10.157, 10.244, 10.236, 10.285, 10.370, 10.543, 10.505, 10.493, 10.578, 10.697, 10.671, 10.609, 10.563, 10.636, 10.779, 10.810, 10.757, 10.676, 10.678, 10.758, 10.867, 10.903, 10.850, 10.797, 10.833, 10.972, 11.124, 11.213, 11.197, 11.138, 11.122, 11.184, 11.300, 11.422, 11.477, 11.438, 11.339, 11.232, 11.171, 11.195, 11.263, 11.247, 11.050, 10.460, 9.581, 8.837, 8.480, 8.393, 8.428, 8.523, 8.636, 8.831, 9.066, 9.300, 9.546, 9.783, 10.025, 10.270, 10.522, 10.728, 10.902, 11.027, 11.118, 11.171, 11.213, 11.270, 11.344, 11.434, 11.527, 11.627, 11.698, 11.743, 11.768, 11.758, 11.733, 11.698, 11.625, 11.538, 11.471, 11.418, 11.361, 11.341, 11.333, 11.353, 11.378, 11.344, 11.318, 11.245, 11.090, 10.842, 10.373, 9.516, 8.100, 6.394, 5.238, 4.792, 4.705, 4.780, 4.954, 5.180, 5.422, 5.677, 5.941, 6.203, 6.445, 6.680, 6.906, 7.152, 7.391, 7.662, 7.939, 8.241, 8.543, 8.857, 9.139, 9.422, 9.681, 9.878, 10.069, 10.200, 10.289, 10.356, 10.391, 10.396, 10.340, 10.242, 10.124, 10.102, 10.062, 9.976, 9.967, 9.929, 9.895, 9.917, 9.894, 9.802, 9.670, 9.565, 9.448, 9.346, 9.215, 9.217, 9.027, 8.851, 8.645, 8.378, 8.189, 7.947, 7.695, 7.368, 7.154, 6.780, 6.726, 6.497, 6.410, 16.2,1231398.0,1225401.0,898018.42,45768.00,2799.90,17854.70,455.18,18563.19,201.35,399.85,27.20,1236.13,22.97,0.00,778.02,199.18,11.34,347.82,40.38,0.00,14.05,162.27,13.78,268.47,10.31,16886.79,90.77,0.00,87.99,0.00,9.92,23.20,1.99,41.25,1.69,31.00,1.07,0.00,4.26,44.59,0.76,77.38,0.97,4.45,0.62,48.97,0.97,0.00,25.33,0.00,44.46,0.00,368.06,0.00,250.90,0.00,421.04,0.00,440.19,0.00,37.15,0.00,18.87,7.94,0.96,16.40,3.03,0.00,124.11,0.00,46.96,179333.29,75895.97,4643.01,33735.79,860.05,39712.88,430.76,916.20,62.33,3086.50,57.35,0.00,937.21,278.69,15.87,580.34,67.37,0.00,25.08,237.17,20.14,385.75,14.81,24143.78,129.78,0.00,111.88,0.00,12.62,29.04,2.49,51.34,2.10,40.93,1.41,0.00,5.99,48.76,0.83,91.51,1.15,5.65,0.79,66.15,1.31,0.00,29.69,0.00,59.29,0.00,395.34,0.00,286.61,0.00,534.52,0.00,526.95,0.00,43.62,0.00,20.38,8.55,1.03,18.28,3.38,0.00,141.23,0.00,53.27
62.0,62.0,1,62.000,18/03/2026 01:48:43,15.808,,7.98, 8.61, 8.56,35.22, -1.82, 2.63,8.794, 8.471, 8.461, 7.525, 7.073, 7.014, 7.204, 7.264, 7.357, 7.668, 7.810, 7.979, 8.118, 8.203, 8.363, 8.472, 8.602, 8.720, 8.756, 8.743, 8.709, 8.726, 8.735, 8.679, 8.550, 8.528, 8.503, 8.343, 8.390, 8.301, 8.236, 8.250, 8.107, 8.209, 8.102, 8.250, 8.167, 8.306, 8.300, 8.364, 8.541, 8.457, 8.769, 8.712, 8.846, 9.087, 8.926, 9.175, 9.293, 9.101, 9.334, 9.439, 9.211, 9.385, 9.581, 9.368, 9.395, 9.700, 9.671, 9.489, 9.670, 9.929, 9.834, 9.670, 9.914, 10.159, 10.101, 9.865, 9.935, 10.282, 10.466, 10.233, 10.021, 10.162, 10.491, 10.573, 10.389, 10.188, 10.236, 10.482, 10.624, 10.544, 10.358, 10.303, 10.462, 10.722, 10.857, 10.804, 10.662, 10.611, 10.739, 10.954, 11.113, 11.123, 11.024, 10.883, 10.844, 10.935, 11.057, 11.135, 11.084, 10.933, 10.686, 10.387, 9.882, 9.253, 8.784, 8.570, 8.437, 8.277, 8.114, 8.051, 8.201, 8.568, 9.029, 9.504, 9.865, 10.100, 10.179, 10.180, 10.169, 10.214, 10.346, 10.578, 10.877, 11.159, 11.389, 11.512, 11.516, 11.408, 11.260, 11.119, 11.030, 11.034, 11.150, 11.319, 11.535, 11.695, 11.734, 11.719, 11.588, 11.350, 11.126, 10.869, 10.706, 10.619, 10.612, 10.669, 10.773, 10.864, 10.831, 10.550, 9.829, 8.445, 6.792, 5.611, 5.028, 4.725, 4.590, 4.574, 4.686, 4.907, 5.200, 5.590, 6.002, 6.440, 6.858, 7.243, 7.578, 7.842, 8.069, 8.245, 8.384, 8.499, 8.576, 8.655, 8.775, 8.896, 9.030, 9.203, 9.414, 9.632, 9.862, 10.095, 10.306, 10.471, 10.546, 10.577, 10.596, 10.565, 10.429, 10.294, 10.124, 9.946, 9.728, 9.492, 9.266, 8.977, 8.726, 8.554, 8.442, 8.418, 8.377, 8.380, 8.367, 8.412, 8.312, 8.305, 8.271, 8.196, 8.142, 7.932, 7.680, 7.655, 7.352, 7.161, 16.3,1248300.0,1207194.0,902092.29,42221.64,2732.54,18346.97,456.88,18963.74,202.23,519.94,28.48,992.34,21.43,0.00,782.04,158.81,10.92,613.76,43.29,0.00,14.72,148.44,13.44,171.26,8.85,15472.58,83.14,0.00,81.79,0.00,12.28,8.44,1.72,31.90,1.53,34.02,1.06,0.00,4.39,40.83,0.73,60.28,0.85,0.00,14.79,42.52,0.92,0.00,23.97,0.00,43.31,37.31,7.49,0.00,249.50,21.94,7.22,0.00,432.47,0.00,39.35,0.00,19.50,4.20,0.89,16.81,2.96,0.00,122.09,0.00,52.96,173110.85,70015.12,4531.30,34665.91,863.26,40569.79,432.64,1191.37,65.26,2477.78,53.51,0.00,942.05,222.21,15.28,1024.05,72.23,0.00,26.28,216.95,19.64,246.07,12.72,22121.83,118.87,0.00,103.99,0.00,15.63,10.56,2.15,39.71,1.90,44.92,1.40,0.00,6.17,44.65,0.80,71.29,1.01,0.00,18.78,57.43,1.24,0.00,28.10,0.00,57.75,40.08,8.05,0.00,285.01,27.85,9.17,0.00,517.71,0.00,46.20,0.00,21.06,4.52,0.96,18.74,3.30,0.00,138.93,0.00,60.08
62.5,62.5,1,62.500,18/03/2026 01:49:26,16.339,,7.32, 7.92, 7.66,33.82, -2.07, 3.32,7.369, 4.927, 6.917, 5.960, 6.338, 6.173, 6.147, 6.273, 6.474, 6.808, 6.997, 7.181, 7.319, 7.474, 7.577, 7.745, 7.853, 7.992, 8.025, 8.075, 8.101, 8.077, 8.020, 7.986, 7.947, 7.835, 7.774, 7.754, 7.648, 7.651, 7.595, 7.514, 7.514, 7.442, 7.534, 7.477, 7.585, 7.555, 7.671, 7.708, 7.802, 7.915, 7.966, 8.142, 8.184, 8.318, 8.415, 8.436, 8.561, 8.594, 8.593, 8.704, 8.710, 8.690, 8.773, 8.827, 8.809, 8.872, 8.962, 8.961, 8.989, 9.083, 9.153, 9.155, 9.219, 9.315, 9.421, 9.403, 9.455, 9.551, 9.608, 9.617, 9.563, 9.585, 9.649, 9.734, 9.739, 9.701, 9.684, 9.707, 9.734, 9.764, 9.784, 9.810, 9.841, 9.903, 9.960, 10.011, 10.073, 10.120, 10.157, 10.210, 10.235, 10.260, 10.286, 10.305, 10.338, 10.351, 10.316, 10.247, 10.166, 10.107, 10.013, 9.809, 9.301, 8.559, 7.929, 7.609, 7.445, 7.364, 7.337, 7.391, 7.594, 7.915, 8.274, 8.626, 8.893, 9.104, 9.252, 9.367, 9.471, 9.598, 9.750, 9.931, 10.125, 10.283, 10.426, 10.505, 10.532, 10.524, 10.471, 10.440, 10.412, 10.436, 10.494, 10.560, 10.658, 10.721, 10.702, 10.670, 10.577, 10.424, 10.277, 10.147, 10.046, 10.000, 9.947, 9.947, 9.964, 9.949, 9.822, 9.470, 8.711, 7.349, 5.730, 4.605, 4.113, 3.913, 3.848, 3.894, 4.038, 4.228, 4.481, 4.776, 5.095, 5.440, 5.773, 6.104, 6.401, 6.682, 6.953, 7.188, 7.403, 7.589, 7.756, 7.921, 8.065, 8.226, 8.352, 8.489, 8.622, 8.765, 8.894, 9.039, 9.163, 9.224, 9.273, 9.268, 9.315, 9.305, 9.210, 9.165, 9.073, 8.997, 8.864, 8.726, 8.528, 8.281, 8.110, 7.921, 7.780, 7.631, 7.568, 7.432, 7.317, 7.311, 7.163, 7.058, 6.899, 6.823, 6.577, 6.500, 6.430, 6.241, 6.110, 6.193, 16.3,1272924.0,1251011.0,898229.60,43694.15,2704.92,18165.89,445.78,18242.53,194.51,383.32,25.97,987.05,20.75,0.00,764.47,253.66,11.20,296.19,38.42,42.26,5.28,84.04,12.18,326.37,10.62,18994.37,97.71,0.00,90.10,0.00,10.32,8.79,1.72,22.59,1.42,23.56,1.02,0.00,3.73,34.46,0.69,65.99,0.88,6.10,0.61,49.33,0.95,0.00,24.72,0.00,42.78,39.62,7.47,0.00,245.69,0.00,410.11,0.00,424.23,0.00,45.17,0.00,23.45,8.65,1.00,41.49,2.97,0.00,117.74,0.00,54.67,178182.37,72456.95,4485.50,34323.77,842.28,39026.88,416.12,878.33,59.51,2464.57,51.81,0.00,920.88,354.92,15.67,494.19,64.10,75.44,9.43,122.83,17.80,468.94,15.26,27157.08,139.70,0.00,114.56,0.00,13.13,11.00,2.15,28.12,1.77,31.11,1.35,0.00,5.24,37.69,0.75,78.04,1.04,7.75,0.77,66.63,1.28,0.00,28.98,0.00,57.05,42.56,8.02,0.00,280.66,0.00,520.64,0.00,507.85,0.00,53.03,0.00,25.32,9.32,1.08,46.25,3.31,0.00,133.98,0.00,62.02
63.0,63.0,1,63.000,18/03/2026 01:50:00,17.197,,7.60, 8.22, 7.95,34.43, -2.01, 3.36,8.188, 5.871, 6.943, 6.362, 6.313, 6.172, 6.361, 6.490, 6.734, 7.100, 7.232, 7.462, 7.594, 7.738, 7.869, 7.996, 8.141, 8.271, 8.330, 8.383, 8.389, 8.365, 8.321, 8.315, 8.236, 8.143, 8.116, 8.033, 7.972, 7.973, 7.875, 7.870, 7.781, 7.807, 7.793, 7.842, 7.840, 7.938, 7.924, 8.075, 8.098, 8.234, 8.341, 8.401, 8.579, 8.628, 8.712, 8.847, 8.844, 8.916, 8.994, 8.985, 9.024, 9.097, 9.090, 9.112, 9.216, 9.239, 9.257, 9.328, 9.402, 9.432, 9.454, 9.548, 9.640, 9.663, 9.669, 9.706, 9.784, 9.863, 9.839, 9.863, 9.923, 9.978, 9.967, 9.980, 10.023, 10.074, 10.096, 10.055, 10.007, 10.030, 10.148, 10.234, 10.283, 10.258, 10.238, 10.282, 10.401, 10.532, 10.610, 10.598, 10.545, 10.500, 10.538, 10.660, 10.774, 10.810, 10.732, 10.602, 10.453, 10.381, 10.343, 10.248, 9.865, 9.178, 8.535, 8.149, 7.936, 7.806, 7.804, 7.911, 8.194, 8.557, 8.920, 9.228, 9.432, 9.553, 9.651, 9.747, 9.871, 10.042, 10.252, 10.472, 10.661, 10.812, 10.891, 10.901, 10.875, 10.829, 10.783, 10.790, 10.811, 10.880, 10.975, 11.082, 11.173, 11.186, 11.132, 11.057, 10.915, 10.768, 10.622, 10.501, 10.450, 10.452, 10.455, 10.492, 10.540, 10.512, 10.388, 10.030, 9.257, 7.869, 6.169, 4.928, 4.390, 4.183, 4.149, 4.261, 4.461, 4.728, 5.035, 5.362, 5.714, 6.055, 6.380, 6.686, 6.955, 7.213, 7.426, 7.658, 7.859, 8.050, 8.229, 8.415, 8.598, 8.790, 8.947, 9.116, 9.289, 9.432, 9.576, 9.692, 9.802, 9.846, 9.839, 9.814, 9.816, 9.792, 9.713, 9.614, 9.541, 9.435, 9.333, 9.207, 9.063, 8.855, 8.693, 8.537, 8.428, 8.360, 8.313, 8.210, 8.132, 8.047, 7.907, 7.794, 7.587, 7.420, 7.301, 7.148, 6.847, 6.863, 6.601, 6.379, 16.3,1249477.0,1225244.0,886480.33,53274.92,2883.17,16990.02,446.01,18103.20,197.65,348.57,26.23,1036.39,21.53,510.48,17.85,569.79,12.88,930.74,46.79,0.00,16.93,196.02,14.87,240.61,10.03,20909.82,110.22,0.00,94.51,0.00,13.15,13.55,1.90,57.97,2.02,29.04,1.10,0.00,4.72,44.60,0.78,71.11,0.95,5.96,0.65,58.10,1.03,0.00,25.43,0.00,44.79,0.00,372.11,0.00,257.64,47.73,7.49,30.26,8.02,8.48,2.51,0.00,26.13,7.77,1.03,34.53,3.16,0.00,122.73,0.00,49.33,196554.82,88344.51,4781.09,32102.01,842.72,38728.81,422.84,798.70,60.10,2587.77,53.76,614.93,21.50,797.25,18.02,1552.93,78.07,0.00,30.22,286.49,21.73,345.72,14.41,29895.69,157.59,0.00,120.17,0.00,16.73,16.96,2.38,72.16,2.51,38.34,1.45,0.00,6.63,48.77,0.85,84.09,1.12,7.57,0.83,78.48,1.39,0.00,29.81,0.00,59.73,0.00,399.69,0.00,294.31,60.59,9.51,36.22,9.60,9.96,2.95,0.00,28.21,8.37,1.11,38.50,3.52,0.00,139.65,0.00,55.96
63.5,63.5,1,63.500,18/03/2026 01:50:44,18.647,1157879.368,8.03, 8.66, 8.34,35.33, -1.87, 3.56,8.260, 6.387, 7.605, 6.818, 6.586, 6.721, 6.726, 6.873, 7.057, 7.448, 7.600, 7.816, 7.929, 8.092, 8.248, 8.383, 8.541, 8.674, 8.750, 8.822, 8.830, 8.817, 8.803, 8.785, 8.698, 8.648, 8.581, 8.521, 8.471, 8.447, 8.382, 8.359, 8.280, 8.312, 8.278, 8.369, 8.320, 8.461, 8.422, 8.556, 8.644, 8.678, 8.877, 8.904, 9.034, 9.177, 9.176, 9.301, 9.383, 9.371, 9.432, 9.498, 9.483, 9.514, 9.571, 9.580, 9.615, 9.687, 9.729, 9.746, 9.793, 9.878, 9.916, 9.944, 10.003, 10.064, 10.179, 10.188, 10.189, 10.236, 10.346, 10.368, 10.293, 10.278, 10.317, 10.395, 10.485, 10.459, 10.386, 10.327, 10.336, 10.435, 10.543, 10.557, 10.512, 10.488, 10.519, 10.636, 10.770, 10.858, 10.886, 10.834, 10.797, 10.803, 10.876, 10.986, 11.052, 11.045, 10.938, 10.805, 10.696, 10.624, 10.589, 10.442, 9.966, 9.179, 8.490, 8.094, 7.906, 7.808, 7.808, 7.900, 8.146, 8.486, 8.842, 9.164, 9.412, 9.586, 9.732, 9.865, 9.982, 10.131, 10.307, 10.480, 10.663, 10.797, 10.911, 10.979, 11.007, 10.992, 10.981, 10.959, 10.959, 10.964, 11.012, 11.070, 11.127, 11.157, 11.132, 11.080, 10.997, 10.890, 10.770, 10.668, 10.588, 10.563, 10.511, 10.500, 10.487, 10.410, 10.256, 9.874, 9.101, 7.725, 6.063, 4.897, 4.403, 4.228, 4.205, 4.284, 4.458, 4.669, 4.924, 5.200, 5.514, 5.814, 6.124, 6.432, 6.720, 7.001, 7.292, 7.554, 7.816, 8.060, 8.291, 8.504, 8.701, 8.870, 9.021, 9.163, 9.266, 9.364, 9.477, 9.559, 9.611, 9.661, 9.649, 9.606, 9.622, 9.633, 9.571, 9.517, 9.530, 9.457, 9.390, 9.278, 9.151, 8.940, 8.770, 8.584, 8.435, 8.308, 8.201, 8.056, 7.893, 7.746, 7.610, 7.427, 7.220, 7.061, 6.879, 6.618, 6.483, 6.381, 6.260, 6.119, 16.3,1193329.0,1137520.0,911706.31,30061.50,2738.84,18394.50,475.52,19075.24,209.28,325.55,27.42,945.80,22.11,152.23,17.39,380.43,12.70,398.77,41.81,0.00,16.31,72.10,13.07,256.07,10.33,17899.07,96.72,0.00,89.58,0.00,12.14,21.67,2.04,65.90,2.09,25.00,1.11,0.00,4.03,43.42,0.78,75.36,0.98,7.45,0.67,62.83,1.07,0.00,26.64,0.00,46.85,0.00,380.88,0.00,264.49,0.00,438.69,0.00,449.41,0.00,37.00,0.00,21.43,12.97,1.09,17.77,3.19,0.00,128.75,0.00,52.39,156374.12,49850.26,4541.75,34755.72,898.48,40808.33,447.72,745.95,62.83,2361.57,55.21,183.38,20.95,532.30,17.77,665.35,69.76,0.00,29.12,105.38,19.10,367.93,14.84,25591.08,138.28,0.00,113.90,0.00,15.45,27.13,2.55,82.03,2.60,33.01,1.47,0.00,5.66,47.48,0.85,89.12,1.16,9.46,0.85,84.87,1.45,0.00,31.23,0.00,62.47,0.00,409.11,0.00,302.13,0.00,556.93,0.00,537.99,0.00,43.44,0.00,23.14,13.97,1.17,19.81,3.56,0.00,146.51,0.00,59.43
64.0,64.0,1,64.000,18/03/2026 01:51:27,20.167,,7.85, 8.47, 8.07,34.94, -1.86, 3.80,7.884, 5.601, 6.873, 6.310, 6.436, 6.460, 6.339, 6.672, 6.800, 7.166, 7.364, 7.576, 7.709, 7.858, 8.015, 8.175, 8.332, 8.463, 8.533, 8.604, 8.629, 8.645, 8.621, 8.579, 8.546, 8.466, 8.408, 8.371, 8.298, 8.287, 8.220, 8.187, 8.125, 8.131, 8.151, 8.158, 8.210, 8.238, 8.296, 8.389, 8.434, 8.560, 8.654, 8.727, 8.877, 8.955, 8.992, 9.121, 9.171, 9.166, 9.235, 9.303, 9.278, 9.286, 9.355, 9.402, 9.407, 9.430, 9.517, 9.577, 9.585, 9.598, 9.678, 9.778, 9.841, 9.819, 9.821, 9.909, 10.011, 10.057, 10.072, 10.020, 10.040, 10.115, 10.171, 10.182, 10.144, 10.124, 10.109, 10.151, 10.174, 10.190, 10.188, 10.184, 10.208, 10.283, 10.388, 10.477, 10.518, 10.513, 10.490, 10.512, 10.562, 10.665, 10.759, 10.797, 10.764, 10.665, 10.527, 10.427, 10.386, 10.400, 10.372, 10.152, 9.535, 8.611, 7.827, 7.422, 7.276, 7.259, 7.324, 7.452, 7.701, 8.016, 8.328, 8.614, 8.848, 9.051, 9.244, 9.440, 9.646, 9.848, 10.048, 10.239, 10.388, 10.505, 10.576, 10.623, 10.635, 10.646, 10.654, 10.686, 10.713, 10.769, 10.827, 10.905, 10.968, 10.961, 10.891, 10.809, 10.701, 10.565, 10.439, 10.326, 10.273, 10.273, 10.226, 10.240, 10.229, 10.166, 9.989, 9.580, 8.697, 7.241, 5.530, 4.398, 3.931, 3.755, 3.737, 3.825, 3.990, 4.200, 4.454, 4.727, 5.040, 5.336, 5.660, 5.959, 6.248, 6.530, 6.814, 7.080, 7.330, 7.591, 7.813, 8.019, 8.225, 8.427, 8.576, 8.729, 8.865, 8.979, 9.080, 9.187, 9.266, 9.313, 9.296, 9.261, 9.294, 9.287, 9.230, 9.185, 9.152, 9.077, 8.988, 8.885, 8.740, 8.497, 8.291, 8.132, 8.005, 7.877, 7.745, 7.619, 7.483, 7.393, 7.204, 7.031, 6.860, 6.647, 6.488, 6.281, 6.177, 6.039, 5.870, 5.849, 16.3,1129141.0,1103773.0,886089.78,50221.15,3149.59,21525.09,531.58,21521.22,235.74,327.99,29.78,1098.51,24.76,147.19,19.21,361.59,13.77,674.28,48.04,0.00,16.59,65.89,13.88,262.77,11.02,17304.23,100.95,0.00,91.99,0.00,9.96,0.00,10.27,53.95,2.02,27.59,1.18,0.00,4.88,49.25,0.88,100.55,1.19,10.93,0.73,68.18,1.16,3.28,0.93,0.00,50.23,40.85,8.46,0.00,280.98,0.00,468.93,0.00,492.45,0.00,42.00,0.00,23.18,9.99,1.13,29.46,3.36,0.00,134.92,6.22,1.20,200990.35,83280.52,5222.89,40670.85,1004.40,46041.10,504.33,751.54,68.24,2742.87,61.82,177.31,23.14,505.94,19.27,1125.03,80.15,0.00,29.62,96.30,20.29,377.56,15.83,24740.62,144.33,0.00,116.96,0.00,12.68,0.00,12.86,67.15,2.51,36.43,1.56,0.00,6.86,53.86,0.96,118.91,1.41,13.88,0.93,92.10,1.57,3.84,1.09,0.00,66.98,43.88,9.09,0.00,320.97,0.00,595.32,0.00,589.51,0.00,49.31,0.00,25.03,10.76,1.22,32.84,3.75,0.00,153.53,7.06,1.36
64.5,64.5,1,64.500,18/03/2026 01:52:01,18.379,,8.48, 9.14, 8.82,36.25, -1.81, 3.54,7.778, 6.576, 7.764, 7.120, 7.218, 7.277, 7.267, 7.293, 7.520, 7.849, 8.066, 8.263, 8.364, 8.513, 8.715, 8.870, 9.002, 9.125, 9.214, 9.291, 9.315, 9.292, 9.303, 9.263, 9.185, 9.146, 9.042, 9.024, 8.944, 8.933, 8.862, 8.829, 8.758, 8.768, 8.764, 8.807, 8.819, 8.877, 8.925, 9.002, 9.099, 9.175, 9.289, 9.408, 9.495, 9.621, 9.706, 9.751, 9.837, 9.899, 9.880, 9.925, 10.005, 9.999, 9.974, 10.060, 10.143, 10.139, 10.127, 10.245, 10.345, 10.327, 10.331, 10.415, 10.553, 10.590, 10.617, 10.619, 10.713, 10.824, 10.865, 10.838, 10.756, 10.762, 10.875, 10.984, 11.015, 10.934, 10.825, 10.798, 10.877, 11.022, 11.114, 11.101, 11.005, 10.963, 11.035, 11.205, 11.403, 11.498, 11.480, 11.375, 11.287, 11.305, 11.436, 11.622, 11.749, 11.732, 11.580, 11.377, 11.198, 11.105, 11.085, 10.992, 10.577, 9.839, 9.130, 8.697, 8.426, 8.243, 8.178, 8.258, 8.557, 8.988, 9.455, 9.884, 10.193, 10.372, 10.472, 10.508, 10.558, 10.644, 10.790, 11.011, 11.257, 11.505, 11.733, 11.877, 11.943, 11.936, 11.862, 11.771, 11.675, 11.598, 11.590, 11.649, 11.744, 11.820, 11.890, 11.952, 11.960, 11.905, 11.839, 11.728, 11.601, 11.492, 11.305, 11.197, 11.095, 10.960, 10.766, 10.371, 9.563, 8.151, 6.469, 5.349, 4.928, 4.831, 4.867, 4.961, 5.110, 5.290, 5.486, 5.698, 5.933, 6.165, 6.422, 6.680, 6.958, 7.254, 7.573, 7.910, 8.250, 8.592, 8.930, 9.249, 9.534, 9.799, 10.008, 10.184, 10.313, 10.412, 10.462, 10.505, 10.503, 10.428, 10.340, 10.204, 10.173, 10.114, 10.029, 9.985, 9.932, 9.929, 9.924, 9.900, 9.793, 9.645, 9.541, 9.455, 9.361, 9.280, 9.259, 9.170, 9.028, 8.883, 8.668, 8.476, 8.236, 7.925, 7.665, 7.403, 7.172, 6.846, 6.668, 6.427, 16.3,1091831.0,1132136.0,883007.66,50702.93,3210.18,20551.46,533.18,22515.48,245.10,363.33,30.95,1003.28,24.68,614.07,21.68,475.44,14.69,1031.78,53.18,57.28,6.66,104.26,16.44,204.73,10.55,18942.09,111.31,0.00,99.57,0.00,13.96,6.31,1.93,41.45,1.88,34.85,1.26,0.00,4.77,54.32,0.93,98.33,1.21,19.63,0.82,77.95,1.24,3.24,0.96,0.00,51.38,27.57,8.65,0.00,284.27,37.80,8.51,0.00,497.28,0.00,41.86,0.00,23.31,8.46,1.12,16.29,3.52,0.00,140.20,0.00,61.18,205694.12,84079.44,5323.36,38831.22,1007.42,48168.15,524.35,832.52,70.92,2505.09,61.62,739.71,26.12,665.24,20.55,1721.52,88.73,102.26,11.89,152.38,24.03,294.16,15.16,27082.34,159.14,0.00,126.60,0.00,17.77,7.90,2.42,51.59,2.34,46.01,1.66,0.00,6.70,59.40,1.02,116.28,1.43,24.93,1.04,105.29,1.67,3.80,1.13,0.00,68.51,29.61,9.29,0.00,324.73,47.99,10.80,0.00,595.29,0.00,49.15,0.00,25.17,9.11,1.21,18.16,3.92,0.00,159.53,0.00,69.40
65.0,65.0,1,65.000,18/03/2026 01:52:45,21.823,,10.82, 11.60, 11.49,40.57, -1.53, 3.03,13.810, 11.025, 10.790, 10.164, 10.324, 9.795, 9.760, 9.740, 9.961, 10.348, 10.535, 10.662, 10.768, 10.971, 11.132, 11.296, 11.424, 11.586, 11.656, 11.765, 11.776, 11.726, 11.772, 11.769, 11.607, 11.633, 11.518, 11.419, 11.493, 11.279, 11.430, 11.138, 11.339, 11.046, 11.356, 11.088, 11.343, 11.269, 11.274, 11.590, 11.307, 11.758, 11.720, 11.651, 12.168, 11.954, 11.971, 12.448, 12.184, 12.104, 12.556, 12.435, 12.142, 12.494, 12.694, 12.347, 12.332, 12.755, 12.807, 12.489, 12.531, 12.943, 13.036, 12.761, 12.710, 13.032, 13.308, 13.180, 12.875, 12.930, 13.323, 13.538, 13.341, 13.002, 13.010, 13.327, 13.595, 13.539, 13.185, 12.942, 13.032, 13.379, 13.663, 13.642, 13.392, 13.169, 13.229, 13.531, 13.893, 14.051, 13.931, 13.653, 13.469, 13.517, 13.800, 14.127, 14.290, 14.191, 13.875, 13.517, 13.298, 13.307, 13.472, 13.543, 13.185, 12.365, 11.476, 10.848, 10.468, 10.294, 10.388, 10.677, 11.167, 11.696, 12.115, 12.372, 12.440, 12.424, 12.418, 12.494, 12.705, 13.047, 13.451, 13.839, 14.139, 14.289, 14.302, 14.184, 13.999, 13.817, 13.710, 13.700, 13.814, 14.028, 14.318, 14.611, 14.871, 14.940, 14.838, 14.631, 14.344, 13.997, 13.669, 13.430, 13.322, 13.353, 13.368, 13.570, 13.796, 13.960, 13.956, 13.659, 12.794, 11.238, 9.287, 7.862, 7.107, 6.680, 6.474, 6.432, 6.584, 6.875, 7.270, 7.759, 8.322, 8.890, 9.455, 9.952, 10.374, 10.717, 10.996, 11.164, 11.273, 11.296, 11.324, 11.328, 11.320, 11.369, 11.409, 11.549, 11.722, 11.929, 12.218, 12.539, 12.869, 13.170, 13.419, 13.619, 13.825, 13.935, 13.918, 13.859, 13.768, 13.575, 13.378, 13.066, 12.718, 12.155, 11.708, 11.301, 10.981, 10.723, 10.583, 10.452, 10.389, 10.360, 10.338, 10.442, 10.520, 10.683, 10.837, 10.976, 11.101, 11.103, 11.130, 11.142, 16.3,1074824.0,1093496.0,890901.72,47005.99,3206.31,19610.02,526.07,23234.42,250.93,431.62,32.16,680.05,23.04,112.30,19.70,276.05,13.53,866.79,51.62,0.00,16.61,193.66,17.45,200.00,10.62,16009.04,96.52,0.00,91.42,0.00,12.19,15.76,2.07,69.57,2.27,19.67,1.00,0.00,4.33,64.97,0.99,99.44,1.20,6.17,0.73,86.50,1.27,4.92,0.94,0.00,49.98,0.00,405.24,41.92,5.61,29.12,8.27,36.39,8.93,0.00,40.26,0.00,20.29,3.93,0.99,0.00,127.36,0.00,142.45,0.00,53.61,193405.56,77948.90,5316.95,37052.40,993.99,49706.21,536.82,989.00,73.69,1698.02,57.53,135.28,23.73,386.25,18.93,1446.23,86.13,0.00,29.65,283.05,25.50,287.37,15.26,22888.83,138.00,0.00,116.24,0.00,15.51,19.73,2.59,86.59,2.83,25.97,1.32,0.00,6.08,71.05,1.08,117.60,1.42,7.84,0.93,116.84,1.72,5.77,1.10,0.00,66.65,0.00,435.27,47.89,6.41,36.97,10.50,43.56,10.69,0.00,47.27,0.00,21.91,4.23,1.07,0.00,141.99,0.00,162.09,0.00,60.82
65.5,65.5,1,65.500,18/03/2026 01:53:36,23.471,,10.52, 11.31, 10.99,40.09, -1.72, 3.59,10.897, 9.725, 10.005, 9.086, 9.425, 9.237, 9.109, 9.150, 9.403, 9.841, 10.072, 10.260, 10.384, 10.580, 10.780, 10.965, 11.138, 11.279, 11.343, 11.423, 11.552, 11.534, 11.428, 11.505, 11.421, 11.262, 11.309, 11.132, 11.174, 11.070, 11.057, 10.967, 10.924, 10.872, 10.949, 10.879, 11.016, 10.939, 11.102, 11.119, 11.193, 11.375, 11.369, 11.561, 11.696, 11.693, 11.866, 11.940, 11.888, 12.009, 12.054, 11.977, 12.037, 12.132, 12.056, 12.044, 12.184, 12.243, 12.170, 12.211, 12.356, 12.407, 12.337, 12.381, 12.548, 12.632, 12.600, 12.547, 12.623, 12.787, 12.855, 12.742, 12.629, 12.681, 12.845, 12.962, 12.914, 12.748, 12.637, 12.685, 12.828, 12.939, 12.921, 12.806, 12.723, 12.795, 13.015, 13.226, 13.312, 13.232, 13.078, 12.989, 13.056, 13.277, 13.499, 13.622, 13.540, 13.305, 13.027, 12.857, 12.851, 12.993, 13.106, 12.990, 12.362, 11.277, 10.281, 9.713, 9.521, 9.555, 9.761, 10.053, 10.448, 10.806, 11.075, 11.240, 11.318, 11.407, 11.560, 11.810, 12.158, 12.550, 12.902, 13.182, 13.325, 13.356, 13.282, 13.129, 12.990, 12.911, 12.925, 13.039, 13.242, 13.481, 13.736, 13.927, 14.046, 14.001, 13.812, 13.550, 13.231, 12.907, 12.658, 12.501, 12.485, 12.586, 12.666, 12.879, 13.065, 13.153, 13.068, 12.658, 11.697, 9.983, 7.865, 6.335, 5.574, 5.214, 5.079, 5.147, 5.374, 5.733, 6.187, 6.704, 7.248, 7.798, 8.319, 8.761, 9.149, 9.449, 9.682, 9.836, 9.956, 10.028, 10.086, 10.120, 10.204, 10.294, 10.420, 10.586, 10.793, 11.038, 11.309, 11.608, 11.903, 12.143, 12.300, 12.405, 12.527, 12.603, 12.546, 12.469, 12.337, 12.166, 11.928, 11.657, 11.293, 10.822, 10.452, 10.111, 9.817, 9.587, 9.473, 9.375, 9.262, 9.209, 9.229, 9.224, 9.242, 9.311, 9.306, 9.292, 9.334, 9.256, 9.276, 9.350, 16.3,1041772.0,1086162.0,884845.28,44991.10,3299.91,21291.97,560.41,24175.88,264.05,382.63,32.96,533.51,23.06,630.57,23.04,490.49,15.52,830.52,52.58,0.00,19.46,170.05,18.34,315.10,12.72,20851.13,125.32,0.00,110.40,0.00,14.24,13.31,2.18,71.08,2.43,21.46,1.30,2.05,0.46,77.02,1.15,124.54,1.43,4.50,0.79,86.74,1.36,0.00,30.35,0.00,53.05,0.00,437.60,0.00,303.80,0.00,495.04,71.90,9.62,0.00,43.07,0.00,22.56,19.17,1.39,0.00,133.72,0.00,148.43,0.00,64.16,202709.33,74607.65,5472.16,40230.38,1058.87,51720.30,564.89,876.75,75.52,1332.12,57.58,759.59,27.75,686.30,21.72,1385.72,87.73,0.00,34.74,248.54,26.80,452.75,18.28,29811.77,179.18,0.00,140.37,0.00,18.12,16.66,2.73,88.47,3.02,28.33,1.72,2.88,0.65,84.23,1.26,147.28,1.69,5.71,1.00,117.17,1.84,0.00,35.58,0.00,70.74,0.00,470.03,0.00,347.04,0.00,628.46,86.07,11.52,0.00,50.57,0.00,24.36,20.65,1.50,0.00,149.08,0.00,168.90,0.00,72.79
66.0,66.0,1,66.000,18/03/2026 01:54:20,24.397,,11.59, 12.43, 12.20,41.90, -1.63, 3.40,13.624, 11.885, 11.555, 10.606, 10.641, 10.302, 10.188, 10.399, 10.600, 10.951, 11.192, 11.344, 11.457, 11.629, 11.832, 12.023, 12.233, 12.466, 12.574, 12.563, 12.554, 12.692, 12.683, 12.487, 12.590, 12.468, 12.276, 12.422, 12.131, 12.330, 12.042, 12.204, 11.913, 12.132, 11.894, 12.159, 11.969, 12.151, 12.190, 12.145, 12.451, 12.350, 12.520, 12.744, 12.657, 12.869, 13.020, 12.911, 13.039, 13.176, 13.032, 13.046, 13.238, 13.179, 13.049, 13.183, 13.347, 13.247, 13.169, 13.321, 13.482, 13.395, 13.324, 13.455, 13.657, 13.645, 13.520, 13.517, 13.702, 13.827, 13.778, 13.636, 13.598, 13.729, 13.868, 13.858, 13.756, 13.630, 13.649, 13.724, 13.780, 13.772, 13.703, 13.643, 13.688, 13.826, 13.996, 14.076, 14.051, 13.987, 13.937, 13.982, 14.107, 14.248, 14.333, 14.304, 14.183, 14.018, 13.895, 13.835, 13.882, 13.929, 13.878, 13.566, 12.789, 11.639, 10.717, 10.313, 10.257, 10.337, 10.471, 10.620, 10.836, 11.087, 11.337, 11.584, 11.828, 12.106, 12.414, 12.739, 13.049, 13.328, 13.523, 13.651, 13.707, 13.712, 13.700, 13.686, 13.718, 13.785, 13.895, 14.041, 14.181, 14.303, 14.404, 14.451, 14.442, 14.315, 14.115, 13.907, 13.709, 13.531, 13.391, 13.362, 13.411, 13.534, 13.572, 13.674, 13.726, 13.663, 13.431, 12.884, 11.813, 10.037, 7.931, 6.461, 5.827, 5.619, 5.648, 5.845, 6.164, 6.576, 7.007, 7.451, 7.894, 8.328, 8.677, 9.004, 9.275, 9.492, 9.701, 9.865, 10.049, 10.214, 10.385, 10.567, 10.783, 11.010, 11.250, 11.517, 11.767, 12.027, 12.263, 12.509, 12.700, 12.824, 12.843, 12.814, 12.842, 12.781, 12.669, 12.510, 12.354, 12.156, 11.950, 11.770, 11.463, 11.118, 10.837, 10.575, 10.404, 10.347, 10.261, 10.274, 10.203, 10.160, 10.173, 10.120, 10.048, 9.991, 9.948, 9.743, 9.612, 9.527, 9.298, 9.185, 16.3,1030726.0,1087143.0,871067.28,58600.14,3465.22,20728.63,559.69,24952.53,271.59,348.59,32.89,427.60,22.67,668.02,23.53,570.27,16.18,932.23,54.38,82.23,7.26,109.50,18.17,345.01,13.17,20722.08,127.25,0.00,114.35,0.00,14.23,35.58,2.61,46.60,2.14,26.29,1.27,0.00,5.54,68.92,1.11,127.28,1.47,10.73,0.82,98.14,1.43,0.00,29.11,0.00,52.39,0.00,442.44,0.00,306.91,0.00,509.79,0.00,529.21,0.00,55.28,0.00,30.20,10.62,1.26,13.62,3.74,0.00,147.63,8.08,1.37,225722.40,97175.19,5746.29,39165.97,1057.51,53381.82,581.02,798.75,75.36,1067.68,56.60,804.70,28.34,797.93,22.64,1555.42,90.73,146.80,12.96,160.04,26.56,495.72,18.92,29627.27,181.93,0.00,145.39,0.00,18.11,44.54,3.27,58.00,2.66,34.71,1.68,0.00,7.79,75.37,1.21,150.52,1.74,13.63,1.04,132.56,1.93,0.00,34.12,0.00,69.86,0.00,475.23,0.00,350.59,0.00,647.19,0.00,633.52,0.00,64.90,0.00,32.61,11.44,1.36,15.18,4.17,0.00,167.99,9.17,1.55
66.5,66.5,1,66.500,18/03/2026 01:54:54,27.307,,10.46, 11.25, 10.82,40.00, -1.74, 3.91,10.952, 9.994, 9.931, 9.114, 8.995, 8.931, 8.848, 9.106, 9.314, 9.654, 9.880, 10.103, 10.230, 10.398, 10.639, 10.837, 11.011, 11.209, 11.325, 11.422, 11.431, 11.467, 11.501, 11.365, 11.357, 11.326, 11.154, 11.242, 11.034, 11.170, 10.943, 11.064, 10.813, 11.003, 10.831, 11.016, 10.942, 11.003, 11.142, 11.078, 11.313, 11.358, 11.417, 11.653, 11.681, 11.777, 11.938, 11.936, 11.978, 12.079, 12.049, 12.048, 12.121, 12.122, 12.079, 12.145, 12.221, 12.215, 12.208, 12.299, 12.378, 12.369, 12.367, 12.461, 12.561, 12.607, 12.666, 12.652, 12.708, 12.797, 12.860, 12.796, 12.728, 12.729, 12.766, 12.843, 12.888, 12.865, 12.789, 12.698, 12.666, 12.738, 12.840, 12.891, 12.886, 12.864, 12.870, 12.942, 13.063, 13.209, 13.283, 13.294, 13.266, 13.205, 13.193, 13.237, 13.301, 13.332, 13.300, 13.205, 13.069, 12.924, 12.726, 12.359, 11.588, 10.528, 9.697, 9.324, 9.215, 9.168, 9.152, 9.169, 9.360, 9.663, 10.040, 10.464, 10.863, 11.243, 11.575, 11.876, 12.098, 12.272, 12.385, 12.478, 12.546, 12.613, 12.708, 12.810, 12.936, 13.054, 13.190, 13.307, 13.386, 13.420, 13.418, 13.393, 13.326, 13.215, 13.036, 12.909, 12.768, 12.638, 12.561, 12.547, 12.611, 12.671, 12.709, 12.757, 12.742, 12.621, 12.319, 11.715, 10.580, 8.722, 6.602, 5.187, 4.615, 4.461, 4.500, 4.679, 4.976, 5.322, 5.722, 6.124, 6.541, 6.941, 7.307, 7.636, 7.930, 8.185, 8.428, 8.647, 8.861, 9.076, 9.303, 9.522, 9.743, 9.992, 10.232, 10.459, 10.689, 10.914, 11.113, 11.318, 11.465, 11.545, 11.563, 11.522, 11.539, 11.531, 11.428, 11.318, 11.173, 11.024, 10.852, 10.658, 10.391, 10.063, 9.783, 9.540, 9.337, 9.182, 9.082, 8.997, 8.856, 8.783, 8.663, 8.559, 8.356, 8.181, 8.125, 7.962, 7.794, 7.550, 7.483, 7.219, 16.3,992354.0,1140506.0,855704.88,46150.06,3264.14,25541.52,616.61,33601.79,320.65,394.22,34.19,372.82,22.26,4271.63,41.19,1963.83,24.88,2467.92,72.25,54.95,7.50,173.49,19.86,522.41,16.00,28042.25,166.21,0.00,131.94,0.00,16.05,32.82,2.76,77.65,2.75,8.34,1.33,2.53,0.51,93.23,1.36,177.58,1.86,12.27,0.93,121.13,1.65,4.99,1.09,0.00,54.54,56.57,9.74,0.00,307.72,102.76,9.66,0.00,538.03,0.00,57.60,0.00,28.34,24.80,1.63,23.54,3.99,0.00,148.39,0.00,73.00,252609.10,76529.53,5412.84,48259.75,1165.06,71885.48,685.98,903.30,78.34,930.90,55.58,5145.62,49.62,2747.80,34.81,4117.71,120.55,98.10,13.39,253.57,29.03,750.62,22.99,40093.23,237.64,0.00,167.76,0.00,20.43,41.08,3.45,96.65,3.42,11.01,1.76,3.56,0.72,101.96,1.49,210.01,2.20,15.58,1.18,163.62,2.23,5.85,1.28,0.00,72.73,60.76,10.46,0.00,351.52,130.46,12.26,0.00,644.08,0.00,67.63,0.00,30.60,26.71,1.76,26.24,4.45,0.00,168.85,0.00,82.81
67.0,67.0,1,67.000,18/03/2026 01:55:37,21.624,,10.60, 11.39, 11.17,40.23, -1.67, 3.33,10.675, 10.139, 10.820, 9.868, 9.511, 9.206, 9.380, 9.409, 9.639, 10.010, 10.247, 10.385, 10.533, 10.657, 10.872, 11.031, 11.200, 11.435, 11.534, 11.512, 11.524, 11.649, 11.577, 11.438, 11.524, 11.361, 11.283, 11.328, 11.112, 11.280, 11.015, 11.183, 10.896, 11.126, 10.895, 11.130, 11.009, 11.094, 11.264, 11.095, 11.502, 11.394, 11.496, 11.869, 11.688, 11.891, 12.191, 11.956, 12.062, 12.381, 12.158, 12.057, 12.398, 12.401, 12.106, 12.249, 12.567, 12.462, 12.244, 12.451, 12.748, 12.695, 12.483, 12.600, 12.931, 12.992, 12.777, 12.700, 12.860, 13.190, 13.223, 12.969, 12.780, 12.888, 13.188, 13.325, 13.212, 12.961, 12.888, 13.045, 13.293, 13.390, 13.293, 13.077, 12.977, 13.134, 13.456, 13.733, 13.794, 13.657, 13.436, 13.351, 13.506, 13.795, 14.068, 14.184, 14.069, 13.803, 13.487, 13.336, 13.407, 13.631, 13.797, 13.655, 12.907, 11.684, 10.560, 9.935, 9.749, 9.830, 10.102, 10.462, 10.900, 11.290, 11.564, 11.708, 11.770, 11.842, 12.010, 12.302, 12.676, 13.116, 13.515, 13.845, 14.022, 14.056, 13.983, 13.831, 13.672, 13.555, 13.557, 13.671, 13.856, 14.104, 14.380, 14.580, 14.737, 14.710, 14.543, 14.302, 13.989, 13.660, 13.361, 13.192, 13.125, 13.184, 13.342, 13.539, 13.727, 13.838, 13.767, 13.365, 12.385, 10.597, 8.375, 6.723, 5.907, 5.505, 5.348, 5.386, 5.604, 5.927, 6.373, 6.887, 7.450, 8.039, 8.590, 9.101, 9.553, 9.944, 10.284, 10.528, 10.726, 10.870, 10.995, 11.074, 11.153, 11.275, 11.363, 11.522, 11.694, 11.880, 12.109, 12.359, 12.608, 12.767, 12.888, 12.969, 13.137, 13.245, 13.233, 13.180, 13.122, 12.982, 12.798, 12.587, 12.239, 11.771, 11.401, 11.070, 10.740, 10.549, 10.313, 10.192, 9.999, 9.884, 9.784, 9.736, 9.610, 9.534, 9.521, 9.394, 9.347, 9.228, 9.292, 9.131, 16.3,978994.0,1138444.0,860597.61,52558.79,3450.57,21809.19,593.79,29702.76,305.01,309.99,33.78,431.59,23.30,3417.22,37.65,1715.57,23.53,1661.34,64.68,31.52,6.93,0.00,61.09,368.38,13.91,26610.13,162.73,0.00,129.18,0.00,16.04,29.35,2.71,73.92,2.75,23.71,1.36,0.00,5.20,108.28,1.47,199.49,2.01,20.80,1.01,135.45,1.75,4.59,1.09,0.00,54.77,0.00,443.79,58.18,6.40,43.35,9.69,31.17,10.30,24.20,3.50,0.00,29.18,13.33,1.40,20.12,4.00,0.00,151.22,0.00,71.06,242569.87,87156.97,5722.00,41207.65,1121.94,63544.15,652.52,710.30,77.40,1077.64,58.18,4116.40,45.35,2400.44,32.92,2771.94,107.92,56.27,12.37,0.00,89.29,529.30,19.99,38045.67,232.66,0.00,164.25,0.00,20.41,36.74,3.39,92.01,3.42,31.30,1.80,0.00,7.31,118.41,1.61,235.92,2.38,26.41,1.28,182.96,2.36,5.38,1.28,0.00,73.03,0.00,476.68,66.46,7.31,55.03,12.30,37.31,12.33,28.41,4.11,0.00,31.51,14.36,1.51,22.43,4.46,0.00,172.07,0.00,80.61
67.5,67.5,1,67.500,18/03/2026 01:56:12,21.556,,9.52, 10.24, 9.84,38.28, -1.73, 3.82,10.372, 8.560, 8.439, 8.282, 8.075, 8.075, 7.853, 8.221, 8.416, 8.793, 8.992, 9.221, 9.311, 9.485, 9.677, 9.868, 10.040, 10.211, 10.327, 10.392, 10.424, 10.421, 10.442, 10.403, 10.306, 10.281, 10.221, 10.126, 10.155, 10.043, 10.084, 9.950, 9.992, 9.895, 10.013, 9.926, 10.076, 10.016, 10.151, 10.207, 10.267, 10.458, 10.460, 10.639, 10.775, 10.783, 10.944, 11.015, 10.982, 11.091, 11.141, 11.086, 11.137, 11.218, 11.174, 11.175, 11.286, 11.339, 11.320, 11.362, 11.471, 11.523, 11.515, 11.549, 11.680, 11.776, 11.815, 11.783, 11.876, 11.989, 11.997, 11.970, 11.915, 11.927, 12.006, 12.083, 12.087, 12.009, 11.970, 11.973, 12.000, 12.064, 12.090, 12.086, 12.072, 12.124, 12.228, 12.347, 12.423, 12.459, 12.459, 12.479, 12.523, 12.580, 12.633, 12.688, 12.680, 12.638, 12.541, 12.447, 12.384, 12.330, 12.225, 11.925, 11.174, 10.095, 9.227, 8.808, 8.665, 8.624, 8.641, 8.731, 8.974, 9.325, 9.730, 10.130, 10.487, 10.791, 11.058, 11.273, 11.464, 11.629, 11.807, 11.974, 12.139, 12.305, 12.452, 12.586, 12.676, 12.731, 12.756, 12.759, 12.727, 12.708, 12.710, 12.732, 12.769, 12.784, 12.772, 12.739, 12.667, 12.566, 12.477, 12.362, 12.285, 12.212, 12.132, 12.083, 12.009, 11.888, 11.653, 11.159, 10.171, 8.472, 6.498, 5.213, 4.710, 4.567, 4.576, 4.688, 4.856, 5.063, 5.292, 5.573, 5.871, 6.196, 6.541, 6.896, 7.249, 7.630, 8.007, 8.378, 8.765, 9.120, 9.446, 9.749, 10.022, 10.259, 10.433, 10.585, 10.686, 10.755, 10.822, 10.868, 10.893, 10.860, 10.787, 10.705, 10.768, 10.819, 10.804, 10.813, 10.801, 10.786, 10.762, 10.664, 10.537, 10.319, 10.097, 9.875, 9.665, 9.453, 9.297, 9.107, 8.766, 8.597, 8.339, 8.016, 7.785, 7.480, 7.210, 7.008, 6.716, 6.612, 6.455, 6.468, 16.3,989055.0,1117838.0,873096.47,48537.00,3503.01,25123.60,623.99,26411.82,290.09,411.86,35.78,458.74,24.26,810.56,25.74,731.82,18.13,1226.05,60.14,0.00,21.49,0.00,67.56,348.66,13.81,22140.74,138.89,0.00,118.50,0.00,14.80,32.47,2.68,65.23,2.49,16.70,1.19,0.00,5.96,103.35,1.41,211.51,2.06,9.98,0.91,164.80,1.90,0.00,31.26,0.00,56.09,0.00,451.79,19.50,6.40,51.37,9.58,0.00,553.77,0.00,49.65,0.00,22.92,11.03,1.32,0.00,144.80,16.73,3.33,0.00,71.27,223614.03,80487.73,5808.96,47470.10,1179.01,56503.73,620.60,943.72,81.99,1145.43,60.57,976.40,31.01,1023.97,25.37,2045.66,100.34,0.00,38.36,0.00,98.74,500.97,19.84,31655.59,198.58,0.00,150.67,0.00,18.83,40.65,3.35,81.19,3.10,22.05,1.57,0.00,8.38,113.02,1.54,250.13,2.44,12.67,1.16,222.61,2.57,0.00,36.64,0.00,74.79,0.00,485.27,22.28,7.31,65.22,12.16,0.00,662.92,0.00,58.29,0.00,24.75,11.88,1.42,0.00,161.43,19.04,3.79,0.00,80.85
68.0,68.0,1,68.000,18/03/2026 01:56:55,21.819,,10.19, 10.94, 10.70,39.48, -1.56, 3.37,10.532, 9.807, 10.015, 9.157, 9.089, 8.976, 8.806, 9.071, 9.237, 9.598, 9.783, 9.944, 10.066, 10.250, 10.463, 10.629, 10.812, 10.968, 11.021, 11.009, 11.009, 11.134, 11.195, 11.070, 10.939, 10.981, 10.966, 10.763, 10.858, 10.821, 10.654, 10.830, 10.522, 10.792, 10.529, 10.834, 10.581, 10.915, 10.695, 11.017, 10.937, 11.102, 11.261, 11.203, 11.547, 11.440, 11.594, 11.762, 11.597, 11.806, 11.845, 11.693, 11.882, 11.932, 11.763, 11.909, 12.051, 11.936, 11.969, 12.170, 12.146, 12.051, 12.208, 12.374, 12.311, 12.287, 12.400, 12.581, 12.504, 12.376, 12.542, 12.729, 12.711, 12.506, 12.398, 12.618, 12.895, 12.869, 12.599, 12.369, 12.427, 12.731, 12.944, 12.857, 12.609, 12.486, 12.669, 12.999, 13.250, 13.264, 13.105, 12.897, 12.885, 13.081, 13.346, 13.503, 13.458, 13.253, 12.982, 12.819, 12.795, 12.861, 12.863, 12.605, 11.794, 10.595, 9.627, 9.162, 9.048, 9.054, 9.132, 9.260, 9.498, 9.837, 10.208, 10.598, 10.957, 11.280, 11.560, 11.782, 11.957, 12.124, 12.279, 12.459, 12.651, 12.866, 13.073, 13.233, 13.339, 13.355, 13.326, 13.229, 13.165, 13.105, 13.105, 13.173, 13.318, 13.424, 13.498, 13.552, 13.494, 13.357, 13.153, 12.929, 12.693, 12.525, 12.371, 12.301, 12.285, 12.277, 12.191, 11.853, 10.987, 9.415, 7.532, 6.290, 5.725, 5.453, 5.275, 5.204, 5.192, 5.265, 5.424, 5.690, 6.053, 6.507, 7.018, 7.549, 8.102, 8.617, 9.111, 9.529, 9.863, 10.125, 10.312, 10.450, 10.491, 10.540, 10.525, 10.548, 10.574, 10.610, 10.715, 10.864, 11.074, 11.239, 11.394, 11.551, 11.823, 12.018, 12.129, 12.188, 12.189, 12.117, 11.988, 11.739, 11.443, 10.963, 10.541, 10.122, 9.722, 9.355, 9.120, 8.874, 8.622, 8.471, 8.264, 8.126, 8.084, 8.011, 8.135, 8.075, 8.105, 8.089, 8.062, 8.282, 16.3,1011732.0,1144519.0,863709.87,54176.30,3371.63,22696.52,584.94,27987.52,289.04,404.69,33.93,475.79,22.94,2351.64,31.63,1253.87,20.73,1531.48,61.77,40.15,6.81,132.92,18.03,341.62,13.31,24259.79,146.28,0.00,122.52,0.00,16.12,18.66,2.40,85.46,2.79,22.58,1.27,0.00,4.96,96.43,1.35,200.23,1.96,18.59,0.94,124.19,1.63,5.92,1.07,0.00,54.55,0.00,434.83,0.00,302.61,0.00,515.58,0.00,534.09,10.57,3.09,0.00,26.99,9.42,1.31,45.74,3.86,0.00,146.12,0.00,73.78,238071.65,89839.25,5591.09,42884.23,1105.22,59874.68,618.35,927.29,77.75,1188.00,57.28,2832.80,38.10,1754.42,29.01,2555.26,103.06,71.68,12.16,194.27,26.35,490.85,19.12,34685.28,209.14,0.00,155.78,0.00,20.51,23.36,3.00,106.37,3.47,29.81,1.68,0.00,6.97,105.46,1.48,236.79,2.32,23.61,1.19,167.75,2.20,6.94,1.25,0.00,72.74,0.00,467.06,0.00,345.68,0.00,654.54,0.00,639.36,12.41,3.63,0.00,29.14,10.15,1.41,50.99,4.30,0.00,166.27,0.00,83.70
68.5,68.5,1,68.500,18/03/2026 01:57:38,21.630,1157879.230,9.17, 9.86, 9.73,37.59, -1.62, 2.97,10.922, 8.556, 9.209, 8.720, 8.294, 8.328, 8.046, 8.309, 8.410, 8.736, 8.922, 9.092, 9.144, 9.248, 9.410, 9.567, 9.753, 9.895, 9.951, 9.980, 10.076, 10.075, 9.865, 9.955, 10.031, 9.665, 9.811, 9.766, 9.542, 9.761, 9.466, 9.629, 9.415, 9.540, 9.466, 9.514, 9.598, 9.493, 9.776, 9.587, 9.867, 9.946, 9.818, 10.302, 10.100, 10.208, 10.589, 10.296, 10.426, 10.742, 10.472, 10.473, 10.788, 10.683, 10.511, 10.713, 10.879, 10.787, 10.719, 10.862, 11.046, 11.007, 10.916, 10.973, 11.201, 11.333, 11.236, 11.066, 11.240, 11.544, 11.630, 11.389, 11.151, 11.276, 11.637, 11.807, 11.623, 11.294, 11.215, 11.458, 11.753, 11.821, 11.599, 11.332, 11.289, 11.565, 11.935, 12.124, 12.043, 11.813, 11.650, 11.709, 11.975, 12.261, 12.401, 12.346, 12.142, 11.907, 11.753, 11.760, 11.858, 11.983, 11.965, 11.641, 10.820, 9.689, 8.786, 8.369, 8.274, 8.320, 8.438, 8.605, 8.862, 9.172, 9.471, 9.754, 9.984, 10.206, 10.439, 10.680, 10.956, 11.228, 11.494, 11.735, 11.914, 12.031, 12.078, 12.074, 12.016, 11.979, 11.958, 12.000, 12.091, 12.225, 12.407, 12.569, 12.703, 12.730, 12.635, 12.465, 12.228, 11.943, 11.673, 11.487, 11.379, 11.414, 11.478, 11.618, 11.773, 11.859, 11.792, 11.392, 10.426, 8.745, 6.770, 5.402, 4.740, 4.389, 4.207, 4.188, 4.317, 4.584, 4.950, 5.401, 5.925, 6.460, 6.975, 7.456, 7.873, 8.221, 8.479, 8.676, 8.788, 8.878, 8.939, 8.979, 9.043, 9.122, 9.252, 9.436, 9.636, 9.897, 10.183, 10.509, 10.832, 11.048, 11.219, 11.312, 11.423, 11.485, 11.435, 11.314, 11.126, 10.900, 10.612, 10.290, 9.911, 9.472, 9.042, 8.740, 8.451, 8.261, 8.134, 8.078, 7.978, 8.011, 8.009, 7.984, 7.987, 8.036, 8.148, 8.004, 7.943, 7.865, 7.739, 7.805, 16.3,988452.0,1111405.0,861556.24,58440.50,3625.50,22098.57,603.94,27392.17,299.04,606.34,38.62,378.08,24.00,1616.14,29.83,1005.00,19.92,1247.10,61.29,117.72,8.27,0.00,72.88,268.30,12.84,24600.00,155.81,0.00,126.80,0.00,16.48,24.89,2.63,81.63,2.82,18.92,1.29,0.00,5.55,105.41,1.47,220.11,2.17,21.40,1.02,138.34,1.80,7.76,1.13,0.00,57.51,0.00,465.48,0.00,324.47,44.67,9.89,0.00,579.94,0.00,57.99,0.00,28.96,10.75,1.40,0.00,148.73,0.00,162.94,0.00,78.39,241625.18,96910.47,6012.08,41754.42,1141.12,58601.02,639.75,1389.35,88.49,944.03,59.93,1946.81,35.93,1406.20,27.87,2080.78,102.26,210.15,14.76,0.00,106.52,385.50,18.45,35171.70,222.77,0.00,161.22,0.00,20.97,31.16,3.29,101.61,3.51,24.98,1.70,0.00,7.80,115.28,1.61,260.30,2.57,27.18,1.30,186.87,2.43,9.10,1.32,0.00,76.69,0.00,499.98,0.00,370.65,56.71,12.56,0.00,694.25,0.00,68.08,0.00,31.27,11.58,1.51,0.00,165.81,0.00,185.41,0.00,88.93
69.0,69.0,1,69.000,18/03/2026 01:58:13,19.973,,9.29, 9.98, 9.88,37.80, -1.56, 2.89,10.012, 8.347, 9.212, 8.489, 8.504, 8.384, 8.211, 8.393, 8.559, 8.902, 9.037, 9.219, 9.294, 9.394, 9.589, 9.681, 9.829, 9.987, 10.095, 10.114, 10.120, 10.200, 10.136, 9.962, 10.089, 9.974, 9.787, 9.920, 9.734, 9.798, 9.681, 9.722, 9.558, 9.702, 9.539, 9.738, 9.615, 9.754, 9.804, 9.742, 10.090, 9.863, 10.212, 10.250, 10.215, 10.549, 10.480, 10.491, 10.691, 10.686, 10.620, 10.705, 10.833, 10.772, 10.665, 10.854, 11.032, 10.847, 10.785, 11.097, 11.261, 10.992, 10.920, 11.265, 11.491, 11.298, 11.049, 11.160, 11.522, 11.626, 11.385, 11.256, 11.389, 11.593, 11.643, 11.557, 11.494, 11.510, 11.573, 11.615, 11.602, 11.617, 11.633, 11.656, 11.644, 11.686, 11.795, 11.934, 12.040, 12.062, 11.989, 11.932, 11.967, 12.102, 12.279, 12.402, 12.389, 12.220, 11.997, 11.850, 11.858, 11.966, 12.026, 11.854, 11.189, 10.120, 9.160, 8.663, 8.536, 8.603, 8.790, 9.016, 9.301, 9.596, 9.837, 10.044, 10.247, 10.456, 10.717, 11.004, 11.299, 11.564, 11.778, 11.919, 12.018, 12.063, 12.098, 12.141, 12.182, 12.244, 12.328, 12.413, 12.486, 12.538, 12.572, 12.595, 12.600, 12.550, 12.460, 12.389, 12.308, 12.203, 12.094, 12.039, 12.014, 12.030, 12.046, 12.043, 12.018, 11.928, 11.698, 11.258, 10.349, 8.780, 6.911, 5.653, 5.117, 4.934, 4.907, 4.993, 5.170, 5.401, 5.679, 5.986, 6.342, 6.715, 7.094, 7.460, 7.808, 8.158, 8.495, 8.798, 9.077, 9.342, 9.567, 9.789, 9.968, 10.158, 10.313, 10.451, 10.589, 10.706, 10.817, 10.957, 11.065, 11.140, 11.132, 11.127, 11.231, 11.315, 11.275, 11.278, 11.234, 11.156, 11.053, 10.886, 10.672, 10.334, 10.054, 9.781, 9.562, 9.366, 9.254, 9.080, 8.865, 8.749, 8.575, 8.423, 8.357, 8.210, 8.041, 8.146, 7.829, 7.785, 7.837, 7.687, 16.3,972086.0,1113098.0,884063.34,34636.27,3344.61,23597.65,617.24,27406.78,296.44,378.11,35.63,373.20,23.86,1853.33,30.81,916.17,19.54,1400.81,62.60,36.28,7.07,137.15,19.80,338.53,13.91,24236.59,150.27,0.00,126.15,0.00,13.81,11.66,2.33,81.58,2.80,20.17,1.26,0.00,4.30,124.25,1.60,194.05,1.99,17.32,1.01,130.67,1.74,6.84,1.12,0.00,58.58,0.00,465.08,0.00,317.72,31.58,9.95,0.00,570.97,0.00,52.94,0.00,28.60,7.70,1.31,0.00,143.02,0.00,159.76,0.00,79.49,204472.35,57436.49,5546.29,44586.88,1166.25,58632.28,634.18,866.39,81.64,931.84,59.58,2232.53,37.11,1281.91,27.34,2337.24,104.45,64.77,12.62,200.45,28.94,486.41,19.99,34652.11,214.85,0.00,160.40,0.00,17.57,14.60,2.92,101.54,3.49,26.63,1.66,0.00,6.04,135.88,1.75,229.48,2.35,22.00,1.28,176.51,2.35,8.02,1.31,0.00,78.11,0.00,499.55,0.00,362.94,40.09,12.63,0.00,683.51,0.00,62.15,0.00,30.88,8.29,1.41,0.00,159.44,0.00,181.79,0.00,90.18
69.5,69.5,1,69.500,18/03/2026 01:58:56,20.174,,8.99, 9.65, 9.59,37.21, -1.57, 2.75,10.439, 8.324, 9.227, 8.078, 8.406, 8.156, 8.051, 8.137, 8.330, 8.661, 8.743, 8.942, 9.021, 9.113, 9.298, 9.426, 9.554, 9.691, 9.764, 9.785, 9.793, 9.797, 9.793, 9.720, 9.653, 9.615, 9.529, 9.519, 9.439, 9.452, 9.365, 9.348, 9.279, 9.298, 9.282, 9.353, 9.319, 9.449, 9.406, 9.548, 9.600, 9.672, 9.813, 9.890, 9.988, 10.116, 10.174, 10.206, 10.309, 10.359, 10.310, 10.398, 10.477, 10.420, 10.423, 10.552, 10.571, 10.533, 10.590, 10.710, 10.746, 10.705, 10.768, 10.880, 10.948, 10.957, 10.965, 11.010, 11.049, 11.152, 11.195, 11.161, 11.093, 11.114, 11.204, 11.314, 11.308, 11.227, 11.162, 11.211, 11.297, 11.412, 11.394, 11.299, 11.238, 11.320, 11.506, 11.681, 11.757, 11.687, 11.588, 11.572, 11.660, 11.833, 11.985, 12.061, 11.985, 11.842, 11.673, 11.584, 11.612, 11.709, 11.737, 11.561, 10.924, 9.929, 9.060, 8.608, 8.475, 8.487, 8.610, 8.804, 9.108, 9.433, 9.721, 9.949, 10.122, 10.288, 10.485, 10.713, 10.974, 11.236, 11.485, 11.694, 11.841, 11.922, 11.942, 11.916, 11.871, 11.851, 11.864, 11.936, 12.038, 12.152, 12.294, 12.407, 12.484, 12.478, 12.372, 12.245, 12.043, 11.827, 11.637, 11.507, 11.472, 11.498, 11.573, 11.696, 11.781, 11.799, 11.704, 11.329, 10.452, 8.900, 7.023, 5.695, 5.071, 4.780, 4.683, 4.700, 4.848, 5.081, 5.400, 5.794, 6.228, 6.684, 7.158, 7.565, 7.970, 8.319, 8.625, 8.881, 9.062, 9.227, 9.355, 9.450, 9.550, 9.667, 9.779, 9.928, 10.101, 10.285, 10.483, 10.700, 10.891, 11.035, 11.131, 11.181, 11.307, 11.404, 11.365, 11.316, 11.236, 11.105, 10.926, 10.697, 10.400, 10.012, 9.679, 9.388, 9.105, 8.931, 8.805, 8.643, 8.530, 8.369, 8.360, 8.254, 8.139, 8.124, 8.098, 7.888, 7.954, 7.802, 7.746, 7.754, 16.3,979868.0,1102635.0,865031.13,53735.62,3587.58,25495.19,634.59,26843.89,296.00,356.78,35.69,400.43,24.23,1165.51,27.90,1062.28,20.28,1608.03,65.62,29.60,7.12,59.09,18.25,410.54,14.85,23028.97,146.52,0.00,122.99,0.00,14.01,18.11,2.46,95.02,3.00,18.88,1.25,0.00,5.04,104.42,1.45,237.36,2.26,23.24,1.02,121.88,1.71,4.49,1.10,0.00,56.85,0.00,462.64,0.00,323.66,73.67,9.89,45.13,10.73,0.00,58.46,0.00,28.87,8.16,1.33,22.59,4.15,0.00,158.22,0.00,76.47,236695.73,89108.48,5949.20,48172.21,1199.03,57428.07,633.24,817.51,81.78,999.84,60.50,1403.98,33.61,1486.35,28.38,2682.99,109.49,52.84,12.71,86.36,26.67,589.88,21.34,32925.53,209.49,0.00,156.38,0.00,17.83,22.67,3.08,118.27,3.73,24.93,1.65,0.00,7.08,114.19,1.59,280.70,2.67,29.51,1.30,164.63,2.31,5.26,1.29,0.00,75.81,0.00,496.93,0.00,369.73,93.53,12.56,54.03,12.84,0.00,68.64,0.00,31.17,8.79,1.43,25.18,4.63,0.00,180.04,0.00,86.75
70.0,70.0,1,70.000,18/03/2026 01:59:31,19.245,,8.17, 8.79, 8.68,35.58, -1.67, 2.84,8.218, 7.122, 8.465, 7.613, 7.465, 7.282, 7.068, 7.306, 7.540, 7.803, 7.909, 8.101, 8.212, 8.311, 8.451, 8.580, 8.724, 8.839, 8.899, 8.924, 8.909, 8.931, 8.938, 8.866, 8.768, 8.774, 8.689, 8.582, 8.637, 8.511, 8.532, 8.451, 8.417, 8.420, 8.431, 8.458, 8.497, 8.522, 8.607, 8.627, 8.760, 8.814, 8.912, 9.046, 9.089, 9.238, 9.295, 9.322, 9.449, 9.460, 9.445, 9.548, 9.581, 9.531, 9.593, 9.685, 9.667, 9.663, 9.785, 9.868, 9.814, 9.849, 9.993, 10.057, 10.039, 10.018, 10.233, 10.331, 10.282, 10.235, 10.309, 10.439, 10.446, 10.324, 10.298, 10.403, 10.556, 10.573, 10.453, 10.361, 10.372, 10.517, 10.649, 10.655, 10.576, 10.534, 10.609, 10.768, 10.917, 10.982, 10.945, 10.874, 10.864, 10.946, 11.064, 11.182, 11.205, 11.137, 10.999, 10.878, 10.844, 10.872, 10.897, 10.751, 10.219, 9.369, 8.598, 8.184, 8.045, 8.039, 8.152, 8.301, 8.556, 8.838, 9.096, 9.327, 9.529, 9.736, 9.956, 10.195, 10.436, 10.638, 10.809, 10.926, 11.001, 11.039, 11.089, 11.144, 11.206, 11.295, 11.383, 11.468, 11.530, 11.562, 11.567, 11.544, 11.520, 11.435, 11.360, 11.284, 11.243, 11.193, 11.177, 11.179, 11.191, 11.199, 11.188, 11.169, 11.109, 10.963, 10.735, 10.286, 9.445, 8.007, 6.296, 5.123, 4.677, 4.560, 4.605, 4.759, 4.975, 5.226, 5.483, 5.760, 6.032, 6.316, 6.585, 6.839, 7.095, 7.368, 7.633, 7.911, 8.201, 8.489, 8.777, 9.051, 9.318, 9.558, 9.767, 9.952, 10.089, 10.200, 10.292, 10.352, 10.403, 10.380, 10.285, 10.173, 10.183, 10.145, 10.052, 10.031, 9.982, 9.929, 9.883, 9.827, 9.720, 9.568, 9.414, 9.283, 9.185, 9.090, 9.006, 8.892, 8.753, 8.604, 8.391, 8.176, 7.994, 7.736, 7.547, 7.414, 7.107, 6.886, 6.640, 6.588, 16.3,975851.0,1126151.0,859411.47,58387.41,3519.88,26665.43,631.53,27436.10,293.46,367.67,34.69,356.93,23.15,1369.91,28.09,875.30,19.08,1490.06,62.78,40.59,7.03,179.31,19.74,319.17,13.36,22434.43,140.02,0.00,117.98,0.00,16.08,11.55,2.27,94.88,2.90,22.25,1.27,0.00,5.64,89.04,1.31,214.23,2.07,20.47,0.95,124.74,1.67,3.66,1.07,0.00,55.43,0.00,447.57,0.00,311.99,0.00,522.24,33.47,9.84,0.00,53.77,5.80,1.14,9.34,1.31,32.07,3.94,0.00,152.01,4.75,1.45,246673.12,96822.43,5836.93,50383.33,1193.25,58695.01,627.81,842.47,79.49,891.22,57.80,1650.20,33.84,1224.73,26.70,2486.16,104.75,72.46,12.55,262.07,28.85,458.60,19.20,32075.49,200.19,0.00,150.01,0.00,20.46,14.46,2.84,118.10,3.61,29.38,1.68,0.00,7.93,97.37,1.43,253.35,2.45,26.00,1.21,168.50,2.26,4.29,1.25,0.00,73.91,0.00,480.74,0.00,356.40,0.00,662.99,40.07,11.78,0.00,63.13,6.26,1.23,10.06,1.41,35.75,4.39,0.00,172.97,5.39,1.64
70.5,70.5,1,70.500,18/03/2026 02:00:23,19.311,,8.27, 8.89, 8.86,35.76, -1.56, 2.56,8.667, 8.645, 8.398, 7.647, 7.623, 7.554, 7.436, 7.525, 7.677, 7.970, 8.117, 8.260, 8.368, 8.425, 8.600, 8.695, 8.788, 8.878, 8.921, 9.010, 9.129, 9.113, 8.908, 8.906, 9.011, 8.782, 8.699, 8.835, 8.548, 8.701, 8.571, 8.519, 8.545, 8.430, 8.573, 8.478, 8.592, 8.625, 8.599, 8.843, 8.662, 9.040, 8.897, 9.080, 9.305, 9.128, 9.451, 9.474, 9.334, 9.640, 9.602, 9.438, 9.707, 9.755, 9.522, 9.690, 9.914, 9.759, 9.684, 9.961, 10.078, 9.901, 9.888, 10.164, 10.284, 10.118, 10.016, 10.262, 10.498, 10.468, 10.239, 10.232, 10.446, 10.620, 10.535, 10.312, 10.323, 10.556, 10.749, 10.688, 10.443, 10.321, 10.472, 10.778, 10.942, 10.855, 10.651, 10.545, 10.702, 11.002, 11.256, 11.279, 11.088, 10.861, 10.799, 10.962, 11.254, 11.467, 11.467, 11.220, 10.910, 10.693, 10.627, 10.630, 10.418, 9.879, 9.291, 8.835, 8.470, 8.189, 8.100, 8.246, 8.647, 9.166, 9.672, 10.021, 10.165, 10.149, 10.080, 10.056, 10.150, 10.382, 10.714, 11.078, 11.411, 11.614, 11.670, 11.590, 11.421, 11.234, 11.108, 11.080, 11.158, 11.338, 11.573, 11.815, 12.012, 12.066, 11.994, 11.836, 11.563, 11.257, 11.015, 10.856, 10.781, 10.852, 10.936, 11.117, 11.305, 11.403, 11.344, 11.014, 10.195, 8.745, 6.911, 5.547, 4.878, 4.596, 4.499, 4.602, 4.849, 5.199, 5.608, 6.066, 6.531, 6.978, 7.372, 7.716, 7.973, 8.164, 8.316, 8.428, 8.515, 8.609, 8.725, 8.846, 9.026, 9.223, 9.461, 9.732, 10.003, 10.273, 10.526, 10.764, 10.949, 11.048, 11.029, 10.958, 10.927, 10.854, 10.658, 10.488, 10.284, 10.087, 9.906, 9.691, 9.510, 9.259, 9.092, 9.022, 8.965, 8.952, 9.025, 9.069, 9.029, 9.047, 8.967, 8.917, 8.826, 8.627, 8.517, 8.272, 7.952, 7.731, 7.484, 7.300, 16.3,991450.0,1123748.0,862638.78,61221.20,3574.14,24451.67,611.28,25833.50,284.63,477.51,36.07,520.48,24.32,733.40,25.13,647.37,17.51,846.67,55.08,22.01,6.51,0.00,59.95,251.75,12.10,21690.55,136.40,0.00,114.68,0.00,12.21,0.00,12.83,105.55,3.02,29.86,1.29,0.00,4.33,95.42,1.34,208.14,2.02,20.20,0.95,138.22,1.73,5.26,1.06,0.00,54.59,0.00,448.74,0.00,309.96,0.00,520.12,38.89,10.00,0.00,53.25,0.00,30.46,4.83,1.19,18.71,3.93,0.00,153.99,0.00,73.95,240809.71,101521.63,5926.91,46200.52,1154.99,55266.51,608.92,1094.15,82.65,1299.59,60.72,883.46,30.27,905.80,24.50,1412.66,91.90,39.29,11.62,0.00,87.62,361.72,17.39,31011.93,195.02,0.00,145.81,0.00,15.54,0.00,16.06,131.38,3.76,39.42,1.70,0.00,6.08,104.35,1.47,246.15,2.39,25.65,1.21,186.70,2.34,6.17,1.24,0.00,72.79,0.00,482.00,0.00,354.08,0.00,660.30,46.56,11.97,0.00,62.52,0.00,32.89,5.20,1.28,20.86,4.38,0.00,175.23,0.00,83.89
71.0,71.0,1,71.000,18/03/2026 02:01:06,20.107,,8.31, 8.92, 8.80,35.83, -1.45, 2.90,7.386, 6.911, 8.374, 7.532, 7.685, 7.277, 7.446, 7.360, 7.605, 7.913, 8.046, 8.219, 8.288, 8.393, 8.538, 8.658, 8.794, 8.932, 9.001, 9.036, 9.032, 9.035, 9.070, 9.057, 8.918, 8.900, 8.932, 8.738, 8.826, 8.783, 8.663, 8.797, 8.557, 8.785, 8.567, 8.850, 8.619, 8.941, 8.724, 9.036, 8.980, 9.073, 9.331, 9.153, 9.565, 9.474, 9.494, 9.839, 9.600, 9.720, 9.966, 9.711, 9.798, 10.061, 9.845, 9.811, 10.130, 10.110, 9.923, 10.137, 10.367, 10.220, 10.141, 10.382, 10.588, 10.439, 10.430, 10.555, 10.780, 10.778, 10.628, 10.589, 10.745, 10.880, 10.805, 10.680, 10.693, 10.859, 10.964, 10.902, 10.761, 10.739, 10.879, 11.065, 11.142, 11.102, 11.028, 11.028, 11.169, 11.358, 11.472, 11.475, 11.396, 11.339, 11.359, 11.483, 11.625, 11.697, 11.638, 11.525, 11.380, 11.287, 11.256, 11.172, 10.839, 10.195, 9.574, 9.215, 9.022, 8.898, 8.864, 8.964, 9.244, 9.620, 10.007, 10.344, 10.570, 10.712, 10.794, 10.853, 10.942, 11.098, 11.286, 11.511, 11.722, 11.913, 12.036, 12.095, 12.080, 12.021, 11.959, 11.916, 11.915, 11.970, 12.073, 12.195, 12.329, 12.409, 12.424, 12.386, 12.274, 12.115, 11.958, 11.806, 11.722, 11.697, 11.649, 11.706, 11.764, 11.795, 11.732, 11.444, 10.739, 9.404, 7.651, 6.323, 5.695, 5.411, 5.303, 5.361, 5.552, 5.813, 6.140, 6.525, 6.932, 7.350, 7.763, 8.147, 8.513, 8.812, 9.081, 9.307, 9.497, 9.656, 9.794, 9.928, 10.054, 10.214, 10.345, 10.523, 10.707, 10.877, 11.056, 11.228, 11.389, 11.488, 11.491, 11.463, 11.545, 11.614, 11.523, 11.454, 11.373, 11.251, 11.092, 10.924, 10.689, 10.391, 10.153, 9.952, 9.841, 9.755, 9.689, 9.680, 9.651, 9.596, 9.490, 9.446, 9.443, 9.301, 9.204, 9.111, 8.908, 8.656, 8.588, 8.404, 16.3,1015284.0,1179828.0,868204.04,50011.79,3422.22,21150.13,583.19,30879.52,311.84,371.92,34.73,535.73,24.21,2214.02,31.84,1326.83,21.21,1240.73,60.29,0.00,21.71,0.00,65.80,354.59,13.86,23047.74,142.23,0.00,122.55,0.00,15.59,17.23,2.40,90.99,2.86,18.44,1.28,0.00,5.96,80.55,1.23,240.79,2.23,26.26,1.00,115.88,1.66,0.00,32.08,0.00,55.62,0.00,468.16,0.00,319.83,0.00,534.73,35.02,10.31,0.00,52.76,0.00,28.68,16.23,1.42,0.00,147.06,21.58,3.36,0.00,66.86,232008.61,82933.34,5674.98,39962.38,1101.92,66061.63,667.13,852.20,79.58,1337.67,60.45,2667.02,38.35,1856.51,29.68,2070.15,100.59,0.00,38.76,0.00,96.17,509.49,19.91,32952.36,203.35,0.00,155.82,0.00,19.84,21.57,3.00,113.26,3.56,24.35,1.69,0.00,8.38,88.09,1.35,284.76,2.64,33.35,1.27,156.53,2.24,0.00,37.60,0.00,74.17,0.00,502.86,0.00,365.35,0.00,678.85,41.92,12.34,0.00,61.94,0.00,30.97,17.48,1.53,0.00,163.95,24.56,3.82,0.00,75.85
71.5,71.5,1,71.500,18/03/2026 02:01:49,21.166,,8.61, 9.18, 9.02,36.33, -1.00, 3.03,10.103, 8.867, 9.198, 8.125, 7.860, 7.544, 7.589, 7.704, 7.848, 8.129, 8.264, 8.415, 8.481, 8.545, 8.683, 8.811, 8.942, 9.089, 9.198, 9.284, 9.313, 9.280, 9.307, 9.369, 9.274, 9.222, 9.274, 9.180, 9.213, 9.210, 9.174, 9.199, 9.155, 9.208, 9.222, 9.256, 9.316, 9.323, 9.457, 9.442, 9.640, 9.660, 9.762, 9.950, 9.904, 10.132, 10.189, 10.120, 10.358, 10.333, 10.215, 10.458, 10.451, 10.280, 10.467, 10.613, 10.439, 10.469, 10.757, 10.741, 10.573, 10.699, 10.980, 10.937, 10.787, 10.899, 11.219, 11.263, 11.070, 11.034, 11.246, 11.407, 11.308, 11.074, 11.052, 11.300, 11.538, 11.461, 11.219, 11.070, 11.203, 11.477, 11.604, 11.523, 11.347, 11.280, 11.458, 11.753, 11.936, 11.941, 11.804, 11.680, 11.693, 11.880, 12.113, 12.242, 12.204, 12.063, 11.873, 11.752, 11.758, 11.893, 11.973, 11.830, 11.257, 10.322, 9.502, 9.094, 9.018, 9.055, 9.182, 9.355, 9.583, 9.859, 10.129, 10.386, 10.596, 10.795, 11.020, 11.272, 11.530, 11.734, 11.885, 12.010, 12.104, 12.176, 12.224, 12.256, 12.303, 12.381, 12.467, 12.568, 12.640, 12.678, 12.688, 12.683, 12.694, 12.657, 12.591, 12.492, 12.409, 12.315, 12.278, 12.283, 12.311, 12.334, 12.299, 12.299, 12.272, 12.197, 11.998, 11.588, 10.740, 9.229, 7.352, 5.987, 5.390, 5.191, 5.176, 5.309, 5.548, 5.846, 6.187, 6.566, 6.939, 7.314, 7.674, 8.020, 8.314, 8.617, 8.882, 9.131, 9.385, 9.640, 9.913, 10.155, 10.423, 10.673, 10.888, 11.100, 11.265, 11.399, 11.510, 11.612, 11.672, 11.669, 11.583, 11.463, 11.507, 11.504, 11.395, 11.300, 11.264, 11.152, 11.088, 10.959, 10.873, 10.653, 10.490, 10.316, 10.175, 10.127, 10.104, 10.017, 9.845, 9.764, 9.606, 9.447, 9.358, 9.035, 8.920, 8.618, 8.397, 8.179, 8.179, 8.060, 16.3,975092.0,1102762.0,860280.00,59772.39,3597.63,26265.50,633.66,28451.04,303.62,465.56,36.67,336.43,23.61,594.98,25.10,692.06,18.46,1555.64,64.50,78.30,7.84,62.49,18.88,290.70,13.03,20450.02,130.73,0.00,113.63,0.00,15.12,30.04,2.63,91.02,2.87,23.02,1.27,0.00,5.40,83.53,1.27,237.28,2.22,21.25,0.96,154.59,1.84,4.19,1.07,0.00,56.47,32.37,9.59,0.00,315.27,0.00,519.48,0.00,552.90,0.00,57.60,0.00,25.91,8.83,1.31,18.77,4.12,0.00,159.80,0.00,75.57,246546.78,99119.11,5965.86,49627.68,1197.28,60866.30,649.54,1066.77,84.02,840.03,58.95,716.72,30.24,968.33,25.83,2595.58,107.62,139.78,14.00,91.33,27.59,417.69,18.72,29238.29,186.91,0.00,144.48,0.00,19.24,37.60,3.29,113.29,3.57,30.39,1.68,0.00,7.59,91.35,1.39,280.61,2.63,26.99,1.22,208.82,2.49,4.91,1.25,0.00,75.30,34.77,10.30,0.00,360.14,0.00,659.49,0.00,661.88,0.00,67.63,0.00,27.98,9.51,1.41,20.93,4.59,0.00,181.84,0.00,85.73
72.0,72.0,1,72.000,18/03/2026 02:02:24,20.435,,8.77, 9.32, 9.11,36.59, -0.70, 3.19,10.393, 9.447, 9.145, 8.018, 7.874, 7.832, 7.736, 7.777, 7.998, 8.243, 8.356, 8.460, 8.506, 8.589, 8.744, 8.887, 9.039, 9.171, 9.259, 9.352, 9.445, 9.477, 9.453, 9.467, 9.490, 9.454, 9.427, 9.476, 9.440, 9.459, 9.513, 9.453, 9.552, 9.484, 9.620, 9.566, 9.724, 9.694, 9.850, 9.838, 10.010, 10.058, 10.180, 10.347, 10.349, 10.546, 10.577, 10.615, 10.758, 10.699, 10.746, 10.870, 10.816, 10.817, 10.953, 10.955, 10.895, 11.074, 11.135, 11.092, 11.151, 11.306, 11.334, 11.300, 11.378, 11.543, 11.580, 11.512, 11.516, 11.691, 11.755, 11.684, 11.578, 11.614, 11.788, 11.822, 11.770, 11.698, 11.692, 11.817, 11.842, 11.773, 11.792, 11.782, 11.857, 12.048, 12.096, 12.056, 12.110, 12.173, 12.222, 12.382, 12.485, 12.425, 12.354, 12.403, 12.441, 12.446, 12.519, 12.546, 12.421, 12.237, 12.091, 11.896, 11.319, 10.464, 9.808, 9.528, 9.399, 9.234, 9.153, 9.201, 9.444, 9.803, 10.238, 10.713, 11.121, 11.371, 11.460, 11.485, 11.554, 11.712, 11.912, 12.094, 12.309, 12.552, 12.820, 12.976, 12.990, 12.876, 12.746, 12.670, 12.679, 12.711, 12.772, 12.817, 12.938, 13.067, 13.165, 13.215, 13.107, 12.886, 12.645, 12.426, 12.317, 12.309, 12.308, 12.322, 12.316, 12.287, 12.202, 11.914, 11.160, 9.669, 7.719, 6.275, 5.599, 5.296, 5.202, 5.243, 5.414, 5.665, 6.000, 6.376, 6.795, 7.228, 7.682, 8.120, 8.541, 8.962, 9.291, 9.571, 9.795, 9.973, 10.110, 10.235, 10.407, 10.581, 10.770, 10.962, 11.141, 11.297, 11.420, 11.564, 11.650, 11.711, 11.715, 11.760, 11.905, 12.002, 11.959, 11.891, 11.760, 11.578, 11.392, 11.156, 10.909, 10.621, 10.362, 10.143, 9.993, 9.907, 9.864, 9.752, 9.634, 9.543, 9.356, 9.244, 9.243, 9.034, 8.946, 8.847, 8.695, 8.502, 8.349, 8.262, 16.3,1001096.0,1094042.0,867557.91,58209.23,3522.91,24541.88,609.42,25324.25,280.37,404.55,34.97,298.36,22.77,517.99,24.02,664.46,17.67,1313.25,60.71,0.00,20.69,95.05,18.11,245.43,12.16,20235.81,127.50,0.00,112.94,0.00,12.74,20.10,2.38,55.20,2.32,17.75,1.31,0.00,5.25,83.91,1.25,221.16,2.08,27.24,0.99,141.70,1.74,0.00,31.17,0.00,55.68,0.00,445.23,0.00,307.78,0.00,515.80,0.00,548.99,0.00,57.25,4.10,1.09,20.66,1.45,0.00,140.30,0.00,157.50,0.00,75.46,232638.64,96526.96,5841.96,46370.97,1151.48,54177.05,599.81,926.97,80.13,744.98,56.85,623.97,28.93,929.72,24.72,2191.15,101.29,0.00,36.94,138.92,26.47,352.64,17.47,28932.02,182.29,0.00,143.60,0.00,16.21,25.16,2.98,68.71,2.89,23.44,1.73,0.00,7.38,91.76,1.37,261.54,2.46,34.59,1.26,191.40,2.35,0.00,36.54,0.00,74.25,0.00,478.23,0.00,351.59,0.00,654.82,0.00,657.20,0.00,67.21,4.43,1.18,22.26,1.56,0.00,156.41,0.00,179.22,0.00,85.60
72.5,72.5,1,72.500,18/03/2026 02:03:07,20.441,,8.61, 9.16, 8.87,36.30, -0.88, 3.45,8.354, 7.377, 8.391, 7.363, 7.529, 7.524, 7.418, 7.543, 7.696, 7.949, 8.117, 8.296, 8.346, 8.419, 8.595, 8.734, 8.875, 9.028, 9.129, 9.225, 9.274, 9.291, 9.320, 9.347, 9.302, 9.293, 9.301, 9.261, 9.285, 9.287, 9.279, 9.312, 9.296, 9.339, 9.363, 9.413, 9.457, 9.532, 9.578, 9.691, 9.756, 9.870, 9.976, 10.071, 10.214, 10.271, 10.348, 10.446, 10.460, 10.507, 10.553, 10.549, 10.596, 10.652, 10.620, 10.682, 10.764, 10.773, 10.802, 10.882, 10.976, 10.949, 11.009, 11.102, 11.193, 11.163, 11.300, 11.329, 11.407, 11.434, 11.403, 11.430, 11.438, 11.487, 11.442, 11.413, 11.512, 11.539, 11.555, 11.517, 11.397, 11.453, 11.571, 11.647, 11.695, 11.687, 11.641, 11.730, 11.891, 12.005, 12.088, 12.113, 12.038, 11.977, 12.060, 12.204, 12.278, 12.309, 12.275, 12.101, 11.913, 11.830, 11.819, 11.643, 11.065, 10.146, 9.365, 8.924, 8.711, 8.591, 8.618, 8.782, 9.077, 9.467, 9.894, 10.293, 10.566, 10.722, 10.822, 10.974, 11.184, 11.428, 11.646, 11.857, 12.072, 12.261, 12.407, 12.424, 12.367, 12.304, 12.298, 12.341, 12.417, 12.491, 12.550, 12.599, 12.709, 12.762, 12.746, 12.654, 12.448, 12.238, 12.073, 11.980, 11.981, 12.003, 12.004, 12.031, 12.038, 11.995, 11.856, 11.461, 10.571, 8.947, 6.948, 5.520, 4.889, 4.651, 4.627, 4.744, 4.980, 5.280, 5.620, 6.001, 6.407, 6.807, 7.212, 7.592, 7.951, 8.268, 8.536, 8.771, 8.993, 9.195, 9.415, 9.655, 9.902, 10.153, 10.371, 10.586, 10.770, 10.912, 11.040, 11.184, 11.269, 11.284, 11.251, 11.193, 11.266, 11.280, 11.196, 11.046, 10.959, 10.808, 10.652, 10.490, 10.296, 10.092, 9.931, 9.720, 9.570, 9.533, 9.454, 9.341, 9.264, 9.080, 8.941, 8.790, 8.667, 8.438, 8.315, 8.159, 8.004, 7.787, 7.505, 7.481, 16.3,1011847.0,1097400.0,865672.00,60023.51,3613.29,24967.94,624.15,25747.88,287.39,482.55,36.86,247.25,23.04,615.90,25.08,694.48,17.95,1079.45,58.99,0.00,20.72,0.00,69.90,193.09,11.65,19594.61,125.92,0.00,110.93,0.00,13.61,19.20,2.39,99.91,2.95,21.42,1.27,0.00,5.83,80.33,1.23,227.52,2.14,21.19,0.96,152.44,1.83,11.00,1.10,0.00,57.01,0.00,456.82,0.00,318.97,0.00,540.00,0.00,561.29,0.00,56.02,0.00,30.72,13.25,1.36,0.00,153.10,35.06,3.41,0.00,74.46,236158.80,99535.53,5991.83,47175.99,1179.31,55083.34,614.82,1105.70,84.46,617.36,57.53,741.92,30.21,971.72,25.12,1801.06,98.42,0.00,36.99,0.00,102.16,277.44,16.74,28015.27,180.03,0.00,141.05,0.00,17.32,24.03,2.99,124.36,3.67,28.28,1.68,0.00,8.19,87.85,1.35,269.06,2.53,26.91,1.22,205.91,2.47,12.89,1.29,0.00,76.02,0.00,490.68,0.00,364.37,0.00,685.54,0.00,671.92,0.00,65.77,0.00,33.17,14.27,1.47,0.00,170.68,39.89,3.88,0.00,84.47
73.0,73.0,1,73.000,18/03/2026 02:03:50,21.100,,9.27, 9.88, 9.68,37.63, -0.98, 3.21,10.568, 9.033, 9.167, 8.534, 8.308, 8.131, 8.017, 8.250, 8.424, 8.725, 8.846, 9.019, 9.088, 9.166, 9.354, 9.505, 9.633, 9.778, 9.868, 9.929, 10.008, 10.051, 10.049, 10.012, 9.988, 10.001, 9.957, 9.932, 9.980, 9.909, 9.969, 9.919, 9.946, 9.951, 9.982, 10.003, 10.069, 10.096, 10.202, 10.213, 10.394, 10.383, 10.570, 10.655, 10.734, 10.918, 10.881, 10.980, 11.081, 11.002, 11.093, 11.179, 11.097, 11.154, 11.247, 11.206, 11.225, 11.366, 11.403, 11.375, 11.471, 11.580, 11.576, 11.596, 11.697, 11.784, 11.783, 11.737, 11.806, 11.950, 11.993, 11.927, 11.844, 11.887, 11.958, 12.040, 12.021, 11.964, 11.969, 12.010, 12.045, 12.068, 12.064, 12.077, 12.143, 12.215, 12.305, 12.366, 12.389, 12.447, 12.530, 12.586, 12.633, 12.668, 12.686, 12.684, 12.732, 12.767, 12.772, 12.727, 12.668, 12.593, 12.468, 12.236, 11.687, 10.854, 10.107, 9.748, 9.636, 9.549, 9.517, 9.577, 9.817, 10.209, 10.639, 11.048, 11.367, 11.603, 11.762, 11.871, 11.952, 12.074, 12.243, 12.459, 12.686, 12.887, 13.052, 13.155, 13.189, 13.155, 13.099, 13.027, 12.991, 13.014, 13.086, 13.182, 13.303, 13.389, 13.410, 13.376, 13.295, 13.147, 12.978, 12.827, 12.716, 12.664, 12.653, 12.659, 12.702, 12.699, 12.602, 12.255, 11.431, 9.872, 7.823, 6.309, 5.627, 5.365, 5.317, 5.412, 5.641, 5.928, 6.287, 6.695, 7.131, 7.576, 8.018, 8.423, 8.817, 9.187, 9.514, 9.810, 10.084, 10.331, 10.533, 10.733, 10.898, 11.063, 11.213, 11.372, 11.544, 11.708, 11.873, 12.017, 12.143, 12.171, 12.118, 12.062, 12.150, 12.243, 12.169, 12.097, 12.059, 11.953, 11.801, 11.626, 11.407, 11.100, 10.833, 10.569, 10.401, 10.341, 10.269, 10.169, 10.091, 9.981, 9.869, 9.683, 9.565, 9.393, 9.193, 9.040, 8.862, 8.636, 8.615, 8.353, 16.3,1020606.0,1145307.0,865353.16,55867.75,3519.09,25207.32,624.02,28411.56,300.33,400.66,35.52,418.35,23.83,1525.75,29.06,877.64,19.21,1496.38,63.47,43.78,7.23,0.00,49.44,320.30,13.05,19376.96,123.11,0.00,105.31,0.00,12.86,15.24,2.29,74.04,2.58,5.54,1.01,0.00,4.81,82.81,1.24,244.69,2.23,17.97,0.92,163.76,1.86,0.00,31.88,0.00,55.33,0.00,467.49,0.00,322.61,0.00,535.23,67.33,10.04,0.00,53.67,0.00,29.26,8.82,1.25,20.14,3.93,0.00,155.42,0.00,72.40,237677.05,92644.14,5835.62,47628.29,1179.06,60781.84,642.51,918.06,81.39,1044.58,59.50,1837.93,35.01,1228.00,26.88,2496.70,105.90,78.16,12.91,0.00,72.26,460.22,18.75,27704.09,176.02,0.00,133.90,0.00,16.37,19.08,2.87,92.16,3.21,7.31,1.33,0.00,6.76,90.56,1.36,289.37,2.64,22.82,1.17,221.20,2.51,0.00,37.37,0.00,73.78,0.00,502.14,0.00,368.53,0.00,679.48,80.60,12.02,0.00,63.01,0.00,31.59,9.50,1.35,22.45,4.38,0.00,176.85,0.00,82.13
73.5,73.5,1,73.500,18/03/2026 02:04:24,21.225,1157879.166,8.89, 9.47, 9.18,36.88, -0.97, 3.46,7.903, 8.709, 8.467, 8.075, 7.841, 7.798, 7.607, 7.791, 8.015, 8.257, 8.412, 8.539, 8.614, 8.732, 8.889, 9.047, 9.193, 9.347, 9.447, 9.519, 9.607, 9.661, 9.638, 9.601, 9.594, 9.622, 9.567, 9.525, 9.600, 9.538, 9.557, 9.591, 9.513, 9.628, 9.559, 9.700, 9.640, 9.814, 9.754, 9.970, 9.936, 10.153, 10.176, 10.299, 10.457, 10.437, 10.640, 10.622, 10.661, 10.797, 10.701, 10.779, 10.871, 10.765, 10.836, 10.963, 10.893, 10.917, 11.089, 11.097, 11.056, 11.169, 11.290, 11.281, 11.273, 11.420, 11.480, 11.443, 11.440, 11.560, 11.641, 11.625, 11.500, 11.521, 11.637, 11.737, 11.723, 11.629, 11.649, 11.716, 11.726, 11.738, 11.715, 11.757, 11.837, 11.911, 11.987, 12.019, 12.039, 12.163, 12.249, 12.303, 12.329, 12.329, 12.298, 12.364, 12.473, 12.497, 12.474, 12.403, 12.263, 12.138, 12.078, 11.918, 11.394, 10.558, 9.829, 9.433, 9.253, 9.131, 9.140, 9.272, 9.548, 9.942, 10.361, 10.738, 10.971, 11.108, 11.242, 11.403, 11.590, 11.770, 11.971, 12.226, 12.453, 12.608, 12.677, 12.663, 12.663, 12.688, 12.702, 12.703, 12.718, 12.794, 12.911, 13.031, 13.084, 13.037, 12.939, 12.849, 12.760, 12.634, 12.511, 12.403, 12.378, 12.392, 12.460, 12.533, 12.562, 12.483, 12.247, 11.778, 10.899, 9.388, 7.497, 6.103, 5.511, 5.318, 5.327, 5.482, 5.747, 6.056, 6.401, 6.754, 7.111, 7.444, 7.757, 8.071, 8.380, 8.693, 8.994, 9.268, 9.545, 9.813, 10.084, 10.373, 10.653, 10.929, 11.164, 11.368, 11.502, 11.602, 11.678, 11.701, 11.735, 11.671, 11.575, 11.483, 11.545, 11.570, 11.492, 11.430, 11.417, 11.415, 11.345, 11.305, 11.186, 11.017, 10.854, 10.631, 10.470, 10.374, 10.245, 10.123, 9.955, 9.741, 9.532, 9.378, 9.146, 8.912, 8.591, 8.445, 8.361, 8.086, 7.979, 7.782, 16.2,1004766.0,1201927.0,859572.07,51137.50,3361.97,27050.12,627.60,30315.73,305.06,665.60,37.73,507.49,23.56,2410.45,32.52,1272.71,21.17,1781.21,65.70,28.32,7.12,156.63,20.05,408.93,14.64,23977.44,145.56,0.00,118.27,0.00,13.79,19.45,2.42,76.69,2.64,18.66,1.40,0.00,4.86,92.66,1.33,239.51,2.21,14.76,0.93,144.84,1.79,0.00,31.48,0.00,54.79,38.32,9.48,29.41,6.32,0.00,523.22,0.00,558.60,0.00,47.33,0.00,25.71,25.03,1.57,0.00,144.72,16.48,3.33,0.00,75.78,247226.94,84800.08,5575.07,51110.19,1185.83,64855.50,652.63,1525.13,86.45,1267.15,58.83,2903.64,39.17,1780.78,29.62,2971.94,109.62,50.56,12.71,228.92,29.30,587.57,21.04,34281.60,208.11,0.00,150.38,0.00,17.55,24.35,3.03,95.46,3.29,24.64,1.85,0.00,6.83,101.33,1.45,283.24,2.61,18.74,1.18,195.65,2.42,0.00,36.90,0.00,73.06,41.16,10.18,33.60,7.22,0.00,664.24,0.00,668.70,0.00,55.57,0.00,27.76,26.96,1.69,0.00,161.34,18.75,3.79,0.00,85.97
74.0,74.0,1,74.000,18/03/2026 02:05:08,20.501,,8.57, 9.12, 8.82,36.22, -0.88, 3.49,7.952, 8.112, 8.476, 7.477, 7.475, 7.305, 7.334, 7.554, 7.683, 7.910, 8.073, 8.217, 8.288, 8.371, 8.540, 8.692, 8.849, 9.008, 9.088, 9.164, 9.209, 9.250, 9.292, 9.326, 9.265, 9.209, 9.270, 9.250, 9.200, 9.286, 9.241, 9.262, 9.274, 9.256, 9.351, 9.340, 9.442, 9.462, 9.554, 9.626, 9.715, 9.845, 9.902, 10.075, 10.142, 10.256, 10.343, 10.360, 10.462, 10.473, 10.466, 10.557, 10.552, 10.546, 10.615, 10.655, 10.649, 10.729, 10.802, 10.817, 10.862, 10.915, 10.976, 11.013, 11.070, 11.160, 11.318, 11.265, 11.310, 11.375, 11.432, 11.402, 11.346, 11.367, 11.428, 11.474, 11.496, 11.469, 11.451, 11.451, 11.432, 11.446, 11.480, 11.520, 11.575, 11.619, 11.649, 11.698, 11.781, 11.899, 11.995, 12.021, 12.004, 11.995, 12.017, 12.096, 12.197, 12.229, 12.125, 11.986, 11.834, 11.740, 11.631, 11.407, 10.737, 9.706, 8.823, 8.347, 8.153, 8.068, 8.106, 8.268, 8.601, 9.004, 9.398, 9.744, 10.000, 10.221, 10.428, 10.655, 10.896, 11.167, 11.404, 11.600, 11.753, 11.880, 11.974, 12.021, 12.070, 12.121, 12.167, 12.235, 12.290, 12.326, 12.363, 12.364, 12.374, 12.324, 12.251, 12.180, 12.082, 11.960, 11.870, 11.810, 11.780, 11.761, 11.747, 11.727, 11.665, 11.544, 11.288, 10.772, 9.786, 8.148, 6.240, 4.942, 4.431, 4.275, 4.296, 4.412, 4.621, 4.856, 5.127, 5.438, 5.765, 6.091, 6.436, 6.759, 7.104, 7.457, 7.789, 8.137, 8.455, 8.781, 9.064, 9.326, 9.557, 9.768, 9.919, 10.088, 10.220, 10.318, 10.399, 10.480, 10.538, 10.509, 10.426, 10.336, 10.430, 10.505, 10.482, 10.467, 10.429, 10.398, 10.271, 10.140, 9.934, 9.671, 9.395, 9.144, 8.990, 8.798, 8.712, 8.501, 8.331, 8.176, 7.969, 7.746, 7.536, 7.331, 7.218, 6.966, 6.849, 6.609, 6.448, 6.455, 16.3,1045722.0,1212413.0,870592.27,45266.41,3124.56,23644.96,575.29,29114.18,284.95,536.62,34.04,412.99,21.38,3001.36,33.37,1655.36,22.14,1640.02,61.28,90.51,7.45,0.00,60.18,383.24,13.35,23085.39,133.71,0.00,110.08,0.00,14.20,16.23,2.25,52.24,2.19,35.06,1.32,0.00,4.88,89.04,1.24,221.68,2.00,17.14,0.89,122.55,1.58,0.00,29.41,0.00,50.70,0.00,425.04,0.00,291.58,0.00,491.60,0.00,517.95,0.00,50.67,0.00,25.67,7.66,1.19,15.12,3.77,0.00,146.46,0.00,67.15,227376.23,75064.19,5181.38,44676.27,1086.99,62284.98,609.60,1229.59,78.00,1031.20,53.38,3615.45,40.20,2316.19,30.98,2736.36,102.25,161.58,13.30,0.00,87.96,550.65,19.18,33006.19,191.17,0.00,139.96,0.00,18.07,20.32,2.82,65.02,2.73,46.29,1.74,0.00,6.86,97.37,1.36,262.16,2.37,21.77,1.13,165.54,2.13,0.00,34.47,0.00,67.61,0.00,456.54,0.00,333.08,0.00,624.10,0.00,620.04,0.00,59.49,0.00,27.72,8.25,1.28,16.86,4.20,0.00,166.66,0.00,76.18
74.5,74.5,1,74.500,18/03/2026 02:05:51,20.235,,7.85, 8.36, 7.94,34.72, -0.89, 3.89,8.251, 7.540, 7.047, 6.272, 6.665, 6.441, 6.498, 6.624, 6.810, 7.086, 7.276, 7.417, 7.500, 7.644, 7.750, 7.893, 8.062, 8.210, 8.318, 8.394, 8.458, 8.504, 8.520, 8.541, 8.531, 8.508, 8.526, 8.501, 8.491, 8.537, 8.530, 8.544, 8.566, 8.579, 8.634, 8.667, 8.731, 8.798, 8.851, 8.966, 9.024, 9.177, 9.240, 9.380, 9.492, 9.557, 9.683, 9.700, 9.766, 9.830, 9.805, 9.870, 9.908, 9.884, 9.937, 10.006, 10.028, 10.074, 10.137, 10.208, 10.229, 10.270, 10.335, 10.404, 10.467, 10.484, 10.580, 10.668, 10.711, 10.698, 10.730, 10.763, 10.766, 10.734, 10.740, 10.796, 10.893, 10.906, 10.836, 10.744, 10.750, 10.853, 10.954, 10.950, 10.903, 10.922, 11.031, 11.180, 11.287, 11.327, 11.322, 11.340, 11.388, 11.464, 11.536, 11.567, 11.560, 11.511, 11.416, 11.341, 11.273, 11.204, 11.071, 10.738, 9.961, 8.868, 8.021, 7.633, 7.529, 7.474, 7.482, 7.568, 7.807, 8.166, 8.573, 8.983, 9.338, 9.627, 9.860, 10.065, 10.263, 10.450, 10.647, 10.854, 11.047, 11.223, 11.380, 11.481, 11.541, 11.571, 11.571, 11.593, 11.595, 11.611, 11.645, 11.688, 11.736, 11.755, 11.715, 11.653, 11.553, 11.396, 11.259, 11.156, 11.074, 11.020, 11.015, 11.001, 10.966, 10.878, 10.654, 10.156, 9.166, 7.518, 5.673, 4.449, 3.953, 3.783, 3.760, 3.828, 3.989, 4.201, 4.453, 4.755, 5.073, 5.420, 5.777, 6.133, 6.478, 6.828, 7.162, 7.486, 7.795, 8.082, 8.337, 8.582, 8.799, 8.975, 9.149, 9.290, 9.443, 9.571, 9.677, 9.789, 9.859, 9.886, 9.800, 9.756, 9.844, 9.919, 9.857, 9.837, 9.788, 9.714, 9.581, 9.423, 9.185, 8.890, 8.576, 8.336, 8.135, 8.018, 7.909, 7.695, 7.565, 7.428, 7.230, 7.065, 6.881, 6.744, 6.589, 6.325, 6.257, 6.081, 5.932, 5.955, 16.3,1024763.0,1199264.0,869150.62,47541.53,3310.45,23579.52,600.84,25646.64,276.50,408.40,34.26,443.60,22.86,3049.17,35.20,1504.75,22.00,1688.69,64.09,52.60,7.32,0.00,66.08,527.79,15.84,25782.88,154.97,0.00,125.66,0.00,16.80,0.00,12.90,99.96,3.00,22.43,1.34,0.00,5.17,96.20,1.36,227.15,2.14,14.87,0.94,131.15,1.73,0.00,30.33,0.00,56.17,0.00,452.06,0.00,318.42,0.00,531.30,0.00,549.98,0.00,55.60,0.00,30.49,16.21,1.43,0.00,143.35,15.82,3.34,0.00,70.31,227370.36,78836.97,5489.64,44552.62,1135.26,54866.75,591.53,935.79,78.50,1107.63,57.08,3673.04,42.40,2105.46,30.78,2817.57,106.93,93.90,13.07,0.00,96.58,758.35,22.76,36862.91,221.57,0.00,159.77,0.00,21.38,0.00,16.15,124.42,3.73,29.61,1.77,0.00,7.27,105.20,1.49,268.63,2.53,18.88,1.19,177.15,2.34,0.00,35.55,0.00,74.90,0.00,485.56,0.00,363.74,0.00,674.50,0.00,658.38,0.00,65.28,0.00,32.92,17.46,1.54,0.00,159.81,18.00,3.80,0.00,79.76
75.0,75.0,1,75.000,18/03/2026 02:06:25,20.962,,7.85, 8.37, 7.98,34.74, -0.93, 3.79,8.045, 6.924, 7.631, 6.530, 6.739, 6.544, 6.608, 6.767, 6.884, 7.141, 7.275, 7.453, 7.519, 7.654, 7.782, 7.921, 8.085, 8.231, 8.320, 8.416, 8.479, 8.526, 8.530, 8.524, 8.525, 8.508, 8.492, 8.511, 8.496, 8.504, 8.541, 8.521, 8.560, 8.574, 8.617, 8.642, 8.711, 8.741, 8.839, 8.897, 9.006, 9.089, 9.175, 9.312, 9.376, 9.505, 9.545, 9.618, 9.657, 9.685, 9.691, 9.726, 9.776, 9.755, 9.791, 9.880, 9.859, 9.900, 10.007, 10.009, 10.023, 10.107, 10.154, 10.180, 10.246, 10.297, 10.470, 10.450, 10.532, 10.589, 10.583, 10.546, 10.557, 10.560, 10.562, 10.612, 10.677, 10.683, 10.614, 10.529, 10.510, 10.613, 10.673, 10.657, 10.620, 10.658, 10.791, 10.907, 10.983, 11.004, 11.013, 11.070, 11.132, 11.184, 11.200, 11.197, 11.194, 11.178, 11.126, 11.019, 10.894, 10.786, 10.595, 10.208, 9.352, 8.199, 7.302, 6.864, 6.705, 6.626, 6.641, 6.751, 7.025, 7.413, 7.829, 8.234, 8.578, 8.880, 9.152, 9.398, 9.629, 9.845, 10.066, 10.278, 10.469, 10.639, 10.793, 10.911, 10.999, 11.047, 11.075, 11.068, 11.054, 11.052, 11.075, 11.107, 11.147, 11.152, 11.133, 11.068, 10.953, 10.794, 10.624, 10.470, 10.360, 10.287, 10.248, 10.232, 10.206, 10.120, 9.901, 9.375, 8.337, 6.638, 4.863, 3.754, 3.298, 3.130, 3.072, 3.124, 3.245, 3.434, 3.673, 3.960, 4.292, 4.623, 4.975, 5.307, 5.642, 5.961, 6.244, 6.532, 6.803, 7.051, 7.300, 7.528, 7.739, 7.967, 8.152, 8.344, 8.520, 8.681, 8.828, 8.949, 9.042, 9.027, 8.944, 8.854, 8.885, 8.917, 8.823, 8.759, 8.690, 8.576, 8.438, 8.253, 8.056, 7.803, 7.536, 7.290, 7.110, 6.942, 6.869, 6.743, 6.562, 6.316, 6.221, 5.901, 5.742, 5.529, 5.360, 5.218, 5.045, 4.867, 4.750, 4.588, 16.3,1013678.0,1202008.0,853341.67,51449.85,3283.20,26493.56,624.49,34891.55,326.58,576.87,36.27,330.81,22.01,4652.45,43.05,1611.96,23.76,1297.54,59.98,66.98,7.26,100.22,18.30,422.66,14.52,24159.87,144.26,0.00,119.72,0.00,14.25,11.29,2.25,71.79,2.59,12.44,1.24,0.00,5.69,98.67,1.36,216.55,2.05,17.71,0.94,120.33,1.62,0.00,30.98,0.00,54.10,0.00,444.36,0.00,308.76,0.00,520.19,0.00,547.58,0.00,57.20,0.00,25.70,16.37,1.44,38.88,3.95,0.00,149.38,0.00,72.47,258339.62,85318.04,5444.45,50058.59,1179.95,74644.71,698.66,1321.82,83.11,826.00,54.96,5604.36,51.86,2255.46,33.25,2164.94,100.08,119.57,12.96,146.48,26.75,607.29,20.86,34542.42,206.25,0.00,152.22,0.00,18.13,14.13,2.82,89.36,3.22,16.42,1.64,0.00,8.00,107.91,1.49,256.09,2.42,22.49,1.19,162.54,2.19,0.00,36.32,0.00,72.14,0.00,477.29,0.00,352.71,0.00,660.39,0.00,655.51,0.00,67.16,0.00,27.75,17.63,1.55,43.34,4.40,0.00,169.98,0.00,82.21
75.5,75.5,1,75.500,18/03/2026 02:07:17,22.154,,7.55, 8.06, 7.55,34.10, -1.05, 4.21,5.315, 5.760, 6.951, 6.054, 5.893, 6.191, 5.981, 6.214, 6.475, 6.750, 6.889, 7.058, 7.172, 7.257, 7.432, 7.589, 7.761, 7.921, 8.015, 8.107, 8.168, 8.213, 8.233, 8.234, 8.220, 8.214, 8.203, 8.189, 8.203, 8.204, 8.203, 8.216, 8.213, 8.242, 8.274, 8.312, 8.359, 8.421, 8.475, 8.564, 8.646, 8.741, 8.836, 8.940, 9.040, 9.127, 9.184, 9.242, 9.285, 9.307, 9.324, 9.350, 9.363, 9.383, 9.411, 9.438, 9.484, 9.518, 9.554, 9.597, 9.631, 9.662, 9.691, 9.744, 9.824, 9.846, 10.006, 10.032, 10.067, 10.104, 10.134, 10.151, 10.117, 10.105, 10.129, 10.170, 10.211, 10.204, 10.158, 10.088, 10.042, 10.072, 10.141, 10.157, 10.159, 10.188, 10.256, 10.356, 10.441, 10.523, 10.544, 10.584, 10.606, 10.626, 10.656, 10.695, 10.702, 10.667, 10.555, 10.404, 10.274, 10.166, 9.979, 9.555, 8.633, 7.397, 6.467, 6.021, 5.872, 5.806, 5.826, 5.931, 6.194, 6.584, 7.004, 7.427, 7.786, 8.101, 8.374, 8.625, 8.862, 9.102, 9.340, 9.573, 9.778, 9.955, 10.094, 10.186, 10.258, 10.292, 10.322, 10.343, 10.357, 10.393, 10.427, 10.454, 10.484, 10.457, 10.385, 10.285, 10.146, 9.968, 9.806, 9.674, 9.598, 9.573, 9.561, 9.565, 9.520, 9.391, 9.108, 8.508, 7.398, 5.680, 3.971, 2.953, 2.585, 2.479, 2.465, 2.529, 2.651, 2.820, 3.020, 3.253, 3.522, 3.802, 4.104, 4.413, 4.721, 5.022, 5.332, 5.633, 5.938, 6.218, 6.481, 6.739, 6.959, 7.173, 7.352, 7.522, 7.671, 7.790, 7.925, 8.026, 8.095, 8.078, 8.012, 7.946, 8.000, 8.037, 7.964, 7.904, 7.843, 7.755, 7.608, 7.420, 7.226, 6.944, 6.683, 6.420, 6.161, 6.068, 5.926, 5.737, 5.551, 5.352, 5.175, 4.989, 4.808, 4.626, 4.451, 4.317, 4.099, 4.086, 4.068, 3.822, 16.3,998902.0,1160820.0,853701.78,65651.04,3572.06,23326.42,601.01,26332.56,285.57,453.30,35.35,449.35,23.42,2047.63,30.94,1052.34,19.80,1493.55,62.79,20.86,6.84,136.26,19.28,355.54,13.91,24336.43,151.24,0.00,117.76,0.00,16.71,11.20,2.30,70.51,2.58,17.77,1.28,0.00,4.44,109.42,1.45,220.11,2.12,14.94,0.95,138.29,1.76,0.00,31.02,0.00,53.71,0.00,449.05,0.00,308.17,0.00,523.83,45.24,10.24,0.00,51.56,0.00,24.97,15.44,1.41,0.00,142.43,0.00,157.34,0.00,67.25,254191.63,108867.53,5923.46,44074.40,1135.59,56334.16,610.93,1038.68,81.00,1121.98,58.48,2466.58,37.27,1472.44,27.70,2491.98,104.76,37.24,12.21,199.15,28.18,510.85,19.99,34794.86,216.23,0.00,149.73,0.00,21.27,14.02,2.88,87.76,3.21,23.46,1.69,0.00,6.24,119.66,1.59,260.30,2.51,18.97,1.21,186.80,2.38,0.00,36.36,0.00,71.62,0.00,482.33,0.00,352.03,0.00,665.01,54.16,12.26,0.00,60.53,0.00,26.96,16.63,1.52,0.00,158.79,0.00,179.04,0.00,76.29
76.0,76.0,1,76.000,18/03/2026 02:08:00,21.887,,8.39, 8.97, 8.48,35.92, -1.17, 4.10,7.171, 6.934, 7.688, 6.908, 6.817, 6.738, 6.991, 7.099, 7.216, 7.557, 7.736, 7.938, 8.049, 8.173, 8.336, 8.506, 8.666, 8.845, 8.941, 9.028, 9.091, 9.136, 9.135, 9.141, 9.125, 9.097, 9.091, 9.067, 9.059, 9.069, 9.066, 9.068, 9.061, 9.073, 9.116, 9.131, 9.188, 9.233, 9.301, 9.376, 9.477, 9.577, 9.666, 9.780, 9.871, 9.965, 10.021, 10.078, 10.130, 10.145, 10.165, 10.205, 10.195, 10.206, 10.237, 10.267, 10.297, 10.357, 10.395, 10.433, 10.470, 10.486, 10.530, 10.592, 10.674, 10.697, 10.848, 10.884, 10.918, 10.990, 10.976, 10.952, 10.928, 10.958, 10.972, 10.990, 11.007, 11.035, 11.024, 10.956, 10.875, 10.895, 10.979, 11.058, 11.071, 11.070, 11.097, 11.184, 11.298, 11.424, 11.470, 11.458, 11.437, 11.443, 11.495, 11.592, 11.635, 11.603, 11.463, 11.298, 11.171, 11.090, 10.986, 10.628, 9.804, 8.602, 7.634, 7.165, 7.017, 6.959, 7.012, 7.135, 7.414, 7.796, 8.216, 8.608, 8.948, 9.246, 9.515, 9.772, 10.009, 10.252, 10.477, 10.691, 10.884, 11.043, 11.175, 11.275, 11.336, 11.373, 11.410, 11.433, 11.455, 11.475, 11.516, 11.551, 11.574, 11.559, 11.500, 11.409, 11.295, 11.135, 10.984, 10.888, 10.811, 10.785, 10.759, 10.749, 10.717, 10.615, 10.353, 9.797, 8.706, 6.945, 5.023, 3.790, 3.294, 3.138, 3.134, 3.235, 3.412, 3.638, 3.895, 4.199, 4.524, 4.873, 5.223, 5.571, 5.897, 6.241, 6.563, 6.887, 7.198, 7.499, 7.774, 8.046, 8.295, 8.527, 8.711, 8.909, 9.065, 9.201, 9.302, 9.407, 9.491, 9.457, 9.397, 9.283, 9.364, 9.405, 9.345, 9.290, 9.230, 9.149, 9.039, 8.876, 8.661, 8.382, 8.128, 7.844, 7.656, 7.506, 7.360, 7.189, 7.004, 6.812, 6.600, 6.347, 6.124, 5.939, 5.726, 5.580, 5.327, 5.273, 5.030, 5.027, 16.3,1018384.0,1236870.0,846615.83,72518.31,3580.71,24016.21,605.08,25334.88,277.98,383.13,34.03,462.18,23.23,2347.39,32.19,1029.41,19.68,1426.78,61.89,66.23,7.48,0.00,62.71,442.51,14.82,24598.31,152.29,0.00,120.88,0.00,17.08,10.01,2.28,81.46,2.79,16.32,1.37,0.00,4.25,102.33,1.40,245.14,2.26,13.27,0.93,124.39,1.70,0.00,31.27,0.00,54.77,0.00,451.82,0.00,302.18,36.62,9.34,73.71,10.20,20.80,3.39,0.00,31.06,23.49,1.55,0.00,144.46,11.27,3.29,0.00,67.84,265356.16,120255.36,5937.80,45377.73,1143.28,54199.79,594.69,877.89,77.98,1154.02,58.00,2827.68,38.78,1440.36,27.54,2380.57,103.26,118.23,13.35,0.00,91.65,635.82,21.29,35169.28,217.74,0.00,153.70,0.00,21.74,12.53,2.85,101.39,3.47,21.55,1.81,0.00,5.97,111.91,1.53,289.90,2.67,16.85,1.18,168.02,2.30,0.00,36.65,0.00,73.03,0.00,485.31,0.00,345.19,46.49,11.86,88.24,12.21,24.42,3.98,0.00,33.54,25.30,1.67,0.00,161.05,12.82,3.74,0.00,76.96
76.5,76.5,1,76.500,18/03/2026 02:08:44,21.298,,8.26, 8.81, 8.45,35.62, -1.05, 3.69,7.649, 6.963, 7.595, 6.997, 7.164, 6.989, 6.939, 7.122, 7.279, 7.596, 7.738, 7.858, 7.969, 8.091, 8.248, 8.384, 8.555, 8.705, 8.796, 8.875, 8.924, 8.973, 8.974, 8.983, 8.967, 8.928, 8.921, 8.905, 8.889, 8.902, 8.899, 8.893, 8.904, 8.913, 8.940, 8.966, 9.010, 9.064, 9.116, 9.208, 9.284, 9.381, 9.477, 9.578, 9.691, 9.766, 9.837, 9.890, 9.927, 9.954, 9.959, 9.991, 10.003, 10.020, 10.038, 10.082, 10.120, 10.156, 10.201, 10.259, 10.298, 10.323, 10.380, 10.426, 10.508, 10.533, 10.602, 10.667, 10.664, 10.709, 10.763, 10.760, 10.732, 10.729, 10.766, 10.809, 10.861, 10.861, 10.834, 10.794, 10.797, 10.839, 10.902, 10.942, 10.956, 10.985, 11.045, 11.131, 11.223, 11.313, 11.374, 11.393, 11.403, 11.429, 11.473, 11.547, 11.603, 11.602, 11.525, 11.417, 11.311, 11.251, 11.164, 10.938, 10.282, 9.289, 8.434, 8.018, 7.893, 7.842, 7.872, 7.994, 8.265, 8.638, 9.019, 9.375, 9.666, 9.913, 10.128, 10.327, 10.522, 10.727, 10.923, 11.118, 11.290, 11.439, 11.550, 11.634, 11.685, 11.712, 11.726, 11.749, 11.776, 11.799, 11.832, 11.875, 11.911, 11.912, 11.876, 11.832, 11.739, 11.616, 11.498, 11.387, 11.347, 11.311, 11.297, 11.297, 11.274, 11.188, 10.996, 10.533, 9.603, 8.010, 6.113, 4.812, 4.258, 4.066, 4.046, 4.140, 4.333, 4.585, 4.865, 5.199, 5.551, 5.918, 6.284, 6.644, 6.985, 7.352, 7.671, 7.984, 8.272, 8.550, 8.815, 9.052, 9.267, 9.476, 9.643, 9.819, 9.969, 10.093, 10.225, 10.316, 10.379, 10.369, 10.278, 10.186, 10.283, 10.337, 10.290, 10.242, 10.224, 10.138, 10.030, 9.874, 9.676, 9.392, 9.146, 8.894, 8.764, 8.623, 8.497, 8.406, 8.258, 8.094, 7.923, 7.695, 7.569, 7.410, 7.078, 7.079, 6.901, 6.706, 6.530, 6.483, 16.3,1021790.0,1264277.0,858058.47,53088.01,3380.54,27664.70,637.71,27649.50,290.23,414.22,34.56,481.90,23.33,2977.06,35.30,1085.03,20.80,1240.84,59.48,129.45,8.17,0.00,64.73,420.90,14.49,26158.69,157.85,0.00,127.83,0.00,15.40,13.70,2.35,84.73,2.83,18.50,1.23,0.00,5.25,102.26,1.41,262.27,2.36,9.34,0.91,122.70,1.70,7.23,1.09,0.00,54.00,0.00,450.03,0.00,318.20,0.00,520.69,0.00,553.00,0.00,60.51,0.00,27.37,10.51,1.33,0.00,142.16,0.00,158.59,0.00,71.31,247787.11,88034.56,5605.87,52271.42,1204.93,59151.54,620.90,949.13,79.19,1203.26,58.25,3586.18,42.52,1518.18,29.10,2070.33,99.24,231.09,14.58,0.00,94.61,604.77,20.82,37400.23,225.69,0.00,162.53,0.00,19.60,17.15,2.94,105.46,3.52,24.43,1.62,0.00,7.38,111.83,1.54,310.16,2.79,11.86,1.16,165.74,2.30,8.48,1.28,0.00,72.01,0.00,483.38,0.00,363.49,0.00,661.03,0.00,662.00,0.00,71.04,0.00,29.55,11.32,1.43,0.00,158.49,0.00,180.46,0.00,80.90
77.0,77.0,1,77.000,18/03/2026 02:09:18,21.493,,8.18, 8.72, 8.39,35.44, -0.95, 3.58,7.872, 7.890, 7.594, 6.950, 7.185, 6.751, 6.907, 7.159, 7.286, 7.529, 7.663, 7.812, 7.896, 8.022, 8.162, 8.307, 8.458, 8.602, 8.696, 8.775, 8.825, 8.874, 8.874, 8.882, 8.872, 8.844, 8.833, 8.826, 8.831, 8.838, 8.838, 8.838, 8.841, 8.862, 8.901, 8.938, 8.984, 9.038, 9.101, 9.192, 9.265, 9.374, 9.470, 9.578, 9.681, 9.770, 9.841, 9.904, 9.943, 9.977, 9.990, 10.028, 10.036, 10.045, 10.070, 10.109, 10.143, 10.197, 10.247, 10.306, 10.367, 10.399, 10.454, 10.513, 10.590, 10.617, 10.700, 10.702, 10.793, 10.793, 10.856, 10.807, 10.825, 10.843, 10.863, 10.880, 10.932, 10.967, 10.958, 10.917, 10.922, 10.957, 11.053, 11.101, 11.110, 11.116, 11.175, 11.275, 11.405, 11.489, 11.515, 11.527, 11.539, 11.590, 11.655, 11.746, 11.796, 11.781, 11.722, 11.643, 11.582, 11.552, 11.495, 11.298, 10.769, 9.904, 9.146, 8.775, 8.682, 8.636, 8.651, 8.751, 9.007, 9.361, 9.730, 10.084, 10.355, 10.577, 10.738, 10.886, 11.034, 11.195, 11.371, 11.560, 11.733, 11.882, 12.002, 12.065, 12.103, 12.101, 12.097, 12.107, 12.119, 12.156, 12.211, 12.264, 12.323, 12.336, 12.309, 12.269, 12.207, 12.084, 11.990, 11.904, 11.847, 11.838, 11.823, 11.840, 11.836, 11.777, 11.615, 11.230, 10.399, 8.886, 6.952, 5.539, 4.928, 4.702, 4.685, 4.803, 5.023, 5.296, 5.615, 5.979, 6.350, 6.747, 7.121, 7.489, 7.845, 8.181, 8.502, 8.807, 9.112, 9.377, 9.622, 9.863, 10.070, 10.266, 10.447, 10.596, 10.739, 10.880, 10.976, 11.078, 11.145, 11.115, 11.006, 10.890, 10.986, 11.059, 11.042, 11.020, 11.014, 10.946, 10.843, 10.694, 10.493, 10.263, 10.016, 9.777, 9.581, 9.484, 9.422, 9.299, 9.251, 9.071, 8.893, 8.650, 8.568, 8.271, 8.066, 7.830, 7.585, 7.389, 7.324, 7.212, 16.2,998696.0,1212619.0,845091.25,68601.70,3718.39,26696.41,654.83,27271.69,303.18,607.78,39.47,430.64,24.92,1504.33,30.14,989.12,20.51,1655.06,67.58,25.04,7.44,0.00,68.70,385.20,14.91,26012.75,167.24,0.00,132.68,0.00,17.04,9.10,2.40,83.30,2.96,21.74,1.38,0.00,5.81,104.13,1.50,281.35,2.60,17.70,1.02,136.67,1.88,10.10,1.17,0.00,57.19,0.00,494.53,0.00,341.02,0.00,579.25,0.00,605.42,15.80,3.50,0.00,34.54,14.63,1.50,0.00,157.16,34.48,3.66,0.00,80.01,269643.75,113760.54,6166.12,50441.87,1237.28,58343.28,648.60,1392.65,90.44,1075.27,62.22,1812.12,36.31,1383.98,28.70,2761.46,112.76,44.70,13.28,0.00,100.41,553.47,21.42,37191.57,239.11,0.00,168.70,0.00,21.68,11.39,3.00,103.68,3.68,28.70,1.82,0.00,8.16,113.88,1.64,332.72,3.07,22.48,1.30,184.61,2.54,11.84,1.37,0.00,76.26,0.00,531.18,0.00,389.56,0.00,735.37,0.00,724.75,18.55,4.11,0.00,37.29,15.76,1.62,0.00,175.21,39.23,4.16,0.00,90.77
77.5,77.5,1,77.500,18/03/2026 02:10:01,23.148,,8.41, 8.99, 8.47,35.96, -1.20, 4.20,7.543, 7.511, 6.967, 6.687, 6.724, 6.967, 6.894, 7.020, 7.201, 7.552, 7.755, 7.942, 8.042, 8.158, 8.335, 8.510, 8.694, 8.860, 8.970, 9.053, 9.117, 9.161, 9.161, 9.173, 9.161, 9.125, 9.118, 9.100, 9.094, 9.082, 9.083, 9.071, 9.063, 9.085, 9.132, 9.169, 9.221, 9.285, 9.351, 9.441, 9.529, 9.637, 9.741, 9.858, 9.969, 10.067, 10.136, 10.218, 10.270, 10.301, 10.322, 10.355, 10.374, 10.400, 10.415, 10.457, 10.496, 10.540, 10.580, 10.641, 10.700, 10.719, 10.783, 10.860, 10.892, 10.955, 11.010, 11.084, 11.106, 11.173, 11.171, 11.170, 11.169, 11.162, 11.200, 11.257, 11.285, 11.286, 11.267, 11.239, 11.226, 11.277, 11.350, 11.376, 11.399, 11.413, 11.457, 11.534, 11.644, 11.738, 11.782, 11.787, 11.793, 11.818, 11.885, 11.958, 12.016, 12.008, 11.938, 11.833, 11.741, 11.695, 11.639, 11.452, 10.915, 10.040, 9.289, 8.906, 8.790, 8.734, 8.763, 8.866, 9.111, 9.443, 9.798, 10.128, 10.389, 10.604, 10.773, 10.919, 11.072, 11.241, 11.406, 11.573, 11.740, 11.881, 12.002, 12.082, 12.127, 12.131, 12.141, 12.120, 12.121, 12.149, 12.186, 12.243, 12.299, 12.318, 12.287, 12.237, 12.157, 12.047, 11.912, 11.815, 11.761, 11.722, 11.703, 11.719, 11.717, 11.650, 11.490, 11.110, 10.305, 8.863, 7.074, 5.762, 5.177, 4.963, 4.938, 5.051, 5.254, 5.509, 5.822, 6.145, 6.501, 6.869, 7.219, 7.549, 7.871, 8.186, 8.477, 8.760, 9.027, 9.276, 9.506, 9.716, 9.904, 10.095, 10.246, 10.430, 10.561, 10.684, 10.778, 10.886, 10.948, 10.911, 10.838, 10.743, 10.820, 10.880, 10.818, 10.800, 10.767, 10.697, 10.609, 10.468, 10.297, 10.055, 9.836, 9.639, 9.505, 9.378, 9.314, 9.240, 9.136, 8.888, 8.746, 8.564, 8.469, 8.296, 8.093, 7.934, 7.585, 7.617, 7.431, 7.275, 16.3,1028826.0,1204054.0,859122.01,62442.83,3506.95,25270.18,610.55,23140.20,263.86,504.27,35.49,494.70,23.46,1078.10,26.04,905.62,18.56,1803.91,65.33,41.76,7.15,0.00,62.70,590.49,16.47,23932.14,147.25,0.00,120.37,0.00,15.20,21.21,2.46,72.78,2.62,15.20,1.27,0.00,5.40,93.26,1.33,240.32,2.22,18.58,0.95,132.18,1.72,6.43,1.07,0.00,53.62,0.00,447.96,0.00,307.35,0.00,525.08,42.98,10.21,0.00,60.38,0.00,30.97,17.75,1.45,13.13,4.08,0.00,155.46,0.00,70.41,244723.57,103547.43,5815.49,47747.06,1153.61,49504.64,564.48,1155.47,81.32,1235.22,58.58,1298.68,31.37,1267.15,25.97,3009.81,109.00,74.55,12.76,0.00,91.64,848.44,23.66,34216.83,210.53,0.00,153.05,0.00,19.34,26.55,3.08,90.59,3.26,20.07,1.68,0.00,7.59,101.99,1.45,284.20,2.63,23.60,1.21,178.54,2.32,7.54,1.25,0.00,71.50,0.00,481.16,0.00,351.10,0.00,666.60,51.45,12.22,0.00,70.89,0.00,33.44,19.12,1.56,14.64,4.55,0.00,176.90,0.00,79.88
78.0,78.0,1,78.000,18/03/2026 02:10:45,24.798,,9.22, 9.88, 9.39,37.63, -1.38, 4.10,10.448, 8.579, 8.491, 8.078, 7.972, 7.567, 7.619, 7.798, 8.022, 8.387, 8.601, 8.776, 8.862, 9.037, 9.240, 9.426, 9.593, 9.761, 9.875, 9.963, 10.048, 10.102, 10.103, 10.050, 9.969, 9.951, 10.016, 9.944, 9.852, 9.926, 9.926, 9.803, 9.890, 9.842, 9.862, 9.969, 9.901, 10.085, 10.011, 10.242, 10.182, 10.438, 10.395, 10.639, 10.658, 10.789, 10.892, 10.853, 11.044, 10.936, 11.020, 11.094, 10.978, 11.121, 11.128, 11.057, 11.233, 11.237, 11.181, 11.348, 11.423, 11.307, 11.429, 11.589, 11.527, 11.523, 11.689, 11.782, 11.693, 11.706, 11.852, 11.886, 11.761, 11.703, 11.812, 11.928, 11.892, 11.790, 11.798, 11.873, 11.870, 11.839, 11.844, 11.929, 12.021, 12.072, 12.043, 12.051, 12.166, 12.337, 12.439, 12.415, 12.335, 12.303, 12.373, 12.537, 12.646, 12.620, 12.464, 12.305, 12.215, 12.217, 12.229, 12.070, 11.495, 10.540, 9.687, 9.292, 9.225, 9.239, 9.309, 9.407, 9.603, 9.895, 10.218, 10.572, 10.899, 11.185, 11.405, 11.556, 11.663, 11.766, 11.889, 12.046, 12.225, 12.434, 12.602, 12.725, 12.771, 12.746, 12.676, 12.619, 12.583, 12.600, 12.669, 12.764, 12.909, 12.966, 12.962, 12.896, 12.781, 12.596, 12.429, 12.273, 12.209, 12.204, 12.224, 12.288, 12.339, 12.318, 12.174, 11.764, 10.897, 9.356, 7.403, 5.958, 5.304, 5.064, 5.065, 5.218, 5.483, 5.825, 6.192, 6.586, 6.970, 7.330, 7.674, 7.983, 8.277, 8.560, 8.849, 9.123, 9.406, 9.687, 9.967, 10.227, 10.474, 10.717, 10.929, 11.106, 11.248, 11.353, 11.438, 11.507, 11.531, 11.464, 11.322, 11.224, 11.275, 11.347, 11.310, 11.300, 11.335, 11.298, 11.260, 11.165, 11.004, 10.804, 10.593, 10.352, 10.177, 10.081, 9.911, 9.769, 9.632, 9.432, 9.158, 9.040, 8.802, 8.648, 8.344, 8.270, 8.061, 8.023, 7.898, 7.853, 16.3,1030130.0,1180848.0,884921.88,42752.94,3236.93,22281.30,566.50,24484.81,265.91,448.12,33.78,451.58,22.58,88.97,20.78,387.43,14.93,1256.25,57.41,19.40,6.28,0.00,55.56,366.60,13.15,21711.91,129.48,0.00,109.43,0.00,15.19,23.13,2.40,82.53,2.64,30.50,1.25,0.00,5.27,89.95,1.25,200.67,1.90,17.52,0.90,126.52,1.60,5.50,1.02,0.00,52.02,43.81,8.97,34.81,6.00,63.60,8.86,75.12,9.70,0.00,51.96,0.00,22.80,5.77,1.15,29.38,3.72,0.00,143.88,0.00,63.69,202884.26,70896.17,5367.72,42099.68,1070.38,52381.21,568.87,1026.81,77.40,1127.55,56.38,107.17,25.03,542.09,20.89,2096.05,95.79,34.63,11.21,0.00,81.20,526.75,18.89,31042.47,185.12,0.00,139.14,0.00,19.33,28.95,3.00,102.73,3.29,40.27,1.65,0.00,7.41,98.37,1.37,237.31,2.25,22.25,1.14,170.90,2.16,6.45,1.20,0.00,69.37,47.06,9.63,39.76,6.85,80.74,11.25,89.93,11.61,0.00,61.00,0.00,24.62,6.22,1.24,32.75,4.15,0.00,163.72,0.00,72.25
78.5,78.5,1,78.500,18/03/2026 02:11:19,23.809,1157879.366,9.60, 10.26, 10.01,38.31, -1.21, 3.38,10.737, 9.015, 9.206, 8.638, 8.317, 8.160, 8.273, 8.402, 8.661, 9.009, 9.176, 9.342, 9.396, 9.556, 9.732, 9.879, 10.042, 10.175, 10.270, 10.333, 10.395, 10.451, 10.460, 10.433, 10.354, 10.309, 10.349, 10.294, 10.217, 10.266, 10.251, 10.166, 10.243, 10.162, 10.233, 10.245, 10.263, 10.345, 10.346, 10.487, 10.520, 10.645, 10.743, 10.806, 10.998, 10.964, 11.147, 11.112, 11.174, 11.260, 11.152, 11.284, 11.280, 11.196, 11.339, 11.334, 11.278, 11.433, 11.476, 11.414, 11.552, 11.631, 11.574, 11.633, 11.800, 11.792, 11.711, 11.798, 11.940, 11.957, 11.848, 11.884, 11.999, 12.007, 11.895, 11.897, 12.048, 12.140, 12.034, 11.877, 11.867, 12.046, 12.197, 12.159, 12.053, 12.054, 12.195, 12.402, 12.495, 12.460, 12.407, 12.447, 12.552, 12.663, 12.704, 12.683, 12.640, 12.631, 12.656, 12.662, 12.609, 12.506, 12.350, 12.094, 11.594, 10.845, 10.205, 9.890, 9.749, 9.596, 9.509, 9.575, 9.846, 10.288, 10.748, 11.122, 11.356, 11.466, 11.530, 11.600, 11.726, 11.956, 12.222, 12.495, 12.716, 12.856, 12.902, 12.862, 12.811, 12.790, 12.798, 12.875, 12.981, 13.089, 13.183, 13.248, 13.257, 13.190, 13.074, 12.964, 12.846, 12.748, 12.706, 12.705, 12.735, 12.789, 12.767, 12.769, 12.708, 12.598, 12.359, 11.934, 11.116, 9.696, 7.928, 6.608, 6.051, 5.892, 5.925, 6.070, 6.305, 6.565, 6.831, 7.113, 7.425, 7.729, 8.056, 8.387, 8.738, 9.098, 9.462, 9.821, 10.145, 10.458, 10.732, 10.968, 11.160, 11.330, 11.438, 11.537, 11.626, 11.693, 11.751, 11.820, 11.861, 11.847, 11.767, 11.733, 11.877, 12.034, 12.047, 12.085, 12.110, 12.080, 11.993, 11.874, 11.659, 11.346, 11.072, 10.784, 10.594, 10.479, 10.414, 10.283, 10.143, 10.035, 10.013, 9.804, 9.611, 9.570, 9.445, 9.280, 9.180, 9.037, 9.061, 8.920, 16.3,1011092.0,1221519.0,863898.24,59500.70,3496.80,21879.06,584.11,25036.24,276.77,557.00,36.47,366.62,22.86,1334.58,27.32,877.97,18.72,2047.85,68.08,35.47,6.99,109.32,17.67,335.12,13.32,23265.59,144.16,0.00,116.64,0.00,15.68,21.60,2.48,60.28,2.46,18.91,1.24,0.00,4.25,93.56,1.34,255.30,2.31,18.60,0.95,163.69,1.88,0.00,31.46,0.00,55.64,46.38,9.79,0.00,309.31,0.00,522.41,0.00,544.34,15.63,3.14,0.00,25.75,9.60,1.30,52.67,3.85,0.00,146.47,0.00,70.58,236895.44,98668.57,5798.66,41339.67,1103.65,53560.90,592.10,1276.29,83.57,915.41,57.08,1607.64,32.91,1228.46,26.19,3416.82,113.59,63.32,12.48,159.78,25.83,481.51,19.14,33263.83,206.11,0.00,148.31,0.00,19.95,27.04,3.10,75.03,3.06,24.97,1.64,0.00,5.97,102.32,1.47,301.92,2.73,23.62,1.21,221.11,2.54,0.00,36.88,0.00,74.19,49.82,10.52,0.00,353.33,0.00,663.21,0.00,651.63,18.35,3.69,0.00,27.80,10.34,1.40,58.72,4.29,0.00,166.67,0.00,80.07
79.0,79.0,1,79.000,18/03/2026 02:12:02,22.416,,9.25, 9.89, 9.59,37.65, -1.23, 3.53,10.688, 8.256, 9.214, 8.063, 7.934, 7.848, 7.896, 8.012, 8.249, 8.589, 8.791, 8.978, 9.023, 9.157, 9.355, 9.497, 9.642, 9.807, 9.896, 9.965, 10.030, 10.060, 10.064, 10.046, 10.013, 9.973, 9.960, 9.923, 9.888, 9.895, 9.888, 9.843, 9.859, 9.845, 9.865, 9.899, 9.913, 9.984, 10.005, 10.114, 10.168, 10.286, 10.355, 10.489, 10.556, 10.669, 10.697, 10.777, 10.808, 10.821, 10.862, 10.844, 10.881, 10.888, 10.870, 10.947, 10.970, 10.966, 11.061, 11.099, 11.103, 11.174, 11.246, 11.252, 11.315, 11.399, 11.428, 11.426, 11.530, 11.557, 11.527, 11.468, 11.524, 11.558, 11.513, 11.535, 11.614, 11.670, 11.612, 11.489, 11.510, 11.619, 11.738, 11.723, 11.661, 11.662, 11.797, 11.938, 12.008, 12.007, 12.005, 12.060, 12.133, 12.195, 12.202, 12.194, 12.217, 12.262, 12.259, 12.220, 12.106, 12.012, 11.902, 11.743, 11.298, 10.532, 9.823, 9.419, 9.261, 9.154, 9.163, 9.299, 9.603, 9.993, 10.348, 10.632, 10.844, 10.989, 11.126, 11.289, 11.484, 11.692, 11.889, 12.055, 12.186, 12.269, 12.345, 12.407, 12.457, 12.508, 12.559, 12.583, 12.591, 12.606, 12.611, 12.617, 12.648, 12.639, 12.646, 12.636, 12.612, 12.532, 12.457, 12.364, 12.290, 12.229, 12.159, 12.149, 12.141, 12.100, 11.971, 11.643, 10.908, 9.529, 7.728, 6.361, 5.711, 5.471, 5.399, 5.481, 5.671, 5.958, 6.288, 6.659, 7.067, 7.465, 7.859, 8.232, 8.558, 8.865, 9.145, 9.396, 9.645, 9.878, 10.076, 10.290, 10.490, 10.686, 10.886, 11.086, 11.257, 11.422, 11.524, 11.655, 11.716, 11.675, 11.557, 11.423, 11.482, 11.561, 11.474, 11.446, 11.405, 11.363, 11.276, 11.172, 11.044, 10.827, 10.658, 10.453, 10.338, 10.271, 10.219, 10.160, 10.025, 9.865, 9.708, 9.540, 9.193, 9.017, 8.837, 8.702, 8.376, 8.217, 8.027, 8.017, 16.3,1019983.0,1210882.0,879317.70,48503.18,3322.62,20288.05,552.58,25356.74,272.43,669.50,36.71,569.13,23.49,720.44,23.67,600.44,16.23,1300.66,58.43,74.82,7.11,105.00,17.27,331.29,12.87,21494.83,130.03,0.00,112.55,0.00,14.99,19.03,2.33,58.20,2.32,27.09,1.23,0.00,5.37,85.07,1.23,210.48,1.98,13.16,0.87,128.19,1.62,7.08,1.04,0.00,50.87,0.00,430.52,0.00,295.45,30.56,8.93,39.62,9.64,0.00,54.34,0.00,24.72,5.08,1.16,44.65,3.67,0.00,142.71,0.00,68.98,212153.74,80431.65,5509.82,38333.51,1044.08,54246.56,582.82,1534.07,84.12,1421.06,58.65,867.85,28.51,840.14,22.71,2170.14,97.49,133.57,12.69,153.46,25.24,476.01,18.49,30732.10,185.91,0.00,143.11,0.00,19.08,23.82,2.92,72.44,2.89,35.77,1.62,0.00,7.55,93.03,1.35,248.91,2.34,16.71,1.10,173.16,2.19,8.30,1.22,0.00,67.83,0.00,462.43,0.00,337.50,38.80,11.34,47.43,11.54,0.00,63.80,0.00,26.69,5.47,1.25,49.78,4.09,0.00,162.39,0.00,78.25
79.5,79.5,1,79.500,18/03/2026 02:12:46,22.023,,9.29, 9.93, 9.71,37.71, -1.23, 3.26,10.982, 8.548, 8.554, 8.536, 8.325, 8.144, 8.107, 8.225, 8.422, 8.722, 8.893, 9.061, 9.130, 9.244, 9.414, 9.579, 9.731, 9.865, 9.953, 10.010, 10.075, 10.100, 10.084, 10.056, 10.003, 9.979, 9.979, 9.933, 9.896, 9.908, 9.895, 9.842, 9.862, 9.850, 9.860, 9.916, 9.905, 9.987, 9.989, 10.105, 10.141, 10.266, 10.317, 10.454, 10.500, 10.633, 10.639, 10.734, 10.756, 10.749, 10.820, 10.770, 10.818, 10.841, 10.799, 10.895, 10.917, 10.887, 10.997, 11.045, 11.033, 11.105, 11.200, 11.180, 11.214, 11.316, 11.294, 11.287, 11.376, 11.457, 11.424, 11.348, 11.374, 11.475, 11.421, 11.391, 11.459, 11.550, 11.524, 11.415, 11.383, 11.493, 11.634, 11.654, 11.577, 11.553, 11.660, 11.808, 11.913, 11.938, 11.924, 11.940, 12.003, 12.065, 12.102, 12.120, 12.137, 12.164, 12.155, 12.115, 12.040, 11.949, 11.865, 11.695, 11.259, 10.529, 9.847, 9.481, 9.333, 9.218, 9.217, 9.342, 9.643, 10.022, 10.386, 10.666, 10.845, 10.976, 11.104, 11.258, 11.443, 11.646, 11.838, 11.997, 12.125, 12.197, 12.256, 12.307, 12.347, 12.412, 12.464, 12.513, 12.532, 12.539, 12.538, 12.537, 12.554, 12.554, 12.555, 12.545, 12.530, 12.484, 12.424, 12.346, 12.287, 12.206, 12.158, 12.131, 12.100, 12.065, 11.933, 11.639, 10.948, 9.612, 7.828, 6.487, 5.855, 5.598, 5.535, 5.619, 5.818, 6.085, 6.404, 6.772, 7.168, 7.576, 7.982, 8.347, 8.702, 9.026, 9.312, 9.580, 9.808, 10.037, 10.239, 10.422, 10.596, 10.787, 10.963, 11.134, 11.305, 11.462, 11.592, 11.713, 11.777, 11.778, 11.661, 11.544, 11.612, 11.660, 11.593, 11.566, 11.515, 11.483, 11.391, 11.253, 11.112, 10.924, 10.710, 10.521, 10.408, 10.369, 10.350, 10.303, 10.182, 10.072, 9.921, 9.648, 9.508, 9.296, 9.110, 8.787, 8.540, 8.409, 8.233, 8.224, 16.2,1003628.0,1199322.0,860131.45,63922.77,3600.91,23578.99,605.18,26584.75,290.76,491.14,36.49,545.07,24.73,544.37,24.43,618.24,17.35,828.39,55.10,131.59,8.11,85.49,19.12,349.91,13.69,21451.43,135.87,0.00,115.53,0.00,13.79,27.78,2.58,79.68,2.76,23.21,1.18,0.00,5.05,93.09,1.33,246.87,2.27,26.51,1.00,132.31,1.72,0.00,32.09,0.00,54.85,0.00,457.36,0.00,312.84,49.76,9.43,0.00,563.73,21.04,3.42,0.00,35.22,0.00,38.02,36.14,3.98,0.00,153.28,0.00,74.10,245247.79,106001.58,5971.30,44551.62,1143.47,56873.68,622.03,1125.38,83.61,1360.99,61.75,655.75,29.43,865.05,24.28,1382.16,91.93,234.91,14.48,124.95,27.94,502.76,19.67,30670.05,194.26,0.00,146.89,0.00,17.55,34.77,3.23,99.18,3.44,30.64,1.56,0.00,7.10,101.80,1.45,291.95,2.68,33.67,1.27,178.72,2.32,0.00,37.62,0.00,73.14,0.00,491.26,0.00,357.37,63.17,11.97,0.00,674.84,24.70,4.02,0.00,38.03,0.00,40.96,40.29,4.44,0.00,174.42,0.00,84.06
80.0,80.0,1,80.000,18/03/2026 02:13:29,21.692,,10.38, 11.07, 11.09,39.71, -1.10, 2.64,13.393, 11.534, 10.720, 10.056, 9.528, 9.543, 9.528, 9.537, 9.786, 10.021, 10.169, 10.264, 10.347, 10.499, 10.638, 10.779, 10.906, 11.027, 11.108, 11.155, 11.194, 11.217, 11.217, 11.223, 11.148, 11.066, 11.087, 11.071, 10.977, 11.009, 11.004, 10.911, 10.967, 10.882, 10.956, 10.915, 10.982, 10.983, 11.070, 11.077, 11.230, 11.197, 11.429, 11.368, 11.582, 11.606, 11.594, 11.824, 11.638, 11.793, 11.843, 11.653, 11.896, 11.852, 11.652, 11.963, 11.963, 11.737, 12.007, 12.168, 11.893, 11.971, 12.296, 12.193, 12.015, 12.253, 12.523, 12.268, 12.074, 12.368, 12.653, 12.445, 12.107, 12.274, 12.650, 12.684, 12.335, 12.178, 12.429, 12.692, 12.575, 12.260, 12.181, 12.486, 12.846, 12.867, 12.572, 12.353, 12.512, 12.957, 13.262, 13.193, 12.837, 12.572, 12.653, 13.063, 13.433, 13.477, 13.142, 12.681, 12.405, 12.463, 12.724, 12.858, 12.441, 11.404, 10.316, 9.681, 9.537, 9.700, 10.038, 10.385, 10.678, 10.841, 10.896, 10.940, 11.099, 11.412, 11.844, 12.267, 12.600, 12.788, 12.795, 12.694, 12.600, 12.579, 12.714, 12.959, 13.267, 13.545, 13.716, 13.736, 13.603, 13.394, 13.177, 13.028, 12.995, 13.075, 13.241, 13.452, 13.641, 13.707, 13.651, 13.505, 13.268, 13.020, 12.722, 12.544, 12.436, 12.410, 12.399, 12.234, 11.687, 10.502, 8.886, 7.689, 7.042, 6.686, 6.453, 6.323, 6.314, 6.414, 6.631, 6.975, 7.437, 7.968, 8.524, 9.075, 9.589, 10.038, 10.383, 10.645, 10.837, 10.919, 10.963, 10.964, 10.974, 11.018, 11.086, 11.231, 11.447, 11.681, 11.942, 12.261, 12.534, 12.714, 12.748, 12.742, 12.891, 12.950, 12.848, 12.674, 12.481, 12.241, 11.993, 11.665, 11.391, 11.035, 10.728, 10.553, 10.502, 10.509, 10.652, 10.760, 10.820, 10.966, 10.965, 11.018, 10.949, 10.785, 10.706, 10.351, 10.033, 9.801, 9.473, 9.282, 16.3,994192.0,1187815.0,861523.90,61372.42,3571.13,23909.27,611.22,24942.85,279.72,636.54,38.12,335.54,23.16,1338.12,27.95,845.79,19.02,1362.93,61.71,36.91,7.11,55.95,18.19,430.98,14.91,22608.49,142.33,0.00,117.25,0.00,13.29,0.00,13.08,76.81,2.73,8.12,1.09,0.00,5.42,117.87,1.51,223.66,2.14,15.74,0.97,127.26,1.70,3.29,1.06,0.00,55.53,0.00,457.47,0.00,323.58,0.00,531.45,0.00,561.65,17.15,3.29,0.00,30.77,10.39,1.33,0.00,145.29,0.00,160.43,0.00,72.60,241492.98,101772.40,5921.92,45175.67,1154.88,53361.11,598.41,1458.55,87.35,837.81,57.83,1611.91,33.67,1183.43,26.61,2274.04,102.96,65.89,12.69,81.77,26.59,619.25,21.42,32324.35,203.50,0.00,149.08,0.00,16.91,0.00,16.37,95.61,3.40,10.72,1.44,0.00,7.62,128.90,1.65,264.50,2.53,19.99,1.23,171.90,2.30,3.86,1.24,0.00,74.05,0.00,491.37,0.00,369.64,0.00,674.69,0.00,672.35,20.14,3.86,0.00,33.22,11.19,1.43,0.00,161.97,0.00,182.55,0.00,82.36
80.5,80.5,1,80.500,18/03/2026 02:14:21,22.617,,10.21, 10.89, 10.70,39.40, -1.12, 3.21,10.668, 9.276, 10.086, 9.242, 8.935, 8.949, 8.845, 9.070, 9.312, 9.657, 9.804, 9.980, 10.063, 10.171, 10.347, 10.502, 10.659, 10.788, 10.895, 10.949, 11.009, 11.082, 11.101, 11.071, 10.993, 10.946, 10.976, 10.906, 10.878, 10.902, 10.853, 10.843, 10.810, 10.814, 10.825, 10.841, 10.858, 10.912, 10.936, 11.042, 11.081, 11.215, 11.254, 11.401, 11.454, 11.558, 11.611, 11.628, 11.715, 11.686, 11.706, 11.755, 11.706, 11.752, 11.764, 11.763, 11.831, 11.864, 11.866, 11.940, 12.011, 11.971, 12.011, 12.151, 12.152, 12.127, 12.147, 12.287, 12.290, 12.259, 12.296, 12.416, 12.361, 12.275, 12.278, 12.383, 12.482, 12.411, 12.280, 12.237, 12.339, 12.434, 12.433, 12.384, 12.365, 12.459, 12.590, 12.657, 12.681, 12.686, 12.730, 12.790, 12.869, 12.897, 12.875, 12.867, 12.892, 12.907, 12.894, 12.826, 12.706, 12.594, 12.460, 12.236, 11.703, 10.874, 10.144, 9.771, 9.616, 9.480, 9.449, 9.532, 9.810, 10.222, 10.649, 11.033, 11.296, 11.478, 11.613, 11.717, 11.856, 12.038, 12.250, 12.485, 12.698, 12.858, 12.974, 13.021, 13.022, 12.988, 12.972, 12.964, 12.983, 13.053, 13.118, 13.211, 13.297, 13.312, 13.273, 13.210, 13.095, 12.945, 12.800, 12.686, 12.623, 12.610, 12.596, 12.633, 12.664, 12.637, 12.485, 12.087, 11.237, 9.735, 7.850, 6.483, 5.872, 5.631, 5.607, 5.728, 5.955, 6.247, 6.597, 6.967, 7.366, 7.749, 8.129, 8.488, 8.805, 9.089, 9.362, 9.605, 9.850, 10.090, 10.303, 10.516, 10.750, 10.964, 11.177, 11.392, 11.598, 11.763, 11.918, 12.054, 12.138, 12.111, 11.983, 11.853, 11.903, 11.935, 11.824, 11.757, 11.716, 11.603, 11.534, 11.419, 11.286, 11.076, 10.897, 10.736, 10.636, 10.613, 10.571, 10.545, 10.446, 10.348, 10.135, 9.992, 9.785, 9.471, 9.332, 9.011, 8.789, 8.599, 8.271, 8.209, 16.3,1009779.0,1186284.0,859180.07,59523.07,3472.45,24343.18,609.97,26140.31,282.87,337.68,33.76,358.49,22.73,2223.31,31.68,1236.13,21.04,2024.31,68.06,36.51,7.05,176.65,19.19,382.81,14.10,23353.94,144.11,0.00,122.68,0.00,15.96,7.02,2.18,90.41,2.86,24.91,1.30,0.00,4.98,100.24,1.38,236.28,2.20,24.69,1.00,138.78,1.74,3.64,1.06,0.00,55.09,0.00,449.60,0.00,314.42,0.00,525.98,0.00,556.96,0.00,57.39,0.00,29.72,9.15,1.30,48.44,3.88,0.00,147.55,0.00,70.36,245172.04,98705.67,5758.28,45995.53,1152.52,55922.88,605.15,773.75,77.36,895.12,56.75,2678.21,38.16,1729.60,29.44,3377.55,113.56,65.18,12.59,258.18,28.05,550.04,20.26,33390.15,206.04,0.00,155.99,0.00,20.31,8.79,2.73,112.53,3.56,32.89,1.72,0.00,7.00,109.62,1.51,279.42,2.60,31.35,1.27,187.46,2.35,4.27,1.24,0.00,73.46,0.00,482.92,0.00,359.17,0.00,667.74,0.00,666.74,0.00,67.38,0.00,32.09,9.86,1.40,54.00,4.33,0.00,167.90,0.00,79.82
81.0,81.0,1,81.000,18/03/2026 02:14:55,21.622,,10.93, 11.67, 11.53,40.68, -1.15, 3.10,13.748, 10.536, 11.447, 10.195, 9.971, 9.772, 9.727, 9.799, 10.035, 10.390, 10.620, 10.700, 10.806, 10.953, 11.133, 11.295, 11.437, 11.602, 11.691, 11.761, 11.808, 11.814, 11.818, 11.834, 11.800, 11.711, 11.706, 11.702, 11.619, 11.637, 11.649, 11.556, 11.619, 11.515, 11.624, 11.565, 11.654, 11.659, 11.730, 11.781, 11.880, 11.937, 12.065, 12.114, 12.253, 12.304, 12.372, 12.428, 12.458, 12.479, 12.478, 12.519, 12.493, 12.518, 12.558, 12.533, 12.597, 12.679, 12.623, 12.682, 12.803, 12.767, 12.728, 12.895, 12.982, 12.870, 12.908, 13.070, 13.157, 13.044, 12.993, 13.142, 13.249, 13.081, 12.959, 13.089, 13.282, 13.260, 13.029, 12.885, 12.982, 13.200, 13.279, 13.145, 12.996, 13.074, 13.318, 13.499, 13.477, 13.365, 13.320, 13.434, 13.607, 13.696, 13.658, 13.542, 13.481, 13.511, 13.575, 13.585, 13.471, 13.291, 13.049, 12.766, 12.233, 11.449, 10.776, 10.427, 10.236, 10.014, 9.882, 9.934, 10.267, 10.781, 11.329, 11.762, 12.004, 12.091, 12.129, 12.191, 12.352, 12.625, 12.944, 13.265, 13.513, 13.626, 13.638, 13.570, 13.487, 13.441, 13.483, 13.575, 13.722, 13.863, 13.983, 14.057, 14.056, 13.949, 13.793, 13.658, 13.518, 13.425, 13.372, 13.375, 13.424, 13.486, 13.414, 13.397, 13.351, 13.210, 12.948, 12.453, 11.527, 9.959, 8.039, 6.677, 6.133, 6.002, 6.055, 6.227, 6.492, 6.767, 7.068, 7.362, 7.673, 7.994, 8.312, 8.638, 8.978, 9.335, 9.698, 10.049, 10.412, 10.714, 11.003, 11.256, 11.478, 11.646, 11.793, 11.914, 12.008, 12.100, 12.179, 12.295, 12.375, 12.383, 12.342, 12.285, 12.421, 12.519, 12.495, 12.503, 12.493, 12.444, 12.346, 12.189, 11.994, 11.712, 11.448, 11.196, 10.999, 10.889, 10.774, 10.717, 10.571, 10.434, 10.260, 10.146, 10.018, 9.815, 9.616, 9.422, 9.265, 9.296, 9.029, 8.867, 16.3,1023510.0,1180457.0,877108.46,42040.72,3325.70,22817.76,601.77,25793.76,281.52,568.68,36.95,284.68,22.48,2608.90,33.64,1201.00,20.98,1470.41,62.53,28.56,6.95,107.43,19.06,341.41,13.77,24957.44,152.27,0.00,129.75,0.00,18.00,24.46,2.61,86.73,2.86,23.54,1.27,0.00,5.37,109.61,1.46,247.50,2.29,15.84,0.97,149.78,1.85,5.96,1.09,0.00,55.48,0.00,466.74,0.00,321.14,0.00,534.71,0.00,575.23,0.00,55.99,0.00,28.17,7.37,1.29,0.00,146.95,0.00,161.36,0.00,67.39,214501.16,69715.11,5514.93,43113.31,1137.02,55181.49,602.27,1303.05,84.67,710.82,56.13,3142.69,40.52,1680.45,29.36,2453.37,104.33,50.98,12.41,157.02,27.86,490.55,19.79,35682.75,217.71,0.00,164.97,0.00,22.91,30.62,3.27,107.95,3.56,31.08,1.68,0.00,7.55,119.87,1.60,292.69,2.71,20.12,1.23,202.32,2.50,6.99,1.28,0.00,73.98,0.00,501.33,0.00,366.85,0.00,678.82,0.00,688.61,0.00,65.74,0.00,30.42,7.94,1.39,0.00,163.83,0.00,183.61,0.00,76.45
81.5,81.5,1,81.500,18/03/2026 02:15:38,19.179,,11.28, 12.02, 11.94,41.24, -1.04, 2.97,11.514, 11.736, 11.557, 10.763, 10.285, 10.345, 10.095, 10.210, 10.445, 10.768, 10.936, 11.075, 11.211, 11.334, 11.507, 11.615, 11.749, 11.912, 12.002, 12.103, 12.187, 12.231, 12.185, 12.096, 12.116, 12.166, 12.064, 11.965, 12.111, 11.981, 11.974, 12.065, 11.864, 12.090, 11.886, 12.126, 11.927, 12.217, 12.004, 12.351, 12.180, 12.463, 12.472, 12.505, 12.810, 12.612, 12.888, 12.919, 12.771, 13.053, 12.943, 12.833, 13.103, 13.005, 12.854, 13.128, 13.176, 12.973, 13.126, 13.356, 13.214, 13.116, 13.362, 13.519, 13.359, 13.294, 13.632, 13.770, 13.592, 13.483, 13.640, 13.835, 13.739, 13.473, 13.469, 13.713, 13.893, 13.759, 13.487, 13.405, 13.579, 13.811, 13.835, 13.682, 13.550, 13.624, 13.873, 14.087, 14.102, 13.996, 13.894, 13.937, 14.098, 14.272, 14.331, 14.264, 14.154, 14.074, 14.070, 14.094, 14.111, 14.054, 13.903, 13.597, 12.982, 12.115, 11.393, 11.108, 11.066, 10.991, 10.933, 10.929, 11.111, 11.467, 11.926, 12.385, 12.768, 13.022, 13.167, 13.218, 13.257, 13.357, 13.518, 13.754, 14.010, 14.244, 14.430, 14.526, 14.529, 14.447, 14.365, 14.299, 14.288, 14.328, 14.446, 14.569, 14.705, 14.752, 14.754, 14.694, 14.566, 14.389, 14.222, 14.089, 14.039, 14.044, 13.979, 14.039, 14.083, 14.070, 13.930, 13.544, 12.662, 11.074, 9.012, 7.460, 6.727, 6.454, 6.410, 6.527, 6.792, 7.120, 7.529, 7.968, 8.419, 8.850, 9.264, 9.649, 9.999, 10.309, 10.611, 10.913, 11.187, 11.453, 11.745, 12.013, 12.281, 12.550, 12.765, 12.968, 13.152, 13.305, 13.406, 13.500, 13.536, 13.469, 13.323, 13.168, 13.231, 13.303, 13.236, 13.227, 13.232, 13.194, 13.159, 13.061, 12.926, 12.730, 12.562, 12.350, 12.193, 12.082, 12.023, 11.903, 11.738, 11.537, 11.305, 11.016, 10.830, 10.596, 10.393, 10.159, 9.948, 9.678, 9.695, 9.348, 16.3,1012191.0,1190396.0,861918.41,60309.00,3475.17,21257.77,578.41,23613.69,265.48,538.64,35.66,453.58,22.96,2504.89,32.53,1201.21,20.49,1977.84,67.03,0.00,22.57,145.86,19.04,385.56,14.17,25000.82,153.01,0.00,121.30,0.00,15.84,16.06,2.39,74.74,2.69,16.84,1.20,0.00,4.73,118.21,1.51,223.08,2.12,15.11,0.96,126.32,1.69,5.07,1.07,0.00,54.22,69.87,9.72,0.00,308.69,0.00,516.95,0.00,537.95,17.55,3.31,0.00,31.73,9.87,1.32,0.00,140.03,0.00,155.50,0.00,73.87,238399.67,100008.95,5762.79,40165.76,1092.88,50517.59,567.95,1234.22,81.71,1132.55,57.33,3017.40,39.19,1680.74,28.67,3300.01,111.84,0.00,40.29,213.18,27.83,553.99,20.36,35744.77,218.77,0.00,154.23,0.00,20.16,20.10,2.99,93.03,3.35,22.23,1.58,0.00,6.65,129.27,1.65,263.81,2.51,19.19,1.22,170.63,2.28,5.94,1.25,0.00,72.30,75.05,10.44,0.00,352.63,0.00,656.28,0.00,643.98,20.60,3.89,0.00,34.26,10.63,1.42,0.00,156.11,0.00,176.94,0.00,83.80
82.0,82.0,1,82.000,18/03/2026 02:16:22,18.316,,11.28, 11.98, 12.04,41.18, -0.79, 2.60,12.582, 12.220, 12.307, 11.398, 10.862, 10.624, 10.483, 10.523, 10.659, 10.875, 11.018, 11.147, 11.217, 11.352, 11.484, 11.622, 11.741, 11.884, 11.974, 12.089, 12.096, 12.026, 12.120, 12.197, 12.023, 12.046, 12.146, 11.949, 12.102, 12.006, 12.063, 12.035, 12.054, 12.032, 12.133, 12.060, 12.238, 12.145, 12.352, 12.327, 12.436, 12.632, 12.532, 12.831, 12.874, 12.829, 13.141, 13.049, 12.993, 13.304, 13.156, 13.015, 13.357, 13.340, 13.036, 13.299, 13.569, 13.276, 13.208, 13.625, 13.743, 13.398, 13.421, 13.822, 13.926, 13.608, 13.633, 13.975, 14.271, 14.123, 13.821, 13.833, 14.122, 14.222, 14.034, 13.860, 13.954, 14.181, 14.232, 14.078, 13.901, 13.931, 14.134, 14.283, 14.256, 14.174, 14.176, 14.293, 14.462, 14.576, 14.546, 14.491, 14.488, 14.573, 14.735, 14.836, 14.805, 14.659, 14.520, 14.481, 14.540, 14.647, 14.634, 14.368, 13.661, 12.617, 11.793, 11.503, 11.596, 11.741, 11.854, 11.898, 11.962, 12.068, 12.256, 12.577, 12.986, 13.440, 13.895, 14.233, 14.403, 14.423, 14.307, 14.186, 14.146, 14.214, 14.446, 14.773, 15.137, 15.446, 15.622, 15.627, 15.462, 15.208, 14.903, 14.671, 14.568, 14.587, 14.725, 14.970, 15.236, 15.467, 15.595, 15.578, 15.461, 15.219, 14.800, 14.489, 14.199, 13.951, 13.719, 13.421, 12.793, 11.567, 9.881, 8.654, 8.175, 8.021, 7.994, 8.034, 8.101, 8.168, 8.259, 8.390, 8.604, 8.882, 9.248, 9.699, 10.220, 10.794, 11.388, 11.988, 12.523, 13.005, 13.372, 13.597, 13.739, 13.803, 13.788, 13.714, 13.616, 13.521, 13.410, 13.368, 13.356, 13.336, 13.288, 13.352, 13.694, 14.038, 14.252, 14.467, 14.660, 14.753, 14.784, 14.687, 14.499, 14.130, 13.740, 13.368, 12.953, 12.644, 12.376, 12.080, 11.732, 11.443, 11.234, 11.084, 10.897, 10.846, 10.802, 10.880, 10.789, 10.849, 10.980, 11.080, 16.2,1015488.0,1185338.0,857227.86,60105.54,3485.09,24954.27,617.34,24863.52,275.40,499.37,35.77,405.74,22.99,2590.46,33.49,1153.76,20.52,1926.48,67.35,63.45,7.56,0.00,70.93,298.87,13.03,25257.83,155.17,0.00,124.71,0.00,16.88,18.82,2.47,80.63,2.78,13.96,1.16,0.00,5.28,123.76,1.56,215.65,2.09,23.80,1.03,109.52,1.61,0.00,31.56,0.00,54.42,0.00,451.25,0.00,310.41,0.00,517.64,42.03,10.24,0.00,60.73,0.00,30.38,8.78,1.32,15.85,4.12,0.00,155.06,0.00,71.42,247562.85,99671.56,5779.24,47150.16,1166.44,53191.40,589.17,1144.24,81.96,1013.09,57.40,3120.48,40.34,1614.35,28.71,3214.32,112.37,113.27,13.50,0.00,103.67,429.43,18.72,36112.23,221.85,0.00,158.57,0.00,21.48,23.56,3.09,100.36,3.46,18.43,1.53,0.00,7.42,135.34,1.71,255.03,2.47,30.22,1.31,147.94,2.17,0.00,36.99,0.00,72.57,0.00,484.69,0.00,354.59,0.00,657.15,50.31,12.26,0.00,71.30,0.00,32.80,9.46,1.42,17.67,4.59,0.00,176.44,0.00,81.02
82.5,82.5,1,82.500,18/03/2026 02:17:05,21.955,,9.85, 10.45, 10.38,38.65, -0.68, 2.84,10.689, 11.144, 10.653, 9.220, 9.183, 8.935, 8.963, 9.051, 9.146, 9.350, 9.514, 9.659, 9.668, 9.801, 9.936, 10.064, 10.183, 10.329, 10.429, 10.503, 10.561, 10.584, 10.573, 10.595, 10.618, 10.569, 10.556, 10.596, 10.571, 10.587, 10.629, 10.592, 10.640, 10.633, 10.696, 10.728, 10.778, 10.842, 10.900, 10.998, 11.095, 11.169, 11.322, 11.362, 11.543, 11.596, 11.643, 11.778, 11.761, 11.821, 11.878, 11.849, 11.916, 11.963, 11.912, 11.994, 12.083, 12.056, 12.098, 12.227, 12.263, 12.247, 12.339, 12.450, 12.458, 12.458, 12.570, 12.623, 12.638, 12.628, 12.722, 12.755, 12.709, 12.683, 12.696, 12.810, 12.863, 12.797, 12.729, 12.714, 12.762, 12.854, 12.899, 12.890, 12.889, 12.940, 13.040, 13.135, 13.205, 13.246, 13.268, 13.295, 13.325, 13.368, 13.418, 13.472, 13.508, 13.491, 13.424, 13.342, 13.268, 13.219, 13.157, 12.985, 12.470, 11.599, 10.815, 10.424, 10.313, 10.244, 10.256, 10.384, 10.659, 11.028, 11.402, 11.746, 11.999, 12.199, 12.357, 12.523, 12.699, 12.887, 13.072, 13.245, 13.404, 13.517, 13.613, 13.681, 13.721, 13.733, 13.758, 13.800, 13.831, 13.877, 13.922, 13.946, 13.972, 13.958, 13.922, 13.859, 13.785, 13.693, 13.632, 13.593, 13.581, 13.593, 13.516, 13.501, 13.475, 13.387, 13.190, 12.780, 11.925, 10.388, 8.435, 7.001, 6.421, 6.241, 6.284, 6.447, 6.692, 6.990, 7.301, 7.617, 7.956, 8.311, 8.636, 8.975, 9.318, 9.651, 10.006, 10.349, 10.695, 11.023, 11.331, 11.619, 11.864, 12.093, 12.251, 12.389, 12.497, 12.588, 12.650, 12.725, 12.753, 12.689, 12.551, 12.417, 12.536, 12.649, 12.635, 12.661, 12.691, 12.737, 12.668, 12.588, 12.426, 12.213, 11.980, 11.782, 11.568, 11.445, 11.341, 11.160, 10.991, 10.807, 10.662, 10.352, 10.149, 9.968, 9.725, 9.644, 9.498, 9.371, 9.256, 9.337, 16.2,1043769.0,1174010.0,866583.10,60555.80,3366.53,20666.20,551.00,23384.70,257.86,529.81,34.29,303.74,21.20,1206.04,25.38,733.89,17.05,1657.39,62.07,24.73,6.70,139.99,18.30,307.34,12.72,23360.29,139.89,0.00,116.84,0.00,16.89,0.00,12.55,84.05,2.66,19.32,1.17,0.00,5.18,103.88,1.37,197.37,1.90,23.76,0.97,106.90,1.53,3.15,1.03,0.00,51.23,0.00,431.14,0.00,300.12,0.00,503.18,0.00,530.23,0.00,50.60,0.00,29.54,8.54,1.25,0.00,137.80,0.00,152.59,0.00,71.93,231465.52,100418.22,5582.64,39048.01,1041.09,50027.70,551.65,1213.99,78.57,758.41,52.93,1452.80,30.57,1026.86,23.86,2765.34,103.56,44.15,11.96,204.60,26.75,441.60,18.28,33399.23,200.01,0.00,148.56,0.00,21.49,0.00,15.71,104.62,3.31,25.51,1.54,0.00,7.28,113.60,1.50,233.41,2.25,30.17,1.23,144.40,2.07,3.69,1.21,0.00,68.31,0.00,463.09,0.00,342.84,0.00,638.80,0.00,634.74,0.00,59.41,0.00,31.90,9.20,1.35,0.00,153.62,0.00,173.63,0.00,81.60
83.0,83.0,1,83.000,18/03/2026 02:17:39,21.426,,11.58, 12.30, 12.37,41.69, -0.81, 2.61,13.669, 12.563, 12.935, 11.424, 11.250, 10.844, 10.683, 10.668, 10.833, 11.193, 11.310, 11.467, 11.585, 11.698, 11.891, 12.023, 12.086, 12.146, 12.164, 12.330, 12.573, 12.474, 12.281, 12.549, 12.526, 12.194, 12.558, 12.282, 12.316, 12.457, 12.167, 12.536, 12.111, 12.540, 12.159, 12.530, 12.343, 12.459, 12.683, 12.368, 12.981, 12.586, 12.924, 13.210, 12.777, 13.378, 13.374, 12.986, 13.570, 13.532, 13.049, 13.539, 13.723, 13.204, 13.316, 13.866, 13.639, 13.232, 13.674, 14.064, 13.763, 13.432, 13.849, 14.275, 14.090, 13.658, 13.846, 14.368, 14.494, 14.118, 13.798, 14.022, 14.482, 14.550, 14.186, 13.889, 13.960, 14.374, 14.614, 14.394, 13.998, 13.846, 14.051, 14.525, 14.800, 14.676, 14.374, 14.165, 14.231, 14.610, 15.015, 15.179, 14.993, 14.672, 14.477, 14.501, 14.749, 15.085, 15.266, 15.158, 14.846, 14.497, 14.252, 14.059, 13.735, 13.262, 12.826, 12.594, 12.396, 12.038, 11.748, 11.632, 11.829, 12.310, 12.942, 13.605, 14.095, 14.350, 14.386, 14.256, 14.097, 14.051, 14.110, 14.314, 14.657, 15.045, 15.465, 15.758, 15.885, 15.805, 15.598, 15.332, 15.074, 14.922, 14.902, 14.986, 15.183, 15.422, 15.681, 15.902, 16.032, 16.003, 15.850, 15.596, 15.319, 15.043, 14.713, 14.573, 14.530, 14.516, 14.502, 14.322, 13.750, 12.506, 10.710, 9.303, 8.650, 8.353, 8.215, 8.177, 8.214, 8.315, 8.488, 8.740, 9.087, 9.501, 9.972, 10.471, 11.003, 11.519, 12.051, 12.556, 13.009, 13.408, 13.718, 13.948, 14.087, 14.162, 14.168, 14.120, 14.055, 14.022, 13.998, 14.030, 14.070, 14.040, 13.992, 13.979, 14.236, 14.481, 14.606, 14.762, 14.916, 15.013, 15.078, 15.090, 14.964, 14.721, 14.473, 14.155, 13.855, 13.629, 13.408, 13.112, 12.826, 12.480, 12.166, 11.853, 11.547, 11.382, 11.254, 11.085, 11.023, 10.945, 10.925, 11.112, 16.3,997350.0,1208974.0,861206.51,45381.94,3284.15,24822.56,617.05,32496.64,316.69,407.03,34.59,383.80,22.64,4615.78,43.27,1443.57,22.71,1965.04,67.84,61.33,7.61,201.32,21.18,385.52,14.48,25984.68,155.91,0.00,126.62,0.00,15.41,14.86,2.38,91.23,2.87,22.43,1.22,2.08,0.51,111.85,1.48,207.80,2.04,10.25,0.93,113.67,1.64,12.85,1.13,0.00,54.24,0.00,450.93,0.00,314.81,52.62,9.65,0.00,560.25,0.00,43.73,0.00,28.86,4.62,1.25,0.00,143.17,0.00,158.99,0.00,72.70,243323.18,75255.77,5446.03,46901.30,1165.89,69521.20,677.51,932.65,79.26,958.31,56.53,5560.19,52.12,2019.85,31.78,3278.66,113.19,109.49,13.59,294.24,30.96,553.93,20.81,37151.44,222.91,0.00,161.00,0.00,19.61,18.60,2.98,113.56,3.57,29.61,1.61,2.92,0.72,122.32,1.62,245.74,2.41,13.02,1.18,153.54,2.22,15.06,1.32,0.00,72.33,0.00,484.35,0.00,359.62,66.80,12.25,0.00,670.68,0.00,51.34,0.00,31.16,4.98,1.35,0.00,159.61,0.00,180.92,0.00,82.47
83.5,83.5,1,83.500,18/03/2026 02:18:23,20.963,1157879.234,10.20, 10.86, 10.66,39.34, -0.91, 3.22,11.111, 9.339, 9.976, 9.137, 9.315, 9.221, 8.955, 9.053, 9.305, 9.599, 9.790, 9.944, 9.974, 10.131, 10.287, 10.426, 10.585, 10.738, 10.819, 10.910, 10.990, 11.029, 10.994, 11.022, 11.022, 10.954, 10.975, 10.957, 10.931, 10.985, 10.942, 10.985, 10.948, 11.003, 11.001, 11.069, 11.072, 11.157, 11.186, 11.285, 11.390, 11.452, 11.601, 11.677, 11.776, 11.904, 11.922, 11.988, 12.076, 12.055, 12.065, 12.152, 12.150, 12.115, 12.189, 12.254, 12.235, 12.256, 12.384, 12.443, 12.412, 12.433, 12.566, 12.643, 12.617, 12.644, 12.745, 12.838, 12.853, 12.795, 12.836, 12.895, 12.911, 12.876, 12.816, 12.859, 12.988, 13.040, 12.975, 12.855, 12.765, 12.842, 13.015, 13.111, 13.086, 13.020, 13.028, 13.123, 13.306, 13.475, 13.533, 13.482, 13.413, 13.395, 13.433, 13.571, 13.706, 13.717, 13.580, 13.407, 13.240, 13.145, 13.066, 12.878, 12.274, 11.266, 10.359, 9.880, 9.711, 9.604, 9.606, 9.724, 10.040, 10.494, 10.953, 11.352, 11.650, 11.884, 12.057, 12.216, 12.367, 12.556, 12.769, 13.024, 13.292, 13.498, 13.637, 13.715, 13.729, 13.720, 13.705, 13.662, 13.649, 13.661, 13.717, 13.817, 13.910, 13.985, 13.984, 13.927, 13.818, 13.682, 13.525, 13.397, 13.309, 13.243, 13.176, 13.168, 13.157, 13.120, 12.984, 12.568, 11.638, 9.944, 7.852, 6.366, 5.724, 5.511, 5.488, 5.607, 5.834, 6.090, 6.418, 6.762, 7.136, 7.534, 7.951, 8.362, 8.775, 9.162, 9.545, 9.915, 10.257, 10.557, 10.840, 11.103, 11.340, 11.563, 11.724, 11.873, 12.012, 12.100, 12.189, 12.268, 12.341, 12.324, 12.235, 12.195, 12.347, 12.480, 12.461, 12.437, 12.404, 12.339, 12.242, 12.086, 11.878, 11.597, 11.359, 11.109, 10.908, 10.757, 10.627, 10.445, 10.246, 10.018, 9.773, 9.582, 9.262, 9.101, 8.824, 8.663, 8.410, 8.420, 8.096, 8.112, 16.3,1012383.0,1209019.0,867311.86,40027.07,3054.43,24138.38,587.15,31764.52,299.93,461.66,33.34,390.35,21.28,4957.16,42.95,1688.13,23.22,1683.40,62.13,62.56,6.98,235.79,19.44,353.94,13.34,26326.38,150.87,0.00,117.99,0.00,14.85,0.00,12.51,78.49,2.64,12.67,1.26,0.00,5.12,99.51,1.35,201.74,1.93,18.22,0.93,119.93,1.59,0.00,28.93,0.00,51.23,0.00,423.38,0.00,296.34,0.00,487.99,0.00,518.68,0.00,54.11,0.00,28.77,20.02,1.46,48.22,3.68,0.00,138.72,0.00,67.76,232441.26,66375.92,5065.09,45608.57,1109.40,67954.95,641.65,1057.83,76.39,974.67,53.13,5971.42,51.74,2362.04,32.49,2808.74,103.66,111.68,12.46,344.62,28.41,508.55,19.17,37639.98,215.71,0.00,150.02,0.00,18.90,0.00,15.66,97.70,3.29,16.73,1.66,0.00,7.19,108.82,1.48,238.58,2.28,23.14,1.18,162.00,2.15,0.00,33.91,0.00,68.31,0.00,454.76,0.00,338.52,0.00,619.51,0.00,620.91,0.00,63.53,0.00,31.06,21.57,1.57,53.76,4.10,0.00,157.85,0.00,76.87
84.0,84.0,1,84.000,18/03/2026 02:19:06,19.245,,11.43, 12.14, 12.16,41.44, -0.77, 2.70,14.139, 12.993, 12.236, 11.189, 11.219, 10.595, 10.519, 10.590, 10.682, 10.991, 11.105, 11.276, 11.389, 11.515, 11.688, 11.798, 11.878, 11.996, 12.034, 12.174, 12.345, 12.314, 12.185, 12.318, 12.360, 12.145, 12.284, 12.245, 12.155, 12.319, 12.130, 12.303, 12.145, 12.293, 12.186, 12.358, 12.244, 12.464, 12.348, 12.592, 12.576, 12.667, 12.881, 12.780, 13.073, 13.106, 13.033, 13.330, 13.251, 13.172, 13.433, 13.367, 13.215, 13.459, 13.519, 13.312, 13.443, 13.710, 13.620, 13.464, 13.692, 13.905, 13.783, 13.645, 13.863, 14.119, 14.082, 13.818, 13.839, 14.167, 14.326, 14.178, 13.875, 13.894, 14.247, 14.436, 14.321, 14.008, 13.876, 14.065, 14.304, 14.399, 14.256, 14.023, 13.983, 14.250, 14.574, 14.733, 14.669, 14.477, 14.317, 14.413, 14.707, 14.983, 15.077, 14.967, 14.740, 14.497, 14.401, 14.499, 14.689, 14.796, 14.700, 14.293, 13.387, 12.173, 11.228, 10.926, 11.084, 11.267, 11.409, 11.462, 11.545, 11.674, 11.871, 12.173, 12.598, 13.093, 13.595, 13.999, 14.244, 14.332, 14.316, 14.249, 14.212, 14.232, 14.382, 14.619, 14.929, 15.240, 15.475, 15.593, 15.551, 15.413, 15.215, 14.993, 14.796, 14.683, 14.648, 14.690, 14.814, 14.975, 15.150, 15.289, 15.348, 15.339, 15.132, 14.912, 14.621, 14.298, 13.884, 13.280, 12.261, 10.586, 8.561, 7.226, 6.827, 6.843, 7.068, 7.344, 7.658, 7.941, 8.176, 8.369, 8.549, 8.710, 8.903, 9.110, 9.370, 9.706, 10.120, 10.599, 11.129, 11.668, 12.213, 12.728, 13.155, 13.564, 13.843, 14.031, 14.128, 14.129, 14.021, 13.917, 13.760, 13.487, 13.162, 12.909, 12.869, 12.887, 12.894, 12.954, 13.108, 13.241, 13.373, 13.495, 13.582, 13.523, 13.485, 13.369, 13.291, 13.197, 13.118, 12.860, 12.552, 12.198, 11.736, 11.247, 10.687, 10.233, 9.732, 9.240, 8.965, 8.620, 8.475, 8.367, 16.3,1011376.0,1229092.0,853017.73,40057.54,3115.98,29939.45,655.02,36911.20,337.35,654.01,37.56,322.63,22.08,5861.16,49.28,1968.89,25.95,2441.01,73.08,52.06,7.60,174.24,20.32,299.84,13.34,27544.99,161.90,0.00,128.60,0.00,15.94,0.00,12.72,83.73,2.90,11.79,1.31,0.00,5.54,112.00,1.49,267.37,2.39,15.48,0.98,140.49,1.80,13.90,1.15,0.00,54.96,0.00,466.87,0.00,316.62,42.01,9.79,0.00,562.13,23.02,3.61,0.00,35.73,19.66,1.54,25.77,4.14,0.00,154.33,0.00,70.80,259228.71,66426.45,5167.15,56569.47,1237.64,78965.42,721.70,1498.58,86.06,805.58,55.13,7060.38,59.36,2754.88,36.31,4072.81,121.93,92.94,13.57,254.66,29.70,430.82,19.17,39382.28,231.48,0.00,163.51,0.00,20.29,0.00,15.92,104.22,3.61,15.57,1.73,0.00,7.79,122.48,1.63,316.19,2.83,19.66,1.24,189.77,2.43,16.29,1.35,0.00,73.29,0.00,501.47,0.00,361.68,53.33,12.43,0.00,672.93,27.03,4.24,0.00,38.58,21.18,1.66,28.73,4.62,0.00,175.61,0.00,80.32
84.5,84.5,1,84.500,18/03/2026 02:19:49,20.035,,10.53, 11.23, 11.04,39.97, -1.08, 3.24,10.333, 11.187, 10.788, 9.833, 9.811, 9.537, 9.343, 9.415, 9.618, 9.936, 10.112, 10.264, 10.335, 10.490, 10.694, 10.831, 10.975, 11.142, 11.238, 11.331, 11.355, 11.367, 11.379, 11.403, 11.344, 11.311, 11.339, 11.256, 11.278, 11.274, 11.233, 11.270, 11.196, 11.281, 11.229, 11.341, 11.293, 11.408, 11.425, 11.504, 11.657, 11.638, 11.876, 11.889, 11.985, 12.204, 12.106, 12.238, 12.372, 12.227, 12.317, 12.471, 12.321, 12.329, 12.529, 12.469, 12.367, 12.554, 12.697, 12.579, 12.540, 12.767, 12.875, 12.746, 12.706, 12.905, 13.133, 13.048, 12.879, 12.956, 13.229, 13.258, 13.066, 12.888, 13.001, 13.271, 13.381, 13.211, 12.946, 12.884, 13.045, 13.290, 13.358, 13.204, 13.006, 13.005, 13.258, 13.560, 13.708, 13.661, 13.456, 13.321, 13.418, 13.669, 13.896, 13.995, 13.909, 13.649, 13.364, 13.253, 13.322, 13.468, 13.507, 13.248, 12.432, 11.172, 10.103, 9.631, 9.623, 9.764, 9.971, 10.161, 10.414, 10.658, 10.881, 11.087, 11.311, 11.628, 12.011, 12.423, 12.768, 13.040, 13.214, 13.311, 13.318, 13.255, 13.235, 13.265, 13.405, 13.603, 13.832, 14.012, 14.129, 14.174, 14.154, 14.079, 13.925, 13.726, 13.522, 13.383, 13.309, 13.297, 13.384, 13.474, 13.600, 13.671, 13.674, 13.635, 13.530, 13.327, 12.964, 12.306, 11.180, 9.408, 7.402, 6.082, 5.609, 5.551, 5.698, 5.953, 6.273, 6.610, 6.947, 7.263, 7.563, 7.841, 8.093, 8.309, 8.529, 8.757, 9.017, 9.307, 9.666, 10.076, 10.504, 10.933, 11.333, 11.692, 12.014, 12.264, 12.454, 12.583, 12.662, 12.715, 12.678, 12.516, 12.284, 12.053, 11.969, 11.903, 11.711, 11.607, 11.580, 11.579, 11.587, 11.571, 11.540, 11.473, 11.398, 11.280, 11.222, 11.177, 11.135, 11.015, 10.827, 10.656, 10.371, 10.018, 9.759, 9.390, 8.980, 8.651, 8.296, 7.962, 7.826, 7.568, 16.2,1046595.0,1205547.0,851975.10,48888.15,3088.31,27326.98,606.26,35911.09,318.82,367.81,31.66,286.53,20.21,5369.18,44.49,1379.10,21.70,1370.49,58.80,63.77,6.99,130.38,17.93,385.74,13.63,25872.18,147.03,0.00,119.44,0.00,15.23,0.00,11.89,98.61,2.85,30.19,1.39,0.00,4.58,88.45,1.24,176.30,1.76,12.02,0.86,91.97,1.42,0.00,29.82,0.00,51.10,0.00,426.48,38.33,6.09,0.00,489.88,87.18,9.61,0.00,49.82,0.00,21.85,15.84,1.37,34.63,3.82,0.00,142.18,0.00,59.14,260431.83,81070.04,5121.27,51633.31,1145.51,76825.85,682.06,842.79,72.54,715.44,50.46,6467.74,53.59,1929.65,30.36,2286.65,98.11,113.84,12.48,190.56,26.21,554.25,19.58,36990.59,210.22,0.00,151.87,0.00,19.38,0.00,14.88,122.74,3.55,39.86,1.84,0.00,6.44,96.73,1.36,208.49,2.08,15.26,1.09,124.23,1.92,0.00,34.96,0.00,68.14,0.00,458.09,43.79,6.96,0.00,621.91,104.36,11.50,0.00,58.49,0.00,23.59,17.06,1.48,38.61,4.26,0.00,161.79,0.00,67.09
85.0,85.0,1,85.000,18/03/2026 02:20:24,22.485,,9.96, 10.68, 10.20,39.03, -1.46, 4.03,10.590, 8.170, 9.131, 8.052, 8.523, 8.144, 8.255, 8.434, 8.741, 9.115, 9.354, 9.538, 9.636, 9.831, 10.056, 10.243, 10.429, 10.595, 10.708, 10.772, 10.820, 10.870, 10.859, 10.842, 10.812, 10.779, 10.727, 10.711, 10.697, 10.658, 10.671, 10.607, 10.626, 10.576, 10.655, 10.629, 10.708, 10.742, 10.793, 10.911, 10.949, 11.106, 11.176, 11.288, 11.431, 11.473, 11.573, 11.651, 11.643, 11.707, 11.742, 11.723, 11.753, 11.804, 11.770, 11.784, 11.877, 11.906, 11.902, 11.942, 12.022, 12.024, 12.008, 12.079, 12.201, 12.216, 12.194, 12.235, 12.331, 12.404, 12.412, 12.356, 12.332, 12.365, 12.434, 12.456, 12.431, 12.401, 12.377, 12.356, 12.308, 12.304, 12.334, 12.377, 12.385, 12.445, 12.520, 12.589, 12.638, 12.696, 12.734, 12.772, 12.800, 12.830, 12.853, 12.870, 12.843, 12.791, 12.693, 12.565, 12.455, 12.365, 12.218, 11.799, 10.916, 9.697, 8.745, 8.300, 8.172, 8.117, 8.135, 8.218, 8.466, 8.835, 9.271, 9.724, 10.112, 10.454, 10.743, 10.989, 11.209, 11.413, 11.599, 11.784, 11.969, 12.135, 12.302, 12.429, 12.523, 12.578, 12.598, 12.615, 12.615, 12.629, 12.617, 12.618, 12.607, 12.592, 12.560, 12.498, 12.402, 12.269, 12.131, 12.021, 11.949, 11.905, 11.854, 11.834, 11.776, 11.651, 11.374, 10.789, 9.691, 7.894, 5.888, 4.602, 4.096, 3.953, 3.952, 4.061, 4.245, 4.474, 4.729, 5.036, 5.363, 5.711, 6.049, 6.401, 6.758, 7.109, 7.469, 7.817, 8.171, 8.496, 8.813, 9.091, 9.355, 9.577, 9.767, 9.962, 10.103, 10.216, 10.334, 10.430, 10.513, 10.505, 10.437, 10.336, 10.381, 10.412, 10.373, 10.311, 10.249, 10.163, 10.063, 9.907, 9.726, 9.469, 9.230, 8.972, 8.739, 8.550, 8.420, 8.218, 8.035, 7.814, 7.572, 7.339, 7.092, 6.836, 6.707, 6.452, 6.209, 6.045, 5.848, 5.752, 16.3,1086833.0,1210358.0,864145.66,39205.65,2925.10,25173.57,579.58,35311.11,309.80,547.29,33.24,189.02,19.13,5539.73,44.38,1652.87,22.44,1875.33,63.18,48.64,6.85,156.77,17.73,386.09,13.44,25195.67,140.51,0.00,118.50,0.00,13.86,7.60,2.09,74.57,2.54,34.22,1.25,0.00,4.97,79.44,1.18,172.78,1.71,19.34,0.89,101.73,1.45,0.00,29.42,0.00,51.68,0.00,430.37,0.00,298.52,38.73,8.85,0.00,522.27,8.95,2.88,0.00,21.68,0.00,34.95,35.27,3.69,0.00,139.72,0.00,68.01,239555.21,65013.78,4850.62,47564.52,1095.09,75542.29,662.77,1254.04,76.16,471.96,47.77,6673.18,53.46,2312.71,31.40,3128.98,105.42,86.83,12.23,229.13,25.91,554.75,19.31,36023.35,200.89,0.00,150.67,0.00,17.64,9.51,2.62,92.82,3.16,45.18,1.65,0.00,6.98,86.88,1.29,204.33,2.02,24.56,1.13,137.41,1.96,0.00,34.49,0.00,68.91,0.00,462.27,0.00,341.01,49.17,11.24,0.00,625.21,10.51,3.38,0.00,23.41,0.00,37.65,39.32,4.11,0.00,158.99,0.00,77.15
85.5,85.5,1,85.500,18/03/2026 02:21:15,21.886,,10.08, 10.79, 10.45,39.23, -1.40, 3.65,10.449, 9.134, 9.232, 8.746, 8.451, 8.649, 8.547, 8.630, 8.968, 9.386, 9.576, 9.785, 9.861, 10.023, 10.230, 10.399, 10.558, 10.720, 10.831, 10.905, 10.936, 10.975, 10.959, 10.937, 10.907, 10.856, 10.821, 10.793, 10.778, 10.767, 10.751, 10.721, 10.703, 10.687, 10.730, 10.718, 10.798, 10.812, 10.882, 10.966, 11.021, 11.163, 11.227, 11.334, 11.483, 11.520, 11.596, 11.694, 11.684, 11.701, 11.756, 11.743, 11.723, 11.777, 11.795, 11.779, 11.815, 11.883, 11.921, 11.917, 11.965, 12.014, 12.024, 12.059, 12.123, 12.193, 12.286, 12.271, 12.283, 12.321, 12.396, 12.403, 12.354, 12.304, 12.343, 12.423, 12.474, 12.438, 12.346, 12.258, 12.248, 12.319, 12.417, 12.422, 12.372, 12.341, 12.420, 12.551, 12.699, 12.787, 12.791, 12.745, 12.699, 12.721, 12.810, 12.931, 12.982, 12.912, 12.752, 12.549, 12.382, 12.301, 12.219, 11.948, 11.203, 10.095, 9.162, 8.673, 8.477, 8.383, 8.408, 8.541, 8.854, 9.283, 9.729, 10.140, 10.450, 10.699, 10.890, 11.076, 11.267, 11.495, 11.740, 11.996, 12.228, 12.423, 12.566, 12.657, 12.688, 12.675, 12.665, 12.630, 12.630, 12.652, 12.706, 12.773, 12.853, 12.875, 12.861, 12.808, 12.690, 12.513, 12.356, 12.208, 12.118, 12.063, 11.985, 11.976, 11.960, 11.876, 11.680, 11.192, 10.191, 8.536, 6.629, 5.327, 4.759, 4.564, 4.528, 4.627, 4.805, 5.064, 5.351, 5.663, 6.022, 6.370, 6.743, 7.101, 7.453, 7.793, 8.129, 8.440, 8.749, 9.032, 9.294, 9.550, 9.777, 9.996, 10.179, 10.361, 10.525, 10.656, 10.776, 10.872, 10.943, 10.934, 10.871, 10.795, 10.846, 10.904, 10.868, 10.838, 10.776, 10.706, 10.601, 10.459, 10.264, 9.995, 9.748, 9.524, 9.301, 9.194, 9.119, 8.984, 8.783, 8.615, 8.462, 8.328, 8.208, 7.829, 7.715, 7.490, 7.437, 7.326, 7.003, 6.956, 16.3,1020921.0,1199228.0,847370.15,44086.87,3103.02,28905.59,635.59,40346.01,349.46,390.15,33.48,265.20,21.04,6483.27,51.34,1664.35,24.64,2161.65,69.12,89.05,7.93,0.00,67.26,399.32,14.24,27253.01,157.29,0.00,128.84,0.00,13.71,31.84,2.68,68.94,2.60,21.51,1.22,0.00,4.84,105.28,1.41,210.42,2.01,16.13,0.95,114.20,1.61,0.00,31.09,0.00,52.83,0.00,441.84,0.00,300.67,0.00,514.01,0.00,552.59,10.47,3.09,0.00,26.23,6.60,1.26,0.00,138.04,0.00,154.06,0.00,72.97,269748.99,73108.19,5145.66,54616.03,1200.92,86313.63,747.61,893.98,76.71,662.18,52.53,7809.78,61.84,2328.77,34.48,3606.70,115.33,158.97,14.16,0.00,98.30,573.76,20.46,38964.82,224.88,0.00,163.82,0.00,17.45,39.86,3.35,85.81,3.24,28.40,1.61,0.00,6.80,115.13,1.54,248.84,2.38,20.48,1.21,154.26,2.17,0.00,36.44,0.00,70.45,0.00,474.59,0.00,343.46,0.00,652.55,0.00,661.51,12.29,3.63,0.00,28.32,7.11,1.36,0.00,153.89,0.00,175.31,0.00,82.78
86.0,86.0,1,86.000,18/03/2026 02:21:59,20.763,,14.03, 14.89, 15.42,45.49, -0.79, 1.77,21.641, 18.423, 16.886, 15.681, 14.913, 14.279, 13.962, 13.770, 13.894, 14.006, 14.077, 14.227, 14.256, 14.375, 14.512, 14.613, 14.718, 14.848, 14.956, 15.021, 15.020, 15.034, 15.031, 14.947, 14.937, 14.893, 14.859, 14.849, 14.799, 14.837, 14.776, 14.806, 14.752, 14.775, 14.792, 14.785, 14.864, 14.856, 14.946, 14.996, 15.068, 15.185, 15.241, 15.355, 15.459, 15.523, 15.606, 15.654, 15.673, 15.718, 15.720, 15.712, 15.756, 15.789, 15.750, 15.769, 15.855, 15.888, 15.869, 15.875, 15.976, 16.039, 16.014, 16.005, 16.096, 16.192, 16.186, 16.148, 16.078, 16.173, 16.249, 16.223, 16.103, 15.978, 15.979, 16.096, 16.238, 16.251, 16.122, 15.967, 15.898, 16.005, 16.170, 16.235, 16.169, 16.047, 16.015, 16.095, 16.277, 16.446, 16.527, 16.485, 16.369, 16.287, 16.280, 16.353, 16.473, 16.534, 16.493, 16.361, 16.189, 16.048, 15.895, 15.621, 14.990, 14.015, 13.168, 12.755, 12.616, 12.499, 12.465, 12.521, 12.764, 13.144, 13.568, 13.983, 14.328, 14.588, 14.817, 14.983, 15.139, 15.257, 15.406, 15.569, 15.727, 15.873, 15.996, 16.089, 16.128, 16.149, 16.159, 16.181, 16.179, 16.194, 16.206, 16.216, 16.246, 16.234, 16.166, 16.090, 15.987, 15.838, 15.694, 15.581, 15.529, 15.502, 15.527, 15.551, 15.543, 15.465, 15.267, 14.796, 13.849, 12.144, 9.982, 8.349, 7.584, 7.303, 7.272, 7.421, 7.706, 8.062, 8.455, 8.881, 9.346, 9.788, 10.215, 10.627, 11.001, 11.368, 11.702, 12.022, 12.301, 12.570, 12.823, 13.044, 13.235, 13.426, 13.588, 13.752, 13.887, 13.980, 14.070, 14.181, 14.281, 14.258, 14.200, 14.107, 14.206, 14.274, 14.215, 14.192, 14.133, 14.024, 13.915, 13.762, 13.588, 13.276, 12.958, 12.755, 12.508, 12.319, 12.214, 12.032, 11.878, 11.688, 11.393, 11.175, 10.998, 10.703, 10.405, 10.166, 9.932, 9.769, 9.544, 9.407, 16.3,997461.0,1192900.0,851712.72,48861.01,3254.85,24707.37,610.07,34573.97,325.09,283.60,32.53,403.78,22.34,5410.74,46.92,1667.71,23.90,2912.72,76.99,105.18,8.35,85.09,19.04,425.37,14.81,28126.99,166.87,0.00,132.22,0.00,12.73,0.00,12.81,70.56,2.63,26.43,1.43,0.00,5.38,124.98,1.58,212.10,2.08,22.58,1.04,128.75,1.71,7.19,1.11,0.00,54.44,0.00,448.82,0.00,310.48,0.00,511.24,94.29,10.46,0.00,53.10,0.00,28.56,16.22,1.46,20.68,3.99,0.00,149.61,0.00,71.85,259055.50,81025.03,5397.44,46683.65,1152.70,73965.30,695.48,649.83,74.54,1008.20,55.78,6517.80,56.52,2333.47,33.44,4859.85,128.46,187.77,14.91,124.36,27.83,611.19,21.28,40214.39,238.58,0.00,168.12,0.00,16.20,0.00,16.04,87.83,3.27,34.90,1.89,0.00,7.56,136.68,1.73,250.83,2.46,28.68,1.32,173.91,2.31,8.43,1.30,0.00,72.59,0.00,482.08,0.00,354.67,0.00,649.03,112.87,12.52,0.00,62.34,0.00,30.84,17.47,1.57,23.05,4.45,0.00,170.24,0.00,81.51
86.5,86.5,1,86.500,18/03/2026 02:22:33,20.502,,10.05, 10.72, 10.43,39.11, -1.10, 3.49,10.391, 9.636, 9.302, 8.612, 8.810, 8.914, 8.620, 8.795, 9.071, 9.364, 9.560, 9.741, 9.792, 9.948, 10.142, 10.297, 10.457, 10.612, 10.719, 10.801, 10.851, 10.887, 10.892, 10.879, 10.861, 10.821, 10.822, 10.795, 10.790, 10.786, 10.784, 10.771, 10.764, 10.764, 10.795, 10.823, 10.853, 10.931, 10.963, 11.060, 11.156, 11.224, 11.349, 11.457, 11.544, 11.657, 11.722, 11.758, 11.822, 11.855, 11.854, 11.879, 11.905, 11.922, 11.925, 11.966, 11.998, 12.045, 12.088, 12.147, 12.183, 12.218, 12.263, 12.333, 12.359, 12.409, 12.436, 12.518, 12.551, 12.574, 12.597, 12.567, 12.562, 12.557, 12.584, 12.630, 12.675, 12.668, 12.644, 12.590, 12.544, 12.598, 12.679, 12.717, 12.719, 12.723, 12.769, 12.842, 12.964, 13.084, 13.129, 13.141, 13.114, 13.121, 13.163, 13.228, 13.276, 13.282, 13.214, 13.099, 12.985, 12.901, 12.795, 12.509, 11.808, 10.775, 9.901, 9.491, 9.388, 9.332, 9.360, 9.462, 9.712, 10.072, 10.459, 10.846, 11.185, 11.475, 11.728, 11.953, 12.159, 12.356, 12.548, 12.725, 12.885, 13.002, 13.121, 13.197, 13.246, 13.291, 13.333, 13.375, 13.413, 13.456, 13.513, 13.559, 13.588, 13.581, 13.514, 13.413, 13.301, 13.123, 12.983, 12.888, 12.862, 12.845, 12.846, 12.896, 12.930, 12.870, 12.701, 12.234, 11.256, 9.548, 7.485, 6.028, 5.378, 5.129, 5.068, 5.145, 5.338, 5.619, 5.956, 6.350, 6.769, 7.207, 7.655, 8.075, 8.476, 8.859, 9.226, 9.575, 9.874, 10.158, 10.395, 10.596, 10.795, 10.960, 11.096, 11.261, 11.387, 11.485, 11.642, 11.762, 11.876, 11.883, 11.854, 11.768, 11.921, 12.044, 12.040, 12.046, 12.026, 11.980, 11.898, 11.725, 11.545, 11.252, 10.940, 10.692, 10.435, 10.271, 10.104, 9.927, 9.698, 9.511, 9.306, 9.005, 8.738, 8.523, 8.311, 8.109, 7.894, 7.812, 7.611, 7.583, 16.3,1011103.0,1112836.0,861990.59,58684.66,3452.36,23458.90,593.98,25449.92,278.11,379.19,33.89,366.17,22.67,1170.11,26.47,595.49,17.30,1904.80,66.43,55.65,7.36,0.00,68.13,408.43,14.35,24875.68,152.15,0.00,123.24,0.00,13.81,17.53,2.40,84.52,2.80,26.20,1.26,0.00,5.69,106.72,1.44,224.15,2.13,22.09,1.00,150.37,1.81,4.32,1.07,0.00,54.31,0.00,450.30,0.00,313.52,0.00,519.98,0.00,541.32,0.00,58.79,0.00,26.65,4.34,1.24,20.20,4.11,0.00,155.20,0.00,73.10,240349.00,97315.35,5724.97,44324.72,1122.30,54445.90,594.97,868.86,77.65,914.29,56.60,1409.52,31.89,833.21,24.21,3178.15,110.84,99.35,13.14,0.00,99.58,586.85,20.62,35565.85,217.54,0.00,156.70,0.00,17.57,21.94,3.00,105.20,3.49,34.59,1.66,0.00,8.00,116.71,1.57,265.08,2.52,28.05,1.27,203.12,2.44,5.06,1.25,0.00,72.42,0.00,483.67,0.00,358.14,0.00,660.12,0.00,648.02,0.00,69.02,0.00,28.78,4.68,1.34,22.52,4.58,0.00,176.60,0.00,82.93
87.0,87.0,1,87.000,18/03/2026 02:23:16,22.288,,10.14, 10.84, 10.61,39.31, -1.22, 3.31,11.213, 9.828, 10.094, 9.248, 8.877, 8.962, 8.856, 9.036, 9.227, 9.527, 9.681, 9.897, 9.970, 10.117, 10.318, 10.453, 10.601, 10.773, 10.863, 10.925, 10.996, 11.003, 10.973, 10.997, 10.927, 10.905, 10.892, 10.841, 10.852, 10.831, 10.823, 10.812, 10.772, 10.814, 10.773, 10.864, 10.835, 10.913, 10.989, 10.989, 11.180, 11.213, 11.290, 11.486, 11.509, 11.594, 11.734, 11.747, 11.761, 11.838, 11.849, 11.844, 11.867, 11.896, 11.925, 11.947, 11.930, 11.982, 12.088, 12.126, 12.078, 12.081, 12.221, 12.347, 12.296, 12.258, 12.325, 12.516, 12.565, 12.490, 12.403, 12.441, 12.580, 12.678, 12.617, 12.478, 12.450, 12.530, 12.661, 12.673, 12.522, 12.417, 12.398, 12.484, 12.629, 12.758, 12.822, 12.833, 12.803, 12.811, 12.879, 12.980, 13.086, 13.175, 13.209, 13.182, 13.101, 12.988, 12.856, 12.777, 12.730, 12.741, 12.651, 12.291, 11.382, 10.124, 9.086, 8.602, 8.474, 8.470, 8.572, 8.753, 9.088, 9.499, 9.890, 10.242, 10.518, 10.738, 10.967, 11.206, 11.483, 11.780, 12.097, 12.403, 12.654, 12.835, 12.937, 12.969, 12.932, 12.873, 12.822, 12.811, 12.825, 12.928, 13.050, 13.205, 13.338, 13.415, 13.385, 13.292, 13.115, 12.882, 12.634, 12.413, 12.242, 12.145, 12.078, 12.103, 12.130, 12.116, 11.979, 11.535, 10.545, 8.831, 6.928, 5.688, 5.153, 4.907, 4.811, 4.803, 4.885, 5.027, 5.240, 5.507, 5.831, 6.218, 6.630, 7.053, 7.484, 7.921, 8.352, 8.752, 9.114, 9.448, 9.735, 9.981, 10.188, 10.362, 10.487, 10.605, 10.688, 10.744, 10.790, 10.850, 10.908, 10.869, 10.801, 10.757, 10.879, 10.988, 11.031, 11.056, 11.085, 11.103, 11.050, 10.949, 10.795, 10.523, 10.274, 9.982, 9.739, 9.578, 9.462, 9.180, 8.977, 8.688, 8.370, 8.108, 7.874, 7.555, 7.325, 7.043, 6.796, 6.738, 6.532, 6.471, 16.2,999106.0,1088758.0,868265.61,59456.66,3565.20,22508.84,591.47,25708.03,284.41,381.29,34.87,402.44,23.65,294.86,23.10,407.46,16.03,1121.51,58.55,26.58,6.68,0.00,57.69,271.29,12.35,20452.77,129.73,0.00,112.36,0.00,15.12,36.01,2.70,80.22,2.66,12.55,1.25,1.60,0.47,99.68,1.38,223.23,2.11,14.61,0.92,128.72,1.68,10.79,1.10,0.00,54.50,0.00,459.51,33.17,6.37,0.00,524.54,0.00,552.80,0.00,46.54,0.00,23.73,17.14,1.46,33.27,3.92,0.00,152.70,11.62,1.53,231326.23,98595.54,5912.08,42529.61,1117.56,54998.09,608.45,873.67,79.90,1004.85,59.05,355.19,27.83,570.12,22.43,1871.23,97.69,47.45,11.93,0.00,84.32,389.80,17.74,29242.22,185.48,0.00,142.86,0.00,19.24,45.08,3.38,99.85,3.31,16.57,1.65,2.25,0.66,109.01,1.51,263.99,2.50,18.55,1.17,173.87,2.27,12.65,1.29,0.00,72.67,0.00,493.57,37.89,7.28,0.00,665.91,0.00,661.76,0.00,54.64,0.00,25.62,18.46,1.57,37.09,4.37,0.00,173.76,13.18,1.74
87.5,87.5,1,87.500,18/03/2026 02:24:00,21.163,,11.50, 12.28, 12.12,41.66, -1.22, 3.21,13.602, 12.024, 12.259, 11.053, 10.490, 10.320, 10.336, 10.345, 10.606, 10.880, 11.071, 11.260, 11.369, 11.530, 11.772, 11.948, 12.056, 12.139, 12.269, 12.503, 12.439, 12.322, 12.596, 12.381, 12.305, 12.538, 12.097, 12.511, 12.070, 12.436, 12.059, 12.403, 11.969, 12.441, 11.934, 12.485, 12.075, 12.368, 12.482, 12.208, 12.816, 12.547, 12.651, 13.141, 12.827, 13.018, 13.420, 13.132, 13.143, 13.551, 13.392, 13.138, 13.451, 13.627, 13.317, 13.258, 13.636, 13.760, 13.481, 13.403, 13.738, 13.924, 13.736, 13.542, 13.768, 14.107, 14.207, 13.959, 13.765, 13.989, 14.357, 14.462, 14.139, 13.799, 13.826, 14.225, 14.551, 14.472, 14.067, 13.682, 13.645, 14.011, 14.436, 14.503, 14.224, 13.860, 13.738, 14.011, 14.526, 14.938, 15.006, 14.719, 14.329, 14.084, 14.171, 14.538, 14.938, 15.103, 14.925, 14.448, 13.915, 13.501, 13.254, 12.995, 12.311, 11.279, 10.423, 9.860, 9.425, 8.988, 8.699, 8.647, 8.996, 9.676, 10.493, 11.301, 11.901, 12.269, 12.409, 12.399, 12.350, 12.349, 12.485, 12.777, 13.194, 13.675, 14.154, 14.531, 14.750, 14.775, 14.649, 14.426, 14.143, 13.923, 13.765, 13.717, 13.810, 13.955, 14.094, 14.277, 14.373, 14.362, 14.276, 14.103, 13.916, 13.676, 13.432, 13.174, 12.904, 12.596, 12.186, 11.529, 10.361, 8.583, 6.844, 5.961, 5.774, 5.808, 5.927, 6.062, 6.177, 6.272, 6.361, 6.440, 6.528, 6.641, 6.803, 6.980, 7.235, 7.549, 7.917, 8.368, 8.836, 9.339, 9.843, 10.321, 10.773, 11.171, 11.497, 11.764, 11.960, 12.078, 12.120, 12.100, 12.034, 11.875, 11.604, 11.350, 11.244, 11.112, 10.966, 10.843, 10.756, 10.707, 10.674, 10.619, 10.537, 10.391, 10.300, 10.204, 10.141, 10.103, 10.118, 10.027, 9.883, 9.716, 9.512, 9.288, 8.983, 8.702, 8.401, 8.012, 7.650, 7.321, 6.986, 6.895, 16.3,1053999.0,1086553.0,868899.54,62776.69,3424.92,23535.58,575.64,23226.31,257.92,466.09,33.72,400.31,22.08,129.41,20.87,285.17,14.49,898.80,53.22,20.31,6.08,111.48,15.92,237.30,11.25,18456.34,113.37,0.00,98.13,0.00,12.18,14.22,2.13,53.81,2.17,27.04,1.21,0.00,5.25,75.84,1.13,137.75,1.50,20.20,0.87,106.49,1.42,3.65,0.99,0.00,53.06,0.00,425.24,30.55,5.86,33.93,8.62,0.00,514.15,0.00,51.88,0.00,28.66,6.79,1.14,46.40,3.42,0.00,136.72,0.00,69.21,229986.68,104101.07,5679.46,44469.60,1087.65,49688.86,551.78,1067.98,77.26,999.54,55.13,155.89,25.14,399.01,20.27,1499.64,88.80,36.26,10.85,162.93,23.27,340.96,16.16,26387.84,162.09,0.00,124.77,0.00,15.50,17.80,2.67,66.98,2.70,35.70,1.60,0.00,7.38,82.94,1.24,162.90,1.77,25.65,1.10,143.84,1.92,4.28,1.16,0.00,70.75,0.00,456.76,34.90,6.69,43.07,10.94,0.00,615.49,0.00,60.91,0.00,30.95,7.31,1.23,51.73,3.81,0.00,155.57,0.00,78.51
88.0,88.0,1,88.000,18/03/2026 02:24:43,20.303,,11.62, 12.42, 12.33,41.88, -1.29, 3.02,14.514, 12.663, 12.169, 11.292, 10.876, 10.652, 10.511, 10.608, 10.753, 11.101, 11.248, 11.462, 11.576, 11.745, 11.948, 12.085, 12.224, 12.363, 12.467, 12.571, 12.574, 12.555, 12.611, 12.540, 12.484, 12.503, 12.370, 12.429, 12.318, 12.368, 12.287, 12.313, 12.218, 12.299, 12.218, 12.343, 12.267, 12.398, 12.422, 12.473, 12.663, 12.661, 12.815, 12.975, 12.993, 13.162, 13.270, 13.246, 13.337, 13.428, 13.362, 13.370, 13.474, 13.465, 13.402, 13.469, 13.570, 13.558, 13.549, 13.613, 13.700, 13.692, 13.699, 13.744, 13.876, 13.917, 13.939, 13.968, 13.986, 14.086, 14.089, 14.084, 14.030, 14.013, 14.028, 14.088, 14.112, 14.107, 14.031, 13.940, 13.841, 13.880, 13.967, 14.031, 14.042, 14.042, 14.054, 14.141, 14.251, 14.361, 14.439, 14.460, 14.456, 14.428, 14.416, 14.442, 14.455, 14.420, 14.343, 14.184, 14.024, 13.880, 13.645, 13.146, 12.134, 10.781, 9.790, 9.337, 9.219, 9.168, 9.168, 9.223, 9.431, 9.793, 10.237, 10.725, 11.180, 11.613, 11.988, 12.319, 12.574, 12.787, 12.954, 13.097, 13.236, 13.371, 13.534, 13.698, 13.849, 13.990, 14.104, 14.183, 14.224, 14.227, 14.186, 14.108, 14.025, 13.904, 13.764, 13.632, 13.517, 13.409, 13.318, 13.291, 13.332, 13.364, 13.377, 13.368, 13.291, 13.068, 12.661, 11.885, 10.546, 8.529, 6.432, 5.173, 4.726, 4.632, 4.709, 4.924, 5.217, 5.552, 5.909, 6.271, 6.624, 6.935, 7.235, 7.482, 7.719, 7.926, 8.145, 8.363, 8.623, 8.894, 9.183, 9.507, 9.833, 10.169, 10.495, 10.810, 11.118, 11.392, 11.624, 11.802, 11.937, 11.958, 11.866, 11.703, 11.636, 11.536, 11.319, 11.103, 10.901, 10.650, 10.414, 10.188, 9.930, 9.620, 9.380, 9.173, 9.005, 8.947, 8.881, 8.814, 8.796, 8.786, 8.625, 8.490, 8.432, 8.250, 8.152, 7.878, 7.556, 7.448, 7.281, 7.002, 16.3,1064103.0,1101980.0,864289.93,69740.80,3489.91,22589.63,565.31,24233.91,264.12,431.91,33.27,334.83,21.64,0.00,711.30,264.45,14.24,368.43,46.90,0.00,16.44,0.00,52.50,210.99,11.00,17088.61,106.31,0.00,97.42,0.00,13.31,0.00,10.22,45.69,2.02,17.59,1.21,0.00,5.41,80.71,1.14,149.95,1.55,12.24,0.82,92.91,1.38,0.00,29.16,0.00,51.61,0.00,426.98,0.00,293.58,0.00,489.02,0.00,516.61,0.00,52.61,0.00,26.30,20.19,1.35,0.00,139.78,27.25,3.06,0.00,62.49,238261.62,115649.48,5787.23,42682.26,1068.13,51844.45,565.04,989.66,76.23,836.04,54.03,0.00,856.84,370.02,19.92,614.72,78.25,0.00,29.35,0.00,76.73,303.16,15.81,24432.33,152.00,0.00,123.87,0.00,16.94,0.00,12.79,56.87,2.51,23.22,1.60,0.00,7.60,88.26,1.25,177.33,1.83,15.54,1.04,125.50,1.86,0.00,34.18,0.00,68.82,0.00,458.63,0.00,335.37,0.00,620.82,0.00,618.43,0.00,61.77,0.00,28.40,21.75,1.45,0.00,155.83,31.01,3.48,0.00,70.89
88.5,88.5,1,88.500,18/03/2026 02:25:17,19.839,1157879.300,9.32, 10.02, 9.31,37.87, -1.65, 4.76,7.808, 6.801, 7.748, 7.203, 7.279, 7.317, 7.219, 7.549, 7.856, 8.251, 8.491, 8.744, 8.903, 9.056, 9.326, 9.510, 9.718, 9.901, 10.040, 10.125, 10.192, 10.205, 10.215, 10.215, 10.161, 10.127, 10.116, 10.057, 10.065, 10.024, 10.028, 9.980, 9.990, 9.956, 10.030, 10.007, 10.112, 10.113, 10.211, 10.307, 10.361, 10.546, 10.597, 10.731, 10.912, 10.932, 11.044, 11.169, 11.130, 11.183, 11.272, 11.229, 11.213, 11.307, 11.321, 11.267, 11.332, 11.435, 11.440, 11.388, 11.437, 11.496, 11.529, 11.529, 11.600, 11.730, 11.793, 11.794, 11.798, 11.867, 11.967, 12.024, 11.947, 11.867, 11.906, 12.020, 12.126, 12.074, 11.935, 11.751, 11.651, 11.713, 11.847, 11.855, 11.779, 11.749, 11.812, 11.987, 12.179, 12.291, 12.287, 12.226, 12.183, 12.188, 12.272, 12.360, 12.376, 12.240, 11.968, 11.662, 11.404, 11.230, 10.988, 10.406, 9.114, 7.479, 6.289, 5.704, 5.457, 5.372, 5.412, 5.569, 5.911, 6.392, 6.900, 7.370, 7.779, 8.147, 8.479, 8.812, 9.163, 9.517, 9.865, 10.221, 10.528, 10.752, 10.925, 11.013, 11.039, 11.051, 11.065, 11.092, 11.141, 11.196, 11.276, 11.340, 11.386, 11.355, 11.231, 11.056, 10.783, 10.465, 10.184, 9.959, 9.852, 9.812, 9.853, 9.873, 9.862, 9.746, 9.404, 8.641, 7.257, 5.294, 3.527, 2.598, 2.239, 2.103, 2.057, 2.070, 2.159, 2.286, 2.477, 2.716, 3.004, 3.306, 3.624, 3.945, 4.266, 4.592, 4.885, 5.172, 5.456, 5.699, 5.938, 6.170, 6.379, 6.589, 6.776, 6.976, 7.157, 7.340, 7.515, 7.676, 7.810, 7.873, 7.864, 7.846, 7.901, 7.898, 7.829, 7.726, 7.603, 7.437, 7.225, 6.987, 6.690, 6.370, 6.054, 5.743, 5.481, 5.270, 5.095, 4.842, 4.699, 4.531, 4.321, 4.184, 4.101, 3.947, 3.911, 3.685, 3.654, 3.550, 3.530, 3.472, 16.3,1041112.0,1118358.0,891515.20,31237.21,2962.85,24356.40,575.46,28013.74,278.15,298.31,31.10,288.26,20.73,1384.60,25.89,889.63,17.67,973.30,53.51,0.00,18.00,160.18,17.29,278.48,11.99,20165.23,116.65,0.00,105.18,0.00,12.89,20.43,2.27,36.65,1.93,33.17,1.27,0.00,4.50,61.43,1.00,115.07,1.34,11.36,0.79,73.65,1.26,6.47,1.00,0.00,51.88,0.00,422.52,20.26,5.90,0.00,483.90,37.60,9.31,0.00,55.45,0.00,28.67,7.91,1.15,15.43,3.67,0.00,144.62,0.00,58.24,193690.08,51799.91,4913.22,46020.51,1087.31,59930.77,595.06,683.54,71.26,719.76,51.76,1667.90,31.19,1244.78,24.72,1623.94,89.28,0.00,32.13,234.11,25.27,400.13,17.23,28831.11,166.78,0.00,133.73,0.00,16.40,25.57,2.84,45.62,2.40,43.80,1.68,0.00,6.32,67.18,1.09,136.08,1.58,14.43,1.00,99.48,1.70,7.58,1.17,0.00,69.18,0.00,453.83,23.14,6.74,0.00,614.32,45.01,11.15,0.00,65.10,0.00,30.96,8.52,1.24,17.20,4.09,0.00,164.56,0.00,66.07
89.0,89.0,1,89.000,18/03/2026 02:26:00,22.089,,9.57, 10.28, 9.58,38.34, -1.62, 4.73,7.980, 8.432, 8.397, 7.589, 7.385, 7.568, 7.634, 7.812, 8.102, 8.501, 8.735, 8.980, 9.134, 9.311, 9.560, 9.785, 9.981, 10.171, 10.300, 10.378, 10.451, 10.481, 10.478, 10.484, 10.434, 10.407, 10.382, 10.325, 10.341, 10.293, 10.308, 10.253, 10.258, 10.232, 10.300, 10.299, 10.370, 10.410, 10.479, 10.581, 10.670, 10.794, 10.908, 11.032, 11.156, 11.259, 11.350, 11.416, 11.463, 11.509, 11.511, 11.534, 11.570, 11.584, 11.567, 11.619, 11.676, 11.689, 11.718, 11.788, 11.826, 11.799, 11.830, 11.929, 12.018, 12.055, 12.052, 12.138, 12.206, 12.278, 12.274, 12.233, 12.262, 12.283, 12.304, 12.311, 12.334, 12.345, 12.317, 12.212, 12.099, 12.093, 12.155, 12.226, 12.271, 12.291, 12.306, 12.368, 12.472, 12.584, 12.684, 12.720, 12.707, 12.683, 12.665, 12.692, 12.706, 12.669, 12.552, 12.353, 12.156, 11.953, 11.678, 11.099, 9.921, 8.438, 7.354, 6.862, 6.675, 6.576, 6.543, 6.594, 6.851, 7.298, 7.843, 8.419, 8.936, 9.397, 9.762, 10.053, 10.289, 10.505, 10.735, 10.970, 11.221, 11.460, 11.711, 11.908, 12.048, 12.127, 12.136, 12.119, 12.058, 12.007, 11.981, 11.962, 11.983, 11.976, 11.936, 11.877, 11.765, 11.605, 11.433, 11.291, 11.165, 11.076, 10.958, 10.889, 10.768, 10.586, 10.227, 9.502, 8.152, 6.140, 4.170, 3.122, 2.788, 2.731, 2.760, 2.831, 2.952, 3.098, 3.269, 3.467, 3.710, 3.966, 4.260, 4.571, 4.903, 5.260, 5.635, 6.001, 6.375, 6.744, 7.118, 7.453, 7.764, 8.047, 8.264, 8.472, 8.622, 8.738, 8.816, 8.883, 8.929, 8.903, 8.843, 8.775, 8.790, 8.786, 8.711, 8.632, 8.588, 8.466, 8.359, 8.201, 8.012, 7.750, 7.505, 7.229, 7.018, 6.800, 6.619, 6.382, 6.112, 5.893, 5.654, 5.441, 5.078, 4.896, 4.691, 4.384, 4.189, 4.084, 3.988, 3.995, 16.3,1095203.0,1072674.0,891171.80,46932.85,3193.04,17374.18,504.74,24411.41,258.26,347.44,31.17,212.24,20.10,367.44,20.85,400.70,14.14,695.46,49.55,50.42,6.38,86.95,15.43,251.99,11.17,17133.04,102.67,0.00,95.70,0.00,13.58,16.93,2.14,80.73,2.48,20.86,1.09,0.00,4.18,72.84,1.08,141.58,1.47,17.29,0.82,90.65,1.32,4.78,0.96,0.00,49.81,0.00,426.76,0.00,290.93,61.51,8.59,0.00,515.02,0.00,51.62,3.07,0.96,5.86,1.09,48.01,3.44,0.00,136.33,0.00,63.91,192131.94,77827.61,5294.94,32827.86,953.69,52224.18,552.50,796.11,71.42,529.94,50.19,442.62,25.12,560.66,19.78,1160.37,82.67,90.01,11.39,127.08,22.55,362.07,16.05,24495.86,146.79,0.00,121.68,0.00,17.28,21.19,2.68,100.49,3.09,27.54,1.44,0.00,5.87,79.66,1.18,167.43,1.74,21.96,1.04,122.45,1.78,5.60,1.13,0.00,66.42,0.00,458.39,0.00,332.34,78.09,10.91,0.00,616.53,0.00,60.60,3.31,1.04,6.31,1.17,53.52,3.84,0.00,155.13,0.00,72.50
89.5,89.5,1,89.500,18/03/2026 02:26:44,22.746,,9.27, 9.96, 9.13,37.77, -1.63, 5.17,7.710, 7.250, 6.850, 6.638, 6.606, 7.017, 7.158, 7.336, 7.622, 8.085, 8.333, 8.581, 8.731, 8.929, 9.181, 9.408, 9.613, 9.815, 9.955, 10.048, 10.142, 10.175, 10.190, 10.189, 10.151, 10.120, 10.090, 10.059, 10.046, 10.036, 10.019, 9.989, 9.962, 9.977, 10.005, 10.046, 10.085, 10.150, 10.219, 10.293, 10.436, 10.508, 10.647, 10.794, 10.865, 11.015, 11.100, 11.118, 11.219, 11.257, 11.213, 11.278, 11.330, 11.273, 11.293, 11.383, 11.400, 11.382, 11.450, 11.532, 11.515, 11.473, 11.578, 11.670, 11.692, 11.718, 11.729, 11.847, 11.872, 11.913, 11.914, 11.991, 11.989, 11.959, 11.917, 11.965, 12.059, 12.082, 11.996, 11.816, 11.686, 11.748, 11.873, 11.951, 11.910, 11.868, 11.899, 12.018, 12.198, 12.334, 12.362, 12.312, 12.267, 12.252, 12.321, 12.415, 12.435, 12.327, 12.111, 11.836, 11.606, 11.449, 11.248, 10.731, 9.567, 8.036, 6.884, 6.321, 6.089, 6.004, 6.056, 6.208, 6.537, 7.012, 7.499, 7.969, 8.384, 8.744, 9.082, 9.410, 9.729, 10.051, 10.369, 10.649, 10.893, 11.091, 11.240, 11.336, 11.399, 11.443, 11.480, 11.528, 11.569, 11.619, 11.662, 11.697, 11.700, 11.644, 11.518, 11.348, 11.141, 10.911, 10.709, 10.572, 10.508, 10.504, 10.499, 10.508, 10.460, 10.288, 9.925, 9.172, 7.806, 5.789, 3.870, 2.815, 2.458, 2.360, 2.381, 2.486, 2.640, 2.842, 3.072, 3.319, 3.600, 3.885, 4.177, 4.460, 4.750, 5.033, 5.330, 5.620, 5.929, 6.240, 6.541, 6.836, 7.143, 7.423, 7.661, 7.911, 8.120, 8.293, 8.451, 8.551, 8.635, 8.625, 8.573, 8.475, 8.457, 8.443, 8.320, 8.200, 8.074, 7.922, 7.767, 7.585, 7.400, 7.133, 6.912, 6.689, 6.471, 6.339, 6.200, 6.034, 5.841, 5.629, 5.465, 5.265, 5.031, 4.847, 4.658, 4.421, 4.096, 4.011, 3.821, 3.729, 16.3,1056619.0,1074886.0,877894.29,58322.67,3413.76,22716.78,569.52,23697.90,261.26,522.12,34.70,476.76,22.80,0.00,789.01,168.78,13.87,187.17,43.71,20.07,5.91,75.84,15.39,176.42,10.20,15158.51,95.34,0.00,91.99,0.00,12.82,13.63,2.08,55.07,2.16,13.02,1.12,0.00,4.17,69.50,1.06,147.84,1.53,19.54,0.84,94.68,1.35,6.31,0.98,0.00,52.37,0.00,419.33,0.00,288.42,41.54,8.22,58.02,8.95,9.69,2.71,0.00,24.87,16.08,1.26,33.79,3.45,0.00,140.25,3.96,1.25,216050.31,96715.07,5660.96,42922.51,1076.09,50697.74,558.92,1196.37,79.51,1190.42,56.93,0.00,950.44,236.16,19.41,312.29,72.93,35.83,10.55,110.84,22.49,253.49,14.66,21672.79,136.31,0.00,116.96,0.00,16.31,17.06,2.60,68.55,2.69,17.19,1.48,0.00,5.86,76.01,1.16,174.84,1.81,24.81,1.07,127.89,1.82,7.40,1.15,0.00,69.83,0.00,450.41,0.00,329.47,52.74,10.44,69.46,10.71,11.38,3.18,0.00,26.85,17.32,1.36,37.67,3.85,0.00,159.59,4.49,1.42
90.0,90.0,1,90.000,18/03/2026 02:27:18,21.428,,9.30, 9.96, 9.23,37.77, -1.42, 4.85,7.965, 6.699, 7.653, 7.038, 7.359, 7.256, 7.274, 7.564, 7.784, 8.195, 8.417, 8.656, 8.810, 8.949, 9.210, 9.404, 9.605, 9.804, 9.940, 10.029, 10.109, 10.199, 10.188, 10.153, 10.192, 10.127, 10.070, 10.134, 10.037, 10.087, 10.042, 10.042, 10.021, 10.031, 10.067, 10.117, 10.147, 10.233, 10.279, 10.376, 10.511, 10.562, 10.743, 10.844, 10.909, 11.128, 11.119, 11.168, 11.341, 11.259, 11.251, 11.426, 11.357, 11.273, 11.429, 11.482, 11.376, 11.446, 11.616, 11.591, 11.516, 11.582, 11.741, 11.746, 11.715, 11.810, 11.991, 12.034, 12.009, 12.008, 12.097, 12.150, 12.106, 12.026, 12.049, 12.131, 12.183, 12.176, 12.092, 11.978, 11.894, 11.933, 11.998, 12.047, 12.051, 12.082, 12.122, 12.196, 12.301, 12.397, 12.467, 12.507, 12.506, 12.500, 12.496, 12.496, 12.508, 12.469, 12.368, 12.203, 12.006, 11.810, 11.547, 11.024, 9.960, 8.591, 7.608, 7.162, 6.982, 6.870, 6.813, 6.854, 7.115, 7.568, 8.101, 8.651, 9.131, 9.511, 9.807, 10.034, 10.209, 10.412, 10.636, 10.912, 11.203, 11.480, 11.739, 11.907, 11.995, 12.006, 11.958, 11.894, 11.825, 11.809, 11.831, 11.904, 11.992, 12.049, 12.056, 11.995, 11.859, 11.627, 11.385, 11.166, 10.983, 10.871, 10.785, 10.760, 10.715, 10.631, 10.387, 9.798, 8.627, 6.784, 4.861, 3.704, 3.247, 3.061, 2.980, 2.992, 3.073, 3.237, 3.447, 3.712, 4.039, 4.415, 4.807, 5.205, 5.598, 5.985, 6.353, 6.703, 7.025, 7.324, 7.571, 7.803, 8.006, 8.206, 8.359, 8.513, 8.665, 8.769, 8.899, 9.033, 9.130, 9.183, 9.185, 9.172, 9.250, 9.330, 9.276, 9.230, 9.158, 9.055, 8.866, 8.675, 8.438, 8.077, 7.803, 7.513, 7.254, 7.022, 6.879, 6.654, 6.409, 6.254, 6.112, 5.853, 5.676, 5.501, 5.393, 5.214, 4.983, 4.987, 4.838, 4.794, 16.3,1046621.0,1117645.0,897605.90,35295.87,3182.86,21656.71,565.02,24472.38,265.89,316.68,32.33,310.80,21.84,503.57,22.72,355.17,15.21,620.47,49.93,70.22,6.94,170.15,18.79,267.58,11.98,17830.34,108.42,0.00,100.07,0.00,12.81,21.10,2.29,64.30,2.36,13.06,1.08,0.00,4.91,92.82,1.24,173.62,1.71,15.03,0.87,106.21,1.46,4.79,1.00,0.00,53.66,0.00,429.81,0.00,300.93,0.00,497.04,0.00,527.31,0.00,56.91,0.00,29.46,10.84,1.22,22.37,3.72,0.00,148.26,0.00,63.43,182331.56,58530.29,5278.06,40919.54,1067.58,52354.62,568.83,725.63,74.08,776.04,54.53,606.60,27.37,496.96,21.28,1035.25,83.31,125.36,12.39,248.68,27.46,384.47,17.21,25492.82,155.01,0.00,127.24,0.00,16.30,26.41,2.87,80.04,2.94,17.24,1.43,0.00,6.90,101.51,1.36,205.32,2.02,19.09,1.10,143.47,1.97,5.61,1.17,0.00,71.55,0.00,461.66,0.00,343.76,0.00,631.00,0.00,631.24,0.00,66.82,0.00,31.81,11.68,1.31,24.94,4.15,0.00,168.71,0.00,71.96
90.5,90.5,1,90.500,18/03/2026 02:28:10,19.112,,9.35, 10.00, 9.36,37.84, -1.26, 4.56,10.637, 8.624, 8.510, 7.442, 7.555, 7.563, 7.447, 7.727, 7.936, 8.315, 8.538, 8.780, 8.906, 9.037, 9.268, 9.454, 9.661, 9.833, 9.966, 10.085, 10.163, 10.159, 10.195, 10.253, 10.182, 10.140, 10.213, 10.099, 10.167, 10.140, 10.120, 10.142, 10.102, 10.144, 10.167, 10.212, 10.270, 10.331, 10.377, 10.526, 10.552, 10.734, 10.820, 10.887, 11.137, 11.112, 11.209, 11.408, 11.294, 11.358, 11.512, 11.390, 11.382, 11.568, 11.518, 11.422, 11.587, 11.706, 11.624, 11.605, 11.771, 11.828, 11.755, 11.776, 11.944, 12.048, 12.062, 11.984, 12.064, 12.190, 12.258, 12.177, 12.116, 12.120, 12.205, 12.266, 12.278, 12.242, 12.175, 12.113, 12.051, 12.101, 12.168, 12.188, 12.183, 12.191, 12.243, 12.361, 12.496, 12.592, 12.636, 12.621, 12.598, 12.585, 12.641, 12.729, 12.775, 12.743, 12.570, 12.352, 12.130, 11.994, 11.830, 11.430, 10.493, 9.199, 8.172, 7.644, 7.415, 7.283, 7.293, 7.430, 7.790, 8.279, 8.785, 9.239, 9.596, 9.869, 10.078, 10.287, 10.512, 10.792, 11.119, 11.441, 11.739, 11.972, 12.141, 12.216, 12.206, 12.156, 12.102, 12.076, 12.082, 12.172, 12.280, 12.410, 12.500, 12.527, 12.470, 12.352, 12.130, 11.861, 11.588, 11.370, 11.232, 11.189, 11.202, 11.279, 11.316, 11.286, 11.062, 10.489, 9.345, 7.498, 5.512, 4.250, 3.688, 3.445, 3.358, 3.395, 3.543, 3.781, 4.080, 4.449, 4.842, 5.270, 5.672, 6.079, 6.451, 6.810, 7.120, 7.414, 7.677, 7.909, 8.122, 8.331, 8.504, 8.692, 8.860, 9.063, 9.248, 9.430, 9.604, 9.789, 9.930, 9.978, 9.959, 9.915, 10.024, 10.069, 10.017, 9.940, 9.829, 9.679, 9.495, 9.246, 8.983, 8.648, 8.299, 8.032, 7.802, 7.593, 7.488, 7.304, 7.173, 7.028, 6.922, 6.709, 6.601, 6.477, 6.260, 6.187, 5.922, 5.844, 5.647, 5.772, 16.3,1043760.0,1097173.0,877786.10,52968.70,3314.72,23824.08,580.66,23122.07,256.34,169.92,29.86,426.00,22.17,778.53,23.67,478.71,15.68,988.09,54.48,0.00,18.54,122.01,17.38,201.79,11.00,18585.36,112.94,0.00,100.87,0.00,15.84,17.23,2.23,67.73,2.39,13.04,1.14,0.00,3.98,85.49,1.20,154.70,1.60,17.48,0.87,94.55,1.40,10.49,1.03,0.00,53.73,0.00,423.42,26.93,5.87,0.00,482.74,39.54,9.16,0.00,55.04,0.00,25.23,15.62,1.31,0.00,136.03,0.00,151.76,5.83,1.34,214730.40,87836.71,5496.72,45014.71,1097.14,49465.85,548.40,389.35,68.42,1063.68,55.36,937.82,28.51,669.81,21.94,1648.62,90.90,0.00,33.10,178.32,25.40,289.94,15.81,26572.30,161.48,0.00,128.25,0.00,20.16,21.57,2.79,84.30,2.97,17.22,1.51,0.00,5.59,93.49,1.31,182.95,1.89,22.20,1.10,127.72,1.89,12.30,1.21,0.00,71.65,0.00,454.80,30.76,6.71,0.00,612.85,47.33,10.97,0.00,64.62,0.00,27.24,16.83,1.41,0.00,151.65,0.00,172.69,6.61,1.52
91.0,91.0,1,91.000,18/03/2026 02:28:53,18.911,,10.55, 11.26, 10.73,40.01, -1.17, 4.18,10.498, 9.994, 9.938, 9.186, 9.005, 8.959, 8.864, 8.952, 9.239, 9.607, 9.873, 10.053, 10.090, 10.256, 10.432, 10.610, 10.797, 11.015, 11.246, 11.470, 11.589, 11.449, 11.211, 11.516, 11.714, 11.187, 11.352, 11.635, 11.083, 11.550, 11.320, 11.242, 11.514, 11.070, 11.660, 11.085, 11.737, 11.267, 11.694, 11.688, 11.551, 12.214, 11.583, 12.401, 12.126, 12.152, 12.731, 12.156, 12.584, 12.784, 12.185, 12.743, 12.894, 12.210, 12.651, 13.132, 12.479, 12.394, 13.183, 13.091, 12.397, 12.652, 13.362, 13.168, 12.606, 12.843, 13.444, 13.493, 12.924, 12.788, 13.313, 13.673, 13.352, 12.905, 12.990, 13.445, 13.638, 13.347, 12.952, 12.917, 13.138, 13.348, 13.228, 12.935, 12.815, 13.112, 13.531, 13.709, 13.552, 13.226, 13.112, 13.364, 13.798, 14.094, 14.018, 13.637, 13.203, 12.980, 13.059, 13.305, 13.490, 13.383, 12.884, 11.883, 10.363, 8.833, 8.052, 8.013, 8.226, 8.298, 8.164, 7.912, 7.774, 7.912, 8.365, 9.084, 9.901, 10.632, 11.162, 11.426, 11.484, 11.421, 11.361, 11.433, 11.656, 12.054, 12.527, 12.957, 13.272, 13.389, 13.336, 13.132, 12.866, 12.644, 12.514, 12.532, 12.677, 12.853, 13.007, 13.102, 13.057, 12.878, 12.583, 12.250, 11.916, 11.653, 11.506, 11.411, 11.401, 11.376, 11.244, 10.775, 9.698, 7.994, 6.272, 5.263, 4.787, 4.481, 4.254, 4.101, 4.037, 4.089, 4.273, 4.589, 4.997, 5.510, 6.046, 6.568, 7.069, 7.495, 7.845, 8.102, 8.283, 8.398, 8.462, 8.474, 8.508, 8.547, 8.610, 8.761, 8.950, 9.184, 9.490, 9.849, 10.199, 10.491, 10.723, 10.860, 11.022, 11.086, 11.002, 10.863, 10.612, 10.295, 9.934, 9.492, 9.028, 8.407, 7.963, 7.500, 7.200, 7.000, 6.911, 6.852, 6.841, 6.973, 7.106, 7.227, 7.408, 7.574, 7.624, 7.583, 7.575, 7.539, 7.502, 7.077, 16.2,1076998.0,1080057.0,900435.10,38046.49,3100.10,19508.78,525.57,23309.51,251.12,275.49,30.26,254.96,20.37,307.76,20.65,375.89,14.12,387.19,45.37,0.00,17.10,105.74,15.75,203.68,10.52,16319.66,97.39,0.00,91.09,0.00,12.24,0.00,10.79,45.31,2.00,14.57,1.02,3.12,0.46,75.85,1.07,151.20,1.52,14.36,0.80,80.40,1.27,0.00,28.79,0.00,49.31,0.00,410.17,0.00,288.81,41.07,8.31,0.00,496.51,15.48,2.79,0.00,26.48,9.10,1.13,19.28,3.52,0.00,141.50,0.00,54.92,176980.45,63091.57,5140.82,36861.11,993.04,49866.85,537.23,631.25,69.34,636.61,50.86,370.73,24.88,525.95,19.76,646.02,75.70,0.00,30.53,154.55,23.02,292.66,15.12,23332.93,139.24,0.00,115.82,0.00,15.58,0.00,13.51,56.40,2.49,19.24,1.35,4.38,0.65,82.95,1.17,178.81,1.80,18.24,1.02,108.60,1.72,0.00,33.75,0.00,65.75,0.00,440.57,0.00,329.92,52.14,10.55,0.00,594.37,18.17,3.28,0.00,28.59,9.80,1.22,21.49,3.92,0.00,161.01,0.00,62.30
91.5,91.5,1,91.500,18/03/2026 02:29:36,21.693,,9.22, 9.87, 9.21,37.60, -1.32, 4.61,8.253, 7.268, 7.625, 7.543, 7.716, 7.298, 7.253, 7.621, 7.785, 8.215, 8.414, 8.625, 8.780, 8.923, 9.154, 9.335, 9.523, 9.709, 9.826, 9.924, 10.026, 10.088, 10.059, 10.064, 10.091, 10.022, 9.997, 10.014, 9.963, 9.991, 9.966, 9.939, 9.949, 9.926, 10.003, 9.992, 10.080, 10.103, 10.178, 10.290, 10.338, 10.516, 10.546, 10.707, 10.835, 10.856, 11.020, 11.054, 11.044, 11.177, 11.147, 11.109, 11.231, 11.230, 11.144, 11.253, 11.369, 11.298, 11.302, 11.446, 11.492, 11.372, 11.399, 11.592, 11.691, 11.612, 11.599, 11.765, 11.905, 11.926, 11.771, 11.779, 11.899, 12.035, 11.943, 11.807, 11.834, 11.970, 12.026, 11.876, 11.618, 11.549, 11.694, 11.898, 11.994, 11.931, 11.820, 11.819, 11.989, 12.245, 12.405, 12.402, 12.263, 12.129, 12.114, 12.219, 12.372, 12.405, 12.229, 11.910, 11.574, 11.317, 11.089, 10.663, 9.674, 8.316, 7.255, 6.664, 6.322, 6.129, 6.107, 6.278, 6.701, 7.265, 7.849, 8.338, 8.684, 8.928, 9.122, 9.338, 9.617, 9.975, 10.376, 10.791, 11.133, 11.385, 11.519, 11.531, 11.464, 11.382, 11.330, 11.331, 11.400, 11.557, 11.719, 11.894, 12.000, 12.002, 11.867, 11.637, 11.315, 10.936, 10.639, 10.423, 10.332, 10.355, 10.451, 10.573, 10.648, 10.607, 10.326, 9.619, 8.273, 6.272, 4.344, 3.266, 2.814, 2.639, 2.592, 2.678, 2.853, 3.110, 3.421, 3.772, 4.146, 4.489, 4.821, 5.132, 5.385, 5.604, 5.807, 6.012, 6.183, 6.375, 6.580, 6.820, 7.065, 7.346, 7.630, 7.934, 8.220, 8.494, 8.727, 8.959, 9.101, 9.148, 9.101, 9.003, 8.963, 8.875, 8.698, 8.491, 8.270, 8.044, 7.804, 7.587, 7.334, 7.044, 6.817, 6.616, 6.461, 6.399, 6.370, 6.299, 6.301, 6.197, 6.123, 5.940, 5.845, 5.659, 5.460, 5.325, 5.108, 4.763, 4.653, 4.424, 16.3,1018700.0,1074529.0,879108.96,53764.56,3419.27,22150.50,571.74,25576.03,275.48,537.25,35.49,300.50,22.07,139.70,21.51,227.69,14.45,1108.32,56.84,0.00,17.94,80.56,16.14,239.10,11.55,16242.48,102.47,0.00,93.69,0.00,16.87,0.00,12.27,69.85,2.41,17.24,1.20,0.00,4.83,84.75,1.19,154.69,1.60,11.34,0.83,98.37,1.41,4.53,0.99,0.00,53.55,0.00,429.36,0.00,297.82,51.03,8.70,0.00,517.54,0.00,52.89,0.00,25.53,16.68,1.30,15.88,3.63,0.00,147.57,0.00,69.25,214364.40,89156.47,5670.09,41852.54,1080.28,54715.69,589.34,1231.04,81.32,750.32,55.11,168.28,25.91,318.59,20.22,1849.22,94.84,0.00,32.03,117.74,23.59,343.55,16.60,23222.59,146.51,0.00,119.13,0.00,21.47,0.00,15.36,86.94,3.00,22.76,1.58,0.00,6.79,92.68,1.30,182.94,1.89,14.40,1.05,132.88,1.90,5.31,1.16,0.00,71.41,0.00,461.18,0.00,340.21,64.78,11.04,0.00,619.55,0.00,62.10,0.00,27.57,17.97,1.40,17.70,4.05,0.00,167.92,0.00,78.56
92.0,92.0,1,92.000,18/03/2026 02:30:11,22.883,,8.87, 9.50, 8.83,36.93, -1.30, 4.68,8.368, 7.238, 7.642, 6.815, 7.201, 6.935, 6.912, 7.235, 7.467, 7.861, 8.083, 8.267, 8.403, 8.544, 8.775, 8.977, 9.159, 9.329, 9.448, 9.546, 9.668, 9.702, 9.677, 9.717, 9.716, 9.629, 9.669, 9.634, 9.593, 9.678, 9.550, 9.656, 9.523, 9.660, 9.561, 9.737, 9.637, 9.848, 9.773, 9.953, 10.040, 10.047, 10.334, 10.255, 10.467, 10.630, 10.505, 10.753, 10.785, 10.638, 10.837, 10.874, 10.700, 10.831, 10.951, 10.826, 10.827, 11.028, 11.059, 10.920, 10.989, 11.128, 11.154, 11.060, 11.135, 11.337, 11.437, 11.320, 11.303, 11.473, 11.636, 11.594, 11.441, 11.374, 11.503, 11.672, 11.657, 11.529, 11.390, 11.342, 11.351, 11.411, 11.405, 11.330, 11.311, 11.368, 11.536, 11.703, 11.777, 11.773, 11.749, 11.753, 11.812, 11.921, 11.992, 12.001, 11.918, 11.740, 11.512, 11.312, 11.175, 11.084, 10.877, 10.272, 8.959, 7.309, 6.145, 5.631, 5.505, 5.536, 5.643, 5.778, 6.035, 6.395, 6.783, 7.208, 7.642, 8.075, 8.521, 8.927, 9.303, 9.634, 9.906, 10.131, 10.301, 10.441, 10.578, 10.705, 10.829, 10.951, 11.064, 11.159, 11.211, 11.236, 11.234, 11.216, 11.154, 11.027, 10.864, 10.714, 10.544, 10.376, 10.219, 10.135, 10.096, 10.103, 10.078, 10.058, 9.948, 9.721, 9.286, 8.454, 7.022, 5.051, 3.366, 2.606, 2.395, 2.396, 2.477, 2.604, 2.743, 2.908, 3.067, 3.235, 3.407, 3.599, 3.769, 3.948, 4.150, 4.377, 4.624, 4.901, 5.214, 5.534, 5.891, 6.235, 6.572, 6.894, 7.170, 7.430, 7.648, 7.824, 7.949, 8.020, 8.043, 7.986, 7.869, 7.731, 7.646, 7.573, 7.441, 7.307, 7.222, 7.094, 6.985, 6.877, 6.711, 6.467, 6.283, 6.151, 5.987, 5.871, 5.755, 5.606, 5.431, 5.274, 5.046, 4.872, 4.597, 4.386, 4.103, 3.837, 3.664, 3.322, 3.209, 3.082, 16.3,1008993.0,1105000.0,882242.43,49506.87,3440.34,20382.13,566.16,25539.94,279.14,517.00,36.03,283.76,22.50,570.17,23.76,546.33,16.30,1097.97,57.76,38.08,7.03,0.00,64.30,240.92,11.93,18334.88,115.44,0.00,105.67,0.00,10.89,18.09,2.27,92.69,2.75,20.53,1.09,0.00,5.43,83.77,1.22,186.89,1.84,11.36,0.86,116.28,1.57,3.45,1.02,0.00,53.69,29.24,9.10,19.51,6.13,0.00,506.45,102.66,9.87,0.00,42.37,0.00,22.66,0.00,37.49,0.00,143.50,15.05,3.17,0.00,71.58,207897.50,82096.04,5705.03,38511.27,1069.74,54638.48,597.17,1184.64,82.56,708.52,56.18,686.83,28.62,764.43,22.81,1831.96,96.37,67.98,12.55,0.00,93.98,346.16,17.14,26214.18,165.05,0.00,134.36,0.00,13.86,22.64,2.84,115.37,3.42,27.11,1.44,0.00,7.63,91.61,1.33,221.02,2.18,14.43,1.09,157.07,2.12,4.04,1.20,0.00,71.59,31.41,9.77,22.29,7.00,0.00,642.95,122.89,11.82,0.00,49.74,0.00,24.47,0.00,40.38,0.00,159.98,17.13,3.61,0.00,81.20
92.5,92.5,1,92.500,18/03/2026 02:30:54,22.217,,9.42, 10.09, 9.52,38.00, -1.32, 4.34,8.250, 8.707, 8.438, 7.513, 7.641, 7.807, 7.679, 7.816, 8.106, 8.477, 8.707, 8.904, 9.044, 9.174, 9.384, 9.578, 9.800, 9.977, 10.075, 10.129, 10.211, 10.305, 10.297, 10.254, 10.269, 10.239, 10.196, 10.192, 10.159, 10.190, 10.134, 10.158, 10.098, 10.159, 10.123, 10.232, 10.186, 10.342, 10.299, 10.457, 10.539, 10.572, 10.814, 10.776, 10.959, 11.109, 11.008, 11.210, 11.267, 11.120, 11.267, 11.357, 11.182, 11.251, 11.426, 11.303, 11.256, 11.469, 11.541, 11.374, 11.391, 11.574, 11.618, 11.497, 11.518, 11.753, 11.975, 11.851, 11.739, 11.880, 12.122, 12.123, 11.889, 11.749, 11.890, 12.133, 12.196, 12.018, 11.748, 11.678, 11.767, 11.931, 11.945, 11.772, 11.620, 11.680, 11.945, 12.224, 12.333, 12.258, 12.109, 12.037, 12.127, 12.349, 12.544, 12.560, 12.393, 12.100, 11.777, 11.585, 11.547, 11.584, 11.442, 10.808, 9.383, 7.571, 6.284, 5.747, 5.686, 5.821, 6.023, 6.225, 6.465, 6.750, 7.046, 7.388, 7.789, 8.270, 8.796, 9.324, 9.788, 10.152, 10.415, 10.578, 10.664, 10.712, 10.793, 10.921, 11.088, 11.295, 11.489, 11.663, 11.761, 11.804, 11.761, 11.659, 11.529, 11.335, 11.115, 10.927, 10.752, 10.618, 10.539, 10.514, 10.554, 10.597, 10.615, 10.578, 10.434, 10.140, 9.621, 8.716, 7.202, 5.161, 3.410, 2.605, 2.439, 2.487, 2.623, 2.821, 3.008, 3.192, 3.359, 3.517, 3.662, 3.804, 3.932, 4.073, 4.251, 4.450, 4.694, 5.004, 5.357, 5.750, 6.156, 6.565, 6.983, 7.358, 7.673, 7.955, 8.175, 8.327, 8.400, 8.452, 8.437, 8.306, 8.132, 7.944, 7.841, 7.758, 7.622, 7.510, 7.427, 7.324, 7.284, 7.156, 7.071, 6.885, 6.711, 6.561, 6.432, 6.288, 6.214, 5.987, 5.841, 5.557, 5.330, 5.001, 4.748, 4.470, 4.113, 3.867, 3.588, 3.468, 3.349, 3.206, 16.3,989201.0,1109549.0,879956.51,46554.51,3441.69,24274.71,608.20,24687.61,275.70,317.89,33.78,335.83,22.96,980.26,26.02,547.44,16.95,1027.50,56.86,0.00,19.57,130.51,18.39,240.62,12.06,20271.42,126.71,0.00,111.80,0.00,16.53,22.39,2.45,91.89,2.80,10.17,1.24,0.00,4.37,97.02,1.33,200.80,1.96,23.22,0.97,127.76,1.65,3.58,1.04,0.00,53.64,0.00,441.19,0.00,310.52,69.63,9.12,0.00,537.44,0.00,48.90,5.32,1.09,23.41,1.47,0.00,138.44,0.00,155.11,0.00,65.30,211454.00,77200.22,5707.27,45866.16,1149.17,52815.07,589.81,728.40,77.40,838.54,57.33,1180.83,31.34,765.98,23.72,1714.38,94.87,0.00,34.94,190.75,26.88,345.73,17.33,28982.94,181.16,0.00,142.15,0.00,21.04,28.03,3.07,114.38,3.49,13.43,1.64,0.00,6.14,106.10,1.45,237.47,2.32,29.49,1.23,172.57,2.23,4.20,1.22,0.00,71.53,0.00,473.89,0.00,354.72,88.40,11.58,0.00,643.37,0.00,57.41,5.74,1.18,25.22,1.58,0.00,154.34,0.00,176.50,0.00,74.08
93.0,93.0,1,93.000,18/03/2026 02:31:37,21.955,,10.09, 10.78, 10.24,39.21, -1.28, 4.24,8.587, 8.509, 9.232, 8.036, 8.370, 8.145, 8.234, 8.491, 8.758, 9.179, 9.375, 9.579, 9.668, 9.845, 10.084, 10.269, 10.461, 10.647, 10.778, 10.856, 10.926, 10.975, 10.985, 10.980, 10.955, 10.926, 10.910, 10.886, 10.877, 10.876, 10.866, 10.854, 10.842, 10.842, 10.873, 10.904, 10.950, 11.000, 11.058, 11.156, 11.247, 11.339, 11.470, 11.553, 11.679, 11.792, 11.811, 11.908, 11.960, 11.938, 11.993, 12.026, 11.986, 12.022, 12.085, 12.070, 12.091, 12.189, 12.216, 12.202, 12.252, 12.310, 12.320, 12.354, 12.446, 12.514, 12.623, 12.603, 12.647, 12.755, 12.797, 12.738, 12.655, 12.691, 12.789, 12.829, 12.776, 12.720, 12.700, 12.703, 12.622, 12.584, 12.585, 12.625, 12.717, 12.798, 12.856, 12.872, 12.905, 12.999, 13.121, 13.221, 13.242, 13.212, 13.148, 13.125, 13.155, 13.174, 13.119, 12.957, 12.737, 12.503, 12.198, 11.674, 10.619, 9.233, 8.206, 7.712, 7.478, 7.303, 7.226, 7.296, 7.613, 8.148, 8.769, 9.363, 9.833, 10.187, 10.424, 10.602, 10.801, 11.046, 11.355, 11.722, 12.095, 12.412, 12.639, 12.757, 12.754, 12.683, 12.595, 12.516, 12.501, 12.548, 12.676, 12.843, 13.013, 13.062, 13.029, 12.902, 12.661, 12.321, 11.996, 11.722, 11.564, 11.498, 11.510, 11.589, 11.674, 11.646, 11.436, 10.816, 9.521, 7.447, 5.310, 4.040, 3.486, 3.221, 3.119, 3.117, 3.257, 3.485, 3.807, 4.197, 4.624, 5.088, 5.547, 5.953, 6.351, 6.686, 7.005, 7.254, 7.471, 7.700, 7.900, 8.107, 8.312, 8.548, 8.796, 9.039, 9.315, 9.569, 9.839, 10.097, 10.283, 10.376, 10.371, 10.306, 10.344, 10.318, 10.185, 10.024, 9.806, 9.564, 9.311, 9.017, 8.696, 8.283, 7.950, 7.647, 7.446, 7.323, 7.280, 7.172, 7.045, 6.925, 6.855, 6.682, 6.544, 6.450, 6.264, 6.066, 5.878, 5.511, 5.232, 5.184, 16.3,990926.0,1146953.0,840125.05,76724.20,3693.69,27826.46,646.23,27101.17,295.21,650.09,38.59,461.48,24.21,1033.43,27.03,649.82,18.24,1496.78,63.79,67.51,7.64,88.77,19.28,308.60,13.36,22740.21,144.74,0.00,120.99,0.00,14.18,23.92,2.52,80.88,2.71,15.87,1.23,0.00,5.19,115.53,1.50,212.44,2.08,12.45,0.94,127.44,1.70,10.21,1.10,0.00,55.98,66.91,9.60,0.00,318.73,46.75,9.26,0.00,553.17,0.00,46.56,0.00,30.70,14.09,1.37,0.00,141.72,0.00,157.47,0.00,68.19,279160.56,127229.88,6125.16,52577.06,1221.03,57978.48,631.55,1489.59,88.42,1152.27,60.45,1244.87,32.56,909.23,25.52,2497.37,106.43,120.52,13.64,129.74,28.18,443.41,19.20,32512.67,206.94,0.00,153.84,0.00,18.05,29.94,3.15,100.67,3.37,20.95,1.62,0.00,7.29,126.34,1.64,251.23,2.46,15.81,1.19,172.14,2.30,11.97,1.29,0.00,74.65,71.87,10.31,0.00,364.09,59.35,11.76,0.00,662.20,0.00,54.66,0.00,33.15,15.18,1.48,0.00,157.99,0.00,179.19,0.00,77.36
93.5,93.5,1,93.500,18/03/2026 02:32:21,21.890,1157879.561,10.89, 11.61, 11.42,40.59, -1.12, 3.27,13.046, 10.237, 10.855, 9.699, 9.944, 9.750, 9.576, 9.730, 9.966, 10.258, 10.456, 10.625, 10.686, 10.848, 11.074, 11.222, 11.372, 11.518, 11.576, 11.657, 11.776, 11.822, 11.766, 11.781, 11.755, 11.648, 11.734, 11.635, 11.595, 11.717, 11.478, 11.731, 11.441, 11.699, 11.481, 11.725, 11.546, 11.799, 11.686, 11.883, 11.917, 12.010, 12.138, 12.248, 12.303, 12.476, 12.524, 12.473, 12.692, 12.625, 12.512, 12.781, 12.708, 12.530, 12.777, 12.857, 12.633, 12.768, 13.022, 12.921, 12.792, 12.991, 13.161, 13.065, 13.030, 13.211, 13.394, 13.349, 13.263, 13.378, 13.504, 13.460, 13.377, 13.355, 13.449, 13.476, 13.446, 13.424, 13.432, 13.433, 13.341, 13.270, 13.327, 13.445, 13.589, 13.631, 13.589, 13.543, 13.614, 13.825, 14.023, 14.088, 14.011, 13.878, 13.813, 13.886, 14.074, 14.181, 14.117, 13.884, 13.626, 13.428, 13.269, 13.023, 12.383, 11.349, 10.427, 9.909, 9.660, 9.505, 9.506, 9.667, 10.049, 10.539, 11.003, 11.400, 11.665, 11.858, 12.032, 12.239, 12.487, 12.776, 13.060, 13.354, 13.584, 13.733, 13.824, 13.862, 13.869, 13.901, 13.952, 14.038, 14.113, 14.186, 14.252, 14.288, 14.291, 14.236, 14.118, 13.993, 13.861, 13.721, 13.643, 13.608, 13.639, 13.672, 13.623, 13.605, 13.523, 13.363, 13.040, 12.438, 11.335, 9.600, 7.605, 6.269, 5.746, 5.652, 5.765, 5.989, 6.283, 6.588, 6.901, 7.186, 7.465, 7.739, 8.007, 8.248, 8.526, 8.833, 9.172, 9.539, 9.926, 10.313, 10.726, 11.084, 11.424, 11.736, 11.977, 12.164, 12.294, 12.389, 12.413, 12.422, 12.381, 12.240, 12.042, 11.873, 11.938, 12.036, 12.017, 12.033, 12.103, 12.126, 12.168, 12.156, 12.046, 11.823, 11.617, 11.374, 11.217, 11.135, 11.002, 10.767, 10.525, 10.303, 9.949, 9.669, 9.375, 9.074, 8.740, 8.515, 8.263, 8.268, 7.879, 8.183, 16.2,993352.0,1167366.0,860649.49,57480.62,3518.36,23418.05,609.48,27512.73,295.34,280.68,33.77,366.07,23.36,2281.58,32.64,1055.56,20.56,1658.18,65.40,65.67,7.59,64.08,18.59,386.34,14.41,24152.86,150.86,0.00,126.20,0.00,15.27,22.66,2.55,75.87,2.72,16.13,1.15,0.00,5.00,114.13,1.51,236.46,2.24,24.33,1.03,125.79,1.72,7.09,1.11,0.00,56.25,0.00,460.85,0.00,321.94,0.00,537.12,0.00,579.54,0.00,59.40,0.00,27.47,5.59,1.25,0.00,141.90,0.00,157.90,0.00,74.75,243036.48,95318.72,5834.41,44247.53,1151.59,58858.94,631.83,643.14,77.38,914.04,58.33,2748.40,39.32,1476.95,28.77,2766.66,109.12,117.23,13.55,93.66,27.17,555.11,20.70,34532.40,215.69,0.00,160.46,0.00,19.43,28.37,3.19,94.44,3.39,21.30,1.52,0.00,7.03,124.81,1.65,279.64,2.65,30.90,1.31,169.91,2.32,8.31,1.30,0.00,75.01,0.00,495.01,0.00,367.76,0.00,681.88,0.00,693.77,0.00,69.74,0.00,29.66,6.02,1.35,0.00,158.20,0.00,179.67,0.00,84.80
94.0,94.0,1,94.000,18/03/2026 02:32:55,20.704,,10.58, 11.28, 11.07,40.05, -1.11, 3.30,10.619, 10.276, 10.703, 9.820, 9.740, 9.211, 9.394, 9.493, 9.632, 10.006, 10.141, 10.260, 10.361, 10.508, 10.725, 10.858, 10.996, 11.200, 11.322, 11.398, 11.396, 11.415, 11.478, 11.441, 11.371, 11.423, 11.339, 11.294, 11.391, 11.248, 11.373, 11.202, 11.317, 11.203, 11.358, 11.247, 11.433, 11.341, 11.490, 11.520, 11.555, 11.788, 11.763, 11.959, 12.066, 12.025, 12.277, 12.268, 12.165, 12.411, 12.353, 12.215, 12.411, 12.444, 12.304, 12.336, 12.604, 12.503, 12.402, 12.614, 12.791, 12.656, 12.591, 12.800, 13.021, 12.893, 12.867, 12.895, 13.170, 13.177, 13.072, 12.971, 12.993, 13.217, 13.201, 13.127, 13.074, 13.025, 13.196, 13.247, 13.121, 13.112, 13.100, 13.121, 13.317, 13.444, 13.406, 13.443, 13.486, 13.462, 13.565, 13.774, 13.846, 13.788, 13.802, 13.812, 13.709, 13.691, 13.792, 13.826, 13.722, 13.615, 13.508, 13.199, 12.467, 11.459, 10.715, 10.437, 10.404, 10.345, 10.327, 10.373, 10.555, 10.836, 11.181, 11.627, 12.094, 12.476, 12.717, 12.851, 12.968, 13.092, 13.195, 13.265, 13.350, 13.498, 13.764, 14.062, 14.244, 14.313, 14.265, 14.201, 14.167, 14.149, 14.108, 14.039, 14.003, 14.005, 14.073, 14.212, 14.306, 14.272, 14.185, 14.040, 13.897, 13.823, 13.702, 13.655, 13.559, 13.397, 13.137, 12.707, 11.882, 10.387, 8.420, 6.925, 6.277, 6.060, 6.039, 6.150, 6.376, 6.663, 6.983, 7.330, 7.698, 8.076, 8.437, 8.824, 9.206, 9.611, 10.048, 10.471, 10.879, 11.247, 11.555, 11.817, 12.012, 12.186, 12.323, 12.466, 12.598, 12.703, 12.785, 12.866, 12.880, 12.788, 12.591, 12.449, 12.564, 12.720, 12.748, 12.851, 12.920, 12.951, 12.966, 12.852, 12.676, 12.347, 12.084, 11.804, 11.555, 11.449, 11.340, 11.198, 11.053, 10.880, 10.664, 10.427, 10.112, 9.891, 9.668, 9.508, 9.272, 9.174, 8.958, 8.875, 16.3,998307.0,1194976.0,846117.71,58371.82,3435.91,24553.52,620.04,34451.85,331.68,435.57,35.48,358.04,22.85,4569.21,43.70,1595.63,24.08,1552.32,64.17,93.34,7.98,0.00,72.80,409.29,14.75,26736.30,162.82,0.00,124.46,0.00,16.76,12.39,2.39,86.09,2.89,15.06,1.21,1.74,0.52,103.28,1.44,257.85,2.36,14.39,0.96,147.10,1.85,0.00,31.63,0.00,55.60,69.60,9.71,39.16,6.55,0.00,533.46,0.00,559.15,0.00,61.75,0.00,30.09,8.75,1.39,0.00,146.32,0.00,160.46,0.00,78.40,269001.90,96796.58,5697.69,46392.96,1171.54,73704.04,709.57,998.05,81.30,893.99,57.05,5504.09,52.64,2232.62,33.69,2590.04,107.07,166.63,14.25,0.00,106.40,588.08,21.19,38226.06,232.79,0.00,158.25,0.00,21.33,15.51,2.99,107.16,3.60,19.88,1.60,2.45,0.73,112.95,1.57,304.93,2.79,18.27,1.22,198.70,2.50,0.00,37.08,0.00,74.14,74.76,10.43,44.73,7.48,0.00,677.24,0.00,669.36,0.00,72.50,0.00,32.49,9.43,1.50,0.00,163.12,0.00,182.59,0.00,88.94
94.5,94.5,1,94.500,18/03/2026 02:33:38,19.446,,10.73, 11.46, 11.13,40.35, -1.25, 3.64,10.727, 9.646, 10.027, 9.348, 9.577, 9.242, 9.209, 9.401, 9.641, 9.995, 10.176, 10.343, 10.473, 10.651, 10.868, 11.034, 11.218, 11.383, 11.461, 11.514, 11.586, 11.679, 11.649, 11.595, 11.623, 11.592, 11.480, 11.566, 11.472, 11.483, 11.495, 11.402, 11.475, 11.377, 11.502, 11.441, 11.513, 11.596, 11.556, 11.825, 11.722, 11.956, 12.015, 12.043, 12.343, 12.282, 12.342, 12.550, 12.432, 12.460, 12.620, 12.488, 12.482, 12.662, 12.567, 12.520, 12.660, 12.774, 12.660, 12.675, 12.875, 12.917, 12.800, 12.833, 13.034, 13.141, 13.045, 12.976, 13.037, 13.285, 13.285, 13.136, 13.025, 13.048, 13.288, 13.325, 13.229, 13.101, 13.035, 13.146, 13.255, 13.223, 13.179, 13.110, 13.088, 13.262, 13.463, 13.516, 13.500, 13.483, 13.424, 13.464, 13.654, 13.793, 13.793, 13.758, 13.687, 13.543, 13.425, 13.435, 13.494, 13.466, 13.311, 12.960, 12.164, 11.019, 10.095, 9.729, 9.730, 9.766, 9.799, 9.862, 10.065, 10.370, 10.680, 11.011, 11.359, 11.738, 12.107, 12.387, 12.573, 12.696, 12.824, 12.942, 13.033, 13.089, 13.176, 13.326, 13.517, 13.702, 13.807, 13.828, 13.790, 13.753, 13.723, 13.685, 13.623, 13.537, 13.425, 13.373, 13.393, 13.405, 13.433, 13.408, 13.355, 13.303, 13.184, 13.134, 13.048, 12.877, 12.586, 12.022, 11.035, 9.386, 7.455, 6.095, 5.524, 5.366, 5.394, 5.561, 5.804, 6.098, 6.415, 6.746, 7.095, 7.420, 7.750, 8.055, 8.355, 8.659, 8.983, 9.328, 9.690, 10.064, 10.440, 10.777, 11.070, 11.334, 11.530, 11.708, 11.842, 11.924, 12.011, 12.088, 12.093, 11.983, 11.821, 11.632, 11.649, 11.632, 11.575, 11.555, 11.587, 11.582, 11.611, 11.534, 11.455, 11.291, 11.038, 10.828, 10.630, 10.554, 10.410, 10.263, 10.069, 9.882, 9.639, 9.360, 9.060, 8.804, 8.568, 8.250, 8.037, 7.659, 7.577, 7.555, 16.3,1033595.0,1131225.0,896926.57,33070.67,3030.67,20024.65,538.68,22906.38,249.92,419.34,32.37,221.92,20.21,1382.76,25.54,912.37,17.34,1154.09,54.99,29.12,6.16,0.00,46.94,425.59,13.52,21993.35,127.27,0.00,110.92,0.00,15.14,20.55,2.31,65.62,2.34,30.79,1.34,0.00,5.09,74.97,1.14,142.97,1.53,11.45,0.82,90.89,1.37,0.00,29.49,0.00,51.13,0.00,421.94,27.98,5.97,0.00,479.76,0.00,509.94,0.00,43.09,0.00,25.90,12.33,1.28,47.39,3.53,0.00,136.84,8.23,1.36,180815.56,54840.29,5025.69,37835.83,1017.82,49004.42,534.66,960.86,74.17,554.11,50.46,1665.68,30.77,1276.59,24.26,1925.59,91.75,51.98,11.00,0.00,68.61,611.50,19.43,31444.86,181.96,0.00,141.03,0.00,19.27,25.72,2.89,81.68,2.91,40.65,1.77,0.00,7.15,81.99,1.25,169.08,1.81,14.54,1.04,122.77,1.85,0.00,34.57,0.00,68.18,0.00,453.21,31.96,6.82,0.00,609.06,0.00,610.45,0.00,50.59,0.00,27.97,13.28,1.38,52.83,3.94,0.00,155.71,9.34,1.54
95.0,95.0,1,95.000,18/03/2026 02:34:22,22.027,,11.19, 11.95, 11.74,41.13, -1.24, 3.31,13.827, 11.596, 11.593, 10.279, 10.187, 10.080, 9.890, 10.007, 10.194, 10.587, 10.730, 10.908, 11.030, 11.191, 11.396, 11.544, 11.682, 11.852, 11.972, 12.105, 12.109, 12.045, 12.140, 12.153, 11.988, 12.067, 11.999, 11.912, 11.988, 11.869, 11.925, 11.836, 11.841, 11.819, 11.852, 11.835, 11.926, 11.885, 12.074, 11.995, 12.209, 12.287, 12.254, 12.579, 12.534, 12.581, 12.860, 12.741, 12.735, 12.975, 12.860, 12.749, 12.962, 12.994, 12.804, 12.888, 13.095, 13.037, 12.938, 13.103, 13.251, 13.189, 13.130, 13.274, 13.429, 13.386, 13.341, 13.369, 13.496, 13.562, 13.522, 13.426, 13.443, 13.516, 13.547, 13.526, 13.476, 13.484, 13.521, 13.499, 13.454, 13.397, 13.448, 13.526, 13.628, 13.667, 13.664, 13.665, 13.693, 13.806, 13.926, 14.003, 14.005, 13.946, 13.893, 13.888, 13.957, 14.012, 14.019, 13.943, 13.799, 13.650, 13.451, 13.154, 12.553, 11.684, 10.965, 10.634, 10.521, 10.406, 10.304, 10.284, 10.466, 10.826, 11.294, 11.788, 12.211, 12.519, 12.723, 12.822, 12.863, 12.890, 12.965, 13.090, 13.289, 13.553, 13.822, 14.051, 14.199, 14.245, 14.213, 14.107, 13.981, 13.849, 13.765, 13.753, 13.799, 13.890, 13.973, 14.071, 14.137, 14.141, 14.061, 13.949, 13.841, 13.679, 13.485, 13.334, 13.197, 13.030, 12.817, 12.424, 11.614, 10.213, 8.446, 7.246, 6.761, 6.630, 6.661, 6.767, 6.919, 7.096, 7.286, 7.498, 7.732, 7.993, 8.291, 8.590, 8.931, 9.314, 9.707, 10.120, 10.521, 10.926, 11.314, 11.643, 11.928, 12.166, 12.344, 12.460, 12.548, 12.568, 12.551, 12.532, 12.491, 12.363, 12.206, 12.083, 12.132, 12.200, 12.204, 12.253, 12.319, 12.384, 12.438, 12.452, 12.388, 12.216, 12.077, 11.915, 11.819, 11.695, 11.627, 11.479, 11.233, 10.998, 10.711, 10.508, 10.168, 9.876, 9.524, 9.303, 9.085, 8.837, 8.750, 8.573, 16.2,1081083.0,1139477.0,878242.11,45479.31,3200.37,21630.21,556.91,23996.78,259.12,267.58,30.71,385.49,21.47,1504.01,26.53,866.10,17.48,1868.49,63.69,26.52,6.58,189.76,18.35,464.14,14.59,24376.58,143.00,0.00,118.52,0.00,14.29,24.10,2.45,59.96,2.36,26.94,1.34,2.58,0.49,98.27,1.33,204.20,1.94,18.68,0.93,124.13,1.60,0.00,30.05,0.00,51.77,0.00,440.59,0.00,306.12,97.63,9.37,0.00,534.33,0.00,54.88,0.00,26.87,13.96,1.36,32.48,3.77,0.00,143.17,0.00,69.83,212044.05,75417.24,5307.10,40869.47,1052.26,51337.15,554.34,613.12,70.37,962.53,53.61,1811.74,31.96,1211.85,24.46,3117.56,106.27,47.34,11.75,277.34,26.82,666.89,20.96,34852.26,204.45,0.00,150.70,0.00,18.19,30.17,3.07,74.63,2.94,35.57,1.77,3.63,0.69,107.47,1.45,241.49,2.29,23.72,1.18,167.67,2.16,0.00,35.22,0.00,69.03,0.00,473.24,0.00,349.69,123.94,11.90,0.00,639.65,0.00,64.43,0.00,29.01,15.04,1.47,36.21,4.20,0.00,162.91,0.00,79.22
95.5,95.5,1,95.500,18/03/2026 02:35:05,21.099,,12.01, 12.76, 12.92,42.40, -0.87, 2.41,16.233, 14.066, 13.782, 12.313, 12.050, 11.445, 11.245, 11.348, 11.418, 11.688, 11.809, 11.945, 12.076, 12.199, 12.358, 12.429, 12.485, 12.646, 12.840, 12.872, 12.865, 12.892, 12.886, 12.948, 12.790, 12.881, 12.747, 12.812, 12.731, 12.796, 12.701, 12.800, 12.637, 12.809, 12.675, 12.810, 12.799, 12.841, 12.897, 13.047, 13.009, 13.206, 13.349, 13.284, 13.545, 13.682, 13.558, 13.693, 13.863, 13.772, 13.708, 13.872, 13.948, 13.827, 13.807, 13.975, 14.068, 14.006, 14.002, 14.117, 14.240, 14.230, 14.252, 14.308, 14.365, 14.409, 14.516, 14.593, 14.563, 14.506, 14.516, 14.597, 14.674, 14.656, 14.536, 14.446, 14.536, 14.718, 14.804, 14.716, 14.542, 14.447, 14.546, 14.740, 14.914, 14.969, 14.933, 14.873, 14.861, 14.956, 15.108, 15.242, 15.311, 15.318, 15.294, 15.253, 15.230, 15.220, 15.208, 15.184, 15.150, 15.116, 15.040, 14.811, 14.210, 13.315, 12.535, 12.198, 12.154, 12.142, 12.165, 12.254, 12.487, 12.791, 13.124, 13.459, 13.755, 14.010, 14.240, 14.444, 14.616, 14.771, 14.899, 15.032, 15.120, 15.219, 15.320, 15.419, 15.542, 15.642, 15.754, 15.822, 15.857, 15.899, 15.904, 15.883, 15.881, 15.786, 15.649, 15.564, 15.497, 15.443, 15.453, 15.505, 15.614, 15.695, 15.651, 15.693, 15.654, 15.514, 15.241, 14.740, 13.771, 12.163, 10.181, 8.752, 8.131, 7.971, 8.058, 8.318, 8.710, 9.154, 9.627, 10.075, 10.521, 10.906, 11.246, 11.514, 11.733, 11.903, 12.047, 12.212, 12.359, 12.517, 12.715, 12.933, 13.184, 13.492, 13.760, 14.099, 14.409, 14.722, 14.994, 15.263, 15.433, 15.500, 15.428, 15.318, 15.362, 15.377, 15.215, 15.050, 14.882, 14.683, 14.518, 14.290, 14.044, 13.643, 13.406, 13.179, 13.079, 13.029, 13.121, 13.206, 13.243, 13.291, 13.337, 13.299, 13.356, 13.424, 13.296, 13.261, 13.156, 12.938, 12.835, 12.597, 16.3,1021927.0,1086045.0,885412.06,42047.85,3251.80,22814.71,574.82,25133.26,271.21,366.43,33.08,306.93,21.88,195.70,21.54,299.50,14.74,1112.19,56.28,23.21,6.44,117.35,17.59,316.11,12.77,21244.47,127.71,0.00,111.48,0.00,14.33,13.90,2.23,53.10,2.27,12.07,1.16,0.00,4.04,111.64,1.41,187.64,1.83,15.10,0.91,93.86,1.44,0.00,30.02,0.00,53.13,0.00,437.75,0.00,298.43,93.84,8.92,0.00,526.33,14.94,3.03,0.00,28.98,14.17,1.33,0.00,134.52,0.00,149.59,0.00,73.25,202502.03,69726.93,5392.38,43107.54,1086.10,53768.46,580.21,839.63,75.80,766.37,54.63,235.74,25.95,419.06,20.62,1855.68,93.90,41.43,11.50,171.51,25.71,454.20,18.35,30374.15,182.59,0.00,141.74,0.00,18.24,17.40,2.79,66.09,2.83,15.94,1.53,0.00,5.68,122.09,1.54,221.90,2.16,19.18,1.16,126.78,1.95,0.00,35.19,0.00,70.85,0.00,470.19,0.00,340.91,119.13,11.32,0.00,630.07,17.54,3.56,0.00,31.29,15.26,1.43,0.00,149.97,0.00,170.22,0.00,83.10
96.0,96.0,1,96.000,18/03/2026 02:35:48,20.372,,12.19, 12.90, 13.25,42.62, -0.50, 1.96,16.743, 15.096, 14.573, 13.379, 12.819, 12.282, 11.793, 11.796, 11.885, 12.077, 12.110, 12.229, 12.259, 12.347, 12.471, 12.574, 12.693, 12.791, 12.886, 12.959, 12.978, 13.043, 13.015, 13.013, 13.058, 12.909, 13.084, 12.867, 13.076, 12.876, 13.118, 12.882, 13.127, 12.961, 13.079, 13.194, 12.998, 13.372, 13.199, 13.305, 13.617, 13.448, 13.634, 13.936, 13.821, 13.890, 14.201, 14.158, 14.022, 14.232, 14.379, 14.200, 14.122, 14.379, 14.481, 14.343, 14.261, 14.484, 14.678, 14.653, 14.481, 14.515, 14.767, 14.975, 14.909, 14.688, 14.704, 14.970, 15.259, 15.197, 14.905, 14.762, 14.849, 15.127, 15.321, 15.204, 14.945, 14.780, 14.830, 15.057, 15.268, 15.299, 15.140, 14.923, 14.799, 14.890, 15.220, 15.566, 15.734, 15.674, 15.463, 15.226, 15.151, 15.285, 15.617, 15.947, 16.073, 15.971, 15.669, 15.296, 15.010, 14.927, 14.990, 14.984, 14.532, 13.627, 12.724, 12.164, 11.826, 11.546, 11.422, 11.519, 11.892, 12.474, 13.089, 13.627, 13.982, 14.193, 14.302, 14.330, 14.325, 14.374, 14.507, 14.756, 15.054, 15.375, 15.661, 15.859, 15.963, 15.995, 15.955, 15.871, 15.759, 15.668, 15.609, 15.619, 15.684, 15.740, 15.757, 15.784, 15.753, 15.685, 15.595, 15.513, 15.460, 15.421, 15.329, 15.288, 15.221, 15.071, 14.797, 14.294, 13.329, 11.669, 9.719, 8.354, 7.764, 7.563, 7.578, 7.741, 8.011, 8.339, 8.711, 9.098, 9.491, 9.880, 10.249, 10.582, 10.913, 11.213, 11.512, 11.785, 12.043, 12.293, 12.528, 12.747, 12.960, 13.154, 13.319, 13.521, 13.688, 13.883, 14.062, 14.236, 14.356, 14.373, 14.287, 14.222, 14.306, 14.380, 14.371, 14.326, 14.329, 14.272, 14.245, 14.090, 13.922, 13.514, 13.223, 12.890, 12.679, 12.469, 12.358, 12.180, 11.957, 11.792, 11.609, 11.461, 11.254, 11.096, 10.915, 10.782, 10.664, 10.484, 10.371, 10.435, 16.3,1024919.0,1074937.0,877781.37,50561.08,3332.37,23898.92,585.15,25254.34,272.54,240.19,31.42,296.06,21.85,0.00,829.78,200.85,14.59,874.91,53.55,0.00,17.81,118.36,17.02,331.72,12.96,19967.75,121.47,0.00,111.71,0.00,14.75,0.00,11.82,62.96,2.37,14.75,1.10,0.00,5.40,102.37,1.33,174.09,1.74,14.43,0.89,96.36,1.44,0.00,30.15,0.00,52.67,0.00,433.95,0.00,296.86,0.00,491.03,0.00,528.82,0.00,58.23,0.00,29.55,9.53,1.22,0.00,134.07,0.00,149.94,0.00,69.88,215831.04,83844.21,5525.99,45156.12,1105.62,54027.49,583.05,550.36,71.99,739.23,54.56,0.00,999.56,281.03,20.41,1459.78,89.35,0.00,31.79,172.99,24.88,476.63,18.62,28548.77,173.67,0.00,142.04,0.00,18.77,0.00,14.80,78.37,2.95,19.47,1.45,0.00,7.59,111.95,1.45,205.88,2.06,18.33,1.13,130.16,1.95,0.00,35.34,0.00,70.23,0.00,466.11,0.00,339.11,0.00,623.37,0.00,633.05,0.00,68.37,0.00,31.91,10.27,1.31,0.00,149.47,0.00,170.62,0.00,79.27
96.5,96.5,1,96.500,18/03/2026 02:36:31,20.307,,10.41, 11.06, 10.96,39.69, -0.84, 2.98,11.207, 10.648, 11.518, 10.412, 10.134, 9.482, 9.386, 9.393, 9.619, 9.892, 10.046, 10.179, 10.222, 10.383, 10.549, 10.672, 10.814, 10.946, 11.037, 11.105, 11.186, 11.212, 11.185, 11.260, 11.180, 11.178, 11.189, 11.109, 11.201, 11.100, 11.208, 11.106, 11.173, 11.160, 11.149, 11.305, 11.154, 11.426, 11.349, 11.422, 11.688, 11.584, 11.765, 12.024, 11.907, 12.071, 12.329, 12.185, 12.186, 12.460, 12.412, 12.245, 12.390, 12.573, 12.456, 12.343, 12.508, 12.741, 12.687, 12.541, 12.633, 12.883, 12.964, 12.852, 12.785, 12.938, 13.246, 13.272, 13.186, 13.055, 13.104, 13.295, 13.417, 13.337, 13.166, 13.094, 13.191, 13.366, 13.463, 13.376, 13.168, 13.045, 13.081, 13.253, 13.463, 13.606, 13.607, 13.536, 13.465, 13.488, 13.597, 13.768, 13.925, 14.039, 14.034, 13.951, 13.811, 13.666, 13.567, 13.542, 13.582, 13.664, 13.650, 13.334, 12.489, 11.248, 10.211, 9.703, 9.605, 9.662, 9.865, 10.143, 10.509, 10.910, 11.230, 11.460, 11.596, 11.714, 11.880, 12.122, 12.460, 12.848, 13.264, 13.626, 13.893, 14.017, 14.042, 13.953, 13.813, 13.651, 13.558, 13.557, 13.634, 13.812, 14.062, 14.334, 14.555, 14.672, 14.652, 14.535, 14.312, 14.023, 13.673, 13.404, 13.180, 13.049, 12.952, 13.005, 13.084, 13.160, 13.112, 12.777, 11.913, 10.344, 8.476, 7.216, 6.647, 6.364, 6.223, 6.164, 6.200, 6.291, 6.464, 6.696, 7.003, 7.365, 7.796, 8.256, 8.733, 9.216, 9.702, 10.183, 10.622, 11.005, 11.304, 11.579, 11.777, 11.930, 12.005, 12.052, 12.047, 12.027, 11.985, 11.948, 11.911, 11.819, 11.710, 11.636, 11.766, 11.944, 12.063, 12.161, 12.303, 12.423, 12.552, 12.612, 12.541, 12.275, 12.074, 11.889, 11.679, 11.495, 11.393, 11.116, 10.781, 10.521, 10.146, 9.810, 9.371, 9.089, 8.717, 8.444, 8.110, 8.034, 7.896, 7.882, 16.3,1026774.0,1074454.0,862957.53,67761.18,3543.80,23716.82,589.48,25171.59,275.85,392.60,33.94,243.19,21.89,0.00,727.27,217.79,14.87,429.76,48.46,58.33,6.89,118.44,18.40,241.63,11.80,18208.43,114.73,0.00,103.52,0.00,12.98,7.27,2.03,50.00,2.12,6.76,1.08,0.00,5.26,87.70,1.23,164.91,1.69,16.13,0.88,106.38,1.48,13.25,1.06,0.00,53.36,0.00,443.27,0.00,307.20,0.00,501.81,0.00,522.04,0.00,48.38,0.00,28.85,15.56,1.33,14.78,3.83,0.00,152.10,0.00,67.87,240799.78,112366.72,5876.60,44812.05,1113.80,53850.46,590.14,899.59,77.77,607.22,54.66,0.00,876.07,304.73,20.81,717.05,80.86,104.13,12.30,173.11,26.89,347.18,16.95,26033.39,164.03,0.00,131.62,0.00,16.52,9.10,2.54,62.24,2.64,8.93,1.43,0.00,7.39,95.91,1.35,195.02,2.00,20.48,1.12,143.70,2.00,15.53,1.24,0.00,71.15,0.00,476.12,0.00,350.92,0.00,637.06,0.00,624.93,0.00,56.80,0.00,31.15,16.76,1.43,16.48,4.27,0.00,173.08,0.00,76.99
97.0,97.0,1,97.000,18/03/2026 02:37:14,24.472,,11.29, 12.05, 11.89,41.30, -1.22, 3.18,13.413, 11.656, 11.594, 10.765, 10.255, 10.047, 9.972, 10.245, 10.366, 10.721, 10.879, 11.024, 11.160, 11.334, 11.510, 11.694, 11.860, 12.002, 12.038, 12.130, 12.247, 12.206, 12.180, 12.236, 12.129, 12.124, 12.103, 12.017, 12.074, 11.984, 12.030, 11.946, 11.959, 11.939, 11.971, 12.009, 12.004, 12.100, 12.136, 12.194, 12.357, 12.394, 12.503, 12.709, 12.703, 12.834, 13.021, 12.941, 13.000, 13.192, 13.090, 13.029, 13.213, 13.235, 13.074, 13.154, 13.349, 13.345, 13.252, 13.323, 13.494, 13.524, 13.458, 13.496, 13.634, 13.732, 13.812, 13.733, 13.762, 13.826, 13.963, 13.971, 13.890, 13.824, 13.812, 13.896, 14.025, 14.034, 13.914, 13.754, 13.643, 13.734, 13.934, 14.095, 14.084, 13.964, 13.857, 13.877, 14.076, 14.348, 14.549, 14.544, 14.396, 14.192, 14.099, 14.190, 14.404, 14.615, 14.639, 14.491, 14.210, 13.905, 13.592, 13.226, 12.599, 11.725, 11.051, 10.735, 10.566, 10.331, 10.103, 9.987, 10.133, 10.539, 11.135, 11.781, 12.359, 12.794, 13.051, 13.145, 13.141, 13.100, 13.094, 13.173, 13.369, 13.658, 14.015, 14.361, 14.624, 14.788, 14.798, 14.706, 14.536, 14.350, 14.174, 14.062, 14.032, 14.038, 14.090, 14.197, 14.302, 14.374, 14.406, 14.412, 14.341, 14.220, 13.984, 13.789, 13.557, 13.283, 12.905, 12.302, 11.267, 9.625, 7.781, 6.640, 6.273, 6.268, 6.393, 6.590, 6.827, 7.060, 7.277, 7.496, 7.704, 7.893, 8.111, 8.334, 8.568, 8.840, 9.162, 9.516, 9.884, 10.303, 10.714, 11.125, 11.518, 11.887, 12.206, 12.453, 12.653, 12.789, 12.865, 12.915, 12.877, 12.766, 12.552, 12.335, 12.278, 12.203, 12.075, 11.935, 11.878, 11.818, 11.752, 11.711, 11.627, 11.442, 11.317, 11.263, 11.173, 11.163, 11.155, 11.102, 10.996, 10.838, 10.659, 10.418, 10.209, 9.853, 9.696, 9.323, 9.059, 8.766, 8.522, 8.384, 16.3,1089365.0,1082137.0,893467.25,47034.04,3192.25,20696.55,535.96,22550.84,247.30,349.47,31.22,210.28,20.15,0.00,847.02,180.37,13.38,435.42,46.07,0.00,15.49,99.05,15.11,247.69,11.11,14326.16,87.72,0.00,91.20,0.00,12.14,7.21,1.89,43.76,1.93,19.79,1.06,2.58,0.44,76.07,1.07,124.74,1.34,11.76,0.77,83.97,1.25,0.00,29.05,0.00,50.41,0.00,404.01,0.00,281.31,0.00,472.04,0.00,491.71,10.55,2.58,0.00,21.47,7.18,1.09,15.26,3.42,0.00,140.90,0.00,66.12,189122.09,77995.41,5293.63,39105.36,1012.68,48243.80,529.06,800.76,71.54,525.05,50.31,0.00,1020.32,252.37,18.72,726.50,76.87,0.00,27.65,144.77,22.08,355.89,15.96,20482.74,125.42,0.00,115.96,0.00,15.45,9.03,2.37,54.47,2.40,26.13,1.40,3.63,0.62,83.19,1.17,147.52,1.58,14.93,0.98,113.42,1.69,0.00,34.05,0.00,67.22,0.00,433.95,0.00,321.35,0.00,599.26,0.00,588.63,12.39,3.03,0.00,23.18,7.73,1.17,17.01,3.81,0.00,160.33,0.00,75.01
97.5,97.5,1,97.500,18/03/2026 02:37:49,22.355,,11.06, 11.81, 11.50,40.92, -1.22, 3.59,11.263, 9.829, 10.748, 10.257, 9.984, 9.796, 9.562, 9.780, 9.953, 10.299, 10.541, 10.707, 10.842, 10.995, 11.191, 11.369, 11.514, 11.730, 11.835, 11.905, 11.959, 12.002, 11.992, 11.978, 11.978, 11.900, 11.899, 11.863, 11.841, 11.864, 11.803, 11.827, 11.750, 11.797, 11.789, 11.818, 11.874, 11.896, 12.009, 12.050, 12.173, 12.276, 12.363, 12.500, 12.615, 12.693, 12.771, 12.857, 12.889, 12.891, 12.945, 12.989, 12.940, 12.961, 13.059, 13.062, 13.018, 13.099, 13.253, 13.250, 13.171, 13.252, 13.432, 13.483, 13.382, 13.367, 13.549, 13.758, 13.694, 13.528, 13.524, 13.679, 13.837, 13.787, 13.580, 13.486, 13.622, 13.834, 13.884, 13.694, 13.453, 13.392, 13.553, 13.829, 13.977, 13.938, 13.773, 13.667, 13.734, 13.951, 14.204, 14.346, 14.317, 14.160, 14.007, 13.968, 14.046, 14.179, 14.278, 14.263, 14.136, 13.930, 13.635, 13.228, 12.508, 11.564, 10.853, 10.606, 10.574, 10.511, 10.426, 10.366, 10.462, 10.726, 11.124, 11.598, 12.073, 12.494, 12.832, 13.076, 13.220, 13.303, 13.351, 13.394, 13.457, 13.574, 13.735, 13.927, 14.127, 14.295, 14.418, 14.480, 14.493, 14.455, 14.388, 14.318, 14.251, 14.148, 14.039, 13.978, 13.926, 13.897, 13.883, 13.916, 13.955, 14.000, 13.953, 13.942, 13.852, 13.684, 13.360, 12.789, 11.706, 9.951, 7.914, 6.539, 6.008, 5.899, 6.003, 6.242, 6.576, 6.952, 7.349, 7.737, 8.113, 8.467, 8.774, 9.035, 9.270, 9.500, 9.694, 9.921, 10.127, 10.371, 10.615, 10.891, 11.191, 11.494, 11.785, 12.081, 12.348, 12.600, 12.819, 13.030, 13.150, 13.161, 13.092, 12.991, 12.976, 12.952, 12.776, 12.625, 12.434, 12.276, 12.115, 11.873, 11.645, 11.327, 11.098, 10.908, 10.811, 10.771, 10.794, 10.792, 10.740, 10.775, 10.694, 10.543, 10.530, 10.351, 10.355, 10.141, 9.824, 9.664, 9.467, 9.334, 16.2,1030303.0,1070750.0,870935.13,64571.54,3503.81,22011.77,569.49,25290.98,274.84,437.66,34.38,376.84,22.69,0.00,732.93,215.37,14.65,308.99,46.74,46.33,6.77,0.00,54.88,225.36,11.31,15174.52,97.31,0.00,94.25,0.00,14.55,6.68,1.99,51.71,2.14,21.81,1.18,4.79,0.52,67.65,1.06,139.68,1.50,10.84,0.80,87.06,1.34,4.08,0.98,0.00,54.39,0.00,429.27,0.00,294.31,0.00,494.11,0.00,518.73,0.00,55.84,0.00,26.43,11.23,1.23,0.00,136.93,0.00,152.50,0.00,66.78,228132.24,107077.42,5810.28,41590.42,1076.03,54105.88,587.97,1002.84,78.78,940.93,56.65,0.00,882.89,301.35,20.50,515.55,77.99,82.71,12.09,0.00,80.21,323.81,16.25,21695.68,139.13,0.00,119.84,0.00,18.52,8.36,2.49,64.36,2.66,28.80,1.56,6.73,0.73,73.98,1.16,165.19,1.77,13.77,1.02,117.60,1.81,4.78,1.15,0.00,72.53,0.00,461.08,0.00,336.20,0.00,627.28,0.00,620.97,0.00,65.56,0.00,28.54,12.10,1.32,0.00,152.65,0.00,173.53,0.00,75.76
98.0,98.0,1,98.000,18/03/2026 02:38:32,23.477,,10.63, 11.38, 10.92,40.21, -1.38, 4.01,11.019, 10.408, 10.014, 9.164, 9.087, 8.914, 8.922, 9.147, 9.390, 9.730, 9.977, 10.186, 10.309, 10.514, 10.726, 10.909, 11.061, 11.259, 11.385, 11.489, 11.551, 11.566, 11.574, 11.581, 11.531, 11.486, 11.474, 11.418, 11.413, 11.382, 11.364, 11.331, 11.302, 11.291, 11.343, 11.345, 11.412, 11.446, 11.501, 11.604, 11.647, 11.807, 11.879, 11.972, 12.161, 12.175, 12.261, 12.413, 12.342, 12.378, 12.508, 12.427, 12.382, 12.536, 12.541, 12.423, 12.514, 12.694, 12.632, 12.546, 12.679, 12.842, 12.783, 12.689, 12.812, 13.000, 13.067, 12.913, 12.844, 12.990, 13.212, 13.168, 12.965, 12.811, 12.955, 13.187, 13.300, 13.102, 12.858, 12.768, 12.877, 13.105, 13.237, 13.112, 12.900, 12.818, 12.970, 13.264, 13.505, 13.558, 13.410, 13.201, 13.125, 13.223, 13.468, 13.699, 13.766, 13.599, 13.285, 12.971, 12.790, 12.792, 12.853, 12.712, 12.025, 10.834, 9.752, 9.091, 8.768, 8.662, 8.756, 9.038, 9.486, 10.020, 10.483, 10.816, 11.003, 11.110, 11.208, 11.372, 11.609, 11.939, 12.307, 12.677, 12.966, 13.168, 13.242, 13.199, 13.072, 12.941, 12.848, 12.808, 12.840, 12.972, 13.175, 13.382, 13.559, 13.634, 13.593, 13.456, 13.225, 12.928, 12.601, 12.345, 12.183, 12.129, 12.117, 12.202, 12.308, 12.365, 12.276, 11.873, 10.885, 9.153, 7.129, 5.734, 5.084, 4.779, 4.629, 4.606, 4.703, 4.901, 5.202, 5.568, 6.013, 6.500, 6.982, 7.466, 7.942, 8.362, 8.733, 9.074, 9.330, 9.556, 9.727, 9.856, 9.971, 10.060, 10.140, 10.231, 10.312, 10.439, 10.560, 10.730, 10.877, 11.013, 11.091, 11.172, 11.344, 11.466, 11.495, 11.520, 11.510, 11.406, 11.311, 11.109, 10.837, 10.425, 10.023, 9.634, 9.372, 9.076, 8.828, 8.602, 8.342, 8.124, 7.938, 7.779, 7.570, 7.515, 7.406, 7.338, 7.223, 7.223, 7.392, 7.301, 16.2,1077120.0,1063382.0,878117.75,59954.27,3383.47,23004.66,566.55,23195.46,255.83,434.43,33.07,297.43,21.26,0.00,767.38,158.80,13.88,550.23,48.66,0.00,16.60,47.71,14.65,187.80,10.32,13601.12,86.31,0.00,88.37,0.00,14.02,23.48,2.23,42.68,1.90,18.83,1.07,0.00,4.67,68.31,1.02,125.23,1.36,12.47,0.77,86.86,1.28,6.23,0.95,0.00,50.61,0.00,414.64,35.20,5.58,0.00,476.97,0.00,505.29,0.00,47.17,0.00,22.09,8.63,1.11,22.38,3.48,0.00,142.39,0.00,62.90,215719.15,99420.71,5610.73,43466.45,1070.48,49622.86,547.31,995.44,75.78,742.65,53.08,0.00,924.39,222.19,19.42,918.06,81.19,0.00,29.63,69.73,21.41,269.84,14.83,19446.12,123.40,0.00,112.36,0.00,17.84,29.39,2.79,53.12,2.36,24.86,1.41,0.00,6.56,74.70,1.12,148.10,1.61,15.84,0.98,117.33,1.73,7.30,1.11,0.00,67.49,0.00,445.37,40.21,6.37,0.00,605.52,0.00,604.88,0.00,55.38,0.00,23.85,9.30,1.20,24.95,3.88,0.00,162.03,0.00,71.36
98.5,98.5,1,98.500,18/03/2026 02:39:15,23.806,1157879.500,11.84, 12.67, 12.34,42.26, -1.37, 3.66,13.860, 10.815, 11.477, 10.685, 10.318, 10.345, 10.150, 10.474, 10.681, 11.023, 11.293, 11.509, 11.649, 11.823, 12.036, 12.212, 12.378, 12.583, 12.689, 12.774, 12.850, 12.863, 12.875, 12.861, 12.778, 12.776, 12.730, 12.622, 12.726, 12.556, 12.664, 12.501, 12.551, 12.455, 12.572, 12.467, 12.677, 12.490, 12.817, 12.602, 12.943, 12.920, 12.951, 13.319, 13.100, 13.392, 13.525, 13.286, 13.596, 13.627, 13.337, 13.606, 13.703, 13.389, 13.501, 13.782, 13.588, 13.447, 13.764, 13.872, 13.628, 13.589, 13.900, 14.000, 13.801, 13.733, 13.998, 14.224, 14.048, 13.807, 13.947, 14.214, 14.223, 13.972, 13.772, 13.909, 14.186, 14.261, 14.000, 13.679, 13.619, 13.894, 14.172, 14.186, 13.961, 13.742, 13.780, 14.072, 14.395, 14.519, 14.389, 14.141, 13.989, 14.087, 14.365, 14.611, 14.665, 14.462, 14.106, 13.788, 13.678, 13.756, 13.865, 13.722, 13.006, 11.784, 10.672, 10.054, 9.853, 9.895, 10.102, 10.387, 10.756, 11.102, 11.364, 11.555, 11.706, 11.903, 12.182, 12.538, 12.913, 13.261, 13.531, 13.693, 13.752, 13.706, 13.664, 13.635, 13.664, 13.757, 13.936, 14.122, 14.266, 14.397, 14.442, 14.410, 14.311, 14.112, 13.890, 13.700, 13.560, 13.474, 13.475, 13.540, 13.653, 13.774, 13.774, 13.803, 13.728, 13.538, 13.159, 12.510, 11.363, 9.596, 7.563, 6.216, 5.710, 5.640, 5.799, 6.101, 6.476, 6.863, 7.239, 7.565, 7.870, 8.118, 8.332, 8.493, 8.660, 8.845, 9.057, 9.299, 9.623, 9.974, 10.348, 10.753, 11.155, 11.552, 11.891, 12.194, 12.436, 12.609, 12.708, 12.734, 12.722, 12.554, 12.305, 12.067, 11.939, 11.823, 11.672, 11.547, 11.507, 11.487, 11.501, 11.499, 11.471, 11.379, 11.329, 11.293, 11.256, 11.266, 11.243, 11.250, 11.106, 10.930, 10.605, 10.286, 9.959, 9.559, 9.184, 8.717, 8.343, 7.890, 7.767, 7.587, 16.2,1022114.0,1079983.0,869970.25,62830.04,3538.05,21363.39,567.50,24365.61,271.50,532.75,35.81,348.94,22.68,0.00,773.90,282.90,14.80,692.79,52.08,34.08,6.51,0.00,60.43,316.66,12.78,18703.22,118.04,0.00,102.79,0.00,12.60,11.81,2.15,80.39,2.60,21.59,1.22,2.14,0.46,89.12,1.26,170.02,1.74,11.34,0.85,116.07,1.54,5.92,1.03,0.00,53.45,0.00,442.16,0.00,308.03,0.00,508.88,0.00,535.25,0.00,51.46,0.00,27.79,9.56,1.27,36.96,3.77,0.00,148.28,4.39,1.35,228260.94,104189.53,5867.06,40365.33,1072.27,52126.20,580.83,1220.72,82.05,871.27,56.63,0.00,932.24,395.84,20.71,1155.92,86.90,60.84,11.62,0.00,88.32,454.99,18.36,26740.81,168.77,0.00,130.70,0.00,16.03,14.78,2.69,100.06,3.24,28.51,1.61,3.01,0.65,97.46,1.38,201.07,2.06,14.40,1.08,156.78,2.08,6.94,1.21,0.00,71.27,0.00,474.93,0.00,351.87,0.00,646.03,0.00,640.75,0.00,60.42,0.00,30.01,10.30,1.37,41.20,4.20,0.00,168.73,4.98,1.53
99.0,99.0,1,99.000,18/03/2026 02:39:59,24.729,,11.90, 12.71, 12.44,42.33, -1.31, 3.51,13.019, 12.562, 12.250, 10.756, 10.661, 10.632, 10.354, 10.614, 10.778, 11.181, 11.398, 11.582, 11.699, 11.863, 12.066, 12.266, 12.428, 12.608, 12.728, 12.825, 12.940, 12.933, 12.842, 12.909, 12.922, 12.727, 12.770, 12.773, 12.600, 12.773, 12.548, 12.672, 12.494, 12.601, 12.511, 12.652, 12.530, 12.776, 12.584, 12.924, 12.780, 12.995, 13.132, 13.036, 13.405, 13.313, 13.341, 13.610, 13.428, 13.465, 13.658, 13.481, 13.461, 13.657, 13.556, 13.458, 13.634, 13.710, 13.585, 13.595, 13.770, 13.755, 13.666, 13.718, 13.878, 13.900, 13.889, 13.862, 13.967, 14.063, 14.059, 13.977, 13.903, 13.938, 13.985, 14.004, 13.984, 13.941, 13.864, 13.790, 13.737, 13.765, 13.826, 13.836, 13.809, 13.797, 13.836, 13.966, 14.087, 14.172, 14.170, 14.109, 14.071, 14.097, 14.164, 14.268, 14.301, 14.195, 13.976, 13.743, 13.586, 13.527, 13.447, 13.152, 12.301, 11.069, 10.043, 9.497, 9.294, 9.245, 9.336, 9.533, 9.885, 10.288, 10.650, 10.960, 11.207, 11.432, 11.677, 11.958, 12.265, 12.591, 12.882, 13.125, 13.269, 13.347, 13.365, 13.366, 13.367, 13.409, 13.477, 13.592, 13.711, 13.831, 13.921, 13.965, 13.939, 13.814, 13.630, 13.439, 13.241, 13.032, 12.915, 12.866, 12.922, 13.016, 13.089, 13.145, 13.131, 12.986, 12.652, 11.987, 10.809, 9.004, 7.029, 5.736, 5.242, 5.122, 5.223, 5.453, 5.781, 6.135, 6.504, 6.855, 7.187, 7.475, 7.735, 7.955, 8.139, 8.326, 8.525, 8.749, 9.011, 9.289, 9.598, 9.934, 10.287, 10.639, 10.954, 11.259, 11.509, 11.714, 11.854, 11.947, 11.975, 11.908, 11.738, 11.544, 11.461, 11.345, 11.189, 11.036, 10.936, 10.827, 10.709, 10.654, 10.573, 10.381, 10.255, 10.184, 10.139, 10.141, 10.118, 10.098, 9.962, 9.862, 9.667, 9.473, 9.127, 8.866, 8.457, 8.183, 7.850, 7.617, 7.357, 7.148, 16.3,992233.0,1106733.0,862863.24,63089.02,3574.19,22256.95,587.19,26042.98,284.66,516.28,36.22,422.64,23.50,705.27,24.71,594.12,17.23,1439.96,61.77,0.00,19.51,0.00,57.97,368.98,13.72,21138.41,132.95,0.00,113.55,0.00,15.12,26.91,2.53,54.69,2.27,23.85,1.26,0.00,5.04,93.32,1.32,186.38,1.88,16.56,0.92,123.08,1.62,4.04,1.05,0.00,56.02,0.00,450.07,0.00,306.11,0.00,517.47,0.00,537.34,0.00,45.92,0.00,23.04,8.95,1.27,24.39,3.88,0.00,151.85,0.00,72.97,240146.28,104618.99,5926.99,42053.68,1109.47,55714.66,608.98,1182.99,82.99,1055.29,58.68,849.57,29.77,831.30,24.11,2402.56,103.06,0.00,34.83,0.00,84.73,530.17,19.71,30222.51,190.08,0.00,144.38,0.00,19.24,33.69,3.17,68.07,2.83,31.49,1.66,0.00,7.08,102.05,1.44,220.41,2.22,21.03,1.17,166.25,2.19,4.74,1.23,0.00,74.70,0.00,483.43,0.00,349.68,0.00,656.94,0.00,643.25,0.00,53.91,0.00,24.88,9.64,1.37,27.19,4.33,0.00,172.79,0.00,82.78
99.5,99.5,1,99.500,18/03/2026 02:40:33,23.606,,12.28, 13.11, 13.02,42.92, -1.20, 3.07,16.236, 14.253, 13.111, 11.895, 11.605, 11.199, 11.088, 11.253, 11.407, 11.757, 11.879, 12.071, 12.170, 12.361, 12.565, 12.713, 12.865, 13.016, 13.064, 13.166, 13.325, 13.411, 13.247, 13.175, 13.325, 13.191, 13.010, 13.204, 12.980, 13.033, 13.045, 12.863, 13.011, 12.774, 13.028, 12.814, 13.037, 12.938, 13.033, 13.170, 13.058, 13.424, 13.241, 13.488, 13.654, 13.471, 13.825, 13.773, 13.594, 13.957, 13.814, 13.581, 13.955, 13.915, 13.546, 13.840, 14.105, 13.738, 13.653, 14.105, 14.121, 13.653, 13.739, 14.237, 14.238, 13.822, 13.852, 14.331, 14.546, 14.199, 13.820, 14.092, 14.544, 14.480, 14.002, 13.754, 14.090, 14.511, 14.486, 13.953, 13.465, 13.579, 14.092, 14.437, 14.295, 13.825, 13.564, 13.783, 14.296, 14.700, 14.714, 14.320, 13.918, 13.820, 14.103, 14.517, 14.770, 14.622, 14.119, 13.562, 13.234, 13.212, 13.287, 13.106, 12.195, 10.701, 9.379, 8.574, 8.227, 8.205, 8.440, 8.813, 9.295, 9.749, 10.078, 10.293, 10.455, 10.669, 10.979, 11.396, 11.847, 12.303, 12.690, 12.941, 13.045, 13.059, 13.035, 13.028, 13.081, 13.147, 13.265, 13.442, 13.606, 13.739, 13.785, 13.753, 13.656, 13.491, 13.290, 13.126, 12.942, 12.759, 12.632, 12.555, 12.568, 12.611, 12.631, 12.606, 12.500, 12.277, 11.896, 11.195, 9.980, 8.155, 6.365, 5.367, 4.996, 4.895, 4.913, 5.000, 5.116, 5.306, 5.496, 5.718, 5.973, 6.247, 6.543, 6.854, 7.165, 7.502, 7.811, 8.142, 8.441, 8.718, 8.993, 9.253, 9.489, 9.715, 9.915, 10.060, 10.193, 10.303, 10.429, 10.535, 10.618, 10.684, 10.715, 10.717, 10.788, 10.834, 10.775, 10.701, 10.611, 10.453, 10.315, 10.130, 9.855, 9.543, 9.214, 8.920, 8.678, 8.447, 8.282, 8.115, 7.942, 7.817, 7.678, 7.584, 7.487, 7.355, 7.299, 7.204, 7.117, 7.046, 7.075, 6.954, 16.3,994414.0,1121335.0,862959.21,64084.24,3583.97,21866.86,582.85,23549.03,268.97,290.48,33.08,398.82,23.20,820.63,25.09,623.11,17.28,780.46,53.75,19.68,6.34,167.31,19.04,300.05,12.98,23555.87,147.07,0.00,122.58,0.00,15.42,0.00,13.11,81.06,2.73,23.21,1.35,0.00,4.75,96.95,1.36,196.82,1.97,15.87,0.93,129.34,1.68,0.00,31.04,0.00,54.50,0.00,451.56,0.00,309.09,0.00,516.13,0.00,546.47,0.00,57.48,0.00,30.30,15.51,1.41,25.49,3.94,0.00,151.79,0.00,72.18,237889.18,106269.34,5943.21,41316.62,1101.27,50379.26,575.42,665.60,75.80,995.82,57.93,988.53,30.22,871.86,24.18,1302.19,89.68,35.13,11.32,244.53,27.83,431.12,18.65,33678.86,210.27,0.00,155.86,0.00,19.62,0.00,16.41,100.90,3.40,30.64,1.78,0.00,6.67,106.02,1.49,232.76,2.33,20.15,1.18,174.71,2.27,0.00,36.39,0.00,72.67,0.00,485.03,0.00,353.08,0.00,655.24,0.00,654.18,0.00,67.48,0.00,32.72,16.71,1.52,28.42,4.39,0.00,172.72,0.00,81.88
100.0,100.0,1,100.000,18/03/2026 02:41:16,23.075,,9.23, 9.89, 9.40,37.64, -1.36, 4.09,8.277, 8.277, 8.520, 7.411, 7.458, 7.585, 7.694, 7.797, 8.012, 8.421, 8.604, 8.815, 8.878, 9.009, 9.241, 9.409, 9.568, 9.741, 9.876, 9.988, 10.096, 10.104, 10.035, 10.053, 10.107, 9.980, 9.917, 10.001, 9.867, 9.900, 9.909, 9.781, 9.895, 9.732, 9.935, 9.769, 9.992, 9.849, 10.062, 10.011, 10.144, 10.266, 10.229, 10.518, 10.426, 10.599, 10.707, 10.580, 10.789, 10.761, 10.625, 10.830, 10.792, 10.637, 10.804, 10.876, 10.716, 10.789, 10.978, 10.893, 10.780, 10.890, 11.037, 10.949, 10.914, 11.083, 11.225, 11.188, 11.064, 11.171, 11.374, 11.374, 11.158, 11.098, 11.227, 11.393, 11.380, 11.187, 11.031, 11.022, 11.064, 11.097, 11.033, 10.933, 10.919, 11.073, 11.246, 11.348, 11.323, 11.253, 11.251, 11.356, 11.503, 11.581, 11.558, 11.438, 11.296, 11.175, 11.095, 11.010, 10.895, 10.727, 10.385, 9.703, 8.451, 7.000, 6.061, 5.709, 5.611, 5.534, 5.479, 5.449, 5.617, 5.976, 6.483, 7.066, 7.611, 8.074, 8.417, 8.672, 8.851, 9.007, 9.207, 9.446, 9.726, 10.038, 10.312, 10.525, 10.650, 10.665, 10.623, 10.534, 10.457, 10.396, 10.396, 10.449, 10.534, 10.605, 10.616, 10.569, 10.414, 10.187, 9.917, 9.658, 9.477, 9.317, 9.222, 9.197, 9.163, 9.093, 8.849, 8.243, 7.041, 5.260, 3.680, 2.887, 2.566, 2.412, 2.307, 2.258, 2.264, 2.314, 2.453, 2.647, 2.906, 3.204, 3.540, 3.878, 4.227, 4.560, 4.867, 5.143, 5.390, 5.616, 5.822, 5.994, 6.169, 6.325, 6.462, 6.614, 6.778, 6.921, 7.098, 7.263, 7.400, 7.502, 7.539, 7.546, 7.615, 7.641, 7.552, 7.471, 7.344, 7.161, 6.937, 6.650, 6.390, 6.052, 5.713, 5.402, 5.142, 4.967, 4.808, 4.668, 4.534, 4.393, 4.330, 4.166, 4.079, 4.021, 4.034, 3.919, 3.785, 3.693, 3.601, 3.455, 16.3,989425.0,1196005.0,848789.44,59318.70,3459.19,24160.45,614.26,30697.99,310.42,505.82,36.09,262.89,22.13,4118.91,41.41,1404.30,22.56,1705.57,65.53,63.19,7.47,205.25,20.98,599.15,17.18,27400.57,167.63,0.00,130.33,0.00,18.74,15.68,2.50,78.15,2.82,24.61,1.40,0.00,5.19,124.45,1.59,211.34,2.10,20.42,1.03,149.72,1.84,10.63,1.13,0.00,55.75,0.00,450.72,44.02,6.64,29.30,9.74,0.00,551.83,14.54,3.45,7.68,1.33,14.86,1.44,22.32,4.11,0.00,153.30,0.00,66.84,262657.30,98366.76,5736.29,45650.27,1160.62,65673.28,664.09,1159.02,82.70,656.41,55.26,4961.66,49.88,1964.91,31.57,2845.73,109.34,112.81,13.34,299.98,30.66,860.88,24.68,39175.80,239.67,0.00,165.71,0.00,23.85,19.63,3.13,97.27,3.51,32.49,1.85,0.00,7.29,136.10,1.74,249.93,2.48,25.93,1.31,202.24,2.49,12.46,1.32,0.00,74.34,0.00,484.12,50.29,7.59,37.20,12.37,0.00,660.60,17.07,4.05,8.29,1.44,16.01,1.55,24.88,4.58,0.00,174.44,0.00,75.83
100.5,100.5,1,100.500,18/03/2026 02:42:08,22.550,,8.56, 9.17, 8.63,36.31, -1.39, 4.28,8.495, 6.749, 7.607, 6.512, 6.467, 6.739, 6.925, 7.063, 7.300, 7.706, 7.904, 8.098, 8.195, 8.323, 8.541, 8.716, 8.889, 9.065, 9.160, 9.244, 9.323, 9.366, 9.357, 9.338, 9.316, 9.307, 9.247, 9.226, 9.233, 9.190, 9.220, 9.168, 9.180, 9.157, 9.201, 9.211, 9.267, 9.295, 9.375, 9.419, 9.548, 9.594, 9.727, 9.808, 9.892, 10.022, 10.032, 10.108, 10.165, 10.135, 10.167, 10.211, 10.171, 10.189, 10.235, 10.234, 10.251, 10.324, 10.358, 10.368, 10.390, 10.424, 10.467, 10.500, 10.567, 10.643, 10.608, 10.635, 10.662, 10.758, 10.760, 10.740, 10.718, 10.750, 10.785, 10.831, 10.851, 10.835, 10.784, 10.727, 10.681, 10.712, 10.761, 10.776, 10.779, 10.817, 10.886, 10.973, 11.061, 11.125, 11.153, 11.188, 11.198, 11.229, 11.257, 11.283, 11.292, 11.232, 11.120, 10.976, 10.850, 10.746, 10.561, 10.133, 9.179, 7.877, 6.893, 6.420, 6.273, 6.207, 6.214, 6.304, 6.579, 6.981, 7.450, 7.912, 8.334, 8.680, 8.981, 9.227, 9.437, 9.651, 9.876, 10.092, 10.322, 10.520, 10.702, 10.824, 10.902, 10.930, 10.933, 10.909, 10.896, 10.890, 10.914, 10.962, 11.005, 11.031, 10.990, 10.910, 10.778, 10.593, 10.393, 10.243, 10.124, 10.069, 10.071, 10.062, 10.030, 9.940, 9.699, 9.114, 7.951, 6.076, 4.125, 2.987, 2.556, 2.408, 2.369, 2.410, 2.545, 2.705, 2.939, 3.220, 3.534, 3.889, 4.252, 4.617, 4.980, 5.327, 5.661, 5.984, 6.298, 6.597, 6.851, 7.098, 7.332, 7.550, 7.735, 7.911, 8.084, 8.243, 8.376, 8.509, 8.591, 8.616, 8.570, 8.539, 8.574, 8.626, 8.538, 8.466, 8.381, 8.238, 8.077, 7.890, 7.624, 7.283, 6.970, 6.732, 6.511, 6.340, 6.162, 5.965, 5.784, 5.620, 5.376, 5.224, 4.999, 4.777, 4.636, 4.286, 4.310, 4.051, 3.962, 3.867, 16.3,972521.0,1226197.0,840751.11,54461.57,3380.41,25455.23,631.80,39472.03,361.27,508.05,36.98,350.13,23.12,5417.23,48.54,1884.07,25.87,1609.80,65.67,49.18,7.28,158.39,20.13,358.59,14.36,28716.21,174.29,0.00,137.11,0.00,17.66,29.87,2.81,107.34,3.24,23.17,1.44,0.00,5.96,119.72,1.59,252.82,2.37,21.01,1.05,161.73,1.94,0.00,31.75,0.00,55.70,0.00,463.54,0.00,325.51,40.96,9.86,0.00,568.40,0.00,60.53,0.00,31.24,16.48,1.52,35.34,4.07,0.00,151.64,0.00,76.06,279616.18,90312.30,5605.65,48096.71,1193.76,84443.89,772.88,1164.13,84.73,874.24,57.73,6525.62,58.47,2636.20,36.20,2685.94,109.57,87.80,13.00,231.50,29.42,515.24,20.63,41056.82,249.19,0.00,174.33,0.00,22.47,37.39,3.52,133.61,4.03,30.59,1.90,0.00,8.38,130.93,1.74,298.98,2.80,26.68,1.33,218.46,2.62,0.00,37.22,0.00,74.27,0.00,497.89,0.00,371.84,52.00,12.52,0.00,680.43,0.00,71.07,0.00,33.73,17.75,1.64,39.40,4.54,0.00,172.55,0.00,86.28
101.0,101.0,1,101.000,18/03/2026 02:42:51,21.885,,8.90, 9.53, 9.16,36.98, -1.27, 3.72,10.693, 7.748, 7.798, 7.546, 7.575, 7.523, 7.537, 7.612, 7.852, 8.191, 8.408, 8.544, 8.656, 8.758, 8.976, 9.127, 9.282, 9.435, 9.534, 9.602, 9.660, 9.700, 9.710, 9.682, 9.628, 9.629, 9.597, 9.545, 9.567, 9.537, 9.535, 9.522, 9.491, 9.511, 9.519, 9.558, 9.580, 9.638, 9.680, 9.759, 9.850, 9.922, 10.038, 10.106, 10.218, 10.306, 10.340, 10.421, 10.443, 10.451, 10.478, 10.490, 10.495, 10.512, 10.511, 10.543, 10.580, 10.615, 10.654, 10.699, 10.735, 10.742, 10.798, 10.846, 10.887, 10.918, 10.983, 11.016, 11.065, 11.101, 11.131, 11.137, 11.071, 11.079, 11.127, 11.183, 11.206, 11.190, 11.146, 11.120, 11.101, 11.137, 11.161, 11.178, 11.182, 11.212, 11.296, 11.393, 11.461, 11.521, 11.550, 11.584, 11.610, 11.637, 11.673, 11.700, 11.721, 11.695, 11.613, 11.524, 11.429, 11.339, 11.200, 10.857, 10.058, 8.918, 7.995, 7.575, 7.437, 7.377, 7.392, 7.476, 7.742, 8.128, 8.564, 9.011, 9.380, 9.698, 9.947, 10.151, 10.332, 10.512, 10.705, 10.898, 11.099, 11.272, 11.440, 11.560, 11.633, 11.662, 11.657, 11.630, 11.605, 11.612, 11.626, 11.662, 11.700, 11.730, 11.717, 11.683, 11.601, 11.454, 11.307, 11.181, 11.073, 11.016, 10.987, 10.968, 10.920, 10.840, 10.635, 10.149, 9.128, 7.364, 5.300, 3.956, 3.413, 3.224, 3.176, 3.255, 3.423, 3.649, 3.921, 4.264, 4.628, 5.025, 5.424, 5.827, 6.230, 6.629, 6.987, 7.327, 7.659, 7.963, 8.233, 8.470, 8.694, 8.891, 9.060, 9.233, 9.373, 9.499, 9.604, 9.725, 9.800, 9.829, 9.744, 9.707, 9.800, 9.884, 9.834, 9.781, 9.729, 9.619, 9.477, 9.294, 9.068, 8.732, 8.445, 8.133, 7.916, 7.717, 7.602, 7.430, 7.181, 6.977, 6.808, 6.678, 6.380, 6.273, 6.049, 5.796, 5.678, 5.521, 5.317, 5.381, 16.3,983019.0,1218148.0,829992.37,60288.69,3427.03,31444.24,680.39,38189.79,354.30,443.42,36.07,252.23,22.38,5614.93,49.66,1611.74,25.02,2197.49,72.19,151.10,9.00,0.00,72.34,425.32,15.15,28523.09,173.43,0.00,137.51,0.00,15.69,18.69,2.56,85.28,2.94,21.35,1.26,4.26,0.58,108.55,1.50,250.45,2.35,19.67,1.02,167.57,1.97,10.28,1.15,0.00,55.21,0.00,461.54,45.02,6.58,50.06,9.65,66.16,10.49,0.00,61.06,0.00,28.00,5.29,1.33,12.99,4.24,0.00,157.61,0.00,73.39,298137.92,99975.28,5682.96,59412.72,1285.57,81700.75,757.97,1016.04,82.65,629.79,55.88,6763.77,59.82,2255.16,35.01,3666.50,120.45,269.74,16.07,0.00,105.73,611.12,21.77,40780.71,247.96,0.00,174.84,0.00,19.97,23.40,3.20,106.15,3.66,28.19,1.66,5.99,0.82,118.71,1.64,296.18,2.78,24.98,1.30,226.35,2.66,12.05,1.35,0.00,73.62,0.00,495.75,51.43,7.52,63.55,12.25,79.20,12.56,0.00,71.69,0.00,30.23,5.70,1.43,14.48,4.73,0.00,179.34,0.00,83.26
101.5,101.5,1,101.500,18/03/2026 02:43:26,21.890,,8.81, 9.41, 9.10,36.77, -1.16, 3.53,10.307, 8.259, 8.412, 7.620, 7.558, 7.573, 7.506, 7.670, 7.847, 8.150, 8.332, 8.496, 8.595, 8.692, 8.889, 9.014, 9.188, 9.313, 9.417, 9.487, 9.547, 9.573, 9.559, 9.563, 9.546, 9.496, 9.482, 9.476, 9.443, 9.459, 9.445, 9.427, 9.435, 9.416, 9.470, 9.452, 9.533, 9.544, 9.629, 9.690, 9.775, 9.878, 9.944, 10.082, 10.132, 10.235, 10.297, 10.315, 10.394, 10.395, 10.376, 10.443, 10.430, 10.412, 10.473, 10.504, 10.495, 10.559, 10.626, 10.636, 10.666, 10.720, 10.782, 10.782, 10.849, 10.929, 11.020, 11.066, 11.047, 11.087, 11.157, 11.130, 11.068, 11.053, 11.107, 11.202, 11.221, 11.183, 11.142, 11.109, 11.111, 11.177, 11.215, 11.216, 11.220, 11.256, 11.330, 11.433, 11.504, 11.582, 11.608, 11.631, 11.658, 11.697, 11.735, 11.765, 11.801, 11.783, 11.706, 11.618, 11.529, 11.449, 11.317, 11.001, 10.241, 9.136, 8.239, 7.834, 7.718, 7.667, 7.692, 7.777, 8.035, 8.406, 8.811, 9.232, 9.595, 9.879, 10.122, 10.319, 10.496, 10.677, 10.859, 11.053, 11.259, 11.437, 11.599, 11.706, 11.771, 11.786, 11.798, 11.781, 11.765, 11.765, 11.778, 11.825, 11.886, 11.911, 11.908, 11.845, 11.745, 11.605, 11.475, 11.344, 11.250, 11.197, 11.175, 11.175, 11.138, 11.070, 10.874, 10.389, 9.393, 7.676, 5.703, 4.390, 3.846, 3.658, 3.635, 3.718, 3.889, 4.120, 4.400, 4.717, 5.086, 5.453, 5.839, 6.215, 6.588, 6.949, 7.317, 7.644, 7.975, 8.270, 8.551, 8.796, 9.000, 9.203, 9.365, 9.531, 9.667, 9.798, 9.914, 10.032, 10.102, 10.084, 9.983, 9.897, 9.989, 10.071, 10.041, 10.018, 9.977, 9.879, 9.755, 9.580, 9.345, 9.056, 8.753, 8.536, 8.268, 8.046, 7.940, 7.812, 7.614, 7.482, 7.181, 6.996, 6.790, 6.568, 6.381, 6.160, 5.978, 5.803, 5.692, 5.514, 16.3,990770.0,1210422.0,834149.25,62242.80,3433.44,27641.30,643.79,37131.64,345.44,414.33,35.20,269.06,22.11,5492.49,48.44,1725.23,25.27,2063.60,70.02,117.02,8.43,0.00,72.26,446.64,15.24,27575.90,167.33,0.00,133.75,0.00,16.58,35.72,2.86,61.61,2.62,19.98,1.21,0.00,5.70,110.06,1.49,249.54,2.32,18.87,1.00,143.35,1.82,0.00,30.25,0.00,54.60,0.00,453.46,39.57,6.63,0.00,531.97,0.00,569.11,32.08,3.73,0.00,34.37,4.51,1.26,15.45,4.13,0.00,155.44,0.00,73.27,290137.39,103215.73,5693.59,52227.20,1216.42,79437.01,739.01,949.38,80.66,671.82,55.21,6616.28,58.35,2413.95,35.36,3443.10,116.83,208.90,15.05,0.00,105.61,641.75,21.90,39426.47,239.24,0.00,170.06,0.00,21.10,44.71,3.58,76.69,3.26,26.38,1.60,0.00,8.01,120.36,1.63,295.11,2.74,23.96,1.27,193.63,2.46,0.00,35.46,0.00,72.81,0.00,487.07,45.20,7.57,0.00,675.35,0.00,681.28,37.66,4.38,0.00,37.11,4.86,1.36,17.22,4.60,0.00,176.88,0.00,83.12
102.0,102.0,1,102.000,18/03/2026 02:44:09,22.413,,8.71, 9.30, 9.11,36.56, -1.14, 3.16,10.126, 8.254, 8.504, 7.550, 7.557, 7.550, 7.631, 7.698, 7.924, 8.197, 8.352, 8.465, 8.581, 8.646, 8.802, 8.969, 9.100, 9.242, 9.331, 9.379, 9.426, 9.438, 9.447, 9.442, 9.393, 9.356, 9.355, 9.313, 9.307, 9.312, 9.278, 9.289, 9.256, 9.261, 9.274, 9.296, 9.331, 9.371, 9.411, 9.500, 9.552, 9.669, 9.730, 9.837, 9.931, 9.991, 10.063, 10.107, 10.132, 10.163, 10.146, 10.170, 10.197, 10.183, 10.191, 10.250, 10.266, 10.287, 10.349, 10.413, 10.424, 10.433, 10.514, 10.565, 10.611, 10.635, 10.700, 10.734, 10.730, 10.759, 10.818, 10.811, 10.799, 10.758, 10.803, 10.877, 10.942, 10.909, 10.830, 10.810, 10.843, 10.905, 10.945, 10.949, 10.938, 10.975, 11.073, 11.150, 11.246, 11.287, 11.302, 11.341, 11.365, 11.415, 11.454, 11.496, 11.514, 11.491, 11.433, 11.365, 11.297, 11.241, 11.138, 10.876, 10.252, 9.303, 8.511, 8.142, 8.047, 8.002, 8.015, 8.092, 8.332, 8.676, 9.069, 9.443, 9.758, 10.003, 10.203, 10.363, 10.499, 10.656, 10.828, 11.017, 11.205, 11.372, 11.527, 11.615, 11.669, 11.661, 11.645, 11.622, 11.613, 11.608, 11.648, 11.718, 11.779, 11.816, 11.824, 11.785, 11.692, 11.563, 11.432, 11.300, 11.225, 11.195, 11.179, 11.197, 11.198, 11.154, 10.996, 10.595, 9.738, 8.197, 6.309, 4.994, 4.450, 4.243, 4.219, 4.312, 4.503, 4.741, 5.034, 5.371, 5.720, 6.083, 6.461, 6.827, 7.189, 7.532, 7.857, 8.169, 8.448, 8.732, 8.967, 9.192, 9.389, 9.556, 9.716, 9.886, 10.025, 10.141, 10.261, 10.366, 10.446, 10.430, 10.320, 10.247, 10.351, 10.460, 10.429, 10.397, 10.370, 10.301, 10.189, 10.024, 9.847, 9.530, 9.321, 9.062, 8.866, 8.758, 8.645, 8.525, 8.360, 8.240, 8.000, 7.879, 7.631, 7.496, 7.261, 7.085, 6.946, 6.768, 6.576, 6.474, 16.3,985329.0,1213449.0,843612.98,55929.13,3467.78,25458.71,638.67,35330.05,341.49,673.80,39.24,261.73,22.77,5342.78,48.61,1988.46,26.80,1844.29,68.54,44.69,7.40,125.95,19.89,421.52,15.27,28202.33,173.95,0.00,137.15,0.00,16.23,13.81,2.48,108.02,3.23,5.00,1.40,0.00,5.34,114.03,1.55,266.42,2.48,27.61,1.10,155.08,1.93,13.95,1.19,0.00,57.49,0.00,473.03,0.00,331.85,0.00,549.51,0.00,576.28,0.00,54.88,0.00,22.98,30.29,1.75,29.34,4.21,0.00,156.84,0.00,74.58,273040.81,92745.92,5750.54,48103.28,1206.74,75582.81,730.56,1543.92,89.91,653.51,56.85,6435.94,58.56,2782.27,37.50,3077.19,114.36,79.78,13.21,184.08,29.07,605.66,21.94,40322.11,248.70,0.00,174.38,0.00,20.65,17.29,3.10,134.45,4.02,6.60,1.85,0.00,7.50,124.70,1.70,315.07,2.93,35.06,1.40,209.48,2.61,16.35,1.39,0.00,76.66,0.00,508.09,0.00,379.08,0.00,697.61,0.00,689.87,0.00,64.43,0.00,24.81,32.63,1.89,32.71,4.69,0.00,178.47,0.00,84.61
102.5,102.5,1,102.500,18/03/2026 02:44:52,22.480,,9.29, 9.94, 9.68,37.74, -1.29, 3.40,8.069, 7.435, 8.517, 7.950, 7.750, 7.866, 7.779, 8.078, 8.336, 8.732, 8.848, 9.058, 9.119, 9.230, 9.414, 9.583, 9.735, 9.878, 9.968, 10.026, 10.083, 10.099, 10.096, 10.073, 10.026, 10.007, 9.988, 9.927, 9.926, 9.902, 9.883, 9.885, 9.842, 9.871, 9.851, 9.898, 9.894, 9.962, 9.972, 10.081, 10.129, 10.225, 10.314, 10.369, 10.508, 10.539, 10.601, 10.680, 10.662, 10.703, 10.722, 10.694, 10.726, 10.739, 10.709, 10.761, 10.802, 10.797, 10.821, 10.901, 10.918, 10.890, 10.963, 11.041, 11.062, 11.046, 11.181, 11.284, 11.296, 11.249, 11.280, 11.300, 11.331, 11.289, 11.242, 11.275, 11.386, 11.411, 11.333, 11.217, 11.177, 11.255, 11.350, 11.384, 11.341, 11.289, 11.355, 11.493, 11.623, 11.691, 11.676, 11.620, 11.614, 11.668, 11.752, 11.835, 11.855, 11.787, 11.635, 11.507, 11.453, 11.426, 11.356, 11.083, 10.381, 9.320, 8.417, 7.994, 7.904, 7.891, 7.951, 8.065, 8.316, 8.646, 9.004, 9.348, 9.653, 9.933, 10.179, 10.386, 10.576, 10.757, 10.934, 11.080, 11.224, 11.334, 11.461, 11.566, 11.641, 11.659, 11.679, 11.692, 11.688, 11.709, 11.716, 11.726, 11.729, 11.713, 11.713, 11.677, 11.599, 11.479, 11.360, 11.253, 11.187, 11.145, 11.113, 11.097, 11.056, 10.971, 10.783, 10.349, 9.436, 7.825, 5.859, 4.510, 3.950, 3.766, 3.748, 3.846, 4.035, 4.279, 4.589, 4.914, 5.284, 5.649, 6.031, 6.388, 6.769, 7.130, 7.476, 7.810, 8.106, 8.400, 8.650, 8.882, 9.101, 9.281, 9.439, 9.582, 9.715, 9.809, 9.916, 10.022, 10.097, 10.076, 10.024, 9.972, 10.045, 10.136, 10.084, 10.061, 10.011, 9.913, 9.823, 9.657, 9.420, 9.152, 8.909, 8.636, 8.469, 8.280, 8.143, 7.964, 7.806, 7.594, 7.437, 7.249, 7.017, 6.804, 6.545, 6.476, 6.181, 5.928, 5.844, 5.792, 16.3,991102.0,1213489.0,832374.73,58301.68,3405.36,27113.26,644.40,41600.79,373.03,606.09,38.35,299.41,22.83,5425.78,48.71,2311.90,28.11,2477.49,74.94,68.75,8.17,0.00,75.68,407.94,15.15,28277.73,172.28,0.00,136.92,0.00,16.73,0.00,13.79,68.60,2.74,19.07,1.48,0.00,5.27,120.80,1.59,250.19,2.36,17.59,1.04,165.25,1.98,7.44,1.14,0.00,56.26,0.00,471.94,0.00,329.80,0.00,542.60,40.46,10.85,20.23,3.52,0.00,31.46,24.83,1.65,0.00,146.64,0.00,162.53,0.00,71.75,294979.11,96680.26,5647.03,51229.49,1217.57,88998.02,798.04,1388.77,87.87,747.60,57.00,6535.92,58.68,3234.82,39.33,4133.68,125.04,122.73,14.58,0.00,110.61,586.14,21.77,40429.91,246.32,0.00,174.09,0.00,21.29,0.00,17.26,85.39,3.41,25.18,1.95,0.00,7.41,132.11,1.74,295.87,2.79,22.34,1.32,223.21,2.67,8.72,1.34,0.00,75.02,0.00,506.92,0.00,376.74,0.00,688.84,48.43,12.99,23.75,4.13,0.00,33.97,26.75,1.78,0.00,163.48,0.00,184.94,0.00,81.40
103.0,103.0,1,103.000,18/03/2026 02:45:36,20.762,,9.81, 10.49, 10.36,38.71, -1.29, 3.04,8.732, 9.857, 9.168, 8.663, 8.650, 8.685, 8.788, 8.735, 8.975, 9.317, 9.505, 9.664, 9.715, 9.845, 10.026, 10.166, 10.319, 10.460, 10.543, 10.605, 10.649, 10.656, 10.613, 10.602, 10.583, 10.512, 10.480, 10.471, 10.423, 10.427, 10.407, 10.366, 10.366, 10.331, 10.378, 10.359, 10.420, 10.435, 10.494, 10.567, 10.632, 10.744, 10.801, 10.919, 11.003, 11.059, 11.146, 11.172, 11.199, 11.244, 11.210, 11.235, 11.272, 11.247, 11.253, 11.311, 11.331, 11.317, 11.404, 11.467, 11.470, 11.473, 11.561, 11.620, 11.634, 11.660, 11.819, 11.867, 11.861, 11.862, 11.910, 11.938, 11.871, 11.821, 11.844, 11.899, 11.976, 11.948, 11.870, 11.839, 11.840, 11.936, 11.999, 11.981, 11.952, 11.944, 12.028, 12.141, 12.243, 12.288, 12.307, 12.285, 12.305, 12.355, 12.415, 12.470, 12.502, 12.477, 12.392, 12.303, 12.260, 12.225, 12.156, 11.951, 11.396, 10.523, 9.758, 9.391, 9.319, 9.274, 9.297, 9.388, 9.626, 9.945, 10.285, 10.631, 10.913, 11.127, 11.298, 11.441, 11.592, 11.731, 11.880, 12.041, 12.178, 12.338, 12.461, 12.549, 12.588, 12.579, 12.578, 12.586, 12.584, 12.591, 12.621, 12.665, 12.710, 12.742, 12.743, 12.709, 12.633, 12.513, 12.427, 12.330, 12.292, 12.251, 12.206, 12.213, 12.198, 12.151, 12.019, 11.660, 10.882, 9.444, 7.593, 6.176, 5.533, 5.306, 5.284, 5.410, 5.617, 5.904, 6.230, 6.586, 6.974, 7.359, 7.747, 8.111, 8.469, 8.800, 9.118, 9.417, 9.716, 9.971, 10.215, 10.438, 10.617, 10.811, 10.954, 11.114, 11.241, 11.372, 11.464, 11.592, 11.654, 11.617, 11.512, 11.431, 11.506, 11.602, 11.592, 11.579, 11.574, 11.534, 11.462, 11.304, 11.149, 10.874, 10.652, 10.419, 10.254, 10.178, 10.088, 10.001, 9.859, 9.725, 9.565, 9.326, 9.143, 8.996, 8.810, 8.581, 8.408, 8.226, 8.120, 8.012, 16.3,975033.0,1211950.0,828040.85,56673.67,3390.31,30739.83,678.07,42166.66,376.85,501.74,37.30,196.11,22.20,6435.76,54.09,2208.88,28.34,2957.04,80.51,0.00,24.49,122.66,19.44,458.47,15.84,28686.61,174.68,0.00,138.20,0.00,17.11,25.03,2.74,84.92,2.98,10.73,1.39,0.00,6.00,132.42,1.70,253.21,2.39,18.47,1.06,154.71,1.92,0.00,32.15,0.00,56.62,0.00,478.15,53.49,6.86,0.00,547.03,0.00,583.14,0.00,63.58,3.92,1.23,22.05,1.66,45.59,4.14,0.00,151.93,7.16,1.63,302515.76,93980.57,5622.07,58081.76,1281.19,90208.61,806.21,1149.67,85.47,489.67,55.43,7752.55,65.16,3090.68,39.65,4933.80,134.33,0.00,43.72,179.27,28.41,658.75,22.76,41014.50,249.75,0.00,175.72,0.00,21.77,31.33,3.43,105.70,3.71,14.17,1.84,0.00,8.43,144.81,1.86,299.45,2.83,23.46,1.35,208.98,2.59,0.00,37.69,0.00,75.50,0.00,513.59,61.10,7.84,0.00,694.46,0.00,698.08,0.00,74.65,4.23,1.33,23.75,1.79,50.83,4.62,0.00,172.88,8.12,1.85
103.5,103.5,1,103.500,18/03/2026 02:46:10,20.109,1157879.694,9.94, 10.63, 10.53,38.94, -1.23, 2.94,10.409, 10.398, 10.002, 9.212, 9.023, 8.964, 8.802, 8.942, 9.147, 9.487, 9.660, 9.820, 9.853, 10.009, 10.170, 10.317, 10.447, 10.595, 10.677, 10.722, 10.764, 10.778, 10.764, 10.735, 10.695, 10.659, 10.631, 10.597, 10.585, 10.568, 10.549, 10.530, 10.509, 10.504, 10.527, 10.523, 10.572, 10.609, 10.655, 10.742, 10.794, 10.916, 10.973, 11.103, 11.179, 11.260, 11.338, 11.351, 11.426, 11.435, 11.407, 11.483, 11.484, 11.453, 11.517, 11.549, 11.538, 11.603, 11.662, 11.681, 11.735, 11.785, 11.816, 11.868, 11.919, 11.969, 12.059, 12.057, 12.118, 12.152, 12.169, 12.130, 12.101, 12.125, 12.126, 12.163, 12.222, 12.217, 12.191, 12.158, 12.148, 12.222, 12.305, 12.331, 12.308, 12.295, 12.346, 12.482, 12.575, 12.651, 12.664, 12.624, 12.623, 12.678, 12.764, 12.866, 12.916, 12.866, 12.789, 12.715, 12.697, 12.700, 12.679, 12.536, 12.100, 11.358, 10.685, 10.362, 10.316, 10.288, 10.322, 10.414, 10.630, 10.905, 11.206, 11.495, 11.736, 11.923, 12.071, 12.187, 12.298, 12.411, 12.522, 12.655, 12.795, 12.945, 13.075, 13.167, 13.208, 13.228, 13.226, 13.209, 13.184, 13.168, 13.191, 13.244, 13.311, 13.361, 13.398, 13.379, 13.325, 13.247, 13.161, 13.089, 13.014, 12.967, 12.943, 12.942, 12.952, 12.951, 12.852, 12.567, 11.921, 10.684, 9.001, 7.690, 7.068, 6.832, 6.808, 6.929, 7.148, 7.420, 7.742, 8.082, 8.442, 8.799, 9.163, 9.511, 9.832, 10.148, 10.441, 10.704, 10.972, 11.209, 11.421, 11.611, 11.768, 11.952, 12.097, 12.241, 12.371, 12.490, 12.590, 12.706, 12.774, 12.740, 12.621, 12.515, 12.635, 12.735, 12.724, 12.691, 12.712, 12.705, 12.641, 12.539, 12.380, 12.161, 11.937, 11.719, 11.623, 11.573, 11.555, 11.485, 11.412, 11.327, 11.127, 10.995, 10.877, 10.709, 10.559, 10.435, 10.283, 10.217, 10.043, 10.038, 16.3,983232.0,1231258.0,828372.19,52481.23,3251.19,32391.60,677.40,44228.75,379.67,415.26,35.44,337.38,22.48,6632.59,53.86,2499.19,29.32,2369.85,73.37,53.65,7.71,193.64,21.15,397.77,14.91,28896.72,171.04,0.00,136.51,0.00,14.65,38.25,2.91,96.89,3.09,5.08,1.29,0.00,5.94,120.92,1.58,255.25,2.35,17.58,1.02,133.70,1.78,9.82,1.15,0.00,54.63,0.00,452.88,0.00,316.04,0.00,534.90,0.00,561.10,0.00,63.78,0.00,32.44,22.57,1.64,24.49,4.19,0.00,155.40,5.59,1.57,303232.61,87028.35,5391.37,61202.72,1279.92,94620.11,812.24,951.51,81.21,842.41,56.13,7989.65,64.88,3496.88,41.02,3954.08,122.42,95.78,13.76,283.02,30.91,571.53,21.42,41314.91,244.54,0.00,173.57,0.00,18.64,47.88,3.64,120.60,3.85,6.71,1.70,0.00,8.35,132.24,1.73,301.86,2.78,22.33,1.30,180.60,2.40,11.51,1.35,0.00,72.85,0.00,486.44,0.00,361.02,0.00,679.07,0.00,671.69,0.00,74.88,0.00,35.03,24.31,1.77,27.30,4.67,0.00,176.83,6.34,1.78
104.0,104.0,1,104.000,18/03/2026 02:46:53,20.368,,10.14, 10.83, 10.72,39.29, -1.13, 2.96,14.218, 9.473, 9.985, 9.156, 9.099, 8.943, 8.951, 9.129, 9.383, 9.676, 9.828, 9.980, 10.031, 10.190, 10.348, 10.502, 10.647, 10.783, 10.850, 10.903, 10.949, 10.979, 10.966, 10.959, 10.910, 10.870, 10.869, 10.825, 10.809, 10.812, 10.778, 10.774, 10.756, 10.747, 10.784, 10.779, 10.839, 10.865, 10.928, 10.991, 11.081, 11.174, 11.262, 11.369, 11.457, 11.553, 11.603, 11.659, 11.712, 11.718, 11.736, 11.766, 11.762, 11.790, 11.810, 11.840, 11.883, 11.925, 11.959, 12.012, 12.080, 12.101, 12.129, 12.213, 12.279, 12.285, 12.374, 12.419, 12.456, 12.468, 12.478, 12.481, 12.459, 12.468, 12.460, 12.495, 12.540, 12.577, 12.553, 12.498, 12.487, 12.535, 12.650, 12.691, 12.685, 12.675, 12.712, 12.813, 12.936, 13.023, 13.053, 13.029, 13.010, 13.045, 13.119, 13.219, 13.295, 13.294, 13.225, 13.130, 13.070, 13.058, 13.051, 12.959, 12.585, 11.888, 11.206, 10.857, 10.776, 10.729, 10.751, 10.867, 11.118, 11.436, 11.757, 12.042, 12.240, 12.395, 12.519, 12.628, 12.748, 12.883, 13.016, 13.185, 13.334, 13.464, 13.570, 13.630, 13.654, 13.658, 13.661, 13.656, 13.659, 13.691, 13.733, 13.797, 13.857, 13.906, 13.882, 13.868, 13.821, 13.732, 13.662, 13.600, 13.547, 13.528, 13.467, 13.493, 13.503, 13.483, 13.376, 13.074, 12.428, 11.166, 9.418, 8.037, 7.385, 7.154, 7.141, 7.267, 7.526, 7.827, 8.156, 8.522, 8.890, 9.258, 9.633, 9.955, 10.290, 10.606, 10.926, 11.219, 11.494, 11.749, 11.961, 12.179, 12.366, 12.521, 12.670, 12.822, 12.963, 13.058, 13.146, 13.229, 13.267, 13.219, 13.088, 12.982, 13.120, 13.252, 13.249, 13.269, 13.296, 13.256, 13.222, 13.130, 12.968, 12.759, 12.512, 12.325, 12.173, 12.085, 12.129, 12.022, 11.949, 11.841, 11.721, 11.530, 11.370, 11.154, 11.066, 10.905, 10.853, 10.658, 10.523, 10.608, 16.3,985258.0,1244155.0,831887.36,47476.07,3242.73,29920.97,662.58,47329.10,398.78,521.34,37.19,297.32,22.57,6652.28,54.41,2479.73,29.33,2362.48,74.16,161.51,9.24,0.00,73.98,520.08,16.46,29628.89,176.14,0.00,137.21,0.00,16.60,7.10,2.35,89.83,3.02,9.15,1.39,0.00,5.23,110.79,1.51,255.22,2.38,20.55,1.05,176.14,2.03,0.00,32.12,0.00,54.70,0.00,465.61,0.00,324.68,0.00,543.05,67.31,10.86,0.00,62.12,0.00,33.12,26.80,1.69,0.00,144.15,0.00,160.16,0.00,70.28,298204.08,78728.42,5377.34,56534.56,1251.92,101252.79,853.12,1194.58,85.22,742.38,56.36,8013.37,65.54,3469.65,41.04,3941.78,123.74,288.33,16.50,0.00,108.13,747.27,23.65,42361.72,251.84,0.00,174.46,0.00,21.13,8.89,2.94,111.81,3.76,12.08,1.84,0.00,7.35,121.16,1.65,301.82,2.81,26.10,1.33,237.92,2.74,0.00,37.65,0.00,72.94,0.00,500.12,0.00,370.89,0.00,689.41,80.58,13.00,0.00,72.93,0.00,35.76,28.87,1.82,0.00,160.70,0.00,182.25,0.00,79.73
104.5,104.5,1,104.500,18/03/2026 02:47:36,20.304,,9.97, 10.64, 10.50,38.96, -1.12, 3.06,12.718, 9.673, 9.933, 9.129, 9.114, 8.963, 8.835, 9.003, 9.154, 9.497, 9.598, 9.744, 9.828, 9.959, 10.114, 10.291, 10.417, 10.580, 10.676, 10.737, 10.780, 10.770, 10.746, 10.762, 10.771, 10.702, 10.642, 10.690, 10.645, 10.600, 10.676, 10.575, 10.635, 10.595, 10.637, 10.657, 10.686, 10.749, 10.790, 10.865, 10.977, 11.014, 11.201, 11.191, 11.383, 11.419, 11.462, 11.596, 11.537, 11.625, 11.652, 11.598, 11.694, 11.694, 11.624, 11.744, 11.799, 11.740, 11.849, 11.969, 11.941, 11.943, 12.086, 12.156, 12.114, 12.137, 12.289, 12.347, 12.290, 12.283, 12.385, 12.433, 12.322, 12.249, 12.321, 12.461, 12.484, 12.429, 12.329, 12.368, 12.452, 12.525, 12.513, 12.495, 12.522, 12.609, 12.702, 12.763, 12.794, 12.836, 12.897, 12.971, 13.004, 13.013, 13.022, 13.044, 13.112, 13.180, 13.185, 13.137, 13.047, 12.980, 12.887, 12.777, 12.437, 11.822, 11.202, 10.871, 10.765, 10.653, 10.627, 10.713, 10.986, 11.354, 11.736, 12.058, 12.252, 12.343, 12.414, 12.468, 12.571, 12.732, 12.936, 13.149, 13.355, 13.501, 13.573, 13.588, 13.553, 13.501, 13.476, 13.474, 13.535, 13.619, 13.726, 13.805, 13.890, 13.901, 13.853, 13.766, 13.661, 13.542, 13.444, 13.390, 13.386, 13.417, 13.454, 13.519, 13.540, 13.512, 13.383, 13.063, 12.380, 11.094, 9.332, 7.932, 7.277, 7.044, 7.043, 7.200, 7.479, 7.816, 8.196, 8.568, 8.952, 9.312, 9.648, 9.944, 10.221, 10.514, 10.780, 11.054, 11.316, 11.571, 11.803, 12.026, 12.250, 12.444, 12.639, 12.797, 12.959, 13.082, 13.166, 13.239, 13.265, 13.193, 13.027, 12.891, 12.973, 13.070, 13.039, 13.031, 13.068, 13.056, 13.014, 12.916, 12.822, 12.625, 12.447, 12.278, 12.133, 12.118, 12.113, 12.068, 11.931, 11.782, 11.672, 11.496, 11.271, 11.076, 10.959, 10.703, 10.609, 10.418, 10.238, 10.289, 16.3,983039.0,1241797.0,836949.62,45246.67,3211.04,29720.42,661.93,45560.64,388.56,694.53,39.14,236.65,22.13,6629.20,54.10,2534.34,29.56,2907.98,79.32,114.82,8.72,0.00,66.29,320.34,13.64,28344.41,168.81,0.00,135.80,0.00,16.58,9.17,2.37,77.41,2.78,25.03,1.50,0.00,5.29,112.03,1.54,266.75,2.43,20.11,1.03,151.43,1.89,0.00,30.85,0.00,58.04,0.00,466.36,0.00,324.31,0.00,542.91,0.00,576.89,0.00,52.11,3.67,1.15,17.81,1.58,44.36,4.16,0.00,152.98,12.60,1.67,289308.77,75031.46,5324.79,56155.62,1250.69,97469.47,831.26,1591.42,89.68,590.89,55.26,7985.56,65.17,3546.06,41.36,4851.95,132.34,204.97,15.57,0.00,96.89,460.28,19.60,40525.24,241.36,0.00,172.67,0.00,21.10,11.48,2.97,96.35,3.46,33.05,1.98,0.00,7.43,122.52,1.68,315.46,2.87,25.54,1.31,204.55,2.55,0.00,36.16,0.00,77.39,0.00,500.92,0.00,370.47,0.00,689.23,0.00,690.60,0.00,61.18,3.96,1.24,19.19,1.70,49.45,4.64,0.00,174.08,14.29,1.89
105.0,105.0,1,105.000,18/03/2026 02:48:11,20.305,,9.45, 10.07, 9.90,37.97, -1.04, 3.12,10.778, 9.825, 9.231, 8.748, 8.715, 8.405, 8.363, 8.374, 8.651, 8.954, 9.054, 9.225, 9.282, 9.390, 9.559, 9.704, 9.866, 9.998, 10.084, 10.136, 10.195, 10.215, 10.215, 10.206, 10.177, 10.155, 10.144, 10.110, 10.122, 10.101, 10.098, 10.110, 10.079, 10.115, 10.123, 10.156, 10.190, 10.248, 10.294, 10.392, 10.454, 10.569, 10.648, 10.763, 10.854, 10.941, 10.993, 11.064, 11.093, 11.122, 11.151, 11.151, 11.191, 11.207, 11.195, 11.254, 11.316, 11.304, 11.357, 11.444, 11.493, 11.485, 11.578, 11.655, 11.672, 11.690, 11.796, 11.818, 11.873, 11.859, 11.861, 11.900, 11.878, 11.883, 11.876, 11.912, 11.990, 12.002, 11.976, 11.929, 11.912, 11.994, 12.086, 12.134, 12.098, 12.076, 12.122, 12.256, 12.392, 12.474, 12.477, 12.443, 12.442, 12.494, 12.582, 12.679, 12.737, 12.701, 12.613, 12.522, 12.482, 12.491, 12.473, 12.346, 11.901, 11.156, 10.457, 10.119, 10.050, 10.006, 10.035, 10.143, 10.372, 10.701, 11.016, 11.312, 11.541, 11.713, 11.850, 11.966, 12.097, 12.239, 12.402, 12.557, 12.724, 12.845, 12.939, 12.993, 13.030, 13.024, 13.033, 13.043, 13.057, 13.097, 13.136, 13.189, 13.229, 13.239, 13.224, 13.194, 13.134, 13.063, 12.978, 12.923, 12.886, 12.871, 12.848, 12.870, 12.843, 12.781, 12.650, 12.336, 11.648, 10.366, 8.670, 7.357, 6.740, 6.513, 6.481, 6.598, 6.815, 7.088, 7.401, 7.735, 8.087, 8.461, 8.821, 9.164, 9.506, 9.826, 10.136, 10.436, 10.715, 10.976, 11.194, 11.389, 11.575, 11.741, 11.857, 11.980, 12.092, 12.196, 12.297, 12.374, 12.432, 12.393, 12.304, 12.220, 12.354, 12.495, 12.484, 12.485, 12.501, 12.437, 12.348, 12.218, 12.075, 11.806, 11.553, 11.349, 11.169, 11.121, 11.101, 10.990, 10.949, 10.845, 10.746, 10.598, 10.420, 10.280, 10.147, 9.908, 9.858, 9.694, 9.509, 9.359, 16.3,999098.0,1230113.0,836854.86,53488.07,3228.30,27896.60,631.09,41507.83,359.58,737.11,38.14,227.05,21.14,5977.33,49.55,2294.47,27.26,2723.11,75.34,41.09,7.54,127.67,19.25,541.33,16.27,26783.29,157.64,0.00,125.38,0.00,15.14,36.11,2.79,101.46,3.06,25.95,1.42,0.00,5.23,97.46,1.37,241.74,2.22,22.96,1.00,151.80,1.82,0.00,31.23,0.00,53.49,0.00,446.39,0.00,302.41,80.76,9.38,0.00,536.84,0.00,59.48,0.00,28.52,17.49,1.47,24.43,4.08,0.00,151.73,0.00,68.70,287728.88,88697.97,5353.41,52709.58,1192.42,88799.15,769.26,1688.99,87.39,566.92,52.78,7200.32,59.69,3210.44,38.14,4543.49,125.70,73.35,13.46,186.60,28.13,777.80,23.38,38293.24,225.38,0.00,159.42,0.00,19.27,45.20,3.49,126.29,3.81,34.26,1.87,0.00,7.35,106.58,1.50,285.88,2.63,29.16,1.27,205.05,2.46,0.00,36.61,0.00,71.33,0.00,479.47,0.00,345.45,102.53,11.91,0.00,642.65,0.00,69.83,0.00,30.79,18.84,1.58,27.24,4.55,0.00,172.65,0.00,77.94
105.5,105.5,1,105.500,18/03/2026 02:49:03,20.105,,8.55, 9.10, 8.90,36.17, -0.83, 3.15,10.296, 8.536, 8.361, 7.399, 7.504, 7.557, 7.441, 7.608, 7.763, 8.029, 8.132, 8.299, 8.359, 8.421, 8.598, 8.712, 8.862, 8.983, 9.084, 9.146, 9.198, 9.234, 9.229, 9.236, 9.221, 9.209, 9.206, 9.190, 9.209, 9.216, 9.223, 9.228, 9.239, 9.256, 9.306, 9.325, 9.395, 9.433, 9.510, 9.579, 9.688, 9.767, 9.883, 9.968, 10.074, 10.168, 10.205, 10.299, 10.318, 10.351, 10.398, 10.403, 10.434, 10.471, 10.453, 10.512, 10.580, 10.589, 10.636, 10.727, 10.769, 10.761, 10.844, 10.927, 10.947, 10.974, 11.073, 11.123, 11.127, 11.149, 11.171, 11.187, 11.168, 11.129, 11.188, 11.267, 11.308, 11.273, 11.237, 11.225, 11.249, 11.318, 11.369, 11.376, 11.378, 11.413, 11.486, 11.564, 11.646, 11.703, 11.753, 11.776, 11.794, 11.811, 11.844, 11.912, 11.973, 11.978, 11.921, 11.841, 11.764, 11.729, 11.670, 11.498, 10.999, 10.177, 9.452, 9.083, 8.993, 8.933, 8.959, 9.049, 9.299, 9.626, 9.969, 10.294, 10.549, 10.727, 10.898, 11.044, 11.193, 11.342, 11.504, 11.670, 11.810, 11.957, 12.064, 12.142, 12.191, 12.204, 12.213, 12.214, 12.210, 12.219, 12.251, 12.280, 12.327, 12.352, 12.340, 12.335, 12.274, 12.180, 12.075, 11.982, 11.925, 11.888, 11.874, 11.871, 11.856, 11.818, 11.678, 11.333, 10.588, 9.186, 7.397, 6.055, 5.458, 5.250, 5.218, 5.333, 5.562, 5.841, 6.139, 6.491, 6.862, 7.222, 7.586, 7.937, 8.266, 8.586, 8.894, 9.182, 9.439, 9.704, 9.928, 10.134, 10.324, 10.488, 10.651, 10.809, 10.944, 11.082, 11.190, 11.294, 11.349, 11.345, 11.240, 11.164, 11.245, 11.354, 11.296, 11.281, 11.232, 11.155, 11.057, 10.914, 10.749, 10.500, 10.305, 10.064, 9.912, 9.868, 9.813, 9.730, 9.616, 9.501, 9.360, 9.144, 9.043, 8.811, 8.628, 8.607, 8.321, 8.111, 7.990, 7.936, 16.3,1024244.0,1246968.0,845494.46,46824.45,3128.12,28494.73,631.93,40853.73,353.58,556.88,35.92,382.71,22.02,5634.96,47.45,2197.40,26.86,2042.25,68.29,23.50,7.25,187.69,20.19,330.47,13.60,26342.43,153.26,0.00,124.93,0.00,12.31,16.36,2.37,76.39,2.67,25.85,1.39,0.00,5.02,94.88,1.34,236.20,2.17,25.26,1.01,143.67,1.77,0.00,31.20,0.00,55.28,0.00,443.00,0.00,313.20,0.00,520.56,0.00,553.96,0.00,53.46,0.00,27.17,15.73,1.43,0.00,140.63,0.00,156.23,0.00,73.10,273618.89,77647.85,5187.29,53839.73,1194.01,87399.81,756.43,1276.02,82.31,955.59,54.98,6787.90,57.16,3074.62,37.58,3407.48,113.94,41.95,12.94,274.32,29.51,474.83,19.54,37662.93,219.12,0.00,158.85,0.00,15.67,20.48,2.97,95.08,3.32,34.13,1.84,0.00,7.05,103.76,1.47,279.33,2.57,32.08,1.28,194.07,2.39,0.00,36.57,0.00,73.71,0.00,475.83,0.00,357.78,0.00,660.86,0.00,663.15,0.00,62.77,0.00,29.34,16.94,1.54,0.00,156.78,0.00,177.77,0.00,82.93
106.0,106.0,1,106.000,18/03/2026 02:49:46,21.694,,8.23, 8.74, 8.49,35.48, -0.75, 3.34,7.792, 8.304, 7.752, 7.553, 7.236, 7.266, 7.082, 7.265, 7.365, 7.667, 7.742, 7.902, 7.968, 8.065, 8.190, 8.329, 8.487, 8.605, 8.697, 8.775, 8.830, 8.870, 8.892, 8.900, 8.887, 8.886, 8.881, 8.868, 8.892, 8.902, 8.913, 8.931, 8.955, 8.980, 9.020, 9.060, 9.114, 9.178, 9.244, 9.329, 9.431, 9.521, 9.641, 9.724, 9.841, 9.926, 9.987, 10.061, 10.109, 10.136, 10.169, 10.205, 10.218, 10.245, 10.274, 10.319, 10.366, 10.414, 10.451, 10.515, 10.562, 10.578, 10.634, 10.703, 10.769, 10.782, 10.794, 10.821, 10.882, 10.908, 10.942, 10.945, 10.941, 10.968, 10.985, 11.024, 11.071, 11.075, 11.069, 11.029, 11.011, 11.055, 11.140, 11.178, 11.186, 11.182, 11.230, 11.311, 11.413, 11.512, 11.548, 11.556, 11.549, 11.553, 11.604, 11.686, 11.754, 11.759, 11.689, 11.586, 11.494, 11.434, 11.383, 11.196, 10.667, 9.813, 9.047, 8.666, 8.554, 8.489, 8.505, 8.615, 8.861, 9.212, 9.574, 9.913, 10.159, 10.366, 10.528, 10.675, 10.825, 10.997, 11.177, 11.365, 11.543, 11.674, 11.786, 11.847, 11.883, 11.879, 11.872, 11.861, 11.870, 11.898, 11.953, 12.017, 12.059, 12.074, 12.052, 12.000, 11.912, 11.790, 11.682, 11.580, 11.531, 11.502, 11.535, 11.552, 11.556, 11.500, 11.357, 10.961, 10.168, 8.715, 6.920, 5.613, 5.046, 4.830, 4.803, 4.914, 5.117, 5.387, 5.693, 6.033, 6.380, 6.744, 7.095, 7.430, 7.765, 8.080, 8.380, 8.664, 8.934, 9.185, 9.419, 9.627, 9.825, 10.015, 10.168, 10.341, 10.476, 10.602, 10.716, 10.814, 10.882, 10.831, 10.739, 10.649, 10.752, 10.830, 10.784, 10.743, 10.744, 10.659, 10.570, 10.436, 10.269, 10.000, 9.789, 9.555, 9.408, 9.320, 9.223, 9.157, 8.999, 8.913, 8.750, 8.559, 8.379, 8.194, 8.038, 7.852, 7.742, 7.587, 7.269, 7.233, 16.2,1037938.0,1228221.0,857817.00,42216.53,3040.84,26755.35,608.20,37274.51,329.38,503.13,34.28,238.55,20.49,5257.38,44.63,1899.98,24.38,2105.11,67.67,81.71,7.60,0.00,63.63,489.35,15.04,24694.33,142.33,0.00,119.56,0.00,15.41,7.69,2.17,83.85,2.74,20.78,1.25,2.72,0.49,104.62,1.38,228.16,2.08,16.18,0.93,120.51,1.60,0.00,30.53,0.00,52.53,0.00,434.41,0.00,303.12,0.00,511.69,40.72,10.04,0.00,60.35,0.00,29.21,11.83,1.32,29.97,3.74,0.00,144.09,0.00,68.05,251518.19,70006.65,5042.55,50553.23,1149.17,79742.66,704.65,1152.85,78.55,595.64,51.16,6333.06,53.76,2658.46,34.11,3512.36,112.91,145.87,13.57,0.00,93.00,703.12,21.61,35306.57,203.50,0.00,152.02,0.00,19.61,9.63,2.72,104.37,3.41,27.44,1.65,3.82,0.69,114.41,1.51,269.82,2.46,20.55,1.18,162.78,2.16,0.00,35.79,0.00,70.05,0.00,466.61,0.00,346.26,0.00,649.60,48.75,12.02,0.00,70.85,0.00,31.54,12.74,1.42,33.41,4.17,0.00,163.96,0.00,77.20
106.5,106.5,1,106.500,18/03/2026 02:50:29,22.617,,9.07, 9.68, 9.39,37.26, -1.12, 3.48,10.445, 8.617, 8.498, 8.095, 7.861, 7.843, 7.682, 7.938, 8.100, 8.429, 8.580, 8.777, 8.828, 8.950, 9.151, 9.274, 9.439, 9.566, 9.693, 9.747, 9.802, 9.839, 9.837, 9.834, 9.793, 9.769, 9.762, 9.741, 9.733, 9.735, 9.729, 9.726, 9.723, 9.733, 9.753, 9.779, 9.816, 9.880, 9.925, 10.029, 10.099, 10.205, 10.301, 10.390, 10.510, 10.584, 10.647, 10.714, 10.746, 10.770, 10.794, 10.821, 10.830, 10.844, 10.868, 10.889, 10.925, 10.976, 11.015, 11.055, 11.114, 11.133, 11.187, 11.234, 11.314, 11.334, 11.446, 11.483, 11.526, 11.534, 11.536, 11.523, 11.502, 11.521, 11.532, 11.579, 11.609, 11.622, 11.591, 11.548, 11.542, 11.592, 11.669, 11.693, 11.678, 11.702, 11.751, 11.855, 11.976, 12.038, 12.070, 12.059, 12.070, 12.096, 12.165, 12.240, 12.282, 12.268, 12.196, 12.101, 12.032, 11.990, 11.926, 11.729, 11.163, 10.270, 9.480, 9.109, 9.014, 8.969, 8.994, 9.105, 9.354, 9.699, 10.055, 10.390, 10.652, 10.849, 11.023, 11.183, 11.332, 11.506, 11.695, 11.871, 12.035, 12.180, 12.287, 12.355, 12.384, 12.393, 12.405, 12.405, 12.418, 12.469, 12.503, 12.570, 12.599, 12.608, 12.565, 12.513, 12.406, 12.292, 12.201, 12.110, 12.054, 12.061, 12.055, 12.074, 12.071, 12.002, 11.844, 11.436, 10.623, 9.154, 7.291, 5.923, 5.308, 5.089, 5.077, 5.205, 5.441, 5.718, 6.051, 6.404, 6.783, 7.153, 7.515, 7.867, 8.205, 8.523, 8.831, 9.129, 9.418, 9.674, 9.927, 10.145, 10.350, 10.556, 10.738, 10.897, 11.041, 11.153, 11.262, 11.346, 11.410, 11.366, 11.255, 11.171, 11.270, 11.350, 11.327, 11.304, 11.292, 11.225, 11.151, 11.011, 10.864, 10.599, 10.369, 10.125, 9.984, 9.891, 9.826, 9.685, 9.570, 9.401, 9.298, 9.033, 8.886, 8.681, 8.515, 8.345, 8.059, 7.902, 7.842, 7.558, 16.3,1020333.0,1219710.0,845030.44,61032.57,3291.99,23870.83,592.37,33052.18,312.31,496.47,34.48,350.77,21.50,4959.50,43.91,1942.19,24.56,2140.65,68.23,54.81,7.21,223.10,19.69,529.02,15.77,25591.79,151.45,0.00,122.74,0.00,13.31,17.68,2.38,55.62,2.45,18.53,1.30,0.00,4.75,102.33,1.39,225.61,2.10,18.38,0.95,132.26,1.68,9.48,1.09,0.00,51.41,0.00,438.84,0.00,306.42,0.00,504.62,35.98,9.85,42.00,3.81,0.00,37.36,14.89,1.39,48.26,3.74,0.00,141.80,4.65,1.44,269947.30,101208.83,5459.03,45103.04,1119.26,70709.68,668.14,1137.59,79.01,875.84,53.68,5974.24,52.89,2717.52,34.36,3571.66,113.84,97.85,12.87,326.07,28.78,760.12,22.66,36589.70,216.53,0.00,156.06,0.00,16.94,22.13,2.98,69.23,3.05,24.47,1.72,0.00,6.67,111.91,1.52,266.81,2.48,23.34,1.21,178.65,2.27,11.11,1.28,0.00,68.55,0.00,471.36,0.00,350.03,0.00,640.62,43.07,11.79,49.31,4.47,0.00,40.34,16.04,1.50,53.80,4.17,0.00,161.35,5.28,1.63
107.0,107.0,1,107.000,18/03/2026 02:51:04,23.079,,9.37, 10.01, 9.75,37.87, -1.21, 3.39,11.085, 9.129, 9.281, 8.546, 8.388, 8.113, 8.043, 8.224, 8.415, 8.791, 8.933, 9.099, 9.160, 9.310, 9.473, 9.636, 9.798, 9.941, 10.026, 10.096, 10.153, 10.181, 10.167, 10.149, 10.120, 10.078, 10.074, 10.042, 10.021, 10.036, 10.006, 10.015, 9.994, 10.004, 10.023, 10.048, 10.076, 10.136, 10.180, 10.281, 10.363, 10.458, 10.577, 10.656, 10.785, 10.868, 10.908, 11.002, 11.022, 11.030, 11.073, 11.075, 11.072, 11.108, 11.118, 11.125, 11.179, 11.231, 11.264, 11.306, 11.379, 11.418, 11.456, 11.512, 11.574, 11.635, 11.687, 11.677, 11.714, 11.817, 11.824, 11.750, 11.728, 11.747, 11.812, 11.880, 11.888, 11.846, 11.820, 11.836, 11.860, 11.921, 11.941, 11.956, 11.960, 12.006, 12.082, 12.181, 12.254, 12.314, 12.341, 12.363, 12.392, 12.440, 12.488, 12.551, 12.578, 12.567, 12.511, 12.444, 12.408, 12.391, 12.327, 12.138, 11.604, 10.762, 10.017, 9.671, 9.617, 9.586, 9.608, 9.700, 9.934, 10.239, 10.574, 10.889, 11.150, 11.358, 11.548, 11.698, 11.844, 11.982, 12.119, 12.274, 12.430, 12.559, 12.673, 12.752, 12.808, 12.830, 12.845, 12.845, 12.843, 12.854, 12.886, 12.934, 12.975, 12.990, 12.970, 12.942, 12.874, 12.784, 12.684, 12.621, 12.573, 12.547, 12.513, 12.526, 12.529, 12.464, 12.321, 11.959, 11.211, 9.825, 8.035, 6.689, 6.081, 5.862, 5.844, 5.971, 6.195, 6.483, 6.813, 7.154, 7.521, 7.878, 8.242, 8.577, 8.904, 9.224, 9.522, 9.807, 10.071, 10.333, 10.577, 10.778, 10.978, 11.170, 11.313, 11.493, 11.643, 11.761, 11.847, 11.945, 11.986, 11.948, 11.843, 11.732, 11.819, 11.935, 11.864, 11.852, 11.868, 11.819, 11.721, 11.642, 11.489, 11.214, 11.012, 10.787, 10.631, 10.550, 10.501, 10.444, 10.313, 10.198, 10.092, 9.867, 9.699, 9.357, 9.312, 9.168, 9.092, 8.783, 8.611, 8.427, 16.3,1003185.0,1235159.0,854759.06,35367.37,3020.74,27861.63,629.74,41955.28,359.52,496.93,35.58,280.38,21.56,5950.32,49.20,2647.50,28.71,2669.78,74.98,0.00,24.12,177.72,20.53,442.32,15.26,26690.61,155.09,0.00,126.62,0.00,15.41,18.16,2.48,93.85,3.00,23.62,1.22,0.00,5.18,100.97,1.40,266.04,2.36,24.89,1.03,144.87,1.82,0.00,30.71,0.00,54.62,0.00,452.05,0.00,312.56,0.00,522.08,0.00,552.64,16.64,3.39,0.00,30.40,0.00,39.11,0.00,145.44,12.06,3.37,0.00,71.71,258126.53,58648.85,5009.22,52643.51,1189.87,89756.39,769.13,1138.65,81.53,700.08,53.83,7167.78,59.27,3704.40,40.17,4454.51,125.10,0.00,43.06,259.75,30.01,635.54,21.93,38160.73,221.74,0.00,161.00,0.00,19.61,22.73,3.10,116.82,3.73,31.19,1.61,0.00,7.28,110.42,1.53,314.62,2.79,31.61,1.31,195.69,2.46,0.00,36.00,0.00,72.83,0.00,485.55,0.00,357.05,0.00,662.79,0.00,661.57,19.54,3.98,0.00,32.82,0.00,42.13,0.00,162.14,13.72,3.83,0.00,81.35
107.5,107.5,1,107.500,18/03/2026 02:51:47,24.535,,9.84, 10.53, 10.13,38.78, -1.36, 3.81,9.846, 8.476, 9.232, 8.681, 8.370, 8.377, 8.206, 8.529, 8.729, 9.078, 9.253, 9.461, 9.561, 9.719, 9.909, 10.086, 10.279, 10.448, 10.546, 10.623, 10.694, 10.715, 10.706, 10.680, 10.654, 10.617, 10.597, 10.552, 10.542, 10.530, 10.510, 10.493, 10.460, 10.465, 10.484, 10.514, 10.546, 10.605, 10.644, 10.746, 10.813, 10.919, 11.024, 11.117, 11.239, 11.322, 11.369, 11.445, 11.473, 11.491, 11.514, 11.524, 11.525, 11.552, 11.548, 11.568, 11.615, 11.642, 11.681, 11.728, 11.780, 11.798, 11.830, 11.904, 11.959, 11.987, 12.028, 12.055, 12.115, 12.128, 12.154, 12.107, 12.087, 12.101, 12.137, 12.158, 12.180, 12.181, 12.154, 12.129, 12.103, 12.145, 12.192, 12.231, 12.244, 12.256, 12.284, 12.359, 12.459, 12.549, 12.599, 12.591, 12.584, 12.589, 12.626, 12.707, 12.778, 12.768, 12.695, 12.585, 12.496, 12.434, 12.375, 12.192, 11.658, 10.789, 10.022, 9.628, 9.510, 9.455, 9.476, 9.584, 9.834, 10.172, 10.522, 10.845, 11.092, 11.284, 11.437, 11.589, 11.735, 11.898, 12.056, 12.225, 12.381, 12.505, 12.611, 12.684, 12.705, 12.717, 12.707, 12.710, 12.715, 12.749, 12.780, 12.820, 12.868, 12.876, 12.842, 12.799, 12.702, 12.586, 12.482, 12.370, 12.332, 12.310, 12.298, 12.312, 12.300, 12.255, 12.103, 11.749, 10.959, 9.543, 7.746, 6.405, 5.782, 5.558, 5.541, 5.657, 5.891, 6.169, 6.497, 6.838, 7.198, 7.566, 7.930, 8.259, 8.575, 8.897, 9.192, 9.468, 9.725, 9.981, 10.202, 10.410, 10.600, 10.797, 10.958, 11.125, 11.263, 11.381, 11.486, 11.573, 11.627, 11.603, 11.522, 11.423, 11.482, 11.552, 11.498, 11.473, 11.455, 11.413, 11.319, 11.199, 11.053, 10.828, 10.597, 10.385, 10.215, 10.128, 10.076, 9.958, 9.813, 9.726, 9.534, 9.396, 9.145, 9.043, 8.883, 8.651, 8.449, 8.359, 7.932, 7.908, 16.3,1031989.0,1245257.0,855170.44,38327.14,3027.98,23898.93,587.66,40357.17,347.74,369.11,33.00,339.76,21.30,5440.25,45.82,2303.52,26.65,2305.06,69.70,86.60,7.82,0.00,72.81,700.00,17.73,30113.20,171.55,0.00,134.53,0.00,16.19,9.89,2.30,66.92,2.55,27.45,1.37,0.00,5.40,100.21,1.40,201.98,1.98,9.17,0.91,128.39,1.69,6.35,1.09,0.00,53.47,0.00,449.55,27.91,6.58,0.00,514.04,0.00,539.10,0.00,49.31,0.00,26.26,10.50,1.38,0.00,137.85,0.00,152.14,0.00,71.95,255297.77,63556.97,5021.23,45156.14,1110.36,86337.50,743.93,845.77,75.62,848.35,53.18,6553.35,55.19,3223.10,37.29,3845.98,116.29,154.60,13.96,0.00,106.42,1005.79,25.48,43054.16,245.27,0.00,171.05,0.00,20.60,12.38,2.88,83.30,3.17,36.24,1.81,0.00,7.59,109.59,1.53,238.86,2.34,11.65,1.16,173.43,2.28,7.44,1.28,0.00,71.30,0.00,482.87,31.88,7.52,0.00,652.58,0.00,645.36,0.00,57.89,0.00,28.35,11.31,1.49,0.00,153.68,0.00,173.12,0.00,81.62
108.0,108.0,1,108.000,18/03/2026 02:52:30,26.056,,10.73, 11.50, 11.07,40.41, -1.49, 3.91,8.311, 8.633, 9.217, 9.077, 8.940, 8.930, 8.960, 9.270, 9.469, 9.923, 10.169, 10.308, 10.449, 10.638, 10.870, 11.059, 11.241, 11.419, 11.516, 11.621, 11.680, 11.701, 11.686, 11.671, 11.634, 11.584, 11.541, 11.504, 11.483, 11.453, 11.440, 11.396, 11.369, 11.358, 11.389, 11.396, 11.436, 11.478, 11.529, 11.623, 11.696, 11.807, 11.903, 12.011, 12.131, 12.198, 12.272, 12.322, 12.347, 12.385, 12.372, 12.381, 12.407, 12.383, 12.379, 12.430, 12.450, 12.470, 12.523, 12.578, 12.596, 12.628, 12.682, 12.740, 12.768, 12.767, 12.840, 12.864, 12.866, 12.915, 12.929, 12.892, 12.871, 12.850, 12.892, 12.918, 12.948, 12.925, 12.899, 12.876, 12.855, 12.905, 12.969, 13.000, 12.997, 13.009, 13.046, 13.116, 13.225, 13.300, 13.331, 13.324, 13.313, 13.321, 13.367, 13.446, 13.501, 13.500, 13.436, 13.344, 13.260, 13.209, 13.159, 13.013, 12.547, 11.770, 11.056, 10.688, 10.580, 10.510, 10.522, 10.613, 10.857, 11.187, 11.520, 11.832, 12.064, 12.236, 12.369, 12.488, 12.603, 12.739, 12.884, 13.043, 13.199, 13.338, 13.445, 13.513, 13.534, 13.528, 13.506, 13.499, 13.490, 13.510, 13.548, 13.613, 13.652, 13.697, 13.672, 13.641, 13.569, 13.470, 13.362, 13.270, 13.215, 13.181, 13.149, 13.176, 13.167, 13.133, 13.007, 12.680, 11.978, 10.657, 8.848, 7.419, 6.752, 6.518, 6.488, 6.613, 6.859, 7.162, 7.512, 7.877, 8.251, 8.627, 8.994, 9.324, 9.639, 9.955, 10.238, 10.529, 10.771, 10.998, 11.225, 11.425, 11.601, 11.798, 11.950, 12.107, 12.240, 12.370, 12.465, 12.571, 12.637, 12.597, 12.496, 12.446, 12.508, 12.581, 12.510, 12.498, 12.479, 12.458, 12.383, 12.278, 12.100, 11.899, 11.698, 11.491, 11.389, 11.340, 11.332, 11.226, 11.100, 10.981, 10.879, 10.719, 10.487, 10.326, 10.194, 10.016, 9.935, 9.712, 9.482, 9.477, 16.3,974572.0,1239969.0,842977.14,43190.26,3141.02,26847.84,629.75,43755.37,374.84,273.56,33.40,355.66,22.40,5992.10,50.15,2644.00,29.51,2308.27,71.33,38.37,7.39,109.34,19.24,463.10,15.57,30382.21,177.57,0.00,139.97,0.00,14.47,24.98,2.67,81.69,2.88,29.81,1.43,2.50,0.53,109.22,1.50,223.31,2.16,15.87,0.99,136.42,1.79,5.52,1.12,0.00,53.92,0.00,459.70,0.00,315.30,0.00,532.48,0.00,557.15,0.00,60.13,0.00,28.15,9.19,1.40,24.27,4.20,0.00,153.91,0.00,71.81,277380.25,71621.36,5208.68,50727.99,1189.89,93607.39,801.91,626.83,76.53,888.05,55.93,7218.11,60.41,3699.50,41.29,3851.33,119.01,68.50,13.19,159.81,28.12,665.40,22.37,43438.78,253.88,0.00,177.97,0.00,18.41,31.27,3.34,101.68,3.58,39.36,1.89,3.51,0.74,119.44,1.64,264.09,2.55,20.15,1.26,184.27,2.42,6.47,1.31,0.00,71.90,0.00,493.77,0.00,360.18,0.00,675.99,0.00,666.97,0.00,70.60,0.00,30.40,9.90,1.51,27.06,4.68,0.00,175.13,0.00,81.46
108.5,108.5,1,108.500,18/03/2026 02:53:13,24.934,1157879.628,11.16, 11.94, 11.74,41.12, -1.36, 3.29,13.258, 11.561, 11.518, 10.262, 10.087, 10.048, 9.778, 9.933, 10.277, 10.586, 10.722, 10.895, 11.026, 11.148, 11.367, 11.524, 11.719, 11.886, 11.992, 12.058, 12.116, 12.121, 12.108, 12.076, 12.022, 11.977, 11.949, 11.888, 11.883, 11.857, 11.824, 11.798, 11.752, 11.763, 11.776, 11.792, 11.814, 11.869, 11.908, 11.988, 12.081, 12.164, 12.274, 12.365, 12.476, 12.553, 12.602, 12.659, 12.685, 12.708, 12.711, 12.704, 12.720, 12.717, 12.705, 12.744, 12.788, 12.786, 12.818, 12.899, 12.941, 12.941, 12.982, 13.059, 13.104, 13.087, 13.143, 13.156, 13.234, 13.234, 13.193, 13.197, 13.155, 13.161, 13.163, 13.207, 13.242, 13.237, 13.216, 13.176, 13.169, 13.213, 13.254, 13.290, 13.283, 13.284, 13.326, 13.412, 13.499, 13.571, 13.606, 13.609, 13.611, 13.620, 13.638, 13.702, 13.776, 13.786, 13.741, 13.667, 13.597, 13.561, 13.498, 13.326, 12.851, 12.086, 11.362, 11.010, 10.905, 10.841, 10.841, 10.921, 11.141, 11.465, 11.800, 12.126, 12.379, 12.563, 12.698, 12.813, 12.911, 13.023, 13.146, 13.296, 13.442, 13.594, 13.712, 13.797, 13.842, 13.847, 13.817, 13.794, 13.763, 13.745, 13.783, 13.821, 13.887, 13.914, 13.913, 13.907, 13.847, 13.756, 13.648, 13.566, 13.501, 13.452, 13.417, 13.417, 13.407, 13.361, 13.242, 12.934, 12.256, 10.930, 9.136, 7.706, 7.026, 6.759, 6.732, 6.842, 7.082, 7.366, 7.710, 8.063, 8.447, 8.828, 9.202, 9.564, 9.898, 10.222, 10.533, 10.817, 11.089, 11.332, 11.545, 11.757, 11.927, 12.098, 12.236, 12.375, 12.490, 12.585, 12.693, 12.773, 12.840, 12.826, 12.736, 12.638, 12.750, 12.828, 12.807, 12.754, 12.770, 12.732, 12.671, 12.550, 12.390, 12.150, 11.931, 11.723, 11.565, 11.495, 11.434, 11.378, 11.285, 11.174, 10.939, 10.873, 10.580, 10.506, 10.327, 10.102, 9.861, 9.772, 9.645, 9.437, 16.3,1018886.0,1223821.0,836896.06,60022.97,3352.56,25324.53,613.61,36537.14,338.02,487.08,35.46,316.15,21.98,4720.38,43.83,2236.13,26.91,3052.68,78.65,79.71,8.25,123.82,20.34,383.75,14.47,29155.81,173.78,0.00,137.22,0.00,15.32,41.67,2.94,93.83,3.02,34.42,1.39,0.00,5.66,104.41,1.44,219.82,2.13,14.64,0.97,138.70,1.79,11.36,1.13,0.00,54.68,0.00,457.28,0.00,316.48,0.00,533.98,0.00,560.09,0.00,60.98,0.00,30.81,4.89,1.27,0.00,143.18,0.00,158.18,0.00,66.40,284736.48,99534.64,5559.47,47849.75,1159.39,78165.18,723.14,1116.08,81.25,789.40,54.88,5686.19,52.80,3128.81,37.65,5093.38,131.23,142.30,14.73,180.97,29.73,551.39,20.79,41685.34,248.46,0.00,174.47,0.00,19.50,52.16,3.68,116.79,3.76,45.45,1.84,0.00,7.95,114.18,1.57,259.96,2.52,18.59,1.23,187.35,2.42,13.32,1.32,0.00,72.91,0.00,491.17,0.00,361.52,0.00,677.90,0.00,670.48,0.00,71.59,0.00,33.27,5.27,1.37,0.00,159.62,0.00,179.99,0.00,75.33
109.0,109.0,1,109.000,18/03/2026 02:53:57,25.196,,10.36, 11.08, 10.84,39.72, -1.36, 3.38,10.297, 10.265, 10.009, 9.022, 9.306, 9.200, 8.997, 9.208, 9.389, 9.735, 9.916, 10.099, 10.188, 10.341, 10.521, 10.687, 10.865, 11.031, 11.124, 11.206, 11.248, 11.271, 11.238, 11.230, 11.190, 11.129, 11.099, 11.051, 11.023, 11.017, 10.979, 10.966, 10.931, 10.936, 10.948, 10.962, 10.988, 11.038, 11.075, 11.163, 11.243, 11.334, 11.432, 11.528, 11.641, 11.726, 11.784, 11.840, 11.875, 11.887, 11.885, 11.905, 11.910, 11.907, 11.912, 11.951, 11.976, 12.002, 12.051, 12.122, 12.149, 12.183, 12.234, 12.298, 12.339, 12.347, 12.396, 12.437, 12.492, 12.505, 12.498, 12.495, 12.450, 12.452, 12.472, 12.500, 12.547, 12.558, 12.535, 12.493, 12.480, 12.521, 12.609, 12.665, 12.679, 12.675, 12.711, 12.786, 12.902, 13.005, 13.066, 13.060, 13.036, 13.050, 13.085, 13.183, 13.277, 13.297, 13.236, 13.125, 13.038, 12.989, 12.971, 12.848, 12.423, 11.661, 10.950, 10.578, 10.479, 10.409, 10.430, 10.529, 10.790, 11.120, 11.471, 11.788, 12.016, 12.177, 12.311, 12.417, 12.540, 12.675, 12.835, 13.019, 13.181, 13.307, 13.430, 13.482, 13.509, 13.498, 13.488, 13.485, 13.478, 13.510, 13.573, 13.640, 13.694, 13.737, 13.725, 13.683, 13.623, 13.511, 13.435, 13.342, 13.309, 13.270, 13.234, 13.238, 13.250, 13.222, 13.089, 12.777, 12.082, 10.752, 8.924, 7.478, 6.794, 6.547, 6.518, 6.649, 6.878, 7.190, 7.535, 7.907, 8.310, 8.692, 9.070, 9.433, 9.773, 10.097, 10.402, 10.689, 10.969, 11.214, 11.430, 11.650, 11.833, 12.004, 12.146, 12.294, 12.428, 12.534, 12.644, 12.740, 12.811, 12.777, 12.682, 12.552, 12.676, 12.769, 12.740, 12.761, 12.774, 12.735, 12.678, 12.570, 12.398, 12.187, 11.940, 11.742, 11.588, 11.524, 11.528, 11.434, 11.303, 11.155, 11.057, 10.922, 10.764, 10.527, 10.339, 10.230, 10.102, 9.803, 9.666, 9.487, 16.3,1008232.0,1193805.0,848950.42,46987.20,3177.96,27209.47,625.17,38077.87,342.30,522.84,35.64,395.54,22.35,4857.04,44.04,1942.83,25.14,2570.65,73.79,0.00,23.80,118.54,19.40,399.77,14.84,27323.38,160.48,0.00,131.18,0.00,17.18,0.00,12.75,70.29,2.60,14.03,1.30,0.00,5.60,104.08,1.41,246.20,2.25,20.09,1.00,143.50,1.81,7.60,1.10,0.00,54.73,0.00,444.17,0.00,308.64,0.00,528.69,0.00,553.70,0.00,52.54,0.00,24.23,20.85,1.52,0.00,145.38,17.79,3.39,0.00,62.12,266429.36,77917.74,5269.93,51411.28,1181.24,81461.32,732.29,1198.02,81.66,987.63,55.81,5850.81,53.05,2718.42,35.18,4289.11,123.12,0.00,42.49,173.25,28.35,574.41,21.32,39065.43,229.45,0.00,166.79,0.00,21.86,0.00,15.96,87.49,3.24,18.52,1.72,0.00,7.87,113.82,1.54,291.16,2.66,25.51,1.27,193.84,2.44,8.91,1.29,0.00,72.98,0.00,477.09,0.00,352.57,0.00,671.18,0.00,662.84,0.00,61.68,0.00,26.16,22.46,1.64,0.00,162.08,20.24,3.86,0.00,70.47
109.5,109.5,1,109.500,18/03/2026 02:54:31,22.749,,10.51, 11.24, 10.99,39.99, -1.34, 3.42,11.097, 10.252, 10.787, 9.684, 9.559, 9.233, 9.240, 9.279, 9.487, 9.902, 10.055, 10.221, 10.331, 10.495, 10.694, 10.861, 11.018, 11.191, 11.268, 11.343, 11.396, 11.426, 11.414, 11.390, 11.350, 11.297, 11.270, 11.235, 11.212, 11.190, 11.164, 11.131, 11.110, 11.103, 11.126, 11.125, 11.170, 11.203, 11.252, 11.330, 11.406, 11.516, 11.599, 11.713, 11.815, 11.890, 11.957, 12.004, 12.033, 12.056, 12.052, 12.069, 12.086, 12.077, 12.079, 12.131, 12.151, 12.179, 12.236, 12.297, 12.321, 12.361, 12.413, 12.487, 12.519, 12.545, 12.600, 12.614, 12.617, 12.661, 12.675, 12.691, 12.658, 12.626, 12.627, 12.690, 12.749, 12.734, 12.713, 12.659, 12.656, 12.733, 12.817, 12.856, 12.858, 12.856, 12.901, 13.010, 13.119, 13.214, 13.237, 13.208, 13.204, 13.229, 13.290, 13.392, 13.455, 13.447, 13.368, 13.289, 13.222, 13.187, 13.180, 13.072, 12.656, 11.914, 11.195, 10.840, 10.760, 10.698, 10.722, 10.838, 11.087, 11.416, 11.747, 12.054, 12.276, 12.434, 12.555, 12.654, 12.774, 12.920, 13.079, 13.249, 13.395, 13.527, 13.644, 13.695, 13.716, 13.713, 13.699, 13.698, 13.689, 13.730, 13.772, 13.835, 13.909, 13.942, 13.934, 13.906, 13.841, 13.740, 13.643, 13.556, 13.515, 13.492, 13.462, 13.476, 13.478, 13.450, 13.344, 13.056, 12.390, 11.080, 9.271, 7.799, 7.093, 6.841, 6.811, 6.956, 7.207, 7.524, 7.888, 8.265, 8.665, 9.054, 9.443, 9.804, 10.134, 10.460, 10.761, 11.039, 11.311, 11.543, 11.786, 11.970, 12.150, 12.324, 12.465, 12.622, 12.744, 12.848, 12.958, 13.049, 13.131, 13.106, 12.999, 12.903, 13.012, 13.113, 13.064, 13.059, 13.097, 13.055, 13.006, 12.916, 12.762, 12.497, 12.307, 12.080, 11.939, 11.860, 11.862, 11.825, 11.733, 11.631, 11.523, 11.316, 11.197, 11.008, 10.854, 10.795, 10.474, 10.319, 10.252, 10.305, 16.3,976733.0,1213914.0,833786.24,53288.63,3268.35,27689.55,642.61,42762.47,373.06,320.51,34.27,279.39,22.14,6356.92,52.54,2403.07,28.48,2595.39,75.55,42.12,7.61,220.88,21.42,436.24,15.44,29044.35,172.86,0.00,134.17,0.00,16.06,18.56,2.55,84.84,2.89,29.58,1.41,0.00,4.74,104.07,1.47,230.76,2.22,13.16,0.97,141.27,1.81,10.70,1.15,0.00,54.94,62.43,10.07,0.00,319.74,38.14,9.91,0.00,557.61,0.00,53.22,0.00,28.03,7.51,1.36,33.25,4.17,0.00,153.09,0.00,74.67,292437.35,88367.25,5419.83,52318.37,1214.19,91483.24,798.10,734.41,78.53,697.61,55.28,7657.57,63.29,3362.39,39.85,4330.39,126.05,75.19,13.59,322.83,31.31,626.81,22.18,41525.98,247.15,0.00,170.59,0.00,20.44,23.23,3.19,105.60,3.60,39.06,1.86,0.00,6.66,113.81,1.61,272.90,2.63,16.71,1.23,190.82,2.44,12.54,1.35,0.00,73.26,67.06,10.82,0.00,365.25,48.42,12.58,0.00,667.52,0.00,62.48,0.00,30.27,8.09,1.47,37.07,4.65,0.00,174.20,0.00,84.71
110.0,110.0,1,110.000,18/03/2026 02:55:14,24.870,,10.52, 11.25, 10.96,40.01, -1.34, 3.53,10.533, 10.032, 9.990, 9.152, 9.289, 9.222, 9.150, 9.295, 9.483, 9.839, 10.027, 10.182, 10.307, 10.471, 10.696, 10.855, 11.019, 11.192, 11.285, 11.354, 11.414, 11.444, 11.416, 11.406, 11.374, 11.318, 11.302, 11.262, 11.242, 11.229, 11.193, 11.184, 11.138, 11.158, 11.151, 11.185, 11.195, 11.257, 11.298, 11.374, 11.477, 11.543, 11.671, 11.759, 11.850, 11.967, 11.999, 12.055, 12.116, 12.100, 12.100, 12.143, 12.140, 12.120, 12.149, 12.191, 12.197, 12.231, 12.291, 12.347, 12.367, 12.401, 12.474, 12.543, 12.561, 12.592, 12.676, 12.682, 12.719, 12.716, 12.741, 12.753, 12.720, 12.699, 12.695, 12.750, 12.812, 12.815, 12.774, 12.718, 12.717, 12.776, 12.873, 12.920, 12.912, 12.894, 12.920, 13.031, 13.171, 13.259, 13.284, 13.251, 13.240, 13.256, 13.314, 13.430, 13.512, 13.518, 13.440, 13.344, 13.260, 13.232, 13.219, 13.121, 12.726, 11.989, 11.264, 10.906, 10.815, 10.758, 10.771, 10.870, 11.128, 11.469, 11.805, 12.101, 12.323, 12.477, 12.601, 12.710, 12.821, 12.953, 13.108, 13.284, 13.442, 13.570, 13.662, 13.720, 13.748, 13.743, 13.739, 13.712, 13.714, 13.753, 13.797, 13.865, 13.926, 13.948, 13.939, 13.912, 13.859, 13.771, 13.694, 13.606, 13.555, 13.508, 13.470, 13.496, 13.496, 13.464, 13.348, 13.039, 12.372, 11.067, 9.260, 7.835, 7.151, 6.892, 6.867, 6.986, 7.243, 7.536, 7.885, 8.255, 8.648, 9.035, 9.415, 9.778, 10.096, 10.435, 10.741, 11.031, 11.308, 11.570, 11.793, 12.012, 12.168, 12.354, 12.490, 12.638, 12.755, 12.868, 12.970, 13.073, 13.141, 13.096, 12.982, 12.860, 12.972, 13.080, 13.088, 13.066, 13.099, 13.066, 13.032, 12.928, 12.802, 12.544, 12.330, 12.140, 11.944, 11.878, 11.882, 11.840, 11.691, 11.634, 11.409, 11.228, 11.179, 10.885, 10.802, 10.607, 10.405, 10.347, 10.171, 10.144, 16.3,982306.0,1222764.0,823154.60,60340.71,3322.90,30524.63,659.01,44610.08,382.17,498.76,36.44,260.53,21.93,5823.56,49.80,2751.13,30.41,2363.47,73.35,90.99,8.23,0.00,71.52,417.14,14.96,28514.30,169.71,0.00,135.51,0.00,15.89,0.00,11.73,74.89,2.73,16.06,1.28,0.00,5.54,112.28,1.50,239.43,2.25,16.55,0.99,124.67,1.72,3.49,1.09,0.00,54.56,0.00,457.09,29.90,6.57,0.00,523.32,0.00,561.44,0.00,56.73,0.00,30.66,13.48,1.43,19.38,4.15,0.00,154.50,0.00,70.14,312087.96,100061.54,5510.28,57675.15,1245.17,95435.90,817.59,1142.84,83.50,650.52,54.76,7015.09,59.99,3849.40,42.55,3943.43,122.38,162.43,14.69,0.00,104.53,599.36,21.50,40768.14,242.64,0.00,172.30,0.00,20.22,0.00,14.68,93.22,3.40,21.20,1.69,0.00,7.79,122.79,1.64,283.15,2.66,21.02,1.26,168.40,2.32,4.09,1.28,0.00,72.75,0.00,490.97,34.16,7.51,0.00,664.36,0.00,672.10,0.00,66.60,0.00,33.11,14.52,1.54,21.61,4.63,0.00,175.81,0.00,79.57
110.5,110.5,1,110.500,18/03/2026 02:56:06,25.069,,11.07, 11.86, 11.61,40.99, -1.46, 3.42,13.817, 10.779, 10.795, 10.271, 9.881, 9.825, 9.715, 9.767, 10.045, 10.434, 10.666, 10.789, 10.925, 11.108, 11.307, 11.477, 11.613, 11.804, 11.919, 12.007, 12.047, 12.031, 12.054, 12.013, 11.940, 11.935, 11.829, 11.813, 11.777, 11.740, 11.730, 11.669, 11.660, 11.639, 11.648, 11.688, 11.652, 11.786, 11.727, 11.889, 11.951, 11.992, 12.195, 12.219, 12.320, 12.494, 12.467, 12.511, 12.641, 12.587, 12.533, 12.649, 12.656, 12.541, 12.599, 12.711, 12.679, 12.623, 12.745, 12.868, 12.859, 12.800, 12.895, 13.037, 13.086, 12.994, 12.962, 13.085, 13.190, 13.171, 13.092, 13.062, 13.088, 13.139, 13.176, 13.143, 13.098, 13.118, 13.164, 13.208, 13.183, 13.178, 13.166, 13.193, 13.285, 13.376, 13.446, 13.467, 13.482, 13.528, 13.559, 13.638, 13.702, 13.751, 13.779, 13.786, 13.802, 13.785, 13.758, 13.724, 13.731, 13.726, 13.680, 13.530, 13.105, 12.386, 11.708, 11.402, 11.377, 11.370, 11.408, 11.501, 11.704, 11.980, 12.252, 12.515, 12.704, 12.879, 13.032, 13.182, 13.318, 13.455, 13.586, 13.722, 13.842, 13.915, 13.986, 14.004, 14.025, 14.046, 14.080, 14.112, 14.151, 14.186, 14.249, 14.283, 14.346, 14.339, 14.291, 14.224, 14.130, 14.038, 13.963, 13.908, 13.914, 13.932, 13.910, 13.945, 13.954, 13.931, 13.828, 13.523, 12.863, 11.581, 9.777, 8.315, 7.599, 7.343, 7.317, 7.483, 7.754, 8.089, 8.484, 8.873, 9.286, 9.679, 10.070, 10.411, 10.722, 10.999, 11.266, 11.509, 11.730, 11.927, 12.112, 12.280, 12.456, 12.625, 12.799, 12.951, 13.103, 13.244, 13.356, 13.491, 13.542, 13.562, 13.464, 13.384, 13.483, 13.599, 13.556, 13.562, 13.536, 13.460, 13.398, 13.233, 13.085, 12.819, 12.603, 12.384, 12.268, 12.201, 12.233, 12.212, 12.138, 12.097, 11.968, 11.879, 11.720, 11.570, 11.507, 11.352, 11.320, 11.008, 10.984, 10.865, 16.3,995610.0,1233107.0,833314.29,51056.05,3259.37,29096.31,647.89,43458.65,376.35,611.27,37.79,326.95,22.46,5333.91,47.35,2665.31,29.49,3126.00,80.55,0.00,25.47,109.77,19.66,549.26,16.78,29706.32,176.07,0.00,134.66,0.00,16.20,25.87,2.71,62.02,2.61,21.63,1.35,0.00,5.25,105.90,1.49,211.00,2.10,19.91,1.02,161.34,1.92,6.73,1.14,0.00,56.81,0.00,468.64,0.00,321.43,0.00,533.59,0.00,571.38,12.36,3.34,0.00,33.71,10.19,1.43,0.00,143.81,0.00,158.47,8.95,1.59,294413.58,84665.01,5404.93,54976.39,1224.16,92972.61,805.14,1400.64,86.59,816.36,56.08,6425.25,57.04,3729.32,41.26,5215.71,134.40,0.00,45.47,160.44,28.73,789.20,24.11,42472.43,251.73,0.00,171.22,0.00,20.62,32.38,3.39,77.20,3.25,28.56,1.78,0.00,7.38,115.81,1.63,249.53,2.48,25.28,1.30,217.93,2.59,7.89,1.34,0.00,75.75,0.00,503.37,0.00,367.18,0.00,677.40,0.00,684.00,14.51,3.92,0.00,36.40,10.98,1.54,0.00,160.32,0.00,180.32,10.15,1.80
111.0,111.0,1,111.000,18/03/2026 02:56:49,23.547,,11.21, 12.00, 11.88,41.22, -1.49, 3.09,13.851, 11.394, 11.485, 10.160, 10.239, 10.030, 9.942, 10.025, 10.282, 10.727, 10.925, 11.062, 11.154, 11.293, 11.510, 11.670, 11.866, 12.034, 12.099, 12.114, 12.145, 12.204, 12.196, 12.077, 12.070, 12.040, 11.900, 11.931, 11.860, 11.842, 11.838, 11.729, 11.768, 11.666, 11.763, 11.694, 11.774, 11.798, 11.810, 11.977, 11.930, 12.144, 12.173, 12.260, 12.469, 12.421, 12.534, 12.651, 12.544, 12.619, 12.689, 12.574, 12.604, 12.699, 12.618, 12.583, 12.728, 12.784, 12.697, 12.771, 12.919, 12.949, 12.876, 12.944, 13.089, 13.120, 13.082, 13.061, 13.150, 13.272, 13.268, 13.126, 13.063, 13.105, 13.224, 13.250, 13.191, 13.121, 13.114, 13.187, 13.256, 13.260, 13.240, 13.234, 13.276, 13.366, 13.478, 13.538, 13.557, 13.573, 13.590, 13.644, 13.716, 13.782, 13.828, 13.837, 13.831, 13.817, 13.790, 13.773, 13.789, 13.785, 13.738, 13.564, 13.138, 12.431, 11.778, 11.501, 11.500, 11.488, 11.503, 11.547, 11.717, 11.959, 12.261, 12.557, 12.800, 13.010, 13.196, 13.335, 13.432, 13.494, 13.573, 13.673, 13.784, 13.881, 13.992, 14.094, 14.181, 14.258, 14.283, 14.288, 14.251, 14.224, 14.214, 14.215, 14.251, 14.252, 14.249, 14.252, 14.254, 14.241, 14.204, 14.175, 14.133, 14.103, 14.003, 13.973, 13.926, 13.857, 13.726, 13.432, 12.813, 11.594, 9.871, 8.476, 7.794, 7.593, 7.581, 7.725, 7.971, 8.278, 8.607, 8.949, 9.301, 9.656, 10.001, 10.314, 10.619, 10.938, 11.253, 11.546, 11.819, 12.113, 12.368, 12.592, 12.806, 12.989, 13.129, 13.262, 13.377, 13.454, 13.523, 13.591, 13.623, 13.560, 13.433, 13.295, 13.401, 13.485, 13.471, 13.461, 13.518, 13.518, 13.512, 13.463, 13.376, 13.172, 12.971, 12.769, 12.680, 12.613, 12.633, 12.544, 12.439, 12.298, 12.134, 11.938, 11.747, 11.590, 11.325, 11.160, 11.026, 10.980, 10.666, 10.557, 16.3,987149.0,1222815.0,826610.64,54257.05,3345.14,28385.10,656.41,46504.14,399.05,473.24,37.02,248.95,22.53,6372.93,53.63,2656.24,30.61,2434.24,75.36,128.43,8.93,125.11,21.90,565.32,17.34,30568.28,184.06,0.00,139.12,0.00,16.05,10.55,2.45,75.79,2.84,23.97,1.34,2.45,0.55,112.11,1.55,252.85,2.40,20.91,1.06,159.30,1.97,0.00,32.54,0.00,57.37,0.00,471.69,0.00,331.15,0.00,553.60,0.00,582.71,0.00,58.48,5.30,1.23,7.08,1.38,0.00,146.05,0.00,163.03,0.00,74.94,306003.19,89973.15,5547.16,53632.59,1240.26,99487.93,853.70,1084.37,84.83,621.60,56.26,7676.86,64.60,3716.63,42.83,4061.51,125.74,229.27,15.94,182.86,32.01,812.27,24.91,43704.81,263.16,0.00,176.89,0.00,20.43,13.21,3.07,94.34,3.53,31.65,1.77,3.44,0.77,122.60,1.70,299.02,2.84,26.55,1.35,215.18,2.66,0.00,38.14,0.00,76.50,0.00,506.65,0.00,378.28,0.00,702.81,0.00,697.56,0.00,68.66,5.72,1.33,7.63,1.49,0.00,162.82,0.00,185.51,0.00,85.01
111.5,111.5,1,111.500,18/03/2026 02:57:33,23.415,,11.64, 12.43, 12.56,41.89, -1.22, 2.46,13.394, 11.329, 12.288, 11.053, 11.068, 10.887, 10.756, 10.831, 11.018, 11.388, 11.489, 11.663, 11.743, 11.875, 12.035, 12.135, 12.281, 12.435, 12.485, 12.530, 12.590, 12.604, 12.590, 12.512, 12.446, 12.446, 12.381, 12.282, 12.333, 12.254, 12.250, 12.215, 12.166, 12.168, 12.164, 12.175, 12.206, 12.233, 12.292, 12.353, 12.444, 12.522, 12.621, 12.713, 12.819, 12.884, 12.944, 13.012, 13.016, 13.064, 13.056, 13.037, 13.103, 13.084, 13.052, 13.174, 13.201, 13.144, 13.254, 13.371, 13.331, 13.323, 13.508, 13.568, 13.487, 13.509, 13.716, 13.788, 13.673, 13.655, 13.812, 13.915, 13.719, 13.558, 13.653, 13.887, 13.930, 13.761, 13.587, 13.656, 13.868, 14.010, 13.915, 13.748, 13.733, 13.945, 14.207, 14.298, 14.206, 14.072, 14.082, 14.266, 14.506, 14.623, 14.555, 14.388, 14.289, 14.348, 14.503, 14.643, 14.651, 14.540, 14.306, 14.012, 13.585, 13.027, 12.584, 12.435, 12.405, 12.226, 12.028, 11.942, 12.108, 12.502, 13.018, 13.515, 13.872, 14.027, 14.024, 13.938, 13.862, 13.900, 14.062, 14.333, 14.670, 14.964, 15.168, 15.239, 15.179, 15.019, 14.861, 14.749, 14.702, 14.777, 14.944, 15.154, 15.349, 15.465, 15.493, 15.442, 15.294, 15.084, 14.868, 14.712, 14.657, 14.683, 14.719, 14.830, 14.931, 14.991, 14.933, 14.666, 13.992, 12.655, 10.782, 9.252, 8.500, 8.218, 8.182, 8.345, 8.632, 9.021, 9.451, 9.889, 10.319, 10.713, 11.082, 11.402, 11.695, 11.949, 12.199, 12.449, 12.677, 12.901, 13.142, 13.375, 13.593, 13.835, 14.049, 14.244, 14.420, 14.556, 14.637, 14.720, 14.772, 14.678, 14.518, 14.387, 14.457, 14.536, 14.506, 14.513, 14.545, 14.610, 14.596, 14.561, 14.489, 14.297, 14.098, 13.949, 13.862, 13.799, 13.817, 13.772, 13.642, 13.476, 13.316, 13.122, 12.915, 12.623, 12.413, 12.257, 12.145, 11.979, 11.931, 11.941, 16.3,977509.0,1231069.0,826439.21,50585.91,3285.09,31078.84,675.45,46739.75,399.00,527.11,37.83,271.26,22.70,6492.49,54.16,2940.32,32.17,3444.97,85.17,51.66,8.23,108.86,20.31,431.00,15.61,30108.42,180.57,0.00,137.69,0.00,14.75,25.31,2.74,100.40,3.19,18.49,1.37,2.33,0.54,110.41,1.54,278.81,2.54,14.20,1.01,162.88,1.99,14.73,1.20,0.00,56.57,0.00,475.15,0.00,331.96,0.00,546.28,0.00,585.46,0.00,59.39,7.72,1.30,12.15,1.51,32.76,4.34,0.00,158.03,0.00,78.90,307033.69,83885.39,5447.59,58722.31,1276.24,99991.98,853.59,1207.80,86.68,677.31,56.68,7820.88,65.24,4114.11,45.01,5747.91,142.11,92.22,14.69,159.11,29.68,619.28,22.43,43047.33,258.17,0.00,175.07,0.00,18.77,31.68,3.43,124.97,3.97,24.41,1.81,3.27,0.76,120.74,1.68,329.72,3.00,18.03,1.28,220.01,2.69,17.27,1.41,0.00,75.43,0.00,510.37,0.00,379.21,0.00,693.51,0.00,700.86,0.00,69.73,8.34,1.40,13.09,1.63,36.52,4.84,0.00,179.82,0.00,89.51
112.0,112.0,1,112.000,18/03/2026 02:58:07,24.803,,10.56, 11.28, 11.21,40.05, -1.21, 2.91,8.662, 9.935, 10.813, 9.897, 9.544, 9.471, 9.411, 9.572, 9.797, 10.135, 10.293, 10.381, 10.480, 10.664, 10.811, 10.960, 11.082, 11.249, 11.314, 11.385, 11.428, 11.456, 11.440, 11.412, 11.345, 11.311, 11.311, 11.237, 11.213, 11.222, 11.157, 11.152, 11.122, 11.113, 11.143, 11.130, 11.178, 11.196, 11.259, 11.313, 11.409, 11.480, 11.591, 11.667, 11.767, 11.841, 11.888, 11.936, 11.965, 11.997, 11.974, 12.009, 12.041, 11.984, 12.022, 12.103, 12.067, 12.092, 12.208, 12.228, 12.195, 12.290, 12.368, 12.365, 12.363, 12.462, 12.671, 12.602, 12.524, 12.643, 12.715, 12.657, 12.522, 12.501, 12.627, 12.707, 12.651, 12.572, 12.569, 12.648, 12.694, 12.651, 12.632, 12.664, 12.755, 12.840, 12.874, 12.859, 12.887, 12.991, 13.110, 13.177, 13.166, 13.122, 13.106, 13.162, 13.275, 13.345, 13.330, 13.225, 13.100, 13.003, 12.946, 12.839, 12.464, 11.751, 11.048, 10.686, 10.544, 10.443, 10.443, 10.570, 10.856, 11.217, 11.558, 11.858, 12.058, 12.196, 12.302, 12.406, 12.534, 12.697, 12.871, 13.059, 13.223, 13.338, 13.427, 13.464, 13.477, 13.456, 13.461, 13.463, 13.491, 13.541, 13.590, 13.649, 13.701, 13.711, 13.687, 13.624, 13.543, 13.437, 13.348, 13.280, 13.248, 13.248, 13.238, 13.282, 13.294, 13.256, 13.116, 12.786, 12.073, 10.732, 8.961, 7.578, 6.942, 6.711, 6.705, 6.848, 7.112, 7.427, 7.772, 8.150, 8.541, 8.907, 9.242, 9.553, 9.857, 10.141, 10.400, 10.666, 10.915, 11.157, 11.396, 11.627, 11.822, 12.035, 12.230, 12.410, 12.563, 12.693, 12.789, 12.883, 12.920, 12.869, 12.704, 12.575, 12.631, 12.683, 12.621, 12.596, 12.624, 12.579, 12.516, 12.446, 12.324, 12.128, 11.985, 11.766, 11.718, 11.691, 11.722, 11.637, 11.489, 11.311, 11.228, 10.970, 10.794, 10.594, 10.272, 10.245, 9.905, 9.775, 9.698, 9.447, 16.3,978724.0,1247624.0,826465.53,61283.53,3336.40,29931.71,651.57,41578.53,364.87,473.77,35.70,353.34,22.32,5356.11,47.25,2435.09,28.19,2246.18,71.37,64.52,7.72,164.50,20.33,471.84,15.63,28394.99,168.85,0.00,131.52,0.00,16.07,37.78,2.87,103.29,3.11,18.52,1.33,0.00,5.66,112.01,1.49,225.15,2.16,11.38,0.95,139.68,1.78,0.00,31.23,0.00,53.87,0.00,451.57,0.00,311.83,0.00,514.95,95.66,10.17,0.00,54.97,0.00,26.10,15.16,1.45,21.70,4.05,0.00,150.95,0.00,70.14,305283.36,101624.99,5532.67,56554.85,1231.12,88950.40,780.58,1085.58,81.80,882.26,55.73,6451.99,56.92,3407.19,39.44,3747.74,119.08,115.18,13.78,240.43,29.71,677.96,22.46,40597.56,241.41,0.00,167.23,0.00,20.45,47.29,3.59,128.57,3.87,24.45,1.76,0.00,7.95,122.49,1.63,266.26,2.55,14.45,1.21,188.68,2.40,0.00,36.61,0.00,71.83,0.00,485.04,0.00,356.21,0.00,653.74,114.51,12.17,0.00,64.54,0.00,28.18,16.33,1.56,24.19,4.52,0.00,171.77,0.00,79.57
112.5,112.5,1,112.500,18/03/2026 02:58:50,24.601,,10.43, 11.15, 11.04,39.83, -1.31, 3.01,13.422, 9.836, 10.759, 9.610, 9.517, 9.273, 9.334, 9.447, 9.641, 9.942, 10.104, 10.258, 10.337, 10.487, 10.666, 10.810, 10.967, 11.118, 11.210, 11.266, 11.312, 11.319, 11.279, 11.267, 11.233, 11.171, 11.139, 11.106, 11.074, 11.049, 11.038, 10.982, 10.983, 10.942, 10.994, 10.965, 11.027, 11.026, 11.118, 11.146, 11.262, 11.318, 11.417, 11.532, 11.577, 11.714, 11.714, 11.763, 11.845, 11.786, 11.823, 11.871, 11.809, 11.852, 11.892, 11.862, 11.900, 11.993, 11.986, 11.998, 12.092, 12.141, 12.097, 12.167, 12.278, 12.312, 12.244, 12.291, 12.403, 12.460, 12.380, 12.331, 12.379, 12.409, 12.445, 12.373, 12.392, 12.461, 12.488, 12.428, 12.337, 12.331, 12.457, 12.564, 12.587, 12.536, 12.510, 12.575, 12.722, 12.868, 12.924, 12.882, 12.795, 12.785, 12.866, 12.998, 13.103, 13.100, 12.966, 12.804, 12.687, 12.673, 12.684, 12.571, 12.105, 11.287, 10.509, 10.093, 9.985, 9.946, 10.021, 10.173, 10.449, 10.770, 11.075, 11.325, 11.532, 11.706, 11.868, 12.026, 12.192, 12.372, 12.532, 12.671, 12.787, 12.884, 12.969, 13.037, 13.077, 13.108, 13.151, 13.187, 13.194, 13.204, 13.215, 13.223, 13.228, 13.237, 13.208, 13.168, 13.102, 13.043, 12.998, 12.945, 12.903, 12.886, 12.839, 12.825, 12.796, 12.726, 12.559, 12.207, 11.472, 10.141, 8.387, 7.046, 6.420, 6.229, 6.230, 6.371, 6.615, 6.886, 7.200, 7.517, 7.856, 8.197, 8.538, 8.869, 9.200, 9.524, 9.835, 10.153, 10.439, 10.704, 10.974, 11.185, 11.389, 11.568, 11.703, 11.852, 11.946, 12.042, 12.103, 12.178, 12.190, 12.156, 12.041, 11.961, 12.071, 12.187, 12.147, 12.165, 12.179, 12.146, 12.095, 11.975, 11.844, 11.624, 11.430, 11.217, 11.012, 10.952, 10.876, 10.782, 10.638, 10.461, 10.278, 10.121, 9.940, 9.725, 9.648, 9.437, 9.299, 9.144, 9.057, 8.993, 16.3,978440.0,1232499.0,854811.48,28987.11,3004.38,29802.65,659.03,43549.22,375.40,534.81,37.25,265.30,22.24,6073.49,50.88,2616.20,29.53,2457.76,74.27,26.51,7.38,205.40,21.31,515.65,16.51,29419.60,172.28,0.00,140.93,0.00,17.32,8.90,2.39,103.19,3.20,17.49,1.38,0.00,4.87,121.00,1.60,233.50,2.24,19.37,1.05,173.71,2.00,16.29,1.21,0.00,57.07,0.00,464.35,0.00,324.48,0.00,549.61,0.00,570.68,0.00,61.17,0.00,25.37,15.41,1.54,20.70,4.33,0.00,159.16,5.27,1.58,258557.43,48068.62,4982.09,56310.99,1245.21,93166.37,803.11,1225.45,85.35,662.43,55.53,7316.15,61.29,3660.60,41.32,4100.76,123.92,47.33,13.17,300.20,31.15,740.91,23.72,42062.49,246.32,0.00,179.19,0.00,22.04,11.14,2.99,128.44,3.98,23.09,1.82,0.00,6.84,132.33,1.75,276.14,2.65,24.60,1.33,234.64,2.70,19.10,1.42,0.00,76.10,0.00,498.76,0.00,370.66,0.00,697.74,0.00,683.16,0.00,71.82,0.00,27.39,16.60,1.66,23.08,4.83,0.00,181.11,5.98,1.79
113.0,113.0,1,113.000,18/03/2026 02:59:34,23.743,,10.54, 11.28, 11.28,40.04, -1.34, 2.69,14.262, 10.798, 10.781, 9.756, 9.991, 9.533, 9.653, 9.723, 9.868, 10.192, 10.340, 10.464, 10.549, 10.687, 10.872, 11.009, 11.157, 11.297, 11.359, 11.405, 11.415, 11.408, 11.384, 11.392, 11.344, 11.234, 11.216, 11.216, 11.132, 11.106, 11.141, 11.025, 11.082, 11.016, 11.048, 11.050, 11.046, 11.118, 11.121, 11.233, 11.290, 11.364, 11.506, 11.508, 11.722, 11.676, 11.808, 11.843, 11.803, 11.929, 11.844, 11.860, 11.954, 11.853, 11.877, 11.991, 11.928, 11.954, 12.097, 12.083, 12.069, 12.184, 12.218, 12.208, 12.263, 12.368, 12.355, 12.335, 12.384, 12.504, 12.519, 12.390, 12.347, 12.441, 12.514, 12.488, 12.453, 12.490, 12.548, 12.510, 12.449, 12.432, 12.543, 12.644, 12.669, 12.631, 12.597, 12.662, 12.843, 12.989, 13.036, 12.976, 12.896, 12.882, 12.991, 13.145, 13.241, 13.220, 13.073, 12.930, 12.872, 12.883, 12.908, 12.811, 12.364, 11.580, 10.844, 10.492, 10.452, 10.470, 10.544, 10.663, 10.864, 11.118, 11.373, 11.636, 11.858, 12.063, 12.240, 12.404, 12.542, 12.645, 12.736, 12.840, 12.964, 13.088, 13.215, 13.326, 13.413, 13.472, 13.469, 13.438, 13.386, 13.350, 13.326, 13.347, 13.389, 13.447, 13.510, 13.538, 13.514, 13.451, 13.355, 13.241, 13.141, 13.054, 12.998, 12.985, 12.985, 12.981, 12.895, 12.650, 12.056, 10.880, 9.278, 8.001, 7.326, 7.047, 6.950, 7.026, 7.211, 7.477, 7.817, 8.176, 8.563, 8.962, 9.361, 9.715, 10.047, 10.361, 10.633, 10.867, 11.082, 11.252, 11.408, 11.557, 11.687, 11.835, 11.965, 12.105, 12.254, 12.395, 12.546, 12.701, 12.800, 12.823, 12.733, 12.633, 12.757, 12.827, 12.744, 12.675, 12.624, 12.551, 12.412, 12.251, 12.059, 11.862, 11.650, 11.463, 11.378, 11.390, 11.442, 11.401, 11.429, 11.415, 11.335, 11.239, 11.009, 10.874, 10.792, 10.580, 10.415, 10.115, 10.077, 9.858, 16.3,971769.0,1255954.0,829062.96,53330.47,3292.62,28325.23,649.20,44933.93,387.17,375.44,35.41,169.79,21.67,6162.87,52.03,2855.92,30.85,2806.64,78.31,74.98,8.21,0.00,75.05,496.39,16.21,30616.33,182.64,0.00,137.50,0.00,17.21,22.83,2.70,79.92,2.91,16.91,1.26,2.34,0.54,119.17,1.59,263.78,2.44,21.33,1.06,163.90,1.97,7.13,1.15,0.00,55.22,0.00,458.20,0.00,320.81,0.00,536.88,53.07,10.68,10.21,3.35,0.00,30.87,7.31,1.39,21.18,4.26,0.00,156.23,0.00,76.73,301052.11,88436.63,5460.07,53519.46,1226.64,96128.72,828.29,860.27,81.14,423.95,54.11,7423.82,62.68,3996.02,43.17,4682.86,130.66,133.85,14.66,0.00,109.69,713.23,23.29,43773.51,261.13,0.00,174.83,0.00,21.90,28.58,3.38,99.48,3.62,22.33,1.66,3.29,0.76,130.32,1.74,311.95,2.89,27.09,1.35,221.39,2.66,8.36,1.35,0.00,73.63,0.00,492.16,0.00,366.47,0.00,681.58,63.53,12.79,11.99,3.93,0.00,33.33,7.87,1.50,23.61,4.75,0.00,177.77,0.00,87.05
113.5,113.5,1,113.500,18/03/2026 03:00:17,23.341,1157879.499,9.67, 10.35, 10.31,38.47, -1.33, 2.75,8.216, 8.670, 9.231, 8.603, 8.808, 8.641, 8.599, 8.697, 8.992, 9.315, 9.477, 9.586, 9.640, 9.806, 9.967, 10.093, 10.211, 10.347, 10.417, 10.462, 10.499, 10.502, 10.477, 10.434, 10.390, 10.344, 10.318, 10.270, 10.237, 10.222, 10.190, 10.159, 10.164, 10.116, 10.159, 10.132, 10.193, 10.193, 10.270, 10.305, 10.420, 10.454, 10.588, 10.642, 10.754, 10.831, 10.839, 10.936, 10.933, 10.949, 10.985, 10.955, 10.986, 11.004, 10.977, 11.030, 11.078, 11.063, 11.117, 11.187, 11.228, 11.214, 11.291, 11.354, 11.370, 11.393, 11.497, 11.540, 11.557, 11.577, 11.583, 11.612, 11.593, 11.555, 11.588, 11.636, 11.697, 11.670, 11.646, 11.608, 11.599, 11.677, 11.745, 11.764, 11.764, 11.760, 11.840, 11.926, 12.017, 12.107, 12.137, 12.120, 12.150, 12.163, 12.199, 12.292, 12.363, 12.352, 12.291, 12.218, 12.125, 12.091, 12.050, 11.893, 11.415, 10.676, 9.991, 9.668, 9.592, 9.545, 9.546, 9.633, 9.867, 10.196, 10.538, 10.831, 11.049, 11.214, 11.359, 11.485, 11.599, 11.745, 11.921, 12.107, 12.267, 12.374, 12.470, 12.542, 12.580, 12.580, 12.563, 12.560, 12.580, 12.622, 12.665, 12.695, 12.723, 12.741, 12.751, 12.709, 12.627, 12.515, 12.413, 12.336, 12.315, 12.308, 12.301, 12.310, 12.306, 12.270, 12.143, 11.839, 11.131, 9.850, 8.175, 6.894, 6.287, 6.070, 6.058, 6.195, 6.446, 6.729, 7.058, 7.394, 7.743, 8.077, 8.402, 8.707, 8.986, 9.266, 9.531, 9.795, 10.045, 10.282, 10.509, 10.719, 10.900, 11.081, 11.232, 11.382, 11.537, 11.641, 11.756, 11.830, 11.874, 11.821, 11.683, 11.560, 11.633, 11.730, 11.686, 11.673, 11.675, 11.651, 11.569, 11.446, 11.264, 11.085, 10.887, 10.676, 10.585, 10.563, 10.496, 10.465, 10.356, 10.192, 10.053, 9.918, 9.665, 9.519, 9.321, 9.182, 8.969, 8.777, 8.721, 8.542, 16.3,965247.0,1259798.0,824321.37,49256.29,3260.92,33035.59,687.80,47888.14,404.35,618.43,38.78,279.65,22.69,6484.81,54.08,2611.77,30.69,2865.40,79.47,55.90,8.03,232.93,22.40,379.69,15.05,31227.13,186.08,0.00,142.16,0.00,16.11,13.15,2.51,105.45,3.25,6.42,1.30,0.00,4.91,114.68,1.58,251.14,2.38,28.15,1.12,158.68,1.96,8.85,1.18,0.00,57.53,0.00,473.45,0.00,331.40,0.00,541.44,0.00,558.53,0.00,56.11,0.00,25.62,18.54,1.62,37.89,4.32,0.00,156.15,0.00,78.85,311444.90,81680.51,5407.50,62419.51,1299.57,102448.77,865.04,1417.05,88.86,698.26,56.65,7811.63,65.15,3654.40,42.94,4780.90,132.60,99.79,14.34,340.44,32.74,545.55,21.62,44646.80,266.05,0.00,180.75,0.00,20.50,16.46,3.14,131.26,4.05,8.48,1.72,0.00,6.90,125.41,1.73,297.00,2.81,35.75,1.42,214.34,2.65,10.37,1.38,0.00,76.71,0.00,508.54,0.00,378.57,0.00,687.37,0.00,668.62,0.00,65.88,0.00,27.66,19.97,1.75,42.24,4.82,0.00,177.68,0.00,89.45
114.0,114.0,1,114.000,18/03/2026 03:00:51,23.077,,9.42, 10.07, 10.10,37.97, -1.23, 2.51,10.878, 10.409, 9.933, 9.003, 8.614, 8.670, 8.600, 8.671, 8.822, 9.149, 9.278, 9.384, 9.427, 9.535, 9.704, 9.836, 9.947, 10.066, 10.126, 10.170, 10.210, 10.216, 10.175, 10.138, 10.105, 10.078, 10.022, 9.968, 9.983, 9.934, 9.906, 9.928, 9.857, 9.904, 9.870, 9.907, 9.913, 9.976, 9.996, 10.098, 10.130, 10.260, 10.285, 10.426, 10.481, 10.571, 10.628, 10.632, 10.710, 10.696, 10.688, 10.745, 10.721, 10.708, 10.768, 10.773, 10.772, 10.848, 10.894, 10.897, 10.977, 11.032, 11.036, 11.064, 11.155, 11.201, 11.257, 11.249, 11.393, 11.466, 11.381, 11.323, 11.358, 11.464, 11.415, 11.390, 11.435, 11.522, 11.545, 11.463, 11.362, 11.424, 11.589, 11.672, 11.635, 11.540, 11.557, 11.711, 11.899, 12.008, 11.987, 11.896, 11.865, 11.950, 12.083, 12.231, 12.252, 12.174, 12.049, 11.978, 11.962, 12.008, 12.011, 11.831, 11.298, 10.483, 9.769, 9.481, 9.495, 9.529, 9.579, 9.649, 9.810, 10.056, 10.333, 10.637, 10.915, 11.162, 11.354, 11.488, 11.572, 11.659, 11.744, 11.864, 12.005, 12.169, 12.333, 12.473, 12.540, 12.547, 12.516, 12.470, 12.429, 12.400, 12.409, 12.432, 12.502, 12.587, 12.633, 12.638, 12.579, 12.480, 12.376, 12.254, 12.172, 12.109, 12.044, 12.069, 12.078, 12.064, 11.986, 11.692, 11.037, 9.815, 8.180, 6.908, 6.282, 6.036, 5.959, 6.041, 6.252, 6.512, 6.838, 7.192, 7.573, 7.951, 8.320, 8.654, 8.967, 9.264, 9.542, 9.782, 9.999, 10.216, 10.382, 10.540, 10.699, 10.859, 11.002, 11.153, 11.305, 11.438, 11.551, 11.674, 11.727, 11.694, 11.587, 11.506, 11.608, 11.687, 11.634, 11.607, 11.599, 11.494, 11.397, 11.216, 11.061, 10.826, 10.651, 10.456, 10.320, 10.311, 10.283, 10.273, 10.206, 10.090, 9.994, 9.852, 9.705, 9.546, 9.419, 9.259, 9.099, 8.843, 8.784, 8.586, 16.3,963963.0,1250960.0,828742.98,52167.10,3331.39,29136.16,662.69,45883.78,396.37,544.40,38.04,358.60,23.37,6362.08,53.71,2477.32,29.55,2866.53,79.98,54.70,8.07,0.00,61.84,475.28,15.97,30108.64,181.93,0.00,139.51,0.00,16.11,36.72,2.99,76.51,2.93,17.98,1.29,0.00,5.55,120.42,1.63,272.56,2.52,16.42,1.04,165.05,2.00,3.50,1.15,0.00,56.00,0.00,474.43,0.00,324.00,48.85,10.12,0.00,590.06,25.69,3.76,0.00,31.95,6.83,1.39,18.48,4.27,0.00,158.13,13.43,1.72,302605.99,86507.44,5524.36,55051.69,1252.13,98160.77,847.97,1247.42,87.16,895.39,58.35,7663.79,64.70,3466.28,41.35,4782.79,133.45,97.65,14.41,0.00,90.38,682.90,22.95,43047.64,260.11,0.00,177.38,0.00,20.50,45.97,3.74,95.23,3.65,23.74,1.70,0.00,7.80,131.69,1.78,322.33,2.98,20.85,1.32,222.94,2.70,4.10,1.35,0.00,74.67,0.00,509.59,0.00,370.11,62.02,12.85,0.00,706.36,30.16,4.41,0.00,34.50,7.36,1.50,20.60,4.76,0.00,179.94,15.24,1.95
114.5,114.5,1,114.500,18/03/2026 03:01:35,23.610,,10.18, 10.85, 10.92,39.33, -1.06, 2.47,11.325, 10.124, 10.093, 9.639, 9.209, 9.241, 9.194, 9.316, 9.636, 9.885, 10.042, 10.145, 10.211, 10.299, 10.463, 10.579, 10.705, 10.806, 10.865, 10.908, 10.959, 11.019, 11.042, 10.985, 10.873, 10.855, 10.904, 10.765, 10.745, 10.838, 10.663, 10.757, 10.694, 10.654, 10.759, 10.623, 10.813, 10.676, 10.894, 10.822, 11.002, 11.037, 11.080, 11.321, 11.176, 11.519, 11.378, 11.452, 11.659, 11.397, 11.606, 11.673, 11.423, 11.668, 11.701, 11.469, 11.711, 11.861, 11.642, 11.717, 12.024, 11.898, 11.742, 12.042, 12.214, 12.001, 11.913, 12.191, 12.392, 12.241, 12.022, 12.196, 12.469, 12.396, 12.132, 12.114, 12.428, 12.599, 12.417, 12.105, 12.086, 12.382, 12.678, 12.642, 12.371, 12.225, 12.408, 12.777, 13.009, 12.957, 12.724, 12.600, 12.723, 13.000, 13.250, 13.295, 13.113, 12.888, 12.799, 12.854, 13.011, 13.124, 13.051, 12.729, 12.072, 11.259, 10.677, 10.587, 10.756, 10.804, 10.744, 10.637, 10.648, 10.833, 11.203, 11.684, 12.134, 12.475, 12.654, 12.653, 12.578, 12.504, 12.529, 12.700, 12.991, 13.313, 13.634, 13.855, 13.894, 13.789, 13.583, 13.387, 13.244, 13.211, 13.301, 13.504, 13.764, 14.006, 14.143, 14.156, 14.025, 13.773, 13.467, 13.219, 13.053, 12.970, 12.975, 13.096, 13.271, 13.415, 13.480, 13.269, 12.588, 11.277, 9.501, 8.042, 7.250, 6.863, 6.742, 6.835, 7.106, 7.502, 7.989, 8.503, 9.022, 9.489, 9.916, 10.235, 10.495, 10.676, 10.785, 10.889, 10.963, 11.058, 11.206, 11.351, 11.570, 11.810, 12.094, 12.399, 12.685, 12.965, 13.214, 13.415, 13.488, 13.440, 13.225, 13.014, 13.016, 12.948, 12.726, 12.555, 12.438, 12.337, 12.230, 12.123, 12.015, 11.940, 11.867, 11.869, 11.930, 12.032, 12.212, 12.316, 12.277, 12.208, 12.114, 11.845, 11.643, 11.302, 10.939, 10.712, 10.446, 9.976, 9.846, 9.609, 16.3,960729.0,1259290.0,820276.26,50036.66,3376.75,35714.94,726.00,48868.30,419.92,488.44,38.83,346.47,24.18,6425.99,55.38,2895.89,32.80,2963.51,82.73,79.72,8.68,76.27,21.05,522.26,17.21,30528.09,186.90,0.00,145.00,0.00,17.41,7.42,2.46,101.42,3.28,13.91,1.39,0.00,6.30,118.85,1.65,284.30,2.64,21.36,1.10,164.34,2.05,10.26,1.22,6.36,1.96,0.00,488.75,0.00,340.71,0.00,578.09,0.00,604.23,0.00,62.43,5.27,1.27,15.77,1.62,18.51,4.50,0.00,164.89,9.45,1.72,319319.18,82974.58,5599.58,67482.05,1371.75,104545.66,898.35,1119.19,88.97,865.10,60.38,7740.78,66.71,4051.95,45.89,4944.60,138.03,142.31,15.50,111.47,30.77,750.40,24.73,43647.35,267.22,0.00,184.37,0.00,22.16,9.29,3.08,126.24,4.08,18.37,1.84,0.00,8.85,129.97,1.80,336.21,3.12,27.13,1.40,221.99,2.77,12.03,1.43,8.48,2.61,0.00,524.97,0.00,389.20,0.00,733.90,0.00,723.32,0.00,73.30,5.69,1.37,16.99,1.75,20.64,5.02,0.00,187.63,10.72,1.95
115.0,115.0,1,115.000,18/03/2026 03:02:18,23.411,,11.58, 12.32, 12.65,41.72, -0.96, 1.92,16.210, 13.979, 13.061, 12.091, 11.714, 11.472, 11.119, 11.086, 11.178, 11.534, 11.582, 11.711, 11.787, 11.872, 12.005, 12.096, 12.178, 12.278, 12.332, 12.388, 12.446, 12.510, 12.527, 12.431, 12.255, 12.221, 12.399, 12.263, 12.043, 12.263, 12.205, 11.975, 12.245, 11.974, 12.144, 12.106, 12.075, 12.223, 12.119, 12.337, 12.273, 12.447, 12.489, 12.566, 12.748, 12.679, 12.898, 12.796, 12.906, 12.929, 12.852, 12.987, 12.926, 12.936, 13.005, 12.989, 13.049, 13.107, 13.114, 13.193, 13.252, 13.249, 13.313, 13.423, 13.404, 13.419, 13.572, 13.603, 13.596, 13.605, 13.736, 13.700, 13.641, 13.636, 13.748, 13.802, 13.759, 13.685, 13.682, 13.712, 13.704, 13.712, 13.769, 13.852, 13.910, 13.921, 13.931, 13.990, 14.111, 14.223, 14.268, 14.256, 14.240, 14.281, 14.368, 14.461, 14.497, 14.474, 14.409, 14.329, 14.284, 14.248, 14.189, 14.030, 13.633, 12.986, 12.409, 12.164, 12.124, 12.001, 11.900, 11.925, 12.149, 12.556, 13.022, 13.437, 13.690, 13.776, 13.763, 13.735, 13.787, 13.965, 14.254, 14.589, 14.906, 15.097, 15.165, 15.075, 14.937, 14.785, 14.738, 14.797, 14.973, 15.215, 15.432, 15.610, 15.671, 15.542, 15.366, 15.118, 14.918, 14.796, 14.777, 14.870, 15.044, 15.216, 15.211, 15.245, 15.191, 15.001, 14.697, 14.165, 13.303, 11.963, 10.301, 9.115, 8.686, 8.651, 8.821, 9.083, 9.375, 9.638, 9.836, 10.023, 10.182, 10.332, 10.496, 10.711, 10.999, 11.348, 11.778, 12.225, 12.707, 13.147, 13.548, 13.839, 14.081, 14.174, 14.183, 14.157, 14.087, 13.993, 13.883, 13.829, 13.809, 13.801, 13.746, 13.823, 14.153, 14.490, 14.688, 14.903, 15.102, 15.212, 15.205, 15.068, 14.819, 14.362, 13.923, 13.509, 13.168, 12.887, 12.733, 12.574, 12.467, 12.242, 12.223, 12.231, 12.401, 12.463, 12.574, 12.851, 12.818, 13.117, 13.148, 13.127, 16.3,975154.0,1244776.0,832976.68,47349.11,3241.35,28618.74,651.30,46620.53,396.12,552.69,37.77,356.58,23.07,6315.56,53.19,2822.44,30.96,2953.41,80.05,34.51,7.71,123.83,19.93,559.90,17.10,29919.22,178.69,0.00,139.61,0.00,13.79,19.05,2.59,100.62,3.19,10.82,1.40,0.00,3.67,104.93,1.52,266.35,2.46,23.38,1.07,174.35,2.03,12.29,1.20,0.00,56.93,0.00,465.97,0.00,327.83,0.00,543.25,0.00,588.20,0.00,62.22,0.00,32.32,19.94,1.66,42.88,4.29,0.00,156.11,22.22,1.81,295761.39,78517.88,5375.05,54074.04,1230.61,99736.93,847.43,1266.41,86.54,890.35,57.60,7607.75,64.07,3949.18,43.32,4927.75,133.56,61.61,13.76,180.98,29.13,804.49,24.57,42776.82,255.48,0.00,177.51,0.00,17.55,23.85,3.24,125.24,3.97,14.29,1.85,0.00,5.16,114.75,1.66,314.99,2.91,29.69,1.36,235.51,2.74,14.41,1.41,0.00,75.91,0.00,500.50,0.00,374.49,0.00,689.67,0.00,704.14,0.00,73.05,0.00,34.90,21.48,1.79,47.80,4.78,0.00,177.64,25.21,2.05
115.5,115.5,1,115.500,18/03/2026 03:03:10,22.745,,8.89, 9.48, 9.44,36.88, -1.01, 2.66,10.595, 8.706, 9.134, 8.700, 8.342, 8.130, 7.964, 8.190, 8.247, 8.543, 8.636, 8.777, 8.834, 8.900, 9.065, 9.170, 9.299, 9.426, 9.504, 9.547, 9.589, 9.612, 9.600, 9.579, 9.550, 9.531, 9.493, 9.465, 9.474, 9.434, 9.434, 9.441, 9.416, 9.445, 9.446, 9.473, 9.500, 9.555, 9.597, 9.682, 9.744, 9.827, 9.929, 10.000, 10.117, 10.170, 10.221, 10.289, 10.290, 10.347, 10.337, 10.351, 10.393, 10.367, 10.391, 10.455, 10.449, 10.501, 10.580, 10.593, 10.655, 10.722, 10.738, 10.773, 10.871, 10.889, 10.926, 10.917, 11.039, 11.038, 11.029, 11.021, 11.066, 11.032, 11.023, 11.088, 11.193, 11.178, 11.097, 11.064, 11.138, 11.258, 11.284, 11.242, 11.229, 11.304, 11.428, 11.498, 11.526, 11.549, 11.621, 11.723, 11.773, 11.757, 11.727, 11.770, 11.865, 11.979, 11.994, 11.908, 11.780, 11.666, 11.640, 11.579, 11.285, 10.658, 10.004, 9.639, 9.502, 9.436, 9.489, 9.660, 9.945, 10.265, 10.538, 10.752, 10.897, 11.026, 11.169, 11.334, 11.522, 11.692, 11.821, 11.923, 12.018, 12.077, 12.175, 12.267, 12.348, 12.413, 12.448, 12.455, 12.419, 12.390, 12.365, 12.376, 12.414, 12.486, 12.546, 12.577, 12.576, 12.505, 12.415, 12.288, 12.176, 12.109, 12.048, 12.045, 12.072, 12.097, 12.052, 11.837, 11.255, 10.039, 8.399, 7.114, 6.480, 6.215, 6.148, 6.243, 6.448, 6.738, 7.090, 7.462, 7.872, 8.257, 8.621, 8.948, 9.234, 9.486, 9.699, 9.898, 10.080, 10.271, 10.436, 10.621, 10.804, 10.990, 11.209, 11.423, 11.599, 11.745, 11.896, 11.984, 12.033, 11.983, 11.802, 11.645, 11.670, 11.693, 11.614, 11.546, 11.527, 11.489, 11.439, 11.370, 11.264, 11.152, 10.992, 10.862, 10.770, 10.742, 10.766, 10.662, 10.558, 10.489, 10.271, 10.003, 9.810, 9.643, 9.478, 9.303, 9.013, 8.835, 8.854, 8.883, 16.3,974501.0,1243698.0,827212.52,50879.48,3270.65,30235.44,664.14,48906.41,408.69,609.74,38.78,302.30,22.88,6104.45,52.04,3025.26,32.39,2513.70,76.20,35.90,7.75,0.00,72.68,538.05,16.85,28926.01,173.16,0.00,136.03,0.00,15.77,18.25,2.58,78.89,2.88,13.28,1.37,0.00,5.13,104.03,1.48,288.93,2.58,24.43,1.07,162.95,1.98,0.00,31.80,0.00,56.03,0.00,464.87,0.00,325.92,0.00,545.04,0.00,574.25,0.00,63.32,0.00,32.38,19.97,1.60,0.00,148.09,0.00,163.16,0.00,77.08,307121.23,84372.21,5423.64,57128.73,1254.87,104627.19,874.32,1397.14,88.86,754.81,57.13,7353.45,62.69,4232.96,45.32,4194.09,127.14,64.09,13.84,0.00,106.23,773.09,24.21,41356.78,247.57,0.00,172.96,0.00,20.07,22.84,3.23,98.20,3.58,17.53,1.81,0.00,7.21,113.77,1.62,341.69,3.05,31.02,1.36,220.11,2.67,0.00,37.28,0.00,74.71,0.00,499.32,0.00,372.31,0.00,691.94,0.00,687.44,0.00,74.34,0.00,34.96,21.51,1.72,0.00,165.10,0.00,185.66,0.00,87.44
116.0,116.0,1,116.000,18/03/2026 03:03:53,22.551,,8.63, 9.19, 9.15,36.36, -0.96, 2.66,9.961, 9.104, 9.199, 8.341, 7.893, 7.860, 7.801, 7.937, 8.013, 8.257, 8.383, 8.501, 8.580, 8.614, 8.800, 8.911, 9.017, 9.133, 9.214, 9.265, 9.302, 9.320, 9.306, 9.303, 9.274, 9.258, 9.235, 9.193, 9.188, 9.203, 9.186, 9.169, 9.207, 9.185, 9.217, 9.251, 9.252, 9.342, 9.340, 9.466, 9.492, 9.629, 9.668, 9.805, 9.862, 9.954, 10.001, 10.038, 10.096, 10.099, 10.106, 10.152, 10.139, 10.157, 10.197, 10.206, 10.228, 10.324, 10.339, 10.370, 10.471, 10.481, 10.484, 10.580, 10.672, 10.624, 10.716, 10.812, 10.850, 10.794, 10.806, 10.881, 10.906, 10.780, 10.787, 10.924, 11.023, 10.948, 10.842, 10.862, 10.976, 11.047, 11.006, 10.990, 11.063, 11.161, 11.212, 11.224, 11.261, 11.373, 11.495, 11.541, 11.509, 11.463, 11.491, 11.614, 11.744, 11.796, 11.740, 11.615, 11.515, 11.507, 11.544, 11.475, 11.119, 10.425, 9.765, 9.455, 9.413, 9.407, 9.458, 9.558, 9.761, 10.035, 10.311, 10.584, 10.810, 10.986, 11.122, 11.228, 11.302, 11.410, 11.527, 11.684, 11.859, 12.006, 12.132, 12.192, 12.210, 12.181, 12.156, 12.142, 12.138, 12.175, 12.245, 12.312, 12.364, 12.400, 12.403, 12.356, 12.276, 12.180, 12.106, 12.026, 12.011, 12.022, 12.028, 12.052, 12.072, 12.033, 11.912, 11.614, 10.985, 9.806, 8.185, 6.916, 6.330, 6.106, 6.098, 6.230, 6.450, 6.735, 7.059, 7.393, 7.722, 8.053, 8.379, 8.675, 8.972, 9.265, 9.528, 9.793, 10.038, 10.276, 10.477, 10.671, 10.838, 11.000, 11.120, 11.258, 11.368, 11.456, 11.556, 11.633, 11.687, 11.644, 11.531, 11.420, 11.546, 11.624, 11.563, 11.557, 11.560, 11.518, 11.403, 11.308, 11.136, 10.998, 10.804, 10.596, 10.478, 10.468, 10.443, 10.383, 10.272, 10.156, 10.058, 9.888, 9.786, 9.544, 9.371, 9.252, 9.176, 8.880, 8.871, 8.709, 16.3,981705.0,1262206.0,818740.01,61241.90,3378.96,29933.55,663.19,46623.36,399.47,571.34,38.35,394.85,23.52,5636.26,50.10,3013.06,31.94,2747.68,78.70,94.22,8.64,0.00,74.98,540.24,16.93,29701.03,179.50,0.00,136.51,0.00,16.69,7.35,2.38,87.73,3.03,17.28,1.38,0.00,5.40,102.47,1.48,287.02,2.59,13.87,1.00,180.48,2.08,6.62,1.15,0.00,57.17,0.00,468.60,0.00,329.26,43.47,10.21,0.00,578.95,0.00,65.05,0.00,34.41,16.20,1.55,0.00,147.38,0.00,163.06,0.00,78.27,320085.96,101555.96,5603.25,56558.32,1253.07,99742.98,854.60,1309.15,87.87,985.90,58.73,6789.46,60.35,4215.89,44.69,4584.49,131.31,168.20,15.42,0.00,109.59,776.24,24.33,42464.86,256.64,0.00,173.57,0.00,21.24,9.20,2.98,109.20,3.77,22.82,1.82,0.00,7.59,112.06,1.62,339.43,3.06,17.61,1.27,243.79,2.81,7.76,1.35,0.00,76.23,0.00,503.33,0.00,376.12,55.19,12.96,0.00,693.06,0.00,76.37,0.00,37.15,17.45,1.67,0.00,164.30,0.00,185.55,0.00,88.79
116.5,116.5,1,116.500,18/03/2026 03:04:36,23.147,,8.33, 8.86, 8.78,35.71, -0.85, 2.77,7.303, 7.084, 7.746, 7.500, 7.188, 7.243, 7.271, 7.481, 7.681, 7.971, 8.033, 8.180, 8.222, 8.306, 8.421, 8.528, 8.663, 8.774, 8.853, 8.918, 8.959, 8.989, 8.983, 8.991, 8.968, 8.928, 8.912, 8.922, 8.907, 8.876, 8.916, 8.906, 8.895, 8.951, 8.933, 8.990, 9.001, 9.065, 9.106, 9.187, 9.263, 9.367, 9.431, 9.564, 9.596, 9.740, 9.729, 9.823, 9.854, 9.836, 9.908, 9.882, 9.918, 9.961, 9.928, 9.998, 10.059, 10.045, 10.109, 10.201, 10.206, 10.221, 10.322, 10.373, 10.390, 10.423, 10.592, 10.579, 10.594, 10.637, 10.677, 10.680, 10.595, 10.603, 10.703, 10.734, 10.736, 10.717, 10.728, 10.755, 10.759, 10.774, 10.807, 10.871, 10.932, 10.958, 10.974, 11.019, 11.126, 11.252, 11.323, 11.334, 11.290, 11.290, 11.373, 11.499, 11.610, 11.605, 11.516, 11.408, 11.348, 11.357, 11.392, 11.309, 10.912, 10.194, 9.533, 9.238, 9.205, 9.227, 9.285, 9.381, 9.551, 9.798, 10.072, 10.358, 10.617, 10.842, 11.009, 11.121, 11.190, 11.258, 11.343, 11.470, 11.640, 11.829, 12.002, 12.117, 12.164, 12.144, 12.082, 12.008, 11.949, 11.955, 12.014, 12.110, 12.231, 12.338, 12.381, 12.369, 12.275, 12.145, 11.988, 11.840, 11.779, 11.754, 11.772, 11.852, 11.916, 11.959, 11.882, 11.600, 10.941, 9.671, 7.983, 6.681, 6.065, 5.829, 5.808, 5.960, 6.215, 6.536, 6.890, 7.262, 7.630, 7.969, 8.278, 8.535, 8.787, 9.013, 9.225, 9.462, 9.686, 9.931, 10.166, 10.403, 10.626, 10.846, 11.032, 11.215, 11.359, 11.451, 11.524, 11.572, 11.546, 11.441, 11.244, 11.102, 11.173, 11.249, 11.225, 11.221, 11.274, 11.317, 11.287, 11.204, 11.065, 10.941, 10.716, 10.572, 10.425, 10.355, 10.308, 10.153, 10.070, 9.897, 9.665, 9.520, 9.371, 9.181, 9.016, 8.900, 8.823, 8.691, 8.591, 8.742, 16.3,996539.0,1281773.0,824717.79,59633.68,3283.25,28392.76,635.50,44484.20,379.40,747.98,39.06,320.05,22.18,5257.66,46.76,3043.86,31.09,3195.00,81.00,64.99,8.14,70.79,18.97,542.86,16.55,28664.46,170.01,0.00,131.98,0.00,15.97,38.75,2.91,61.99,2.51,13.98,1.29,0.00,4.84,101.68,1.42,288.15,2.54,21.68,1.02,168.20,1.96,14.37,1.16,0.00,55.57,47.80,9.93,0.00,317.78,0.00,525.38,56.36,10.30,0.00,48.25,7.71,1.23,16.29,1.47,26.98,4.16,0.00,153.70,0.00,65.12,309163.75,98889.09,5444.53,53647.06,1200.75,95166.60,811.66,1713.90,89.50,799.13,55.38,6333.40,56.33,4258.99,43.50,5330.84,135.15,116.02,14.53,103.46,27.73,780.00,23.78,40982.83,243.07,0.00,167.81,0.00,20.32,48.51,3.64,77.16,3.12,18.46,1.70,0.00,6.80,111.20,1.55,340.77,3.00,27.53,1.30,227.20,2.65,16.84,1.36,0.00,74.10,51.34,10.67,0.00,363.01,0.00,666.98,67.47,12.33,0.00,56.65,8.32,1.33,17.55,1.58,30.08,4.64,0.00,174.90,0.00,73.87
117.0,117.0,1,117.000,18/03/2026 03:05:11,22.748,,9.82, 10.41, 10.69,38.57, -0.63, 1.82,13.213, 11.881, 12.254, 10.305, 10.179, 9.857, 9.575, 9.590, 9.546, 9.762, 9.797, 9.859, 9.858, 9.949, 10.054, 10.143, 10.254, 10.358, 10.416, 10.458, 10.510, 10.533, 10.542, 10.517, 10.470, 10.400, 10.401, 10.445, 10.423, 10.351, 10.433, 10.440, 10.338, 10.480, 10.402, 10.442, 10.523, 10.480, 10.659, 10.594, 10.815, 10.743, 10.985, 10.952, 11.119, 11.206, 11.148, 11.411, 11.179, 11.432, 11.347, 11.278, 11.530, 11.305, 11.396, 11.602, 11.367, 11.507, 11.717, 11.505, 11.623, 11.887, 11.720, 11.664, 11.963, 11.979, 11.853, 11.890, 12.296, 12.221, 11.870, 11.947, 12.224, 12.161, 11.843, 11.900, 12.292, 12.405, 12.067, 11.844, 12.060, 12.444, 12.451, 12.119, 11.949, 12.198, 12.590, 12.710, 12.486, 12.291, 12.416, 12.793, 13.012, 12.894, 12.597, 12.438, 12.642, 13.042, 13.288, 13.171, 12.789, 12.439, 12.342, 12.488, 12.465, 11.994, 11.259, 10.629, 10.260, 10.119, 10.326, 10.751, 11.245, 11.589, 11.705, 11.645, 11.586, 11.683, 11.975, 12.388, 12.755, 12.985, 13.024, 12.904, 12.742, 12.671, 12.771, 13.015, 13.340, 13.632, 13.769, 13.730, 13.526, 13.250, 13.003, 12.895, 12.952, 13.175, 13.452, 13.733, 13.893, 13.892, 13.691, 13.389, 13.042, 12.747, 12.565, 12.521, 12.608, 12.817, 12.991, 12.989, 12.584, 11.475, 9.815, 8.400, 7.577, 7.083, 6.834, 6.798, 6.972, 7.312, 7.808, 8.352, 8.957, 9.526, 10.022, 10.400, 10.651, 10.792, 10.857, 10.854, 10.840, 10.859, 10.930, 11.085, 11.311, 11.638, 11.991, 12.382, 12.750, 13.064, 13.318, 13.436, 13.500, 13.319, 13.042, 12.704, 12.533, 12.390, 12.167, 12.021, 11.945, 11.968, 11.989, 12.081, 12.110, 12.137, 12.171, 12.169, 12.256, 12.317, 12.324, 12.188, 12.055, 11.821, 11.456, 11.112, 10.690, 10.282, 9.937, 9.702, 9.543, 9.462, 9.303, 9.469, 16.3,993309.0,1274537.0,831793.90,52887.83,3209.23,30412.06,652.37,44299.41,378.49,729.88,39.23,371.83,22.76,4981.41,45.61,2950.70,30.81,2353.93,73.27,64.13,7.89,0.00,67.76,556.04,16.67,27798.23,164.56,0.00,131.46,0.00,17.63,36.05,2.88,93.69,3.00,22.35,1.27,0.00,5.75,96.74,1.40,294.57,2.57,24.28,1.03,161.08,1.93,8.11,1.13,0.00,54.61,0.00,458.69,0.00,321.72,34.77,9.69,0.00,562.17,0.00,56.16,4.09,1.15,5.47,1.31,19.43,4.23,0.00,157.81,0.00,76.67,298231.17,87702.61,5321.79,57462.45,1232.63,94771.27,809.72,1672.42,89.89,928.42,56.83,6000.63,54.94,4128.64,43.11,3927.52,122.25,114.48,14.09,0.00,99.04,798.94,23.95,39744.35,235.28,0.00,167.15,0.00,22.44,45.13,3.61,116.62,3.73,29.51,1.68,0.00,8.08,105.79,1.53,348.36,3.04,30.83,1.31,217.58,2.61,9.51,1.32,0.00,72.82,0.00,492.69,0.00,367.51,44.14,12.30,0.00,672.97,0.00,65.94,4.42,1.24,5.89,1.41,21.66,4.72,0.00,179.57,0.00,86.98
117.5,117.5,1,117.500,18/03/2026 03:05:54,22.480,,8.67, 9.22, 9.18,36.41, -0.82, 2.67,10.819, 8.934, 9.086, 8.588, 8.181, 8.143, 8.027, 8.024, 8.092, 8.297, 8.393, 8.500, 8.567, 8.611, 8.773, 8.893, 9.017, 9.148, 9.232, 9.288, 9.334, 9.338, 9.329, 9.333, 9.336, 9.321, 9.252, 9.246, 9.310, 9.256, 9.241, 9.320, 9.229, 9.303, 9.331, 9.293, 9.434, 9.365, 9.537, 9.488, 9.704, 9.663, 9.875, 9.875, 10.025, 10.107, 10.087, 10.276, 10.154, 10.295, 10.284, 10.224, 10.387, 10.288, 10.292, 10.459, 10.379, 10.415, 10.580, 10.544, 10.563, 10.705, 10.736, 10.701, 10.813, 10.917, 10.880, 10.901, 11.040, 11.119, 10.995, 10.944, 11.067, 11.109, 11.022, 10.999, 11.135, 11.247, 11.174, 11.060, 11.068, 11.232, 11.359, 11.329, 11.234, 11.234, 11.375, 11.544, 11.636, 11.611, 11.592, 11.649, 11.735, 11.810, 11.832, 11.845, 11.880, 11.931, 11.973, 11.981, 11.929, 11.847, 11.761, 11.653, 11.351, 10.781, 10.207, 9.911, 9.813, 9.715, 9.710, 9.819, 10.078, 10.425, 10.741, 11.005, 11.163, 11.261, 11.345, 11.446, 11.575, 11.735, 11.893, 12.062, 12.182, 12.264, 12.340, 12.381, 12.412, 12.431, 12.438, 12.456, 12.471, 12.486, 12.516, 12.556, 12.592, 12.624, 12.626, 12.624, 12.578, 12.525, 12.434, 12.350, 12.336, 12.297, 12.265, 12.294, 12.300, 12.293, 12.208, 11.953, 11.360, 10.175, 8.543, 7.262, 6.650, 6.442, 6.445, 6.587, 6.825, 7.112, 7.437, 7.775, 8.137, 8.458, 8.773, 9.063, 9.334, 9.609, 9.849, 10.095, 10.325, 10.556, 10.777, 10.988, 11.183, 11.364, 11.525, 11.689, 11.820, 11.901, 11.961, 12.029, 12.034, 11.947, 11.784, 11.652, 11.713, 11.836, 11.786, 11.801, 11.852, 11.873, 11.840, 11.795, 11.682, 11.461, 11.311, 11.100, 10.961, 10.955, 10.873, 10.760, 10.661, 10.474, 10.282, 10.136, 9.943, 9.737, 9.673, 9.480, 9.427, 9.371, 9.251, 9.309, 16.3,982345.0,1284205.0,846676.25,41500.34,3107.30,27025.23,625.06,43057.00,372.08,505.67,36.45,304.30,22.31,4574.11,43.44,2611.88,28.80,2557.07,75.00,54.57,7.77,273.27,22.51,418.36,15.28,29606.71,173.98,0.00,134.80,0.00,14.93,25.59,2.70,98.00,3.10,21.17,1.42,0.00,5.26,106.01,1.47,242.21,2.29,21.98,1.04,133.07,1.79,0.00,31.45,0.00,54.68,0.00,460.02,0.00,320.33,46.81,9.82,99.66,10.74,0.00,56.28,0.00,30.05,17.49,1.53,23.21,4.22,0.00,154.01,0.00,67.99,271788.39,68819.01,5152.76,51063.16,1181.03,92113.34,796.00,1158.67,83.52,759.81,55.71,5509.99,52.33,3654.56,40.30,4266.46,125.14,97.42,13.87,399.40,32.90,601.12,21.95,42330.01,248.75,0.00,171.40,0.00,19.00,32.03,3.38,121.98,3.86,27.95,1.87,0.00,7.39,115.93,1.61,286.44,2.71,27.91,1.32,179.75,2.42,0.00,36.87,0.00,72.91,0.00,494.11,0.00,365.92,59.43,12.47,119.30,12.86,0.00,66.08,0.00,32.45,18.84,1.65,25.88,4.70,0.00,175.25,0.00,77.13
118.0,118.0,1,118.000,18/03/2026 03:06:37,22.221,,8.55, 9.10, 9.04,36.17, -0.86, 2.70,10.102, 8.794, 9.154, 8.530, 7.712, 7.820, 7.747, 7.900, 7.923, 8.180, 8.279, 8.416, 8.420, 8.474, 8.627, 8.765, 8.895, 9.014, 9.095, 9.174, 9.241, 9.267, 9.225, 9.138, 9.096, 9.173, 9.251, 9.117, 9.055, 9.234, 9.172, 9.061, 9.277, 9.100, 9.226, 9.261, 9.205, 9.432, 9.274, 9.588, 9.428, 9.754, 9.634, 9.892, 9.908, 9.967, 10.176, 9.964, 10.308, 10.097, 10.162, 10.373, 10.079, 10.331, 10.375, 10.140, 10.446, 10.485, 10.266, 10.562, 10.698, 10.444, 10.596, 10.892, 10.753, 10.627, 10.933, 11.105, 10.821, 10.769, 11.086, 11.181, 10.860, 10.723, 11.013, 11.263, 11.097, 10.851, 10.964, 11.252, 11.308, 11.085, 10.951, 11.155, 11.461, 11.515, 11.323, 11.155, 11.316, 11.698, 11.935, 11.835, 11.540, 11.397, 11.576, 11.960, 12.204, 12.151, 11.852, 11.574, 11.549, 11.786, 12.044, 12.042, 11.576, 10.692, 9.903, 9.637, 9.800, 10.027, 10.200, 10.246, 10.240, 10.265, 10.397, 10.708, 11.120, 11.516, 11.775, 11.869, 11.807, 11.672, 11.583, 11.640, 11.867, 12.195, 12.551, 12.770, 12.833, 12.719, 12.517, 12.280, 12.115, 12.105, 12.236, 12.503, 12.786, 13.001, 13.063, 13.033, 12.843, 12.567, 12.276, 12.062, 11.970, 12.027, 12.172, 12.399, 12.611, 12.730, 12.701, 12.418, 11.721, 10.426, 8.650, 7.221, 6.526, 6.285, 6.358, 6.641, 7.053, 7.528, 7.971, 8.390, 8.748, 9.013, 9.211, 9.352, 9.453, 9.557, 9.676, 9.857, 10.112, 10.423, 10.779, 11.143, 11.483, 11.804, 12.038, 12.224, 12.323, 12.375, 12.342, 12.259, 12.125, 11.907, 11.643, 11.422, 11.477, 11.572, 11.614, 11.759, 11.946, 12.092, 12.222, 12.280, 12.273, 12.121, 11.911, 11.725, 11.533, 11.362, 11.247, 11.028, 10.816, 10.565, 10.301, 10.125, 9.879, 9.775, 9.701, 9.572, 9.573, 9.615, 9.705, 9.970, 16.3,957555.0,1212263.0,842427.44,60577.24,3479.66,26324.96,641.97,35754.77,345.80,656.03,39.52,433.41,24.36,3754.19,40.97,1569.23,24.28,2098.90,72.24,88.50,8.31,161.00,21.64,318.97,14.06,25117.12,157.38,0.00,128.76,0.00,16.15,17.67,2.54,97.18,3.07,15.09,1.18,0.00,5.65,99.11,1.44,253.73,2.39,19.78,1.01,153.21,1.91,0.00,32.72,0.00,58.71,0.00,467.29,0.00,328.21,30.00,10.00,0.00,579.31,0.00,54.57,0.00,28.85,5.20,1.31,27.27,4.26,0.00,160.52,0.00,78.00,277130.87,100453.77,5770.24,49740.03,1212.98,76491.43,739.78,1503.20,90.55,1082.18,60.82,4522.31,49.35,2195.68,33.97,3502.00,120.53,157.99,14.83,235.31,31.63,458.31,20.20,35911.05,225.01,0.00,163.72,0.00,20.55,22.12,3.18,120.96,3.82,19.92,1.56,0.00,7.94,108.39,1.57,300.06,2.83,25.12,1.28,206.95,2.58,0.00,38.35,0.00,78.29,0.00,501.92,0.00,374.92,38.09,12.70,0.00,693.49,0.00,64.07,0.00,31.15,5.60,1.41,30.40,4.75,0.00,182.66,0.00,88.49
118.5,118.5,1,118.500,18/03/2026 03:07:12,22.814,1157879.498,8.48, 9.03, 9.05,36.04, -0.86, 2.44,7.927, 7.735, 8.532, 8.168, 7.983, 7.862, 7.898, 7.873, 8.016, 8.203, 8.307, 8.377, 8.433, 8.445, 8.597, 8.721, 8.855, 8.985, 9.059, 9.121, 9.154, 9.162, 9.121, 9.060, 9.050, 9.089, 9.119, 9.035, 8.983, 9.074, 9.079, 8.997, 9.078, 9.087, 9.049, 9.180, 9.105, 9.254, 9.224, 9.363, 9.386, 9.525, 9.538, 9.719, 9.681, 9.923, 9.783, 10.026, 9.926, 9.964, 10.087, 9.907, 10.129, 10.067, 9.959, 10.231, 10.109, 10.072, 10.350, 10.268, 10.196, 10.452, 10.479, 10.318, 10.502, 10.660, 10.614, 10.485, 10.803, 10.871, 10.629, 10.507, 10.782, 10.855, 10.635, 10.541, 10.835, 11.059, 10.867, 10.582, 10.658, 11.028, 11.184, 10.976, 10.713, 10.812, 11.162, 11.410, 11.318, 11.095, 11.049, 11.306, 11.613, 11.659, 11.456, 11.257, 11.294, 11.576, 11.857, 11.898, 11.675, 11.359, 11.176, 11.194, 11.190, 10.901, 10.392, 9.939, 9.600, 9.387, 9.433, 9.746, 10.208, 10.623, 10.841, 10.863, 10.787, 10.749, 10.855, 11.128, 11.453, 11.731, 11.884, 11.893, 11.826, 11.732, 11.720, 11.807, 11.985, 12.209, 12.349, 12.413, 12.346, 12.221, 12.063, 11.962, 11.957, 12.022, 12.164, 12.349, 12.459, 12.493, 12.418, 12.258, 12.053, 11.854, 11.750, 11.675, 11.689, 11.771, 11.852, 11.810, 11.449, 10.501, 9.036, 7.782, 7.065, 6.671, 6.457, 6.429, 6.560, 6.828, 7.227, 7.705, 8.213, 8.704, 9.157, 9.530, 9.783, 9.985, 10.106, 10.173, 10.211, 10.259, 10.322, 10.466, 10.621, 10.852, 11.107, 11.418, 11.700, 11.933, 12.131, 12.272, 12.322, 12.199, 12.008, 11.758, 11.680, 11.604, 11.406, 11.300, 11.274, 11.253, 11.227, 11.242, 11.237, 11.241, 11.208, 11.167, 11.203, 11.234, 11.327, 11.213, 11.151, 10.992, 10.803, 10.468, 10.251, 9.941, 9.710, 9.396, 9.113, 9.018, 9.050, 9.022, 16.3,920276.0,1171268.0,852059.56,38070.70,3412.42,28519.51,687.82,43222.17,400.88,559.37,41.30,414.64,26.10,4345.82,46.17,2551.86,31.27,2163.55,76.40,102.17,8.82,0.00,77.30,453.74,16.48,26671.60,170.51,0.00,141.61,0.00,17.32,31.40,3.00,77.10,3.01,21.34,1.44,0.00,5.97,104.87,1.56,290.64,2.73,25.16,1.12,198.91,2.27,16.49,1.27,0.00,61.11,0.00,506.65,37.34,7.42,0.00,596.07,0.00,633.97,14.54,3.66,0.00,36.93,12.22,1.52,35.32,4.45,0.00,166.60,0.00,82.02,264239.42,63131.72,5658.73,53886.55,1299.61,92466.70,857.62,1281.72,94.63,1035.32,65.17,5234.99,55.62,3570.58,43.75,3609.87,127.47,182.39,15.75,0.00,112.98,651.95,23.68,38133.56,243.79,0.00,180.05,0.00,22.04,39.31,3.76,95.97,3.75,28.18,1.90,0.00,8.39,114.69,1.71,343.71,3.23,31.95,1.42,268.68,3.07,19.33,1.49,0.00,81.49,0.00,544.20,42.65,8.48,0.00,756.72,0.00,758.93,17.07,4.30,0.00,39.88,13.16,1.64,39.38,4.96,0.00,189.57,0.00,93.05
119.0,119.0,1,119.000,18/03/2026 03:07:55,22.419,,7.73, 8.23, 8.16,34.45, -0.79, 2.65,10.271, 7.686, 7.726, 6.960, 7.303, 7.002, 7.091, 7.012, 7.118, 7.392, 7.489, 7.575, 7.635, 7.733, 7.811, 7.922, 8.048, 8.162, 8.221, 8.284, 8.304, 8.316, 8.337, 8.374, 8.339, 8.263, 8.289, 8.315, 8.228, 8.279, 8.302, 8.228, 8.340, 8.237, 8.362, 8.304, 8.417, 8.400, 8.525, 8.515, 8.708, 8.646, 8.887, 8.840, 9.024, 9.098, 9.054, 9.272, 9.164, 9.219, 9.331, 9.199, 9.284, 9.379, 9.248, 9.340, 9.491, 9.391, 9.425, 9.626, 9.630, 9.542, 9.681, 9.832, 9.792, 9.723, 9.892, 10.030, 9.939, 9.904, 9.959, 10.108, 10.064, 9.914, 9.929, 10.096, 10.250, 10.164, 10.002, 9.983, 10.146, 10.325, 10.333, 10.229, 10.176, 10.283, 10.484, 10.606, 10.599, 10.535, 10.531, 10.636, 10.791, 10.889, 10.884, 10.833, 10.807, 10.862, 10.952, 11.028, 11.026, 10.951, 10.815, 10.661, 10.375, 9.940, 9.554, 9.397, 9.350, 9.209, 9.098, 9.082, 9.263, 9.606, 10.011, 10.367, 10.587, 10.667, 10.648, 10.604, 10.589, 10.688, 10.877, 11.136, 11.391, 11.588, 11.700, 11.681, 11.594, 11.481, 11.386, 11.346, 11.379, 11.507, 11.664, 11.825, 11.962, 12.013, 11.957, 11.859, 11.710, 11.532, 11.394, 11.322, 11.319, 11.397, 11.487, 11.604, 11.703, 11.722, 11.636, 11.363, 10.767, 9.608, 8.029, 6.759, 6.155, 5.944, 5.980, 6.161, 6.454, 6.803, 7.154, 7.528, 7.883, 8.177, 8.444, 8.671, 8.873, 9.043, 9.222, 9.389, 9.599, 9.802, 10.016, 10.242, 10.469, 10.704, 10.899, 11.090, 11.236, 11.371, 11.427, 11.469, 11.485, 11.373, 11.183, 10.998, 11.027, 11.052, 10.992, 10.967, 10.992, 11.012, 10.998, 10.940, 10.920, 10.795, 10.667, 10.598, 10.494, 10.542, 10.576, 10.534, 10.508, 10.344, 10.103, 10.031, 9.761, 9.522, 9.278, 9.243, 8.946, 8.865, 8.698, 8.740, 16.3,909676.0,1147646.0,830871.12,53318.04,3503.42,30217.87,697.34,44948.81,408.73,492.39,40.09,291.62,24.87,4885.35,48.77,2857.31,32.93,2185.62,76.23,65.11,8.40,74.11,21.62,371.71,15.51,28722.68,181.95,0.00,139.74,0.00,16.01,18.59,2.72,69.86,2.86,20.23,1.39,0.00,6.42,92.48,1.46,281.47,2.67,22.65,1.09,183.31,2.18,0.00,33.32,0.00,60.55,0.00,490.90,0.00,343.74,0.00,587.30,0.00,614.09,0.00,63.26,0.00,32.27,9.71,1.50,0.00,155.92,0.00,171.22,0.00,81.65,299740.56,88416.01,5809.64,57095.54,1317.60,96160.56,874.41,1128.25,91.86,728.15,62.10,5884.91,58.75,3997.97,46.08,3646.69,127.19,116.23,15.00,108.32,31.60,534.09,22.29,41066.07,260.14,0.00,177.68,0.00,20.37,23.27,3.40,86.96,3.56,26.71,1.84,0.00,9.02,101.14,1.60,332.87,3.16,28.76,1.38,247.61,2.94,0.00,39.06,0.00,80.74,0.00,527.28,0.00,392.66,0.00,745.59,0.00,735.13,0.00,74.27,0.00,34.84,10.46,1.62,0.00,173.83,0.00,194.83,0.00,92.63
119.5,119.5,1,119.500,18/03/2026 03:08:38,22.021,,7.11, 7.56, 7.41,33.05, -0.79, 2.93,7.579, 7.083, 6.964, 6.375, 6.423, 6.171, 6.372, 6.346, 6.483, 6.672, 6.748, 6.898, 6.950, 7.007, 7.170, 7.231, 7.336, 7.471, 7.537, 7.604, 7.652, 7.681, 7.684, 7.682, 7.659, 7.646, 7.638, 7.630, 7.638, 7.640, 7.641, 7.656, 7.650, 7.670, 7.705, 7.724, 7.773, 7.821, 7.873, 7.950, 8.023, 8.115, 8.197, 8.284, 8.368, 8.452, 8.496, 8.555, 8.594, 8.613, 8.634, 8.646, 8.664, 8.690, 8.695, 8.740, 8.779, 8.810, 8.860, 8.928, 8.977, 9.013, 9.062, 9.133, 9.173, 9.208, 9.270, 9.298, 9.354, 9.377, 9.370, 9.353, 9.348, 9.385, 9.397, 9.431, 9.469, 9.482, 9.481, 9.472, 9.484, 9.540, 9.623, 9.662, 9.669, 9.659, 9.708, 9.808, 9.914, 10.010, 10.026, 10.034, 10.046, 10.094, 10.165, 10.245, 10.308, 10.312, 10.306, 10.267, 10.252, 10.247, 10.233, 10.150, 9.861, 9.332, 8.821, 8.584, 8.530, 8.493, 8.502, 8.582, 8.780, 9.052, 9.327, 9.573, 9.740, 9.842, 9.920, 9.997, 10.088, 10.207, 10.365, 10.513, 10.635, 10.741, 10.798, 10.835, 10.834, 10.850, 10.858, 10.880, 10.912, 10.956, 10.997, 11.031, 11.057, 11.057, 11.044, 11.019, 10.979, 10.941, 10.896, 10.883, 10.861, 10.855, 10.844, 10.843, 10.821, 10.778, 10.662, 10.427, 9.916, 8.882, 7.458, 6.295, 5.757, 5.569, 5.545, 5.661, 5.864, 6.105, 6.373, 6.672, 6.971, 7.285, 7.588, 7.886, 8.155, 8.439, 8.699, 8.951, 9.176, 9.375, 9.565, 9.725, 9.846, 9.982, 10.057, 10.181, 10.260, 10.339, 10.402, 10.498, 10.554, 10.524, 10.435, 10.363, 10.460, 10.562, 10.532, 10.521, 10.527, 10.489, 10.408, 10.290, 10.133, 9.976, 9.760, 9.565, 9.456, 9.411, 9.446, 9.374, 9.349, 9.312, 9.157, 9.022, 8.956, 8.750, 8.617, 8.576, 8.456, 8.239, 8.221, 8.126, 16.3,900037.0,1115365.0,829935.15,59373.08,3647.96,28724.11,690.01,42928.44,402.27,544.92,41.20,311.62,25.41,4399.54,46.72,2847.44,32.67,2127.54,76.02,63.42,8.42,0.00,79.29,552.83,17.93,27434.01,177.70,0.00,141.56,0.00,15.12,10.87,2.53,84.95,3.03,31.68,1.46,6.53,0.67,92.68,1.48,293.24,2.76,25.26,1.11,191.41,2.24,11.06,1.24,0.00,62.32,0.00,496.89,0.00,345.22,0.00,593.31,0.00,610.63,0.00,48.81,0.00,32.62,0.00,44.51,0.00,157.59,0.00,174.11,10.25,1.73,300493.59,98456.94,6049.32,54273.13,1303.75,91838.31,860.59,1248.61,94.40,778.09,63.45,5299.71,56.28,3984.16,45.71,3549.79,126.84,113.22,15.03,0.00,115.89,794.33,25.76,39223.61,254.07,0.00,179.99,0.00,19.24,13.61,3.17,105.74,3.77,41.83,1.93,9.18,0.94,101.35,1.62,346.79,3.26,32.08,1.41,258.55,3.03,12.96,1.45,0.00,83.10,0.00,533.72,0.00,394.36,0.00,753.22,0.00,730.99,0.00,57.31,0.00,35.22,0.00,47.95,0.00,175.69,0.00,198.12,11.63,1.96
120.0,120.0,1,120.000,18/03/2026 03:09:21,20.700,,6.86, 7.29, 7.15,32.46, -0.75, 2.87,7.749, 7.022, 6.847, 6.435, 6.359, 6.149, 6.184, 6.178, 6.235, 6.455, 6.535, 6.653, 6.690, 6.767, 6.907, 6.972, 7.077, 7.208, 7.277, 7.326, 7.375, 7.396, 7.398, 7.405, 7.389, 7.380, 7.380, 7.356, 7.361, 7.370, 7.377, 7.391, 7.405, 7.410, 7.446, 7.471, 7.519, 7.565, 7.614, 7.688, 7.766, 7.847, 7.935, 8.021, 8.114, 8.181, 8.235, 8.284, 8.317, 8.344, 8.353, 8.382, 8.403, 8.398, 8.432, 8.475, 8.503, 8.552, 8.601, 8.641, 8.712, 8.745, 8.779, 8.851, 8.894, 8.914, 8.980, 9.016, 9.046, 9.042, 9.088, 9.094, 9.084, 9.081, 9.109, 9.155, 9.186, 9.218, 9.190, 9.185, 9.202, 9.290, 9.344, 9.370, 9.365, 9.394, 9.453, 9.547, 9.632, 9.689, 9.727, 9.743, 9.769, 9.809, 9.865, 9.943, 9.996, 10.024, 10.014, 9.989, 9.958, 9.941, 9.931, 9.842, 9.557, 9.030, 8.539, 8.305, 8.258, 8.209, 8.219, 8.293, 8.488, 8.764, 9.044, 9.289, 9.451, 9.564, 9.640, 9.710, 9.799, 9.927, 10.058, 10.208, 10.344, 10.447, 10.520, 10.552, 10.563, 10.559, 10.557, 10.565, 10.602, 10.636, 10.690, 10.731, 10.767, 10.778, 10.755, 10.738, 10.693, 10.633, 10.584, 10.556, 10.530, 10.538, 10.560, 10.559, 10.549, 10.511, 10.412, 10.180, 9.663, 8.637, 7.230, 6.107, 5.572, 5.390, 5.366, 5.477, 5.660, 5.905, 6.169, 6.457, 6.761, 7.055, 7.349, 7.640, 7.916, 8.173, 8.422, 8.651, 8.881, 9.082, 9.271, 9.415, 9.537, 9.674, 9.773, 9.886, 9.972, 10.061, 10.139, 10.211, 10.258, 10.223, 10.134, 10.044, 10.187, 10.261, 10.195, 10.193, 10.208, 10.173, 10.083, 9.986, 9.834, 9.601, 9.452, 9.286, 9.139, 9.143, 9.148, 9.148, 9.092, 8.949, 8.887, 8.810, 8.711, 8.537, 8.377, 8.217, 8.234, 7.989, 7.759, 7.786, 16.4,871703.0,1070100.0,847348.71,43320.39,3533.08,28323.15,692.08,43774.35,408.49,600.34,42.41,84.85,24.29,4129.94,45.63,2570.56,31.24,2095.22,76.08,93.73,8.79,0.00,78.59,504.38,17.32,26342.27,170.89,0.00,139.63,0.00,16.01,22.05,2.80,85.02,3.12,27.54,1.45,0.00,4.65,87.72,1.44,278.81,2.67,20.03,1.07,180.20,2.18,10.24,1.23,0.00,61.89,0.00,501.20,0.00,354.83,0.00,588.56,63.35,11.32,0.00,67.87,0.00,36.45,4.90,1.40,32.24,4.56,0.00,169.86,0.00,84.27,272203.77,71837.15,5858.82,53515.53,1307.66,93647.99,873.90,1375.60,97.18,211.86,60.65,4974.94,54.97,3596.74,43.71,3495.86,126.94,167.33,15.69,0.00,114.86,724.71,24.89,37662.70,244.33,0.00,177.54,0.00,20.37,27.60,3.50,105.83,3.88,36.36,1.91,0.00,6.53,95.93,1.57,329.72,3.16,25.44,1.36,243.41,2.94,12.00,1.44,0.00,82.53,0.00,538.35,0.00,405.33,0.00,747.19,75.84,13.55,0.00,79.68,0.00,39.36,5.28,1.51,35.94,5.08,0.00,193.28,0.00,95.60
120.5,120.5,1,120.500,18/03/2026 03:10:13,19.969,,7.82, 8.29, 8.37,34.58, -0.52, 2.17,8.459, 8.462, 9.211, 8.080, 7.973, 7.537, 7.420, 7.422, 7.441, 7.594, 7.666, 7.733, 7.782, 7.819, 7.895, 7.975, 8.076, 8.202, 8.274, 8.333, 8.371, 8.406, 8.404, 8.401, 8.370, 8.333, 8.359, 8.391, 8.357, 8.306, 8.374, 8.405, 8.316, 8.433, 8.425, 8.407, 8.563, 8.458, 8.685, 8.580, 8.837, 8.735, 9.021, 8.887, 9.217, 9.058, 9.313, 9.242, 9.286, 9.448, 9.215, 9.517, 9.369, 9.335, 9.602, 9.347, 9.497, 9.717, 9.469, 9.635, 9.895, 9.635, 9.698, 10.040, 9.925, 9.730, 9.989, 10.174, 9.897, 9.855, 10.230, 10.303, 9.901, 9.875, 10.268, 10.360, 10.065, 9.911, 10.187, 10.432, 10.267, 10.007, 10.092, 10.494, 10.681, 10.450, 10.168, 10.259, 10.711, 11.038, 10.919, 10.570, 10.409, 10.654, 11.084, 11.310, 11.154, 10.803, 10.613, 10.750, 11.054, 11.241, 11.151, 10.782, 10.240, 9.719, 9.493, 9.611, 9.743, 9.588, 9.289, 9.049, 9.144, 9.572, 10.175, 10.711, 10.967, 10.896, 10.647, 10.430, 10.405, 10.643, 11.064, 11.515, 11.850, 11.944, 11.785, 11.522, 11.273, 11.148, 11.255, 11.534, 11.852, 12.131, 12.263, 12.244, 12.043, 11.761, 11.495, 11.360, 11.368, 11.520, 11.793, 12.054, 12.222, 12.279, 12.081, 11.847, 11.544, 11.256, 10.974, 10.710, 10.317, 9.549, 8.458, 7.652, 7.364, 7.257, 7.171, 7.094, 7.005, 6.942, 6.954, 7.050, 7.288, 7.653, 8.127, 8.662, 9.223, 9.736, 10.170, 10.453, 10.677, 10.747, 10.691, 10.578, 10.457, 10.340, 10.294, 10.313, 10.450, 10.672, 10.968, 11.312, 11.647, 11.858, 11.964, 12.047, 12.166, 12.167, 11.988, 11.762, 11.509, 11.236, 10.900, 10.625, 10.351, 10.109, 9.951, 9.930, 10.067, 10.303, 10.563, 10.819, 11.072, 11.131, 11.200, 11.200, 11.024, 10.857, 10.521, 10.078, 9.719, 9.338, 8.887, 8.642, 16.4,848903.0,1023990.0,829933.62,58323.22,3790.81,28490.32,712.24,44483.40,424.33,394.13,41.19,95.28,25.35,4650.71,49.91,2824.97,34.07,2337.33,80.88,119.77,9.50,0.00,79.54,388.67,16.14,27245.14,182.64,0.00,145.13,0.00,15.93,0.00,12.40,83.53,3.10,29.14,1.47,0.00,5.68,92.71,1.52,273.18,2.72,15.88,1.07,177.61,2.22,6.64,1.23,0.00,62.28,0.00,518.37,0.00,357.90,0.00,604.20,0.00,646.24,0.00,53.13,0.00,29.52,0.00,44.54,34.75,4.65,0.00,172.85,0.00,86.39,300907.41,96715.98,6286.21,53831.40,1345.75,95164.89,907.78,903.10,94.38,237.90,63.30,5602.27,60.12,3952.72,47.67,3899.82,134.95,213.81,16.96,0.00,116.25,558.46,23.19,38953.57,261.13,0.00,184.53,0.00,20.27,0.00,15.52,103.97,3.86,38.47,1.94,0.00,7.98,101.39,1.66,323.06,3.22,20.17,1.36,239.91,3.00,7.78,1.44,0.00,83.05,0.00,556.79,0.00,408.84,0.00,767.04,0.00,773.61,0.00,62.38,0.00,31.87,0.00,47.98,38.74,5.18,0.00,196.69,0.00,98.00
121.0,121.0,1,121.000,18/03/2026 03:10:48,19.047,,8.50, 8.97, 9.20,35.92, -0.25, 1.76,11.167, 10.179, 9.954, 9.194, 8.744, 8.429, 8.198, 8.155, 8.251, 8.369, 8.445, 8.491, 8.530, 8.576, 8.651, 8.699, 8.779, 8.871, 8.934, 8.966, 8.983, 8.988, 9.032, 9.162, 9.219, 9.119, 8.941, 8.974, 9.177, 9.066, 8.940, 9.186, 9.082, 9.012, 9.275, 9.030, 9.300, 9.201, 9.324, 9.384, 9.444, 9.556, 9.631, 9.697, 9.853, 9.800, 10.066, 9.860, 10.180, 9.993, 10.089, 10.234, 9.984, 10.280, 10.188, 10.078, 10.436, 10.267, 10.203, 10.579, 10.443, 10.308, 10.685, 10.727, 10.460, 10.659, 10.875, 10.659, 10.484, 10.798, 11.054, 10.728, 10.544, 10.914, 11.127, 10.861, 10.630, 10.894, 11.193, 11.057, 10.692, 10.720, 11.172, 11.457, 11.245, 10.881, 10.889, 11.322, 11.724, 11.669, 11.304, 11.101, 11.327, 11.769, 11.993, 11.840, 11.510, 11.361, 11.537, 11.844, 12.003, 11.865, 11.514, 11.189, 10.957, 10.791, 10.687, 10.606, 10.373, 9.952, 9.649, 9.671, 10.130, 10.777, 11.322, 11.568, 11.477, 11.216, 11.014, 11.050, 11.342, 11.831, 12.286, 12.563, 12.557, 12.362, 12.095, 11.894, 11.888, 12.082, 12.439, 12.797, 13.037, 13.066, 12.907, 12.610, 12.318, 12.117, 12.062, 12.245, 12.538, 12.869, 13.124, 13.195, 13.103, 12.864, 12.460, 12.113, 11.838, 11.721, 11.713, 11.710, 11.563, 10.942, 9.832, 8.907, 8.373, 7.987, 7.654, 7.404, 7.248, 7.256, 7.425, 7.767, 8.272, 8.869, 9.497, 10.106, 10.606, 10.980, 11.185, 11.268, 11.250, 11.116, 10.959, 10.815, 10.739, 10.787, 10.931, 11.222, 11.565, 11.993, 12.414, 12.794, 13.104, 13.208, 13.192, 13.013, 12.933, 12.714, 12.340, 12.023, 11.738, 11.503, 11.342, 11.244, 11.176, 11.190, 11.265, 11.436, 11.694, 11.995, 12.331, 12.548, 12.657, 12.609, 12.397, 12.141, 11.815, 11.398, 10.956, 10.410, 10.055, 9.530, 9.387, 9.262, 16.4,824702.0,982529.0,824652.40,59460.31,3897.31,31238.32,754.70,45556.84,442.98,527.09,44.90,0.00,312.51,4189.67,49.29,2784.42,34.63,2724.01,87.69,100.21,9.83,0.00,89.29,460.23,17.92,27495.84,189.22,0.00,147.97,0.00,21.21,50.71,3.60,81.50,3.25,18.32,1.53,0.00,6.67,87.86,1.53,294.95,2.94,23.54,1.16,191.26,2.39,17.40,1.36,0.00,66.59,0.00,542.83,0.00,378.64,0.00,621.40,0.00,662.91,0.00,70.86,5.58,1.40,14.67,1.71,0.00,172.90,17.22,3.98,7.68,1.81,310927.14,98601.59,6462.81,59023.64,1425.98,97461.34,947.68,1207.76,102.88,0.00,780.31,5046.90,59.37,3895.98,48.45,4544.99,146.31,178.89,17.55,0.00,130.50,661.28,25.75,39312.01,270.54,0.00,188.14,0.00,26.99,63.48,4.51,101.44,4.05,24.19,2.02,0.00,9.37,96.08,1.67,348.81,3.48,29.89,1.47,258.35,3.23,20.40,1.59,0.00,88.80,0.00,583.06,0.00,432.53,0.00,788.88,0.00,793.57,0.00,83.19,6.03,1.51,15.80,1.84,0.00,192.76,19.59,4.53,8.71,2.05
121.5,121.5,1,121.500,18/03/2026 03:11:31,19.045,,6.36, 6.76, 6.57,31.25, -0.63, 3.00,7.182, 6.147, 6.087, 5.503, 5.368, 5.592, 5.516, 5.587, 5.755, 5.910, 6.013, 6.136, 6.183, 6.213, 6.355, 6.426, 6.518, 6.644, 6.728, 6.778, 6.835, 6.865, 6.874, 6.882, 6.873, 6.868, 6.871, 6.863, 6.864, 6.890, 6.898, 6.914, 6.939, 6.960, 6.991, 7.020, 7.072, 7.118, 7.180, 7.252, 7.332, 7.412, 7.492, 7.578, 7.666, 7.744, 7.793, 7.853, 7.887, 7.916, 7.932, 7.960, 7.974, 7.993, 8.016, 8.054, 8.089, 8.125, 8.176, 8.225, 8.276, 8.321, 8.361, 8.422, 8.466, 8.492, 8.491, 8.549, 8.557, 8.589, 8.621, 8.613, 8.610, 8.633, 8.674, 8.714, 8.760, 8.752, 8.763, 8.758, 8.781, 8.825, 8.882, 8.916, 8.931, 8.947, 9.008, 9.085, 9.168, 9.233, 9.267, 9.294, 9.305, 9.337, 9.382, 9.463, 9.537, 9.567, 9.551, 9.511, 9.481, 9.463, 9.451, 9.375, 9.095, 8.589, 8.094, 7.853, 7.801, 7.764, 7.775, 7.860, 8.053, 8.308, 8.568, 8.800, 8.964, 9.077, 9.164, 9.234, 9.326, 9.440, 9.574, 9.709, 9.838, 9.933, 10.004, 10.033, 10.053, 10.058, 10.059, 10.076, 10.094, 10.132, 10.163, 10.207, 10.230, 10.244, 10.237, 10.218, 10.172, 10.123, 10.075, 10.034, 10.007, 10.004, 10.045, 10.042, 10.019, 9.978, 9.897, 9.670, 9.152, 8.150, 6.764, 5.655, 5.145, 4.960, 4.929, 5.038, 5.227, 5.467, 5.736, 6.006, 6.295, 6.606, 6.899, 7.181, 7.444, 7.698, 7.938, 8.177, 8.391, 8.588, 8.750, 8.912, 9.038, 9.158, 9.257, 9.361, 9.459, 9.533, 9.600, 9.691, 9.728, 9.702, 9.618, 9.576, 9.652, 9.728, 9.689, 9.660, 9.681, 9.646, 9.558, 9.455, 9.300, 9.107, 8.936, 8.764, 8.636, 8.672, 8.609, 8.590, 8.524, 8.514, 8.423, 8.207, 8.097, 8.069, 7.960, 7.780, 7.684, 7.496, 7.405, 7.489, 16.5,778591.0,910893.0,859610.37,33420.76,3773.58,28430.12,736.17,42247.53,424.09,284.46,42.12,0.00,391.02,3747.55,46.92,2612.25,33.80,2634.52,86.36,0.00,26.14,0.00,74.17,391.76,16.68,25840.80,178.73,0.00,144.57,0.00,19.65,0.00,14.84,94.95,3.47,0.00,15.00,0.00,5.18,85.53,1.48,289.62,2.90,27.58,1.18,151.97,2.15,5.91,1.27,0.00,62.97,81.40,11.46,0.00,372.71,0.00,614.53,0.00,647.48,19.52,4.01,0.00,34.72,23.42,1.80,0.00,164.58,0.00,182.41,0.00,75.95,251182.63,55420.84,6257.64,53717.65,1390.97,90381.61,907.27,651.80,96.51,0.00,976.34,4514.32,56.52,3655.08,47.29,4395.68,144.09,0.00,46.66,0.00,108.40,562.90,23.97,36945.72,255.54,0.00,183.82,0.00,25.01,0.00,18.58,118.19,4.32,0.00,19.80,0.00,7.28,93.54,1.62,342.50,3.43,35.02,1.50,205.28,2.90,6.93,1.49,0.00,83.97,87.43,12.31,0.00,425.76,0.00,780.16,0.00,775.10,22.92,4.71,0.00,37.49,25.23,1.94,0.00,183.48,0.00,207.57,0.00,86.16
122.0,122.0,1,122.000,18/03/2026 03:12:14,16.997,,6.15, 6.54, 6.26,30.72, -0.68, 3.36,5.018, 4.790, 5.384, 4.783, 5.109, 5.023, 5.127, 5.208, 5.438, 5.630, 5.724, 5.852, 5.896, 5.978, 6.120, 6.209, 6.292, 6.405, 6.496, 6.548, 6.607, 6.644, 6.654, 6.661, 6.667, 6.665, 6.668, 6.660, 6.671, 6.691, 6.702, 6.721, 6.746, 6.766, 6.799, 6.828, 6.881, 6.931, 6.991, 7.069, 7.140, 7.225, 7.306, 7.394, 7.475, 7.557, 7.605, 7.665, 7.697, 7.725, 7.739, 7.756, 7.780, 7.787, 7.812, 7.860, 7.897, 7.923, 7.972, 8.033, 8.080, 8.103, 8.152, 8.222, 8.250, 8.276, 8.298, 8.364, 8.378, 8.411, 8.448, 8.445, 8.438, 8.439, 8.465, 8.522, 8.565, 8.575, 8.560, 8.556, 8.582, 8.654, 8.704, 8.730, 8.744, 8.765, 8.815, 8.880, 8.957, 9.035, 9.085, 9.107, 9.123, 9.140, 9.191, 9.269, 9.341, 9.375, 9.367, 9.313, 9.258, 9.253, 9.252, 9.197, 8.929, 8.399, 7.903, 7.660, 7.621, 7.592, 7.614, 7.692, 7.875, 8.112, 8.359, 8.584, 8.751, 8.886, 8.987, 9.082, 9.152, 9.243, 9.352, 9.476, 9.606, 9.723, 9.819, 9.873, 9.894, 9.892, 9.877, 9.866, 9.871, 9.896, 9.945, 9.998, 10.046, 10.086, 10.095, 10.063, 10.021, 9.934, 9.869, 9.807, 9.780, 9.776, 9.795, 9.816, 9.834, 9.827, 9.748, 9.522, 9.004, 7.984, 6.597, 5.484, 4.959, 4.784, 4.770, 4.874, 5.069, 5.323, 5.593, 5.886, 6.176, 6.485, 6.757, 7.018, 7.283, 7.511, 7.733, 7.952, 8.153, 8.358, 8.536, 8.707, 8.856, 8.992, 9.122, 9.225, 9.327, 9.392, 9.464, 9.516, 9.559, 9.509, 9.420, 9.336, 9.410, 9.476, 9.441, 9.436, 9.457, 9.443, 9.357, 9.261, 9.151, 8.981, 8.771, 8.645, 8.518, 8.454, 8.473, 8.400, 8.338, 8.273, 8.127, 8.068, 7.926, 7.734, 7.620, 7.455, 7.380, 7.141, 7.170, 7.040, 16.6,720457.0,822897.0,848728.41,38146.13,4354.94,27530.51,801.86,47823.31,504.59,0.00,476.04,0.00,414.71,3918.61,53.92,2639.63,37.41,2472.88,93.06,34.23,9.68,0.00,101.07,471.77,20.02,27173.17,208.01,0.00,157.55,0.00,20.65,51.92,3.99,115.82,4.13,21.05,1.75,0.00,6.89,87.00,1.66,322.73,3.45,31.69,1.36,191.24,2.66,0.00,40.94,13.26,2.37,100.29,13.11,73.47,8.79,0.00,716.47,0.00,749.57,0.00,75.68,0.00,36.77,17.92,1.93,0.00,193.88,34.95,4.54,0.00,95.64,270994.85,63256.80,7221.69,52017.87,1515.08,102310.08,1079.49,0.00,1090.78,0.00,1035.49,4720.38,64.95,3693.39,52.34,4125.98,155.27,61.11,17.28,0.00,147.72,677.86,28.77,38850.67,297.40,0.00,200.32,0.00,26.28,64.99,4.99,144.16,5.14,27.79,2.31,0.00,9.68,95.14,1.82,381.66,4.08,40.24,1.73,258.32,3.59,0.00,47.99,17.68,3.16,107.72,14.08,83.93,10.04,0.00,909.57,0.00,897.31,0.00,88.85,0.00,39.70,19.30,2.08,0.00,216.14,39.77,5.17,0.00,108.50
122.5,122.5,1,122.500,18/03/2026 03:12:57,12.828,,5.85, 6.20, 6.00,29.92, -0.55, 3.05,4.848, 5.311, 6.080, 5.380, 5.155, 5.058, 4.986, 5.204, 5.258, 5.382, 5.488, 5.578, 5.633, 5.698, 5.799, 5.902, 5.979, 6.093, 6.163, 6.214, 6.266, 6.300, 6.317, 6.321, 6.323, 6.321, 6.328, 6.327, 6.344, 6.358, 6.373, 6.391, 6.414, 6.445, 6.480, 6.502, 6.566, 6.614, 6.662, 6.734, 6.800, 6.888, 6.962, 7.050, 7.121, 7.200, 7.240, 7.294, 7.331, 7.351, 7.381, 7.394, 7.412, 7.442, 7.454, 7.488, 7.529, 7.553, 7.593, 7.650, 7.701, 7.720, 7.776, 7.822, 7.866, 7.886, 7.959, 7.958, 7.990, 8.034, 8.027, 8.024, 8.021, 8.041, 8.059, 8.091, 8.152, 8.176, 8.169, 8.144, 8.166, 8.218, 8.266, 8.284, 8.311, 8.331, 8.374, 8.452, 8.525, 8.597, 8.646, 8.668, 8.674, 8.681, 8.721, 8.799, 8.884, 8.922, 8.903, 8.842, 8.788, 8.771, 8.779, 8.700, 8.419, 7.891, 7.368, 7.115, 7.057, 7.031, 7.079, 7.171, 7.347, 7.566, 7.791, 8.002, 8.180, 8.313, 8.431, 8.541, 8.636, 8.738, 8.824, 8.920, 9.034, 9.135, 9.228, 9.302, 9.350, 9.360, 9.342, 9.326, 9.319, 9.314, 9.354, 9.395, 9.444, 9.488, 9.497, 9.491, 9.452, 9.379, 9.286, 9.215, 9.172, 9.160, 9.173, 9.203, 9.218, 9.208, 9.128, 8.905, 8.396, 7.396, 6.052, 5.000, 4.519, 4.347, 4.327, 4.430, 4.616, 4.835, 5.098, 5.372, 5.665, 5.940, 6.212, 6.470, 6.695, 6.928, 7.135, 7.342, 7.542, 7.730, 7.896, 8.059, 8.212, 8.343, 8.456, 8.598, 8.702, 8.776, 8.861, 8.918, 8.933, 8.890, 8.799, 8.700, 8.776, 8.844, 8.783, 8.785, 8.792, 8.775, 8.701, 8.614, 8.493, 8.310, 8.168, 7.996, 7.865, 7.814, 7.826, 7.800, 7.715, 7.561, 7.476, 7.327, 7.193, 7.026, 6.937, 6.762, 6.649, 6.569, 6.618, 6.417, 16.7,632529.0,699689.0,854528.88,33556.40,4818.87,27298.33,858.97,49304.65,551.77,0.00,550.40,0.00,459.57,3720.58,57.66,2621.72,40.51,2209.10,95.66,0.00,31.89,0.00,87.68,410.43,20.08,25501.15,211.80,0.00,166.85,0.00,26.44,34.76,3.88,113.27,4.26,24.84,1.86,0.00,7.75,101.51,1.89,290.47,3.42,13.93,1.29,192.40,2.82,18.78,1.58,0.00,76.96,0.00,641.89,0.00,451.54,0.00,763.69,0.00,809.29,0.00,68.06,0.00,36.41,16.85,1.99,0.00,209.56,41.96,4.83,0.00,95.09,262627.26,55645.77,7991.02,51579.18,1622.99,105479.16,1180.42,0.00,1261.17,0.00,1147.50,4481.83,69.46,3668.33,56.68,3685.87,159.61,0.00,56.93,0.00,128.15,589.72,28.85,36460.11,302.82,0.00,212.15,0.00,33.65,43.51,4.86,140.99,5.30,32.80,2.46,0.00,10.89,111.01,2.07,343.51,4.04,17.69,1.64,259.89,3.81,22.01,1.85,0.00,102.62,0.00,689.46,0.00,515.81,0.00,969.52,0.00,968.80,0.00,79.91,0.00,39.31,18.15,2.14,0.00,233.63,47.75,5.50,0.00,107.87
123.0,123.0,1,123.000,18/03/2026 03:13:40,6.148,,5.16, 5.47, 5.35,28.03, -0.51, 2.64,5.225, 4.042, 4.637, 4.220, 4.585, 4.472, 4.696, 4.693, 4.696, 4.846, 4.864, 4.967, 5.000, 5.060, 5.161, 5.213, 5.293, 5.369, 5.439, 5.487, 5.517, 5.555, 5.557, 5.565, 5.555, 5.558, 5.562, 5.553, 5.559, 5.576, 5.588, 5.611, 5.627, 5.652, 5.679, 5.712, 5.749, 5.798, 5.840, 5.907, 5.962, 6.027, 6.098, 6.167, 6.233, 6.290, 6.330, 6.373, 6.402, 6.420, 6.434, 6.458, 6.469, 6.485, 6.501, 6.530, 6.563, 6.584, 6.622, 6.657, 6.701, 6.728, 6.745, 6.792, 6.816, 6.840, 6.916, 6.949, 6.968, 6.984, 7.019, 6.987, 6.989, 6.994, 6.993, 7.024, 7.072, 7.080, 7.081, 7.065, 7.068, 7.104, 7.144, 7.157, 7.150, 7.159, 7.217, 7.273, 7.341, 7.405, 7.445, 7.461, 7.462, 7.470, 7.495, 7.562, 7.613, 7.636, 7.605, 7.557, 7.511, 7.479, 7.446, 7.314, 6.962, 6.406, 5.914, 5.684, 5.613, 5.586, 5.612, 5.690, 5.847, 6.063, 6.286, 6.494, 6.665, 6.796, 6.926, 7.031, 7.133, 7.223, 7.340, 7.445, 7.549, 7.638, 7.719, 7.782, 7.801, 7.821, 7.830, 7.819, 7.819, 7.827, 7.846, 7.868, 7.887, 7.898, 7.893, 7.869, 7.819, 7.748, 7.672, 7.614, 7.577, 7.570, 7.580, 7.600, 7.596, 7.555, 7.467, 7.220, 6.705, 5.773, 4.605, 3.759, 3.391, 3.272, 3.251, 3.338, 3.455, 3.627, 3.820, 4.035, 4.254, 4.494, 4.723, 4.955, 5.151, 5.351, 5.544, 5.730, 5.924, 6.096, 6.245, 6.399, 6.524, 6.642, 6.738, 6.849, 6.925, 7.010, 7.083, 7.130, 7.171, 7.129, 7.087, 7.026, 7.065, 7.082, 7.042, 7.040, 7.000, 6.964, 6.899, 6.784, 6.669, 6.521, 6.368, 6.221, 6.085, 6.068, 6.010, 5.911, 5.815, 5.704, 5.621, 5.556, 5.456, 5.347, 5.201, 5.123, 5.007, 4.937, 4.789, 4.734, 16.8,512210.0,530106.0,845966.57,38372.79,6006.77,32283.74,1049.11,53716.65,677.32,0.00,616.92,0.00,511.65,2111.90,59.45,1906.84,42.20,2210.21,109.74,0.00,30.14,0.00,111.29,491.44,24.83,22136.90,218.58,0.00,171.47,0.00,23.03,35.33,4.33,76.17,4.02,19.57,1.96,0.00,5.85,77.63,1.86,256.77,3.58,26.71,1.53,150.26,2.83,5.55,1.67,38.06,2.89,0.00,733.31,48.66,10.41,0.00,890.57,0.00,907.39,0.00,75.53,0.00,50.18,15.08,2.15,0.00,238.48,53.15,5.46,0.00,112.67,281785.38,63632.67,9960.88,60998.92,1982.25,114917.90,1449.01,0.00,1413.59,0.00,1277.54,2544.00,71.61,2668.06,59.05,3687.72,183.10,0.00,53.81,0.00,162.66,706.12,35.68,31650.10,312.51,0.00,218.02,0.00,29.31,44.23,5.42,94.81,5.00,25.84,2.59,0.00,8.22,84.90,2.03,303.66,4.23,33.92,1.94,202.97,3.82,6.51,1.96,50.75,3.85,0.00,787.66,55.59,11.89,0.00,1130.60,0.00,1086.24,0.00,88.68,0.00,54.18,16.24,2.32,0.00,265.87,60.48,6.21,0.00,127.82
123.5,123.5,1,123.500,18/03/2026 03:14:15,2.383,1157879.826,4.22, 4.47, 4.55,25.18, -0.38, 1.61,5.770, 4.986, 5.340, 4.249, 4.169, 3.944, 4.011, 4.009, 3.974, 4.162, 4.203, 4.208, 4.206, 4.239, 4.312, 4.338, 4.397, 4.430, 4.456, 4.487, 4.505, 4.523, 4.518, 4.514, 4.505, 4.506, 4.516, 4.510, 4.512, 4.531, 4.532, 4.551, 4.560, 4.581, 4.606, 4.623, 4.658, 4.690, 4.722, 4.767, 4.814, 4.856, 4.904, 4.950, 4.995, 5.043, 5.059, 5.101, 5.120, 5.125, 5.149, 5.168, 5.167, 5.190, 5.195, 5.217, 5.244, 5.264, 5.271, 5.309, 5.344, 5.345, 5.355, 5.390, 5.428, 5.419, 5.406, 5.473, 5.489, 5.509, 5.475, 5.478, 5.466, 5.465, 5.486, 5.523, 5.571, 5.570, 5.556, 5.545, 5.537, 5.568, 5.588, 5.591, 5.575, 5.586, 5.609, 5.664, 5.719, 5.749, 5.759, 5.781, 5.787, 5.791, 5.796, 5.816, 5.853, 5.862, 5.849, 5.818, 5.781, 5.744, 5.687, 5.537, 5.216, 4.768, 4.400, 4.221, 4.162, 4.138, 4.149, 4.188, 4.315, 4.474, 4.660, 4.835, 4.965, 5.077, 5.155, 5.238, 5.307, 5.392, 5.488, 5.583, 5.669, 5.749, 5.801, 5.850, 5.851, 5.857, 5.851, 5.845, 5.841, 5.857, 5.867, 5.876, 5.885, 5.888, 5.875, 5.831, 5.782, 5.707, 5.650, 5.602, 5.574, 5.551, 5.609, 5.623, 5.627, 5.593, 5.512, 5.311, 4.901, 4.207, 3.417, 2.896, 2.680, 2.597, 2.590, 2.624, 2.705, 2.801, 2.925, 3.055, 3.209, 3.344, 3.499, 3.645, 3.782, 3.910, 4.040, 4.164, 4.279, 4.404, 4.521, 4.629, 4.732, 4.832, 4.904, 4.989, 5.050, 5.109, 5.160, 5.207, 5.235, 5.224, 5.163, 5.135, 5.128, 5.132, 5.094, 5.046, 5.031, 4.977, 4.915, 4.838, 4.764, 4.651, 4.563, 4.465, 4.379, 4.374, 4.334, 4.299, 4.279, 4.146, 4.092, 3.931, 3.999, 3.865, 3.814, 3.700, 3.591, 3.523, 3.655, 3.645, 16.9,399375.0,394598.0,807694.17,66002.76,7811.38,36029.93,1325.30,67489.99,961.22,0.00,616.57,0.00,547.01,1201.12,74.06,979.44,46.99,1774.77,124.36,0.00,40.77,0.00,110.71,119.15,20.60,17829.93,221.01,0.00,176.66,0.00,33.83,0.00,27.27,44.59,3.73,14.40,2.21,0.00,10.47,75.82,2.09,231.71,3.92,26.19,1.75,138.21,3.17,32.44,2.17,31.66,3.24,0.00,860.42,0.00,602.92,0.00,1015.99,177.45,19.57,0.00,82.55,0.00,53.55,21.42,2.62,0.00,290.63,84.86,6.57,0.00,119.53,354417.32,109450.78,12953.42,68077.21,2504.10,144383.69,2056.37,0.00,1412.79,0.00,1365.83,1446.87,89.21,1370.44,65.75,2961.19,207.49,0.00,72.78,0.00,161.81,171.20,29.60,25492.23,315.99,0.00,224.62,0.00,43.05,0.00,34.14,55.50,4.64,19.01,2.92,0.00,14.71,82.92,2.29,274.02,4.64,33.26,2.22,186.69,4.28,38.03,2.54,42.22,4.32,0.00,924.19,0.00,688.73,0.00,1289.82,212.43,23.43,0.00,96.92,0.00,57.82,23.07,2.82,0.00,324.01,96.56,7.48,0.00,135.60
124.0,124.0,1,124.000,18/03/2026 03:32:15*,0.862,,3.39, 3.57, 3.98,22.18, -0.04, -0.56,4.559, 5.718, 5.318, 4.674, 4.259, 3.876, 3.714, 3.767, 3.649, 3.684, 3.650, 3.685, 3.623, 3.606, 3.614, 3.596, 3.589, 3.606, 3.585, 3.563, 3.572, 3.573, 3.563, 3.560, 3.547, 3.532, 3.524, 3.510, 3.511, 3.512, 3.507, 3.501, 3.502, 3.505, 3.515, 3.510, 3.533, 3.535, 3.556, 3.574, 3.594, 3.611, 3.631, 3.652, 3.673, 3.691, 3.695, 3.721, 3.724, 3.730, 3.745, 3.749, 3.760, 3.767, 3.775, 3.789, 3.803, 3.805, 3.820, 3.831, 3.839, 3.833, 3.859, 3.874, 3.890, 3.877, 3.995, 3.972, 3.996, 3.965, 3.977, 3.969, 3.965, 3.959, 3.961, 3.984, 3.990, 3.988, 3.962, 3.947, 3.950, 3.972, 3.989, 3.995, 3.983, 3.973, 3.984, 4.001, 4.024, 4.047, 4.052, 4.029, 4.020, 4.022, 4.036, 4.059, 4.079, 4.074, 4.059, 4.033, 4.020, 4.003, 4.001, 3.978, 3.908, 3.792, 3.673, 3.620, 3.580, 3.563, 3.560, 3.574, 3.627, 3.683, 3.752, 3.813, 3.849, 3.870, 3.885, 3.896, 3.910, 3.935, 3.967, 4.006, 4.057, 4.083, 4.101, 4.119, 4.125, 4.115, 4.101, 4.096, 4.091, 4.096, 4.122, 4.144, 4.178, 4.170, 4.180, 4.184, 4.157, 4.134, 4.095, 4.097, 4.085, 4.069, 4.026, 4.025, 4.023, 4.016, 4.009, 3.968, 3.857, 3.677, 3.448, 3.279, 3.223, 3.178, 3.165, 3.165, 3.190, 3.203, 3.241, 3.271, 3.312, 3.373, 3.412, 3.458, 3.491, 3.544, 3.581, 3.629, 3.672, 3.712, 3.743, 3.783, 3.806, 3.849, 3.860, 3.882, 3.899, 3.922, 3.950, 3.945, 3.991, 3.989, 3.996, 3.992, 3.987, 3.989, 3.968, 3.985, 3.992, 4.000, 4.024, 4.044, 4.027, 3.958, 3.950, 3.905, 3.934, 3.939, 3.951, 3.941, 3.954, 3.960, 3.895, 3.978, 3.947, 3.911, 3.896, 3.849, 3.962, 4.080, 4.134, 4.108, 16.8,141883.0,258641.0,698833.77,0.00,41733.59,84173.45,3002.79,190066.24,2739.75,0.00,852.67,0.00,696.11,0.00,1799.05,0.00,1375.66,4872.74,339.97,0.00,80.30,0.00,294.72,180.56,55.18,20939.65,354.43,0.00,347.55,0.00,71.99,44.44,12.39,108.03,11.15,30.82,4.34,0.00,6.66,68.00,3.89,227.27,6.40,28.17,3.51,124.03,5.63,30.63,4.41,0.00,203.36,0.00,1920.83,0.00,1304.36,0.00,2107.15,0.00,2269.77,66.43,17.46,39.24,7.12,0.00,145.31,0.00,611.93,130.46,14.06,36.10,6.52,605108.74,0.00,69205.80,159042.59,5673.66,406615.34,5861.24,0.00,1953.78,0.00,1738.12,0.00,2167.14,0.00,1924.83,8130.14,567.24,0.00,143.35,0.00,430.75,259.44,79.28,29938.34,506.74,0.00,441.90,0.00,91.61,55.63,15.51,134.47,13.88,40.69,5.73,0.00,9.36,74.36,4.25,268.77,7.57,35.77,4.46,167.54,7.60,35.90,5.17,0.00,271.17,0.00,2063.19,0.00,1490.01,0.00,2675.07,0.00,2717.15,77.99,20.50,42.37,7.69,0.00,156.53,0.00,682.20,148.45,16.00,40.95,7.40
